SNP	variant_key	locus_500kb	source_set	score_band	primary_axis	n_traits	n_families	has_non_eqtl_overlap	ot_gwas_cs_max_pip	ot_gwas_cs_hit_count	ot_gwas_cs_position_any	ot_gwas_cs_pip_ge_0_01	ot_gwas_cs_pip_ge_0_05	ot_gwas_cs_pip_ge_0_10	ot_gwas_ld_proxy_max_r2	ot_gwas_ld_proxy_r2_ge_0_6	ot_gwas_ld_proxy_r2_ge_0_8	ot_l2g_gene_agree_score_ge_0_05	ot_l2g_top_gene_agree	ot_l2g_e2g_gene_agree	ot_l2g_coloc_gene_agree	ot_l2g_max_score_for_candidate_gene	ot_l2g_agree_symbols	ot_l2g_score_gene_symbols	ot_l2g_top_gene_symbols	ot_l2g_e2g_gene_symbols	ot_l2g_coloc_feature_gene_symbols	ot_coloc_any_gene_agree	ot_coloc_h4_ge_0_5_gene_agree	ot_coloc_h4_ge_0_8_gene_agree	ot_coloc_clpp_ge_0_01_gene_agree	standalone_e2g_gene_agree	standalone_e2g_gene_symbols	standalone_e2g_max_score	standalone_e2g_biosample_count	standalone_e2g_interval_types	same_gene_pqtl_h4_ge_0_8	same_gene_pqtl_h4_genes	same_gene_pqtl_clpp_ge_0_01	same_gene_pqtl_clpp_genes	eqtl_catalogue_any_same_gene	eqtl_catalogue_any_genes	eqtl_catalogue_pip_ge_0_1_same_gene	eqtl_catalogue_pip_ge_0_1_genes	eqtl_catalogue_pip_ge_0_5_same_gene	eqtl_catalogue_pip_ge_0_5_genes	abc_nasser_any_same_gene	abc_nasser_any_genes	abc_nasser_score_ge_0_05_same_gene	abc_nasser_score_ge_0_05_genes	abc_nasser_score_ge_0_10_same_gene	abc_nasser_score_ge_0_10_genes	abc_nasser_max_score	abc_nasser_biosample_count
rs12005738	9:137478851	9:137000000	core_exact_n10	moderate_0.2_0.5	systemic_non_neural	42	11	True	0.0	0	False	False	False	False	0.0	False	False	False	False	False	False	0.0						False	False	False	False	True	NSMF	0.8151134679569859	3	genic	False		False		False		False		False		False		False		False		0.0	0
rs2584856	11:57499839	11:57000000	core_exact_n10	moderate_0.2_0.5	mixed_trait_axis	36	10	True	0.0600203391715412	6	True	True	True	False	0.9796048961476492	True	True	True	True	True	True	0.6428787112236023	RTN4RL2;SLC43A1;TIMM10	RTN4RL2;SLC43A1;TIMM10	SLC43A1	RTN4RL2;SLC43A1;TIMM10	RTN4RL2;SLC43A1;TIMM10	True	True	True	True	True	RTN4RL2;SLC43A1;SMTNL1;TIMM10	0.987946876235458	244	genic	True	TIMM10	False		True	SLC43A1;TIMM10	False		False		False		False		False		0.0	0
rs10739262	9:96879588	9:96500000	core_exact_n10	moderate_0.2_0.5	neuro_systemic	36	10	False	0.9976509536855592	1	True	True	True	True	0.0	False	False	False	False	False	False	0.0						False	False	False	False	False		0.0	0		False		False		False		False		False		False		False		False		0.0	0
rs10851872	15:74497842	15:74000000	core_exact_n10	moderate_0.2_0.5	neuro_systemic	35	11	False	0.0168812325113255	1	True	True	False	False	0.0	False	False	False	False	False	False	0.0						False	False	False	False	False		0.0	0		False		False		False		False		False		False		False		False		0.0	0
rs4791250	17:64987027	17:64500000	core_exact_n10	moderate_0.2_0.5	neuro_systemic	34	10	True	0.0165767560110902	21	True	True	False	False	0.9883415496717752	True	True	True	True	True	True	0.4069779217243194	GNA13;RGS9	GNA13;RGS9	GNA13	GNA13;RGS9	GNA13	True	True	True	True	False		0.0	0		False		False		False		False		False		False		False		False		0.0	0
rs41285991	2:74506707	2:74500000	core_exact_n10	moderate_0.2_0.5	mixed_trait_axis	31	7	True	0.0	0	False	False	False	False	0.0	False	False	False	False	False	False	0.0						False	False	False	False	False		0.0	0		False		False		False		False		False		False		False		False		0.0	0
rs2040574	16:23499005	16:23000000	core_exact_n10	moderate_0.2_0.5	systemic_non_neural	30	12	True	0.0065707967532678	1	True	False	False	False	0.8718237054344465	True	True	True	False	False	True	0.3266774713993072	EARS2	EARS2			EARS2	True	True	True	True	False		0.0	0		False		False		True	EARS2	True	EARS2	True	EARS2	False		False		False		0.0	0
rs4544182	14:96502831	14:96500000	core_exact_n10	moderate_0.2_0.5	mixed_trait_axis	29	8	True	0.2295485748641525	2	True	True	True	True	0.959975922151546	True	True	False	False	False	False	0.0						False	False	False	False	False		0.0	0		False		False		False		False		False		False		False		False		0.0	0
rs759974	17:497719	17:0	core_exact_n10	moderate_0.2_0.5	systemic_non_neural	29	8	False	0.0	0	False	False	False	False	0.0	False	False	False	False	False	False	0.0						False	False	False	False	False		0.0	0		False		False		False		False		False		False		False		False		0.0	0
rs6794826	3:123498402	3:123000000	core_exact_n10	moderate_0.2_0.5	mixed_trait_axis	29	9	True	0.0374480512102935	1	True	True	False	False	0.0	False	False	False	False	False	False	0.0						False	False	False	False	False		0.0	0		False		False		False		False		False		False		False		False		0.0	0
rs75782344	17:61012822	17:61000000	core_exact_n10	moderate_0.2_0.5	neuro_systemic	27	8	False	0.0	0	False	False	False	False	0.0	False	False	False	False	False	False	0.0						False	False	False	False	False		0.0	0		False		False		False		False		False		False		False		False		0.0	0
rs10242703	7:6831004	7:6500000	core_exact_n10	moderate_0.2_0.5	mixed_trait_axis	26	11	False	0.1332881618033172	1	True	True	True	True	0.0	False	False	False	False	False	False	0.0						False	False	False	False	False		0.0	0		False		False		False		False		False		False		False		False		0.0	0
rs12945114	17:75997465	17:75500000	core_exact_n10	moderate_0.2_0.5	systemic_non_neural	26	9	True	0.1756331627864174	1	True	True	True	True	0.0	False	False	True	False	False	True	0.0760695487260818	TEN1	TEN1			TEN1	True	True	True	True	False		0.0	0		False		False		True	TEN1	True	TEN1	True	TEN1	False		False		False		0.0	0
rs7212449	17:64976905	17:64500000	core_exact_n10	moderate_0.2_0.5	neuro_systemic	25	8	True	0.0128062628800932	22	True	True	False	False	0.9704683930546358	True	True	True	True	True	True	0.4069779217243194	GNA13;RGS9	GNA13;RGS9	GNA13	GNA13;RGS9	GNA13	True	True	True	True	False		0.0	0		False		False		False		False		False		False		False		False		0.0	0
rs7216681	17:19002062	17:19000000	core_exact_n10	moderate_0.2_0.5	neuro_systemic	25	8	False	0.0	0	False	False	False	False	0.0	False	False	False	False	False	False	0.0						False	False	False	False	False		0.0	0		False		False		False		False		False		False		False		False		0.0	0
rs4362888	4:1862420	4:1500000	core_exact_n10	moderate_0.2_0.5	mixed_trait_axis	25	8	False	0.0	0	False	False	False	False	0.0	False	False	False	False	False	False	0.0						False	False	False	False	False		0.0	0		False		False		False		False		False		False		False		False		0.0	0
rs2094354	13:52208449	13:52000000	core_exact_n10	moderate_0.2_0.5	neural_enriched	25	6	True	0.0	0	False	False	False	False	0.0	False	False	False	False	False	False	0.0						False	False	False	False	False		0.0	0		False		False		False		False		False		False		False		False		0.0	0
rs967886	19:16496422	19:16000000	core_exact_n10	moderate_0.2_0.5	systemic_non_neural	25	10	True	0.0	0	False	False	False	False	0.0	False	False	False	False	False	False	0.0						False	False	False	False	False		0.0	0		False		False		False		False		False		False		False		False		0.0	0
rs1126667	17:6999441	17:6500000	core_exact_n10	moderate_0.2_0.5	systemic_non_neural	25	9	False	0.0	0	False	False	False	False	0.5796954007669036	False	False	False	False	False	False	0.0						False	False	False	False	False		0.0	0		False		False		False		False		False		False		False		False		0.0	0
rs4849236	2:113504435	2:113500000	core_exact_n10	moderate_0.2_0.5	neuro_systemic	24	7	False	0.0	0	False	False	False	False	0.0	False	False	False	False	False	False	0.0						False	False	False	False	False		0.0	0		False		False		False		False		False		False		False		False		0.0	0
rs6872533	5:131315518	5:131000000	core_exact_n10	moderate_0.2_0.5	neuro_systemic	24	8	True	0.962720427284656	7	True	True	True	True	0.6830446755671207	True	False	True	False	True	False	0.5125990509986877	HINT1	HINT1		HINT1		False	False	False	False	False		0.0	0		False		False		False		False		False		False		False		False		0.0	0
rs11121674	1:10998531	1:10500000	core_exact_n10	moderate_0.2_0.5	systemic_non_neural	24	9	False	0.0	0	False	False	False	False	0.0	False	False	False	False	False	False	0.0						False	False	False	False	False		0.0	0		False		False		False		False		False		False		False		False		0.0	0
rs11868888	17:19004876	17:19000000	core_exact_n10	moderate_0.2_0.5	neuro_systemic	24	7	False	0.0	0	False	False	False	False	0.0	False	False	False	False	False	False	0.0						False	False	False	False	False		0.0	0		False		False		False		False		False		False		False		False		0.0	0
rs12892302	14:34497730	14:34000000	core_exact_n10	moderate_0.2_0.5	systemic_non_neural	24	10	True	0.0	0	False	False	False	False	0.0	False	False	False	False	False	False	0.0						False	False	False	False	True	SPTSSA	0.7922855405574987	2	intergenic	False		False		False		False		False		False		False		False		0.0	0
rs979354	9:77743719	9:77500000	core_exact_n10	moderate_0.2_0.5	systemic_non_neural	24	8	False	0.0335695447974632	8	True	True	False	False	0.898567738206161	True	True	False	False	False	False	0.0						False	False	False	False	False		0.0	0		False		False		False		False		False		False		False		False		0.0	0
rs4958192	5:134638199	5:134500000	core_exact_n10	moderate_0.2_0.5	mixed_trait_axis	23	11	True	0.9390510770172146	2	True	True	True	True	0.0	False	False	True	False	False	False	0.0785528197884559	SAR1B	SAR1B				False	False	False	False	False		0.0	0		False		False		False		False		False		False		False		False		0.0	0
rs324079	17:42894423	17:42500000	core_exact_n10	moderate_0.2_0.5	systemic_non_neural	23	9	True	0.0	0	False	False	False	False	0.0	False	False	False	False	False	False	0.0						False	False	False	False	False		0.0	0		False		False		False		False		False		False		False		False		0.0	0
rs42184	7:75880134	7:75500000	core_exact_n10	moderate_0.2_0.5	mixed_trait_axis	23	8	True	0.0	0	False	False	False	False	0.0	False	False	False	False	False	False	0.0						False	False	False	False	True	POR;TMEM120A	0.9004836006646646	4	genic	False		False		False		False		False		False		False		False		0.0	0
rs9901111	17:32719812	17:32500000	core_exact_n10	moderate_0.2_0.5	neuro_systemic	23	9	False	0.0	0	False	False	False	False	0.0	False	False	False	False	False	False	0.0						False	False	False	False	False		0.0	0		False		False		False		False		False		False		False		False		0.0	0
rs3178300	17:74746981	17:74500000	core_exact_n10	moderate_0.2_0.5	neural_enriched	23	6	True	0.0	0	False	False	False	False	0.0	False	False	False	False	False	False	0.0						False	False	False	False	False		0.0	0		False		False		False		False		False		False		False		False		0.0	0
rs34955113	1:145608293	1:145500000	core_exact_n10	moderate_0.2_0.5	neural_enriched	23	7	False	0.9999868254997596	2	True	True	True	True	0.0	False	False	False	False	False	False	0.0						False	False	False	False	False		0.0	0		False		False		False		False		False		False		False		False		0.0	0
rs1719079	2:158984860	2:158500000	core_exact_n10	moderate_0.2_0.5	neuro_systemic	23	9	False	0.0	0	False	False	False	False	0.0	False	False	False	False	False	False	0.0						False	False	False	False	False		0.0	0		False		False		False		False		False		False		False		False		0.0	0
rs147935040	7:65500680	7:65500000	core_exact_n10	moderate_0.2_0.5	neuro_systemic	23	8	True	1.0	1	True	True	True	True	1.0	True	True	True	True	False	False	0.2341697067022323	ZNF92	ZNF92	ZNF92			False	False	False	False	False		0.0	0		False		False		False		False		False		False		False		False		0.0	0
rs11835559	12:15690718	12:15500000	core_exact_n10	moderate_0.2_0.5	mixed_trait_axis	23	7	True	0.0	0	False	False	False	False	0.0	False	False	False	False	False	False	0.0						False	False	False	False	False		0.0	0		False		False		False		False		False		False		False		False		0.0	0
rs2971408	1:35097364	1:35000000	core_exact_n10	moderate_0.2_0.5	systemic_non_neural	23	12	True	0.0052807478142023	3	True	False	False	False	0.7275860570750974	True	False	True	True	True	True	0.7487611770629883	ZMYM1	ZMYM1	ZMYM1	ZMYM1	ZMYM1	True	True	True	True	False		0.0	0		False		False		True	ZMYM1	False		False		False		False		False		0.0	0
rs500978	18:62851130	18:62500000	core_exact_n10	moderate_0.2_0.5	mixed_trait_axis	22	9	True	0.0	0	False	False	False	False	0.0	False	False	False	False	False	False	0.0						False	False	False	False	False		0.0	0		False		False		False		False		False		False		False		False		0.0	0
rs12195140	6:148039	6:0	core_exact_n10	moderate_0.2_0.5	neuro_systemic	22	8	False	0.0	0	False	False	False	False	0.0	False	False	False	False	False	False	0.0						False	False	False	False	False		0.0	0		False		False		False		False		False		False		False		False		0.0	0
rs4346318	2:148922389	2:148500000	core_exact_n10	moderate_0.2_0.5	systemic_non_neural	22	6	True	0.0	0	False	False	False	False	0.0	False	False	False	False	False	False	0.0						False	False	False	False	False		0.0	0		False		False		False		False		False		False		False		False		0.0	0
rs841672	3:197799330	3:197500000	core_exact_n10	moderate_0.2_0.5	mixed_trait_axis	22	7	False	0.0	0	False	False	False	False	0.0	False	False	False	False	False	False	0.0						False	False	False	False	False		0.0	0		False		False		False		False		False		False		False		False		0.0	0
rs9603126	13:37000571	13:37000000	core_exact_n10	moderate_0.2_0.5	neuro_systemic	22	10	True	0.0	0	False	False	False	False	0.0	False	False	False	False	False	False	0.0						False	False	False	False	False		0.0	0		False		False		False		False		False		False		False		False		0.0	0
rs3017670	11:62977427	11:62500000	core_exact_n10	moderate_0.2_0.5	mixed_trait_axis	21	8	False	0.0	0	False	False	False	False	0.0	False	False	False	False	False	False	0.0						False	False	False	False	False		0.0	0		False		False		False		False		False		False		False		False		0.0	0
rs4880334	10:131932974	10:131500000	core_exact_n10	moderate_0.2_0.5	neuro_systemic	21	7	True	0.0	0	False	False	False	False	0.0	False	False	False	False	False	False	0.0						False	False	False	False	True	PPP2R2D	0.9894193037169924	4	intergenic	False		False		False		False		False		False		False		False		0.0	0
rs4731694	7:130490328	7:130000000	core_exact_n10	moderate_0.2_0.5	mixed_trait_axis	21	9	True	0.0	0	False	False	False	False	0.0	False	False	False	False	False	False	0.0						False	False	False	False	False		0.0	0		False		False		False		False		False		False		False		False		0.0	0
rs6474422	8:42850559	8:42500000	core_exact_n10	moderate_0.2_0.5	systemic_non_neural	21	7	True	0.0	0	False	False	False	False	0.0	False	False	False	False	False	False	0.0						False	False	False	False	False		0.0	0		False		False		False		False		False		False		False		False		0.0	0
rs7924834	11:71933287	11:71500000	core_exact_n10	moderate_0.2_0.5	mixed_trait_axis	21	7	True	0.0	0	False	False	False	False	0.0	False	False	False	False	False	False	0.0						False	False	False	False	False		0.0	0		False		False		False		False		False		False		False		False		0.0	0
rs3759322	12:6306828	12:6000000	core_exact_n10	moderate_0.2_0.5	systemic_non_neural	21	8	False	0.0	0	False	False	False	False	0.0	False	False	False	False	False	False	0.0						False	False	False	False	False		0.0	0		False		False		False		False		False		False		False		False		0.0	0
rs920625	4:173499832	4:173000000	core_exact_n10	moderate_0.2_0.5	systemic_non_neural	21	10	True	0.0	0	False	False	False	False	0.0	False	False	False	False	False	False	0.0						False	False	False	False	True	HAND2	0.6839861668171896	1	intergenic	False		False		False		False		False		False		False		False		0.0	0
rs580933	11:65429413	11:65000000	core_exact_n10	moderate_0.2_0.5	systemic_non_neural	21	6	True	0.0	0	False	False	False	False	0.7146013071888034	True	False	False	False	False	False	0.0						False	False	False	False	True	FRMD8	0.8878381066623648	2	genic	False		False		True	SLC25A45	False		False		False		False		False		0.0	0
rs10904535	10:650297	10:500000	core_exact_n10	moderate_0.2_0.5	systemic_non_neural	21	6	True	0.0	0	False	False	False	False	0.0	False	False	False	False	False	False	0.0						False	False	False	False	False		0.0	0		False		False		True	DIP2C	False		False		False		False		False		0.0	0
rs6712374	2:168499821	2:168000000	core_exact_n10	moderate_0.2_0.5	systemic_non_neural	20	6	False	0.0	0	False	False	False	False	0.0	False	False	False	False	False	False	0.0						False	False	False	False	False		0.0	0		False		False		False		False		False		False		False		False		0.0	0
rs2969478	2:96009558	2:96000000	core_exact_n10	moderate_0.2_0.5	neuro_systemic	20	7	True	0.0	0	False	False	False	False	0.0	False	False	False	False	False	False	0.0						False	False	False	False	True	ADRA2B;ANKRD36C	0.8317945352732977	2	intergenic	False		False		True	ANKRD36C	True	ANKRD36C	False		False		False		False		0.0	0
rs10136826	14:34594262	14:34500000	core_exact_n10	moderate_0.2_0.5	neural_enriched	20	5	True	0.0	0	False	False	False	False	0.7079736854148609	True	False	False	False	False	False	0.0						False	False	False	False	False		0.0	0		False		False		False		False		False		False		False		False		0.0	0
rs6076448	20:2947150	20:2500000	core_exact_n10	moderate_0.2_0.5	systemic_non_neural	20	7	True	0.0059576530682478	1	True	False	False	False	0.0	False	False	True	True	True	False	0.4869848489761352	PTPRA	PTPRA	PTPRA	PTPRA		False	False	False	False	False		0.0	0		False		False		True	PTPRA	False		False		False		False		False		0.0	0
rs11652805	17:64991033	17:64500000	core_exact_n10	moderate_0.2_0.5	systemic_non_neural	20	7	False	0.0	0	False	False	False	False	0.0	False	False	False	False	False	False	0.0						False	False	False	False	False		0.0	0		False		False		False		False		False		False		False		False		0.0	0
rs2004994	4:98998261	4:98500000	core_exact_n10	moderate_0.2_0.5	systemic_non_neural	20	8	True	0.0	0	False	False	False	False	0.0	False	False	False	False	False	False	0.0						False	False	False	False	False		0.0	0		False		False		False		False		False		False		False		False		0.0	0
rs7202661	16:23492720	16:23000000	core_exact_n10	moderate_0.2_0.5	systemic_non_neural	19	9	True	0.0067403010083767	1	True	False	False	False	0.8743695566959775	True	True	True	True	True	True	0.3505943715572357	EARS2;GGA2	EARS2;GGA2	GGA2	GGA2	EARS2;GGA2	True	True	True	True	True	GGA2	0.7554901936411721	2	genic	False		False		True	EARS2;GGA2	False		False		False		False		False		0.0	0
rs4874100	8:143800253	8:143500000	core_exact_n10	moderate_0.2_0.5	systemic_non_neural	19	8	True	0.0	0	False	False	False	False	0.7030745729357154	True	False	False	False	False	False	0.0						False	False	False	False	True	SCRIB	0.7712771881303793	1	genic	False		False		False		False		False		False		False		False		0.0	0
rs1401421	11:45984278	11:45500000	core_exact_n10	moderate_0.2_0.5	systemic_non_neural	19	6	True	0.038085569308393	30	True	True	False	False	0.991267614355954	True	True	True	True	True	True	0.7346872687339783	LARGE2;PHF21A	LARGE2;PHF21A	LARGE2;PHF21A	LARGE2;PHF21A	LARGE2;PHF21A	True	True	True	True	False		0.0	0		False		False		True	PHF21A	False		False		False		False		False		0.0	0
rs3135983	17:34991293	17:34500000	core_exact_n10	hidden_lt0.2	systemic_non_neural	19	7	True	0.0	0	False	False	False	False	0.0	False	False	False	False	False	False	0.0						False	False	False	False	True	LIG3;RAD51D;RFFL	0.7422441037214507	1	genic	False		False		True	RAD51D;RFFL	False		False		False		False		False		0.0	0
rs7965333	12:55831500	12:55500000	core_exact_n10	moderate_0.2_0.5	mixed_trait_axis	19	7	True	0.4834865191906094	8	True	True	True	True	1.0	True	True	True	True	True	False	0.1275050193071365	MMP19	MMP19	MMP19	MMP19		False	False	False	False	True	MMP19	0.8915713096471422	4	intergenic	False		False		False		False		False		False		False		False		0.0	0
rs2941266	16:15141783	16:15000000	core_exact_n10	moderate_0.2_0.5	systemic_non_neural	19	10	True	0.0276346033889407	4	True	True	False	False	0.8396788018343555	True	True	True	False	True	True	0.1883352398872375	RRN3	RRN3		RRN3	RRN3	True	True	True	True	False		0.0	0		False		False		False		False		False		False		False		False		0.0	0
rs2425261	20:36723005	20:36500000	core_exact_n10	moderate_0.2_0.5	mixed_trait_axis	19	9	False	0.1358265829241826	3	True	True	True	True	0.9943221746573448	True	True	False	False	False	False	0.0						False	False	False	False	False		0.0	0		False		False		False		False		False		False		False		False		0.0	0
rs1220472	3:150792505	3:150500000	core_exact_n10	moderate_0.2_0.5	systemic_non_neural	19	6	False	0.0	0	False	False	False	False	0.0	False	False	False	False	False	False	0.0						False	False	False	False	False		0.0	0		False		False		False		False		False		False		False		False		0.0	0
rs13135635	4:124998769	4:124500000	core_exact_n10	moderate_0.2_0.5	neural_enriched	19	5	True	0.0	0	False	False	False	False	0.0	False	False	False	False	False	False	0.0						False	False	False	False	False		0.0	0		False		False		False		False		False		False		False		False		0.0	0
rs4929814	10:124084023	10:124000000	core_exact_n10	moderate_0.2_0.5	mixed_trait_axis	19	11	True	0.0172734964840081	1	True	True	False	False	0.5005759812718443	False	False	True	True	True	True	0.8867437839508057	CHST15	CHST15	CHST15	CHST15	CHST15	True	True	True	True	True	CHST15	0.7964858251038396	10	genic	True	CHST15	False		False		False		False		False		False		False		0.0	0
rs2412129	17:49700124	17:49500000	core_exact_n10	moderate_0.2_0.5	systemic_non_neural	19	7	True	0.0	0	False	False	False	False	0.0	False	False	False	False	False	False	0.0						False	False	False	False	False		0.0	0		False		False		False		False		False		False		False		False		0.0	0
rs67918869	12:54001000	12:54000000	core_exact_n10	moderate_0.2_0.5	neuro_systemic	19	7	False	0.3131813194493005	14	True	True	True	True	0.7727517920554934	True	False	False	False	False	False	0.0						False	False	False	False	False		0.0	0		False		False		False		False		False		False		False		False		0.0	0
rs144334202	9:137067808	9:137000000	core_exact_n10	moderate_0.2_0.5	neural_enriched	19	2	True	0.0	0	False	False	False	False	0.0	False	False	False	False	False	False	0.0						False	False	False	False	True	UAP1L1	0.8590130113964459	27	genic	False		False		False		False		False		False		False		False		0.0	0
rs889090	19:55493534	19:55000000	core_exact_n10	moderate_0.2_0.5	systemic_non_neural	19	6	True	0.0	0	False	False	False	False	0.0	False	False	False	False	False	False	0.0						False	False	False	False	False		0.0	0		False		False		False		False		False		False		False		False		0.0	0
rs298982	4:118683854	4:118500000	core_exact_n10	moderate_0.2_0.5	mixed_trait_axis	19	8	True	0.0	0	False	False	False	False	0.0	False	False	False	False	False	False	0.0						False	False	False	False	False		0.0	0		False		False		False		False		False		False		False		False		0.0	0
rs7502578	17:67996073	17:67500000	core_exact_n10	moderate_0.2_0.5	systemic_non_neural	19	8	True	0.026815076919216	8	True	True	False	False	0.8074294310801491	True	True	True	True	True	True	0.5158013701438904	BPTF;KPNA2	BPTF;KPNA2	BPTF	BPTF;KPNA2	BPTF;KPNA2	True	True	True	True	False		0.0	0		False		False		False		False		False		False		False		False		0.0	0
rs4875051	8:143778707	8:143500000	core_exact_n10	moderate_0.2_0.5	mixed_trait_axis	18	8	True	0.0088640323184582	2	True	False	False	False	0.6042797452270834	True	False	False	False	False	False	0.0						False	False	False	False	False		0.0	0		False		False		False		False		False		False		False		False		0.0	0
rs36233	16:2150881	16:2000000	core_exact_n10	moderate_0.2_0.5	systemic_non_neural	18	6	True	0.0298742822426445	15	True	True	False	False	0.8522868214912189	True	True	True	True	True	True	0.8159935474395752	PKD1;TSC2	PKD1;TSC2	PKD1	PKD1	PKD1;TSC2	True	True	True	True	True	PKD1	0.943038957073418	14	genic	True	PKD1	True	PKD1	False		False		False		False		False		False		0.0	0
rs8131044	21:46667934	21:46500000	core_exact_n10	moderate_0.2_0.5	systemic_non_neural	18	6	True	0.0	0	False	False	False	False	0.0	False	False	False	False	False	False	0.0						False	False	False	False	False		0.0	0		False		False		False		False		False		False		False		False		0.0	0
rs2579551	2:96072837	2:96000000	core_exact_n10	moderate_0.2_0.5	mixed_trait_axis	18	10	True	0.0	0	False	False	False	False	0.5012847103158105	False	False	False	False	False	False	0.0						False	False	False	False	True	ADRA2B	0.9264586518171308	13	intergenic	False		False		False		False		False		False		False		False		0.0	0
rs9898813	17:2487417	17:2000000	core_exact_n10	moderate_0.2_0.5	systemic_non_neural	18	5	False	0.0	0	False	False	False	False	0.0	False	False	False	False	False	False	0.0						False	False	False	False	False		0.0	0		False		False		False		False		False		False		False		False		0.0	0
rs4726642	7:143733111	7:143500000	core_exact_n10	moderate_0.2_0.5	neural_enriched	18	6	False	0.0	0	False	False	False	False	0.0	False	False	False	False	False	False	0.0						False	False	False	False	False		0.0	0		False		False		False		False		False		False		False		False		0.0	0
rs2521880	17:64745971	17:64500000	core_exact_n10	moderate_0.2_0.5	neuro_systemic	18	7	True	0.1387020807488727	24	True	True	True	True	0.9730908624846224	True	True	True	True	True	True	0.5578866004943848	CEP95;SMURF2	CEP95;SMURF2	SMURF2	SMURF2	SMURF2	True	True	True	True	False		0.0	0		False		False		True	SMURF2	False		False		False		False		False		0.0	0
rs11863346	16:28312149	16:28000000	core_exact_n10	moderate_0.2_0.5	systemic_non_neural	18	8	False	0.0	0	False	False	False	False	0.0	False	False	False	False	False	False	0.0						False	False	False	False	False		0.0	0		False		False		False		False		False		False		False		False		0.0	0
rs799234	7:27034112	7:27000000	core_exact_n10	hidden_lt0.2	neuro_systemic	18	7	True	2.58862209788956e-05	1	True	False	False	False	0.0	False	False	False	False	False	False	0.0						True	False	False	False	False		0.0	0		False		False		False		False		False		False		False		False		0.0	0
rs11041706	11:8002921	11:8000000	core_exact_n10	hidden_lt0.2	neuro_systemic	18	10	True	0.0059363634366652	1	True	False	False	False	0.0	False	False	True	True	False	True	0.4088288843631744	EIF3F	EIF3F	EIF3F		EIF3F	True	True	True	True	False		0.0	0		False		False		False		False		False		False		False		False		0.0	0
rs6866346	5:139323469	5:139000000	core_exact_n10	moderate_0.2_0.5	systemic_non_neural	18	9	False	0.0	0	False	False	False	False	0.0	False	False	False	False	False	False	0.0						False	False	False	False	False		0.0	0		False		False		False		False		False		False		False		False		0.0	0
rs2457526	16:15143080	16:15000000	core_exact_n10	moderate_0.2_0.5	systemic_non_neural	18	6	True	0.0257104104420845	15	True	True	False	False	0.93612386090502	True	True	True	True	True	True	0.8630907535552979	RRN3	RRN3	RRN3	RRN3	RRN3	True	True	True	True	False		0.0	0		False		False		False		False		False		False		False		False		0.0	0
rs3749250	3:197673640	3:197500000	core_exact_n10	moderate_0.2_0.5	systemic_non_neural	18	7	False	0.0	0	False	False	False	False	0.0	False	False	False	False	False	False	0.0						False	False	False	False	False		0.0	0		False		False		False		False		False		False		False		False		0.0	0
rs4758038	11:8000467	11:8000000	core_exact_n10	moderate_0.2_0.5	neuro_systemic	17	10	True	0.0	0	False	False	False	False	0.0	False	False	False	False	False	False	0.0						False	False	False	False	False		0.0	0		False		False		False		False		False		False		False		False		0.0	0
rs4909953	11:10798837	11:10500000	core_exact_n10	moderate_0.2_0.5	systemic_non_neural	17	7	True	0.0	0	False	False	False	False	0.0	False	False	False	False	False	False	0.0						False	False	False	False	False		0.0	0		False		False		False		False		False		False		False		False		0.0	0
rs942493	6:7391259	6:7000000	core_exact_n10	moderate_0.2_0.5	neural_enriched	17	6	False	0.0	0	False	False	False	False	0.0	False	False	False	False	False	False	0.0						False	False	False	False	False		0.0	0		False		False		False		False		False		False		False		False		0.0	0
rs2959095	11:45983212	11:45500000	core_exact_n10	moderate_0.2_0.5	systemic_non_neural	17	7	True	0.038155277574778	29	True	True	False	False	0.9885757350636688	True	True	True	True	True	True	0.5867336392402649	LARGE2;PHF21A	LARGE2;PHF21A	LARGE2;PHF21A	LARGE2;PHF21A	LARGE2;PHF21A	True	True	True	True	True	LARGE2	0.6795823798654058	3	genic	False		False		True	PHF21A	False		False		False		False		False		0.0	0
rs7372209	3:37969217	3:37500000	core_exact_n10	moderate_0.2_0.5	neural_enriched	17	6	False	0.0	0	False	False	False	False	0.0	False	False	False	False	False	False	0.0						False	False	False	False	False		0.0	0		False		False		False		False		False		False		False		False		0.0	0
rs36993	5:1495648	5:1000000	core_exact_n10	moderate_0.2_0.5	systemic_non_neural	17	8	True	0.0	0	False	False	False	False	0.0	False	False	False	False	False	False	0.0						False	False	False	False	True	LPCAT1	0.95226223109413	31	genic	False		False		False		False		False		True	LPCAT1	True	LPCAT1	True	LPCAT1	0.134069	22
rs2046292	12:55847314	12:55500000	core_exact_n10	moderate_0.2_0.5	systemic_non_neural	17	9	True	0.1879847692722254	1	True	True	True	True	0.9650561528050008	True	True	False	False	False	False	0.0						False	False	False	False	True	DGKA	0.6521615307342149	1	intergenic	False		False		False		False		False		False		False		False		0.0	0
rs4875059	8:143811845	8:143500000	core_exact_n10	moderate_0.2_0.5	systemic_non_neural	17	9	True	0.0088923657123545	1	True	False	False	False	0.7712467467720036	True	False	False	False	False	False	0.0						False	False	False	False	False		0.0	0		False		False		False		False		False		False		False		False		0.0	0
rs4731695	7:130490329	7:130000000	core_exact_n10	moderate_0.2_0.5	mixed_trait_axis	17	9	True	0.0	0	False	False	False	False	0.0	False	False	False	False	False	False	0.0						False	False	False	False	False		0.0	0		False		False		False		False		False		False		False		False		0.0	0
rs7336507	13:66996977	13:66500000	core_exact_n10	hidden_lt0.2	systemic_non_neural	17	7	True	0.0	0	False	False	False	False	0.0	False	False	False	False	False	False	0.0						False	False	False	False	False		0.0	0		False		False		False		False		False		False		False		False		0.0	0
rs12075933	1:207502508	1:207500000	core_exact_n10	hidden_lt0.2	neuro_systemic	17	8	True	0.0	0	False	False	False	False	0.5609744009007261	False	False	False	False	False	False	0.0						False	False	False	False	False		0.0	0		False		False		False		False		False		False		False		False		0.0	0
rs13023123	2:74502935	2:74500000	core_exact_n10	moderate_0.2_0.5	neural_enriched	17	4	True	0.0	0	False	False	False	False	0.0	False	False	False	False	False	False	0.0						False	False	False	False	False		0.0	0		False		False		False		False		False		False		False		False		0.0	0
rs7549196	1:24660386	1:24500000	core_exact_n10	moderate_0.2_0.5	neural_enriched	17	7	True	0.0	0	False	False	False	False	0.0	False	False	False	False	False	False	0.0						False	False	False	False	False		0.0	0		False		False		False		False		False		False		False		False		0.0	0
rs10734889	12:15883327	12:15500000	core_exact_n10	moderate_0.2_0.5	mixed_trait_axis	17	10	False	0.0	0	False	False	False	False	0.0	False	False	False	False	False	False	0.0						False	False	False	False	False		0.0	0		False		False		False		False		False		False		False		False		0.0	0
rs7397940	12:6662711	12:6500000	core_exact_n10	moderate_0.2_0.5	mixed_trait_axis	17	7	True	0.0	0	False	False	False	False	0.0	False	False	False	False	False	False	0.0						False	False	False	False	False		0.0	0		False		False		False		False		False		False		False		False		0.0	0
rs11264369	1:155390039	1:155000000	core_exact_n10	moderate_0.2_0.5	systemic_non_neural	17	8	True	0.0290204472745642	41	True	True	False	False	0.9151034208228518	True	True	True	True	True	False	0.3443250954151153	ASH1L	ASH1L	ASH1L	ASH1L		False	False	False	False	False		0.0	0		False		False		False		False		False		False		False		False		0.0	0
rs11665875	19:7000390	19:7000000	core_exact_n10	moderate_0.2_0.5	neural_enriched	17	5	True	0.0	0	False	False	False	False	0.0	False	False	False	False	False	False	0.0						False	False	False	False	False		0.0	0		False		False		False		False		False		False		False		False		0.0	0
rs8100581	19:10859882	19:10500000	core_exact_n10	moderate_0.2_0.5	systemic_non_neural	17	7	True	0.0	0	False	False	False	False	0.0	False	False	False	False	False	False	0.0						False	False	False	False	True	C19ORF38	0.6314398489124677	1	genic	False		False		True	C19ORF38	True	C19ORF38	True	C19ORF38	True	C19ORF38	False		False		0.023467	1
rs1879488	17:1498319	17:1000000	core_exact_n10	hidden_lt0.2	systemic_non_neural	16	7	False	0.0	0	False	False	False	False	0.0	False	False	False	False	False	False	0.0						False	False	False	False	False		0.0	0		False		False		False		False		False		False		False		False		0.0	0
rs7807308	7:143737311	7:143500000	core_exact_n10	moderate_0.2_0.5	systemic_non_neural	16	6	True	0.0	0	False	False	False	False	0.0	False	False	False	False	False	False	0.0						False	False	False	False	False		0.0	0		False		False		False		False		False		False		False		False		0.0	0
rs17508365	1:222420506	1:222000000	core_exact_n10	moderate_0.2_0.5	systemic_non_neural	16	6	False	0.0	0	False	False	False	False	0.0	False	False	False	False	False	False	0.0						False	False	False	False	False		0.0	0		False		False		False		False		False		False		False		False		0.0	0
rs2155456	11:70231775	11:70000000	core_exact_n10	moderate_0.2_0.5	systemic_non_neural	16	5	False	0.0	0	False	False	False	False	0.0	False	False	False	False	False	False	0.0						False	False	False	False	False		0.0	0		False		False		False		False		False		False		False		False		0.0	0
rs335124	2:88752509	2:88500000	core_exact_n10	hidden_lt0.2	neuro_systemic	16	7	True	0.2900219703622524	13	True	True	True	True	0.835553496115091	True	True	True	True	True	True	0.9104745388031006	EIF2AK3	EIF2AK3	EIF2AK3	EIF2AK3	EIF2AK3	True	True	True	True	False		0.0	0		True	EIF2AK3	True	EIF2AK3	False		False		False		False		False		False		0.0	0
rs17685439	17:64985215	17:64500000	core_exact_n10	moderate_0.2_0.5	systemic_other	16	4	True	0.0140824992713026	22	True	True	False	False	0.9858129181175528	True	True	True	True	True	True	0.4069779217243194	GNA13;RGS9	GNA13;RGS9	GNA13	GNA13;RGS9	GNA13	True	True	True	True	True	GNA13	0.7692439398725329	8	intergenic	False		False		False		False		False		False		False		False		0.0	0
rs2596915	3:9498000	3:9000000	core_exact_n10	moderate_0.2_0.5	mixed_trait_axis	16	10	True	8.69561838286736e-06	1	True	False	False	False	0.5573736049301884	False	False	False	False	False	False	0.0						True	False	False	False	False		0.0	0		False		False		False		False		False		False		False		False		0.0	0
rs4838838	22:49998943	22:49500000	core_exact_n10	moderate_0.2_0.5	systemic_non_neural	16	6	False	0.0	0	False	False	False	False	0.0	False	False	False	False	False	False	0.0						False	False	False	False	False		0.0	0		False		False		False		False		False		False		False		False		0.0	0
rs10511929	9:36458796	9:36000000	core_exact_n10	moderate_0.2_0.5	systemic_other	16	3	False	0.0	0	False	False	False	False	0.0	False	False	False	False	False	False	0.0						False	False	False	False	False		0.0	0		False		False		False		False		False		False		False		False		0.0	0
rs35475444	17:19014124	17:19000000	core_exact_n10	hidden_lt0.2	neuro_systemic	16	6	False	0.0	0	False	False	False	False	0.6906625101117769	True	False	False	False	False	False	0.0						False	False	False	False	False		0.0	0		False		False		False		False		False		False		False		False		0.0	0
rs506996	4:1998531	4:1500000	core_exact_n10	moderate_0.2_0.5	neural_enriched	16	5	True	0.0	0	False	False	False	False	0.0	False	False	False	False	False	False	0.0						False	False	False	False	False		0.0	0		False		False		False		False		False		False		False		False		0.0	0
rs1303577	20:38497214	20:38000000	core_exact_n10	hidden_lt0.2	systemic_non_neural	16	7	False	0.0	0	False	False	False	False	0.0	False	False	False	False	False	False	0.0						False	False	False	False	False		0.0	0		False		False		False		False		False		False		False		False		0.0	0
rs10518929	15:71002853	15:71000000	core_exact_n10	hidden_lt0.2	neuro_systemic	16	6	False	0.0	0	False	False	False	False	0.0	False	False	False	False	False	False	0.0						False	False	False	False	False		0.0	0		False		False		False		False		False		False		False		False		0.0	0
rs2266943	16:72820408	16:72500000	core_exact_n10	moderate_0.2_0.5	systemic_non_neural	16	7	False	0.0	0	False	False	False	False	0.5497396534080508	False	False	False	False	False	False	0.0						False	False	False	False	False		0.0	0		False		False		False		False		False		False		False		False		0.0	0
rs4296931	6:3211381	6:3000000	core_exact_n10	moderate_0.2_0.5	systemic_non_neural	16	5	True	0.0	0	False	False	False	False	0.0	False	False	False	False	False	False	0.0						False	False	False	False	True	TUBB2B	0.9048596248758968	10	intergenic	False		False		False		False		False		False		False		False		0.0	0
rs6604978	1:24763955	1:24500000	core_exact_n10	moderate_0.2_0.5	systemic_non_neural	16	7	True	0.0351788981888919	96	True	True	False	False	0.9787729274889582	True	True	True	True	True	True	0.8488609790802002	CLIC4	CLIC4	CLIC4	CLIC4	CLIC4	True	True	True	True	False		0.0	0		False		False		True	CLIC4	False		False		False		False		False		0.0	0
rs552966	11:72077171	11:72000000	core_exact_n10	moderate_0.2_0.5	neural_enriched	16	6	True	0.0033927598186756	1	True	False	False	False	0.9668942205042688	True	True	True	True	True	True	0.1293415129184723	NUMA1	NUMA1	NUMA1	NUMA1	NUMA1	True	True	True	False	False		0.0	0		False		False		False		False		False		False		False		False		0.0	0
rs1195296	19:42172329	19:42000000	core_exact_n10	moderate_0.2_0.5	systemic_non_neural	16	7	True	0.0	0	False	False	False	False	0.0	False	False	False	False	False	False	0.0						False	False	False	False	False		0.0	0		False		False		True	POU2F2	True	POU2F2	False		False		False		False		0.0	0
rs215210	1:37493849	1:37000000	core_exact_n10	moderate_0.2_0.5	neuro_systemic	16	7	True	0.0204959762130862	1	True	True	False	False	0.8947660886410459	True	True	True	False	True	True	0.093773104250431	MEAF6	MEAF6		MEAF6	MEAF6	True	True	True	True	False		0.0	0		False		False		False		False		False		False		False		False		0.0	0
rs3789038	16:4496585	16:4000000	core_exact_n10	moderate_0.2_0.5	mixed_trait_axis	16	8	True	0.0177655392246083	29	True	True	False	False	0.9493335387679546	True	True	True	True	True	True	0.3818347156047821	C16ORF96;HMOX2;NMRAL1	C16ORF96;HMOX2;NMRAL1	C16ORF96;HMOX2;NMRAL1	C16ORF96;HMOX2;NMRAL1	C16ORF96;HMOX2;NMRAL1	True	True	True	True	True	C16ORF96;HMOX2	0.7879985971116175	2	genic	True	HMOX2	False		True	HMOX2;NMRAL1	False		False		False		False		False		0.0	0
rs4327733	6:3189475	6:3000000	core_exact_n10	moderate_0.2_0.5	neural_enriched	16	7	True	0.0	0	False	False	False	False	0.0	False	False	False	False	False	False	0.0						False	False	False	False	False		0.0	0		False		False		False		False		False		False		False		False		0.0	0
rs26256	5:103216312	5:103000000	core_exact_n10	moderate_0.2_0.5	neuro_systemic	16	6	True	0.0	0	False	False	False	False	0.0	False	False	False	False	False	False	0.0						False	False	False	False	False		0.0	0		False		False		False		False		False		False		False		False		0.0	0
rs4911226	20:32385371	20:32000000	core_exact_n10	moderate_0.2_0.5	mixed_trait_axis	16	11	False	0.0165856294608044	14	True	True	False	False	0.8640925509359402	True	True	False	False	False	False	0.0						False	False	False	False	False		0.0	0		False		False		False		False		False		False		False		False		0.0	0
rs6764	14:58427073	14:58000000	core_exact_n10	moderate_0.2_0.5	systemic_non_neural	16	6	True	0.0	0	False	False	False	False	0.0	False	False	False	False	False	False	0.0						False	False	False	False	False		0.0	0		False		False		False		False		False		False		False		False		0.0	0
rs10246878	7:87646325	7:87500000	core_exact_n10	moderate_0.2_0.5	mixed_trait_axis	16	8	False	0.0	0	False	False	False	False	0.0	False	False	False	False	False	False	0.0						False	False	False	False	False		0.0	0		False		False		False		False		False		False		False		False		0.0	0
rs266464	11:33292530	11:33000000	core_exact_n10	moderate_0.2_0.5	neural_enriched	16	5	False	0.0	0	False	False	False	False	0.6558470470197428	True	False	False	False	False	False	0.0						False	False	False	False	False		0.0	0		False		False		False		False		False		False		False		False		0.0	0
rs117433482	18:21000980	18:21000000	core_exact_n10	moderate_0.2_0.5	neuro_systemic	16	6	False	0.0	0	False	False	False	False	0.0	False	False	False	False	False	False	0.0						False	False	False	False	False		0.0	0		False		False		False		False		False		False		False		False		0.0	0
rs7218599	17:44170978	17:44000000	core_exact_n10	moderate_0.2_0.5	systemic_non_neural	16	7	True	0.2641052257003325	11	True	True	True	True	0.8297909966337769	True	True	True	False	True	False	0.077944591641426	TMUB2	TMUB2		TMUB2		False	False	False	False	False		0.0	0		False		False		True	TMUB2	True	TMUB2	False		False		False		False		0.0	0
rs10776679	10:133389090	10:133000000	core_exact_n10	moderate_0.2_0.5	systemic_non_neural	16	7	True	0.0	0	False	False	False	False	0.5350191800448517	False	False	False	False	False	False	0.0						False	False	False	False	True	ECHS1;PAOX	0.9944501264469636	50	genic	False		False		False		False		False		False		False		False		0.0	0
rs2959101	11:45996588	11:45500000	core_exact_n10	moderate_0.2_0.5	neural_enriched	16	5	True	0.3486301563111407	1	True	True	True	True	0.9854224199391344	True	True	False	False	False	False	0.0						False	False	False	False	False		0.0	0		False		False		False		False		False		False		False		False		0.0	0
rs684596	12:110614660	12:110500000	core_exact_n10	hidden_lt0.2	neuro_systemic	16	8	True	0.8409357240865953	4	True	True	True	True	0.8419104558696234	True	True	True	True	True	True	0.1512613296508789	ARPC3;PPTC7	ARPC3;PPTC7	ARPC3	ARPC3;PPTC7	ARPC3	True	True	True	True	False		0.0	0		False		False		True	ARPC3	True	ARPC3	False		False		False		False		0.0	0
rs10793011	11:71956415	11:71500000	core_exact_n10	moderate_0.2_0.5	neural_enriched	16	5	False	0.0	0	False	False	False	False	0.0	False	False	False	False	False	False	0.0						False	False	False	False	False		0.0	0		False		False		False		False		False		False		False		False		0.0	0
rs746192	20:62760625	20:62500000	core_exact_n10	moderate_0.2_0.5	neural_enriched	16	5	False	0.0	0	False	False	False	False	0.0	False	False	False	False	False	False	0.0						False	False	False	False	False		0.0	0		False		False		False		False		False		False		False		False		0.0	0
rs6697447	1:53981254	1:53500000	core_exact_n10	moderate_0.2_0.5	systemic_non_neural	15	8	True	0.0	0	False	False	False	False	0.0	False	False	False	False	False	False	0.0						False	False	False	False	False		0.0	0		False		False		True	LRRC42	False		False		False		False		False		0.0	0
rs10896065	11:65903039	11:65500000	core_exact_n10	moderate_0.2_0.5	systemic_other	15	4	True	0.0	0	False	False	False	False	0.546805890265468	False	False	False	False	False	False	0.0						False	False	False	False	False		0.0	0		False		False		False		False		False		False		False		False		0.0	0
rs13291966	9:36488264	9:36000000	core_exact_n10	moderate_0.2_0.5	systemic_non_neural	15	7	True	0.0	0	False	False	False	False	0.0	False	False	False	False	False	False	0.0						False	False	False	False	True	RNF38	0.9666300479753928	155	intergenic	False		False		False		False		False		True	GNE;RNF38	True	RNF38	False		0.091323	48
rs940702	7:143504693	7:143500000	core_exact_n10	moderate_0.2_0.5	neuro_systemic	15	6	False	0.0	0	False	False	False	False	0.0	False	False	False	False	False	False	0.0						False	False	False	False	False		0.0	0		False		False		False		False		False		False		False		False		0.0	0
rs4293717	3:129114707	3:129000000	core_exact_n10	moderate_0.2_0.5	systemic_non_neural	15	6	True	0.0	0	False	False	False	False	0.0	False	False	False	False	False	False	0.0						False	False	False	False	False		0.0	0		False		False		False		False		False		False		False		False		0.0	0
rs77137580	6:157433578	6:157000000	core_exact_n10	moderate_0.2_0.5	systemic_other	15	4	True	0.0	0	False	False	False	False	0.0	False	False	False	False	False	False	0.0						False	False	False	False	False		0.0	0		False		False		False		False		False		False		False		False		0.0	0
rs7225993	17:64712166	17:64500000	core_exact_n10	moderate_0.2_0.5	systemic_non_neural	15	8	True	0.0699500235970971	12	True	True	True	False	0.947106651470416	True	True	True	True	True	True	0.5900432467460632	SMURF2	SMURF2	SMURF2	SMURF2	SMURF2	True	True	True	True	True	SMURF2	0.728330062552638	1	intergenic	False		False		True	SMURF2	False		False		False		False		False		0.0	0
rs787820	12:120488516	12:120000000	core_exact_n10	moderate_0.2_0.5	neural_enriched	15	5	True	0.0741985908918344	11	True	True	True	False	0.6450170646152739	True	False	True	False	False	True	0.1300144642591476	DYNLL1	DYNLL1			DYNLL1	True	True	True	True	False		0.0	0		False		False		False		False		False		False		False		False		0.0	0
rs10934906	3:130094219	3:130000000	core_exact_n10	moderate_0.2_0.5	systemic_non_neural	15	6	False	0.0	0	False	False	False	False	0.0	False	False	False	False	False	False	0.0						False	False	False	False	False		0.0	0		False		False		False		False		False		False		False		False		0.0	0
rs11844036	14:31361500	14:31000000	core_exact_n10	moderate_0.2_0.5	systemic_non_neural	15	5	True	0.0	0	False	False	False	False	0.0	False	False	False	False	False	False	0.0						False	False	False	False	False		0.0	0		False		False		False		False		False		False		False		False		0.0	0
rs6997490	8:67058008	8:67000000	core_exact_n10	moderate_0.2_0.5	neural_enriched	15	7	True	0.0	0	False	False	False	False	0.0	False	False	False	False	False	False	0.0						False	False	False	False	False		0.0	0		False		False		False		False		False		False		False		False		0.0	0
rs1998273	1:225996737	1:225500000	core_exact_n10	hidden_lt0.2	systemic_non_neural	15	9	False	0.0	0	False	False	False	False	0.0	False	False	False	False	False	False	0.0						False	False	False	False	False		0.0	0		False		False		False		False		False		False		False		False		0.0	0
rs4728533	7:75957218	7:75500000	core_exact_n10	moderate_0.2_0.5	systemic_non_neural	15	6	True	0.0	0	False	False	False	False	0.0	False	False	False	False	False	False	0.0						False	False	False	False	True	POR	0.952769782534861	15	genic	False		False		False		False		False		True	POR	False		False		0.015779	1
rs16954442	15:34526826	15:34500000	core_exact_n10	moderate_0.2_0.5	neuro_systemic	15	7	True	0.0	0	False	False	False	False	0.0	False	False	False	False	False	False	0.0						False	False	False	False	False		0.0	0		False		False		False		False		False		False		False		False		0.0	0
rs3858656	12:96486775	12:96000000	core_exact_n10	moderate_0.2_0.5	neuro_systemic	15	8	False	0.0	0	False	False	False	False	0.0	False	False	False	False	False	False	0.0						False	False	False	False	False		0.0	0		False		False		False		False		False		False		False		False		0.0	0
rs9896857	17:79000662	17:79000000	core_exact_n10	moderate_0.2_0.5	mixed_trait_axis	15	8	True	0.0	0	False	False	False	False	0.0	False	False	False	False	False	False	0.0						False	False	False	False	True	CANT1	0.9072890319968516	1	genic	False		False		False		False		False		False		False		False		0.0	0
rs6531779	4:84952298	4:84500000	core_exact_n10	moderate_0.2_0.5	mixed_trait_axis	15	8	True	0.3029410417882088	14	True	True	True	True	0.9791459766002184	True	True	True	True	True	True	0.912971556186676	CDS1;WDFY3	CDS1;WDFY3	WDFY3	CDS1;WDFY3	CDS1;WDFY3	True	True	True	True	True	CDS1;WDFY3	0.9796740076223556	20	genic	False		False		False		False		False		False		False		False		0.0	0
rs6767719	3:129131689	3:129000000	core_exact_n10	moderate_0.2_0.5	systemic_non_neural	15	5	True	0.0	0	False	False	False	False	0.0	False	False	False	False	False	False	0.0						False	False	False	False	False		0.0	0		False		False		False		False		False		False		False		False		0.0	0
rs4443010	2:110711561	2:110500000	core_exact_n10	moderate_0.2_0.5	systemic_non_neural	15	6	False	0.0	0	False	False	False	False	0.0	False	False	False	False	False	False	0.0						False	False	False	False	False		0.0	0		False		False		False		False		False		False		False		False		0.0	0
rs2241867	14:104987076	14:104500000	core_exact_n10	moderate_0.2_0.5	systemic_non_neural	15	9	True	0.0	0	False	False	False	False	0.0	False	False	False	False	False	False	0.0						False	False	False	False	False		0.0	0		False		False		False		False		False		False		False		False		0.0	0
rs6692599	1:24768223	1:24500000	core_exact_n10	moderate_0.2_0.5	systemic_non_neural	15	6	True	0.0298660468267439	97	True	True	False	False	0.9867407029719876	True	True	True	True	True	True	0.8488609790802002	CLIC4	CLIC4	CLIC4	CLIC4	CLIC4	True	True	True	True	False		0.0	0		False		False		True	CLIC4	False		False		False		False		False		0.0	0
rs2619756	5:180858668	5:180500000	core_exact_n10	moderate_0.2_0.5	systemic_non_neural	15	7	True	0.0	0	False	False	False	False	0.0	False	False	False	False	False	False	0.0						False	False	False	False	False		0.0	0		False		False		False		False		False		False		False		False		0.0	0
rs7074435	10:133377066	10:133000000	core_exact_n10	moderate_0.2_0.5	systemic_non_neural	15	6	True	0.0164485989039331	1	True	True	False	False	0.8145555941787604	True	True	True	False	True	True	0.2170259803533554	PRAP1	PRAP1		PRAP1	PRAP1	True	True	True	True	False		0.0	0		True	PRAP1	True	PRAP1	False		False		False		False		False		False		0.0	0
rs3750815	10:121511632	10:121500000	core_exact_n10	moderate_0.2_0.5	neuro_systemic	15	5	True	0.0	0	False	False	False	False	0.8447316409021797	True	True	False	False	False	False	0.0						False	False	False	False	False		0.0	0		False		False		False		False		False		False		False		False		0.0	0
rs4835093	4:147734125	4:147500000	core_exact_n10	moderate_0.2_0.5	neural_enriched	15	5	True	0.0	0	False	False	False	False	0.0	False	False	False	False	False	False	0.0						False	False	False	False	False		0.0	0		False		False		False		False		False		False		False		False		0.0	0
rs11616018	12:131912058	12:131500000	core_exact_n10	moderate_0.2_0.5	systemic_non_neural	15	9	False	0.0	0	False	False	False	False	0.5348089027882444	False	False	False	False	False	False	0.0						False	False	False	False	False		0.0	0		False		False		False		False		False		False		False		False		0.0	0
rs2187496	11:71940915	11:71500000	core_exact_n10	moderate_0.2_0.5	systemic_non_neural	15	7	False	0.0	0	False	False	False	False	0.635134385354069	True	False	False	False	False	False	0.0						False	False	False	False	False		0.0	0		False		False		False		False		False		False		False		False		0.0	0
rs8017465	14:71650439	14:71500000	core_exact_n10	moderate_0.2_0.5	mixed_trait_axis	15	9	True	0.0	0	False	False	False	False	0.0	False	False	False	False	False	False	0.0						False	False	False	False	False		0.0	0		False		False		False		False		False		False		False		False		0.0	0
rs1561691	15:71050653	15:71000000	core_exact_n10	moderate_0.2_0.5	systemic_non_neural	15	5	True	0.0	0	False	False	False	False	0.0	False	False	False	False	False	False	0.0						False	False	False	False	False		0.0	0		False		False		False		False		False		False		False		False		0.0	0
rs7488316	12:5497206	12:5000000	core_exact_n10	moderate_0.2_0.5	mixed_trait_axis	15	7	True	0.0	0	False	False	False	False	0.0	False	False	False	False	False	False	0.0						False	False	False	False	True	NTF3	0.9982368253974496	12	intergenic	False		False		False		False		False		False		False		False		0.0	0
rs2579516	2:96019128	2:96000000	core_exact_n10	moderate_0.2_0.5	neuro_systemic	15	9	False	0.0	0	False	False	False	False	0.0	False	False	False	False	False	False	0.0						False	False	False	False	False		0.0	0		False		False		False		False		False		False		False		False		0.0	0
rs7144389	14:105433481	14:105000000	core_exact_n10	moderate_0.2_0.5	systemic_non_neural	15	7	True	0.0	0	False	False	False	False	0.0	False	False	False	False	False	False	0.0						False	False	False	False	False		0.0	0		False		False		False		False		False		True	TEX22	False		False		0.0401	1
rs6988483	8:42493793	8:42000000	core_exact_n10	moderate_0.2_0.5	mixed_trait_axis	15	10	True	0.033811108037784	3	True	True	False	False	0.8196689039302537	True	True	True	True	True	True	0.7870054841041565	SLC20A2;SMIM19	SLC20A2;SMIM19	SLC20A2;SMIM19	SLC20A2;SMIM19	SLC20A2;SMIM19	True	True	True	True	False		0.0	0		False		False		False		False		False		False		False		False		0.0	0
rs6880993	5:76450988	5:76000000	core_exact_n10	moderate_0.2_0.5	neuro_systemic	15	5	True	0.0	0	False	False	False	False	0.0	False	False	False	False	False	False	0.0						False	False	False	False	False		0.0	0		False		False		False		False		False		False		False		False		0.0	0
rs6581555	12:64383924	12:64000000	core_exact_n10	moderate_0.2_0.5	mixed_trait_axis	15	7	True	0.0324750355554768	2	True	True	False	False	0.8900025057699746	True	True	True	False	True	True	0.6349238157272339	XPOT	XPOT		XPOT	XPOT	True	True	True	True	False		0.0	0		False		False		False		False		False		False		False		False		0.0	0
rs6437282	2:241703438	2:241500000	core_exact_n10	moderate_0.2_0.5	mixed_trait_axis	15	8	True	0.1198665539808136	22	True	True	True	True	1.0	True	True	True	True	True	True	0.8497871160507202	ATG4B;DTYMK;ING5	ATG4B;DTYMK;ING5	DTYMK;ING5	DTYMK;ING5	ATG4B;DTYMK;ING5	True	True	True	True	True	ING5	0.999980720816098	47	genic;promoter	False		False		True	ING5	True	ING5	False		False		False		False		0.0	0
rs8100269	19:6402267	19:6000000	core_exact_n10	moderate_0.2_0.5	systemic_non_neural	15	5	False	0.0	0	False	False	False	False	0.0	False	False	False	False	False	False	0.0						False	False	False	False	False		0.0	0		False		False		False		False		False		False		False		False		0.0	0
rs2468844	11:18245480	11:18000000	core_exact_n10	moderate_0.2_0.5	systemic_non_neural	15	6	False	0.0	0	False	False	False	False	0.0	False	False	False	False	False	False	0.0						False	False	False	False	False		0.0	0		False		False		False		False		False		False		False		False		0.0	0
rs13332660	16:29894561	16:29500000	core_exact_n10	moderate_0.2_0.5	neural_enriched	15	6	False	0.9891900866590152	2	True	True	True	True	0.0	False	False	False	False	False	False	0.0						False	False	False	False	False		0.0	0		False		False		False		False		False		False		False		False		0.0	0
rs1819739	1:215591054	1:215500000	core_exact_n10	moderate_0.2_0.5	systemic_other	15	3	True	0.0587403636507324	2	True	True	True	False	0.8612945686139013	True	True	True	False	False	True	0.3499849736690521	KCTD3	KCTD3			KCTD3	True	True	True	True	False		0.0	0		False		False		False		False		False		False		False		False		0.0	0
rs6703304	1:211823133	1:211500000	core_exact_n10	moderate_0.2_0.5	neural_enriched	15	6	False	0.0	0	False	False	False	False	0.0	False	False	False	False	False	False	0.0						False	False	False	False	False		0.0	0		False		False		False		False		False		False		False		False		0.0	0
rs12153571	5:71590146	5:71500000	core_exact_n10	moderate_0.2_0.5	neural_enriched	15	4	False	0.0	0	False	False	False	False	0.0	False	False	False	False	False	False	0.0						False	False	False	False	False		0.0	0		False		False		False		False		False		False		False		False		0.0	0
rs6426094	1:224274905	1:224000000	core_exact_n10	hidden_lt0.2	neural_enriched	15	6	False	0.0	0	False	False	False	False	0.0	False	False	False	False	False	False	0.0						False	False	False	False	False		0.0	0		False		False		False		False		False		False		False		False		0.0	0
rs17584120	11:67002996	11:67000000	core_exact_n10	moderate_0.2_0.5	neuro_systemic	15	6	True	0.0	0	False	False	False	False	0.0	False	False	False	False	False	False	0.0						False	False	False	False	False		0.0	0		False		False		False		False		False		False		False		False		0.0	0
rs2247757	20:18497226	20:18000000	core_exact_n10	hidden_lt0.2	neural_enriched	15	4	True	0.0	0	False	False	False	False	0.0	False	False	False	False	False	False	0.0						False	False	False	False	False		0.0	0		False		False		True	SEC23B	True	SEC23B	False		False		False		False		0.0	0
rs1561893	15:74978787	15:74500000	core_exact_n10	moderate_0.2_0.5	systemic_other	14	4	True	0.0	0	False	False	False	False	0.0	False	False	False	False	False	False	0.0						False	False	False	False	False		0.0	0		True	PPCDC	False		False		False		False		False		False		False		0.0	0
rs4405662	19:55488626	19:55000000	core_exact_n10	moderate_0.2_0.5	systemic_non_neural	14	7	False	0.0	0	False	False	False	False	0.0	False	False	False	False	False	False	0.0						False	False	False	False	False		0.0	0		False		False		False		False		False		False		False		False		0.0	0
rs3126165	14:49861711	14:49500000	core_exact_n10	moderate_0.2_0.5	systemic_non_neural	14	7	True	0.0	0	False	False	False	False	0.0	False	False	False	False	False	False	0.0						False	False	False	False	True	ARF6;KLHDC1	0.955197881820398	152	intergenic	False		False		False		False		False		False		False		False		0.0	0
rs7403903	16:18997617	16:18500000	core_exact_n10	moderate_0.2_0.5	mixed_trait_axis	14	8	True	0.0	0	False	False	False	False	0.0	False	False	False	False	False	False	0.0						False	False	False	False	False		0.0	0		False		False		False		False		False		False		False		False		0.0	0
rs891375	1:207249581	1:207000000	core_exact_n10	moderate_0.2_0.5	neural_enriched	14	4	True	0.0	0	False	False	False	False	0.0	False	False	False	False	False	False	0.0						False	False	False	False	False		0.0	0		False		False		False		False		False		False		False		False		0.0	0
rs2838567	21:44474024	21:44000000	core_exact_n10	moderate_0.2_0.5	systemic_non_neural	14	6	False	0.0	0	False	False	False	False	0.6380319084654261	True	False	False	False	False	False	0.0						False	False	False	False	False		0.0	0		False		False		False		False		False		False		False		False		0.0	0
rs1177226	2:61003288	2:61000000	core_exact_n10	hidden_lt0.2	neuro_systemic	14	7	False	0.0	0	False	False	False	False	0.8823508282540133	True	True	False	False	False	False	0.0						False	False	False	False	False		0.0	0		False		False		False		False		False		False		False		False		0.0	0
rs8111976	19:45996279	19:45500000	core_exact_n10	moderate_0.2_0.5	systemic_non_neural	14	6	True	0.0	0	False	False	False	False	0.0	False	False	False	False	False	False	0.0						False	False	False	False	False		0.0	0		False		False		False		False		False		False		False		False		0.0	0
rs16900289	6:157585824	6:157500000	core_exact_n10	moderate_0.2_0.5	systemic_non_neural	14	5	False	0.0	0	False	False	False	False	0.0	False	False	False	False	False	False	0.0						False	False	False	False	False		0.0	0		False		False		False		False		False		False		False		False		0.0	0
rs684428	2:219640543	2:219500000	core_exact_n10	moderate_0.2_0.5	mixed_trait_axis	14	7	False	0.0	0	False	False	False	False	0.9197294087674048	True	True	False	False	False	False	0.0						False	False	False	False	False		0.0	0		False		False		False		False		False		False		False		False		0.0	0
rs1417103	1:78333607	1:78000000	core_exact_n10	moderate_0.2_0.5	neuro_systemic	14	7	True	0.0	0	False	False	False	False	0.0	False	False	False	False	False	False	0.0						False	False	False	False	False		0.0	0		False		False		False		False		False		False		False		False		0.0	0
rs11768654	7:141587085	7:141500000	core_exact_n10	moderate_0.2_0.5	neuro_systemic	14	8	True	0.0	0	False	False	False	False	0.0	False	False	False	False	False	False	0.0						False	False	False	False	True	AGK	0.6040862187389192	2	genic	False		False		False		False		False		False		False		False		0.0	0
rs937117	12:56412064	12:56000000	core_exact_n10	moderate_0.2_0.5	systemic_non_neural	14	7	False	0.0	0	False	False	False	False	0.723178293931982	True	False	False	False	False	False	0.0						False	False	False	False	False		0.0	0		False		False		False		False		False		False		False		False		0.0	0
rs7106153	11:63512280	11:63500000	core_exact_n10	moderate_0.2_0.5	neural_enriched	14	5	False	0.0	0	False	False	False	False	0.0	False	False	False	False	False	False	0.0						False	False	False	False	False		0.0	0		False		False		False		False		False		False		False		False		0.0	0
rs2885470	3:197748569	3:197500000	core_exact_n10	moderate_0.2_0.5	systemic_non_neural	14	6	True	0.0	0	False	False	False	False	0.0	False	False	False	False	False	False	0.0						False	False	False	False	True	RUBCN	0.88436123771805	4	intergenic	False		False		True	RUBCN	False		False		False		False		False		0.0	0
rs1571934	13:44401763	13:44000000	core_exact_n10	moderate_0.2_0.5	systemic_non_neural	14	5	True	0.0	0	False	False	False	False	0.0	False	False	False	False	False	False	0.0						False	False	False	False	False		0.0	0		False		False		False		False		False		False		False		False		0.0	0
rs635652	3:197795268	3:197500000	core_exact_n10	moderate_0.2_0.5	systemic_non_neural	14	7	True	0.0	0	False	False	False	False	0.0	False	False	False	False	False	False	0.0						False	False	False	False	False		0.0	0		False		False		False		False		False		False		False		False		0.0	0
rs69931	14:23509624	14:23500000	core_exact_n10	moderate_0.2_0.5	neuro_systemic	14	5	True	0.0	0	False	False	False	False	0.0	False	False	False	False	False	False	0.0						False	False	False	False	False		0.0	0		False		False		False		False		False		False		False		False		0.0	0
rs1522696	2:158932073	2:158500000	core_exact_n10	moderate_0.2_0.5	systemic_non_neural	14	6	True	0.0	0	False	False	False	False	0.0	False	False	False	False	False	False	0.0						False	False	False	False	False		0.0	0		False		False		False		False		False		False		False		False		0.0	0
rs13155132	5:10360998	5:10000000	core_exact_n10	hidden_lt0.2	mixed_trait_axis	14	7	False	0.0156180823741709	4	True	True	False	False	0.9013331984679144	True	True	False	False	False	False	0.0						False	False	False	False	False		0.0	0		False		False		False		False		False		False		False		False		0.0	0
rs3216157	11:71957316	11:71500000	core_exact_n10	moderate_0.2_0.5	neural_enriched	14	3	False	0.0	0	False	False	False	False	0.0	False	False	False	False	False	False	0.0						False	False	False	False	False		0.0	0		False		False		False		False		False		False		False		False		0.0	0
rs7203580	16:23492927	16:23000000	core_exact_n10	moderate_0.2_0.5	systemic_non_neural	14	8	True	0.0062870313025305	1	True	False	False	False	0.8674174170589057	True	True	True	True	True	True	0.3505943715572357	EARS2;GGA2	EARS2;GGA2	GGA2	GGA2	EARS2;GGA2	True	True	True	True	True	GGA2	0.7554901936411721	1	genic	False		False		True	EARS2;GGA2	True	GGA2	False		False		False		False		0.0	0
rs6583253	3:197753342	3:197500000	core_exact_n10	moderate_0.2_0.5	systemic_non_neural	14	7	False	0.0	0	False	False	False	False	0.0	False	False	False	False	False	False	0.0						False	False	False	False	False		0.0	0		False		False		False		False		False		False		False		False		0.0	0
rs186233	5:88838102	5:88500000	core_exact_n10	moderate_0.2_0.5	mixed_trait_axis	14	8	True	0.0297261231868857	1	True	True	False	False	0.6608388474951826	True	False	True	True	True	False	0.8663749694824219	MEF2C	MEF2C	MEF2C	MEF2C		False	False	False	False	False		0.0	0		False		False		False		False		False		False		False		False		0.0	0
rs8051275	16:24850406	16:24500000	core_exact_n10	moderate_0.2_0.5	neural_enriched	14	6	False	0.9666216864057235	1	True	True	True	True	0.0	False	False	False	False	False	False	0.0						False	False	False	False	False		0.0	0		False		False		False		False		False		False		False		False		0.0	0
rs2833952	21:32782926	21:32500000	core_exact_n10	moderate_0.2_0.5	neuro_systemic	14	5	False	0.0	0	False	False	False	False	0.0	False	False	False	False	False	False	0.0						False	False	False	False	False		0.0	0		False		False		False		False		False		False		False		False		0.0	0
rs10015491	4:99994813	4:99500000	core_exact_n10	hidden_lt0.2	mixed_trait_axis	14	7	True	0.0	0	False	False	False	False	0.6003093352738165	True	False	False	False	False	False	0.0						False	False	False	False	False		0.0	0		False		False		False		False		False		False		False		False		0.0	0
rs4895792	6:149504128	6:149500000	core_exact_n10	moderate_0.2_0.5	neuro_systemic	14	9	False	0.0	0	False	False	False	False	0.0	False	False	False	False	False	False	0.0						False	False	False	False	False		0.0	0		False		False		False		False		False		False		False		False		0.0	0
rs194548	16:21597151	16:21500000	core_exact_n10	hidden_lt0.2	systemic_non_neural	14	6	True	0.0379330823167587	1	True	True	False	False	0.0	False	False	False	False	False	False	0.0						False	False	False	False	False		0.0	0		False		False		False		False		False		False		False		False		0.0	0
rs9758051	3:130096026	3:130000000	core_exact_n10	hidden_lt0.2	systemic_non_neural	14	6	False	0.0	0	False	False	False	False	0.0	False	False	False	False	False	False	0.0						False	False	False	False	False		0.0	0		False		False		False		False		False		False		False		False		0.0	0
rs1011320	19:18162237	19:18000000	core_exact_n10	moderate_0.2_0.5	systemic_non_neural	14	6	True	0.0	0	False	False	False	False	0.0	False	False	False	False	False	False	0.0						False	False	False	False	True	PIK3R2	0.7541376532122976	1	genic	False		False		True	PIK3R2	False		False		False		False		False		0.0	0
rs2797390	1:215558463	1:215500000	core_exact_n10	moderate_0.2_0.5	mixed_trait_axis	14	7	True	0.0	0	False	False	False	False	0.0	False	False	False	False	False	False	0.0						False	False	False	False	False		0.0	0		False		False		False		False		False		False		False		False		0.0	0
rs1741797	6:63348660	6:63000000	core_exact_n10	moderate_0.2_0.5	neuro_systemic	14	9	False	0.0	0	False	False	False	False	0.0	False	False	False	False	False	False	0.0						False	False	False	False	False		0.0	0		False		False		False		False		False		False		False		False		0.0	0
rs366476	14:88468307	14:88000000	core_exact_n10	moderate_0.2_0.5	neuro_systemic	14	5	False	0.0	0	False	False	False	False	0.0	False	False	False	False	False	False	0.0						False	False	False	False	False		0.0	0		False		False		False		False		False		False		False		False		0.0	0
rs11676567	2:62506118	2:62500000	core_exact_n10	hidden_lt0.2	neuro_systemic	14	7	False	0.0	0	False	False	False	False	0.0	False	False	False	False	False	False	0.0						False	False	False	False	False		0.0	0		False		False		False		False		False		False		False		False		0.0	0
rs4793837	17:56994685	17:56500000	core_exact_n10	moderate_0.2_0.5	systemic_non_neural	14	8	True	0.020333150228127	4	True	True	False	False	0.8491627740463972	True	True	True	True	True	True	0.90693861246109	SCPEP1	SCPEP1	SCPEP1	SCPEP1	SCPEP1	True	True	True	True	True	SCPEP1	0.6503441383091434	1	genic	True	SCPEP1	True	SCPEP1	False		False		False		False		False		False		0.0	0
rs11894267	2:150299054	2:150000000	core_exact_n10	hidden_lt0.2	systemic_non_neural	14	7	False	0.0	0	False	False	False	False	0.0	False	False	False	False	False	False	0.0						False	False	False	False	False		0.0	0		False		False		False		False		False		False		False		False		0.0	0
rs28551666	1:12341811	1:12000000	core_exact_n10	moderate_0.2_0.5	systemic_non_neural	14	7	False	0.0	0	False	False	False	False	0.0	False	False	False	False	False	False	0.0						False	False	False	False	False		0.0	0		False		False		False		False		False		False		False		False		0.0	0
rs1808536	19:8376973	19:8000000	core_exact_n10	moderate_0.2_0.5	systemic_non_neural	14	5	True	0.999929201514524	3	True	True	True	True	0.9866858313509268	True	True	True	True	True	True	0.3732265532016754	RAB11B	RAB11B	RAB11B	RAB11B	RAB11B	True	True	True	True	False		0.0	0		False		False		False		False		False		False		False		False		0.0	0
rs4759218	12:56214143	12:56000000	core_exact_n10	moderate_0.2_0.5	neural_enriched	14	7	True	0.0192401239446113	1	True	True	False	False	0.7122663549521644	True	False	True	True	True	True	0.1662078350782394	SMARCC2	SMARCC2	SMARCC2	SMARCC2	SMARCC2	True	True	True	True	False		0.0	0		False		False		False		False		False		False		False		False		0.0	0
rs201646917	17:19001800	17:19000000	core_exact_n10	moderate_0.2_0.5	neural_enriched	14	5	False	0.0533904687828656	1	True	True	True	False	0.8167268512790247	True	True	False	False	False	False	0.0						False	False	False	False	False		0.0	0		False		False		False		False		False		False		False		False		0.0	0
rs17652384	19:45999459	19:45500000	core_exact_n10	moderate_0.2_0.5	systemic_other	14	4	False	0.0005882140650152	2	True	False	False	False	0.0	False	False	False	False	False	False	0.0						False	False	False	False	False		0.0	0		False		False		False		False		False		False		False		False		0.0	0
rs2629450	12:56221479	12:56000000	core_exact_n10	moderate_0.2_0.5	systemic_non_neural	14	6	True	0.3445273846876326	2	True	True	True	True	0.0	False	False	False	False	False	False	0.0						True	False	False	False	False		0.0	0		False		False		False		False		False		False		False		False		0.0	0
rs4907301	2:96170774	2:96000000	core_exact_n10	hidden_lt0.2	systemic_other	14	5	True	0.0	0	False	False	False	False	0.0	False	False	False	False	False	False	0.0						False	False	False	False	False		0.0	0		False		False		False		False		False		False		False		False		0.0	0
rs440973	8:92965568	8:92500000	core_exact_n10	moderate_0.2_0.5	neural_enriched	14	6	True	0.0	0	False	False	False	False	0.0	False	False	False	False	False	False	0.0						False	False	False	False	True	TRIQK	0.9999949305780532	355	promoter	False		False		False		False		False		False		False		False		0.0	0
rs11639443	15:63996706	15:63500000	core_exact_n10	moderate_0.2_0.5	systemic_non_neural	14	6	True	0.0079684213358377	1	True	False	False	False	0.7890095380509212	True	False	True	True	True	True	0.8793659806251526	DAPK2	DAPK2	DAPK2	DAPK2	DAPK2	True	True	True	True	False		0.0	0		False		False		False		False		False		False		False		False		0.0	0
rs2005488	17:36499225	17:36000000	core_exact_n10	moderate_0.2_0.5	systemic_other	14	4	True	0.0	0	False	False	False	False	0.0	False	False	False	False	False	False	0.0						False	False	False	False	False		0.0	0		False		False		False		False		False		False		False		False		0.0	0
rs2681118	20:4987356	20:4500000	core_exact_n10	moderate_0.2_0.5	systemic_non_neural	14	8	True	0.0143025968945135	3	True	True	False	False	0.798634964225578	True	False	True	True	True	False	0.8879376649856567	SLC23A2	SLC23A2	SLC23A2	SLC23A2		False	False	False	False	True	SLC23A2	0.761042497424772	6	genic	False		False		False		False		False		False		False		False		0.0	0
rs1205171	19:12800526	19:12500000	core_exact_n10	moderate_0.2_0.5	systemic_non_neural	14	6	True	1.0	7	True	True	True	True	0.6287915718760546	True	False	False	False	False	False	0.0						True	True	True	True	False		0.0	0		False		False		False		False		False		False		False		False		0.0	0
rs1286059	14:90992067	14:90500000	core_exact_n10	hidden_lt0.2	systemic_non_neural	14	6	False	0.0080140621684336	19	True	False	False	False	0.810646101972513	True	True	False	False	False	False	0.0						False	False	False	False	False		0.0	0		False		False		False		False		False		False		False		False		0.0	0
rs75083962	16:48026413	16:48000000	core_exact_n10	hidden_lt0.2	neuro_systemic	14	6	False	0.0	0	False	False	False	False	0.0	False	False	False	False	False	False	0.0						False	False	False	False	False		0.0	0		False		False		False		False		False		False		False		False		0.0	0
rs1559908	2:178471620	2:178000000	core_exact_n10	moderate_0.2_0.5	systemic_non_neural	14	6	True	0.0127128738039272	1	True	True	False	False	0.7308300288818332	True	False	True	False	True	True	0.4883926510810852	PRKRA	PRKRA		PRKRA	PRKRA	True	True	True	True	False		0.0	0		False		False		False		False		False		False		False		False		0.0	0
rs10914660	1:33132187	1:33000000	core_exact_n10	hidden_lt0.2	neuro_systemic	14	6	True	0.0	0	False	False	False	False	0.0	False	False	False	False	False	False	0.0						False	False	False	False	False		0.0	0		False		False		False		False		False		False		False		False		0.0	0
rs990814	13:48485441	13:48000000	core_exact_n10	moderate_0.2_0.5	systemic_non_neural	14	5	False	0.02940038088784	39	True	True	False	False	0.9838397768249972	True	True	False	False	False	False	0.0						False	False	False	False	False		0.0	0		False		False		False		False		False		False		False		False		0.0	0
rs713701	22:17648780	22:17500000	core_exact_n10	moderate_0.2_0.5	neural_enriched	14	3	True	0.117095283607375	43	True	True	True	True	0.98931033483553	True	True	True	False	True	True	0.6382564306259155	BID	BID		BID	BID	True	True	True	True	False		0.0	0		False		False		False		False		False		False		False		False		0.0	0
rs4795570	17:31067523	17:31000000	core_exact_n10	hidden_lt0.2	systemic_non_neural	14	5	True	0.0328826854150163	6	True	True	False	False	0.8547613500529805	True	True	True	True	True	True	0.5492974519729614	NF1	NF1	NF1	NF1	NF1	True	True	True	False	True	NF1	0.7708901683911782	2	intergenic	False		False		False		False		False		False		False		False		0.0	0
rs4685251	3:15520739	3:15500000	core_exact_n10	hidden_lt0.2	neural_enriched	14	5	True	0.0	0	False	False	False	False	0.0	False	False	False	False	False	False	0.0						False	False	False	False	True	COLQ	0.9999940782517188	34	genic;promoter	False		False		False		False		False		False		False		False		0.0	0
rs11139465	9:81974954	9:81500000	core_exact_n10	moderate_0.2_0.5	systemic_other	14	4	True	0.0	0	False	False	False	False	0.0	False	False	False	False	False	False	0.0						False	False	False	False	False		0.0	0		False		False		False		False		False		False		False		False		0.0	0
rs555394	20:36608922	20:36500000	core_exact_n10	moderate_0.2_0.5	systemic_non_neural	14	6	False	0.0	0	False	False	False	False	0.5683042864692459	False	False	False	False	False	False	0.0						False	False	False	False	False		0.0	0		False		False		False		False		False		False		False		False		0.0	0
rs512493	1:28310068	1:28000000	core_exact_n10	moderate_0.2_0.5	neural_enriched	14	6	False	0.0	0	False	False	False	False	0.6492761026787489	True	False	False	False	False	False	0.0						False	False	False	False	False		0.0	0		False		False		False		False		False		False		False		False		0.0	0
rs6578160	8:141309950	8:141000000	core_exact_n10	moderate_0.2_0.5	systemic_non_neural	14	5	False	0.1719440167180572	3	True	True	True	True	1.0	True	True	False	False	False	False	0.0						False	False	False	False	False		0.0	0		False		False		False		False		False		False		False		False		0.0	0
rs61759822	9:137252821	9:137000000	core_exact_n10	moderate_0.2_0.5	systemic_other	13	5	True	0.0	0	False	False	False	False	0.0	False	False	False	False	False	False	0.0						False	False	False	False	False		0.0	0		False		False		False		False		False		False		False		False		0.0	0
rs2425789	20:46219177	20:46000000	core_exact_n10	hidden_lt0.2	systemic_non_neural	13	5	False	0.0	0	False	False	False	False	0.0	False	False	False	False	False	False	0.0						False	False	False	False	False		0.0	0		False		False		False		False		False		False		False		False		0.0	0
rs9332415	1:24771754	1:24500000	core_exact_n10	moderate_0.2_0.5	systemic_non_neural	13	6	True	0.0298869591846837	86	True	True	False	False	0.9973508191754892	True	True	True	True	True	True	0.8488609790802002	CLIC4	CLIC4	CLIC4	CLIC4	CLIC4	True	True	True	True	False		0.0	0		False		False		True	CLIC4	False		False		False		False		False		0.0	0
rs6994025	8:52703313	8:52500000	core_exact_n10	moderate_0.2_0.5	systemic_non_neural	13	5	False	0.0	0	False	False	False	False	0.0	False	False	False	False	False	False	0.0						False	False	False	False	False		0.0	0		False		False		False		False		False		False		False		False		0.0	0
rs56328790	8:140496470	8:140000000	core_exact_n10	moderate_0.2_0.5	neural_enriched	13	3	True	0.0	0	False	False	False	False	0.0	False	False	False	False	False	False	0.0						False	False	False	False	False		0.0	0		False		False		False		False		False		False		False		False		0.0	0
rs992078	12:67986726	12:67500000	core_exact_n10	moderate_0.2_0.5	neural_enriched	13	4	False	0.0	0	False	False	False	False	0.0	False	False	False	False	False	False	0.0						False	False	False	False	False		0.0	0		False		False		False		False		False		False		False		False		0.0	0
rs407525	17:77499758	17:77000000	core_exact_n10	hidden_lt0.2	systemic_other	13	5	False	0.0	0	False	False	False	False	0.0	False	False	False	False	False	False	0.0						False	False	False	False	False		0.0	0		False		False		False		False		False		False		False		False		0.0	0
rs1419172	10:31924387	10:31500000	core_exact_n10	moderate_0.2_0.5	systemic_other	13	4	False	0.0	0	False	False	False	False	0.0	False	False	False	False	False	False	0.0						False	False	False	False	False		0.0	0		False		False		False		False		False		False		False		False		0.0	0
rs12588482	14:52844834	14:52500000	core_exact_n10	moderate_0.2_0.5	systemic_other	13	3	True	0.013737822714377	6	True	True	False	False	0.8534896121121902	True	True	True	True	True	True	0.814176619052887	FERMT2	FERMT2	FERMT2	FERMT2	FERMT2	True	True	True	True	True	FERMT2	0.6468913771874492	1	intergenic	False		False		False		False		False		False		False		False		0.0	0
rs41270518	6:33080342	6:33000000	core_exact_n10	moderate_0.2_0.5	systemic_other	13	5	False	0.0161843908970405	2	True	True	False	False	0.7246149202721432	True	False	False	False	False	False	0.0						False	False	False	False	False		0.0	0		False		False		False		False		False		False		False		False		0.0	0
rs658475	6:73485808	6:73000000	core_exact_n10	moderate_0.2_0.5	neural_enriched	13	6	True	0.0211952344421651	4	True	True	False	False	0.0	False	False	True	True	True	True	0.2757124602794647	MTO1	MTO1	MTO1	MTO1	MTO1	True	True	True	True	False		0.0	0		False		False		True	MTO1	False		False		False		False		False		0.0	0
rs8018962	14:75907846	14:75500000	core_exact_n10	moderate_0.2_0.5	neural_enriched	13	5	True	0.0328102354584198	3	True	True	False	False	0.8433879715106517	True	True	True	True	True	True	0.5918623208999634	TGFB3	TGFB3	TGFB3	TGFB3	TGFB3	True	True	True	True	False		0.0	0		False		False		False		False		False		True	FLVCR2	False		False		0.020528	1
rs8089140	18:23994495	18:23500000	core_exact_n10	moderate_0.2_0.5	neural_enriched	13	6	True	0.0	0	False	False	False	False	0.0	False	False	False	False	False	False	0.0						False	False	False	False	True	LAMA3;TTC39C	0.9876968851314084	108	intergenic	False		False		True	TTC39C	True	TTC39C	True	TTC39C	False		False		False		0.0	0
rs548195	11:1892147	11:1500000	core_exact_n10	moderate_0.2_0.5	neural_enriched	13	6	True	0.0	0	False	False	False	False	0.0	False	False	False	False	False	False	0.0						False	False	False	False	True	LSP1;TNNT3	0.9143286313710106	29	genic	False		False		True	LSP1	False		False		True	LSP1	False		False		0.031339	6
rs5030416	11:36510938	11:36500000	core_exact_n10	moderate_0.2_0.5	neuro_systemic	13	8	True	0.0	0	False	False	False	False	0.0	False	False	False	False	False	False	0.0						False	False	False	False	False		0.0	0		False		False		False		False		False		False		False		False		0.0	0
rs12880762	14:91142592	14:91000000	core_exact_n10	moderate_0.2_0.5	neural_enriched	13	6	False	0.0124016113242855	1	True	True	False	False	0.7392296237137721	True	False	False	False	False	False	0.0						False	False	False	False	False		0.0	0		False		False		False		False		False		False		False		False		0.0	0
rs6803413	3:154778302	3:154500000	core_exact_n10	moderate_0.2_0.5	systemic_non_neural	13	8	False	0.0	0	False	False	False	False	0.0	False	False	False	False	False	False	0.0						False	False	False	False	False		0.0	0		False		False		False		False		False		False		False		False		0.0	0
rs8025088	15:72491919	15:72000000	core_exact_n10	moderate_0.2_0.5	systemic_non_neural	13	7	True	0.013076049075247	1	True	True	False	False	0.6319338986853752	True	False	True	True	False	True	0.3334023952484131	ARIH1	ARIH1	ARIH1		ARIH1	True	True	True	True	False		0.0	0		False		False		False		False		False		False		False		False		0.0	0
rs7224176	17:2485271	17:2000000	core_exact_n10	moderate_0.2_0.5	systemic_non_neural	13	6	False	0.0	0	False	False	False	False	0.0	False	False	False	False	False	False	0.0						False	False	False	False	False		0.0	0		False		False		False		False		False		False		False		False		0.0	0
rs8072942	17:56936856	17:56500000	core_exact_n10	hidden_lt0.2	systemic_non_neural	13	5	False	0.0	0	False	False	False	False	0.0	False	False	False	False	False	False	0.0						False	False	False	False	False		0.0	0		False		False		False		False		False		False		False		False		0.0	0
rs1535100	14:103727859	14:103500000	core_exact_n10	moderate_0.2_0.5	mixed_trait_axis	13	8	True	0.719425350649909	5	True	True	True	True	0.0	False	False	True	True	False	True	0.5967658758163452	ZFYVE21	ZFYVE21	ZFYVE21		ZFYVE21	True	True	True	True	False		0.0	0		False		False		False		False		False		False		False		False		0.0	0
rs2306857	3:113008337	3:113000000	core_exact_n10	moderate_0.2_0.5	neural_enriched	13	5	True	0.0	0	False	False	False	False	0.0	False	False	False	False	False	False	0.0						False	False	False	False	False		0.0	0		False		False		True	GTPBP8	True	GTPBP8	False		False		False		False		0.0	0
rs12498911	4:173340951	4:173000000	core_exact_n10	moderate_0.2_0.5	systemic_non_neural	13	5	False	0.0	0	False	False	False	False	0.0	False	False	False	False	False	False	0.0						False	False	False	False	False		0.0	0		False		False		False		False		False		False		False		False		0.0	0
rs6993934	8:28415871	8:28000000	core_exact_n10	moderate_0.2_0.5	systemic_other	13	4	True	0.0240020991578298	2	True	True	False	False	0.8087192560676529	True	True	True	True	True	True	0.3513405919075012	FBXO16;FZD3;ZNF395	FBXO16;FZD3;ZNF395	ZNF395	FBXO16;FZD3;ZNF395	FZD3	True	True	True	True	True	ZNF395	0.7532910523218743	3	intergenic	False		False		False		False		False		False		False		False		0.0	0
rs1053506	15:77995134	15:77500000	core_exact_n10	moderate_0.2_0.5	systemic_other	13	5	False	0.0	0	False	False	False	False	0.0	False	False	False	False	False	False	0.0						False	False	False	False	False		0.0	0		False		False		False		False		False		False		False		False		0.0	0
rs1953551	14:20295287	14:20000000	core_exact_n10	moderate_0.2_0.5	mixed_trait_axis	13	7	False	0.0	0	False	False	False	False	0.0	False	False	False	False	False	False	0.0						False	False	False	False	False		0.0	0		False		False		False		False		False		False		False		False		0.0	0
rs3844075	15:43775962	15:43500000	core_exact_n10	hidden_lt0.2	systemic_non_neural	13	5	True	0.0	0	False	False	False	False	0.0	False	False	False	False	False	False	0.0						False	False	False	False	True	HYPK;PDIA3	0.8990880571189694	4	genic	False		False		False		False		False		False		False		False		0.0	0
rs2031419	14:58426813	14:58000000	core_exact_n10	moderate_0.2_0.5	systemic_non_neural	13	6	True	0.0	0	False	False	False	False	0.0	False	False	False	False	False	False	0.0						False	False	False	False	False		0.0	0		False		False		False		False		False		False		False		False		0.0	0
rs4875060	8:143812326	8:143500000	core_exact_n10	moderate_0.2_0.5	systemic_non_neural	13	8	True	0.0084446793398476	1	True	False	False	False	0.7677798817668876	True	False	False	False	False	False	0.0						False	False	False	False	False		0.0	0		False		False		False		False		False		False		False		False		0.0	0
rs4683442	3:143003051	3:143000000	core_exact_n10	hidden_lt0.2	neuro_systemic	13	7	False	0.0	0	False	False	False	False	0.0	False	False	False	False	False	False	0.0						False	False	False	False	False		0.0	0		False		False		False		False		False		False		False		False		0.0	0
rs4565995	12:100268050	12:100000000	core_exact_n10	hidden_lt0.2	systemic_non_neural	13	5	False	0.5089234290691627	4	True	True	True	True	0.0	False	False	False	False	False	False	0.0						False	False	False	False	False		0.0	0		False		False		False		False		False		False		False		False		0.0	0
rs9543196	13:73000313	13:73000000	core_exact_n10	hidden_lt0.2	systemic_non_neural	13	8	False	0.0507766295349572	10	True	True	True	False	0.0	False	False	False	False	False	False	0.0						False	False	False	False	False		0.0	0		False		False		False		False		False		False		False		False		0.0	0
rs2575695	8:103373488	8:103000000	core_exact_n10	moderate_0.2_0.5	systemic_other	13	3	True	0.0	0	False	False	False	False	0.0	False	False	False	False	False	False	0.0						False	False	False	False	True	BAALC;DCAF13;FZD6	0.9666773405687692	38	genic	False		False		True	DCAF13	False		False		False		False		False		0.0	0
rs4291860	15:59492135	15:59000000	core_exact_n10	moderate_0.2_0.5	systemic_non_neural	13	5	True	0.0	0	False	False	False	False	0.0	False	False	False	False	False	False	0.0						False	False	False	False	False		0.0	0		False		False		False		False		False		False		False		False		0.0	0
rs204223	6:13693682	6:13500000	core_exact_n10	moderate_0.2_0.5	neuro_systemic	13	6	False	0.0	0	False	False	False	False	0.0	False	False	False	False	False	False	0.0						False	False	False	False	False		0.0	0		False		False		False		False		False		False		False		False		0.0	0
rs3738319	1:149843756	1:149500000	core_exact_n10	moderate_0.2_0.5	systemic_non_neural	13	6	False	0.0	0	False	False	False	False	0.0	False	False	False	False	False	False	0.0						False	False	False	False	False		0.0	0		False		False		False		False		False		False		False		False		0.0	0
rs3796654	4:171814746	4:171500000	core_exact_n10	moderate_0.2_0.5	neuro_systemic	13	10	False	0.0	0	False	False	False	False	0.0	False	False	False	False	False	False	0.0						False	False	False	False	False		0.0	0		False		False		False		False		False		False		False		False		0.0	0
rs773432	1:112999214	1:112500000	core_exact_n10	moderate_0.2_0.5	systemic_other	13	4	True	0.0885219951283009	38	True	True	True	False	0.889746916220694	True	True	True	True	True	True	0.9310937523841858	LRIG2;SLC16A1	LRIG2;SLC16A1	SLC16A1	SLC16A1	SLC16A1	True	True	True	True	True	SLC16A1	0.7130461038033533	1	intergenic	True	SLC16A1	True	SLC16A1	False		False		False		False		False		False		0.0	0
rs4562270	8:81999880	8:81500000	core_exact_n10	moderate_0.2_0.5	neural_enriched	13	4	False	0.0	0	False	False	False	False	0.0	False	False	False	False	False	False	0.0						False	False	False	False	False		0.0	0		False		False		False		False		False		False		False		False		0.0	0
rs896831	11:61436889	11:61000000	core_exact_n10	hidden_lt0.2	systemic_non_neural	13	6	True	0.0291705933454099	24	True	True	False	False	0.9635821812562274	True	True	True	True	True	True	0.542177677154541	TMEM138;TMEM216	TMEM138;TMEM216	TMEM216	TMEM138;TMEM216	TMEM216	True	True	True	True	False		0.0	0		False		False		True	TMEM216	False		False		False		False		False		0.0	0
rs2505300	10:27501178	10:27500000	core_exact_n10	hidden_lt0.2	neuro_systemic	13	7	False	0.0	0	False	False	False	False	0.0	False	False	False	False	False	False	0.0						False	False	False	False	False		0.0	0		False		False		False		False		False		False		False		False		0.0	0
rs7543742	1:207500635	1:207500000	core_exact_n10	hidden_lt0.2	neural_enriched	13	6	True	0.0	0	False	False	False	False	0.5637128595089418	False	False	False	False	False	False	0.0						False	False	False	False	False		0.0	0		False		False		False		False		False		False		False		False		0.0	0
rs12697039	5:67143099	5:67000000	core_exact_n10	moderate_0.2_0.5	systemic_non_neural	13	9	False	0.0	0	False	False	False	False	0.0	False	False	False	False	False	False	0.0						False	False	False	False	False		0.0	0		False		False		False		False		False		False		False		False		0.0	0
rs2303793	16:70496456	16:70000000	core_exact_n10	moderate_0.2_0.5	neural_enriched	13	6	True	0.0076770117796236	1	True	False	False	False	0.6279803986445238	True	False	True	False	True	True	0.1370476931333542	IL34	IL34		IL34	IL34	True	True	True	True	False		0.0	0		False		False		False		False		False		False		False		False		0.0	0
rs11639998	16:4477108	16:4000000	core_exact_n10	hidden_lt0.2	neural_enriched	13	5	True	0.0058318534347804	14	True	False	False	False	0.8107398469550209	True	True	True	True	True	True	0.6568489670753479	CDIP1;CORO7;DNAJA3;HMOX2;VASN	CDIP1;CORO7;DNAJA3;HMOX2;VASN	CDIP1;DNAJA3;HMOX2;VASN	CDIP1;CORO7;DNAJA3;HMOX2;VASN	CDIP1;CORO7;DNAJA3;HMOX2;VASN	True	True	True	True	True	HMOX2	0.9999680590756655	225	genic;promoter	True	HMOX2	False		True	CDIP1;CORO7;HMOX2	True	HMOX2	False		False		False		False		0.0	0
rs4660351	1:46481425	1:46000000	core_exact_n10	moderate_0.2_0.5	systemic_non_neural	13	6	False	0.0492237925097067	1	True	True	False	False	0.0	False	False	False	False	False	False	0.0						False	False	False	False	False		0.0	0		False		False		False		False		False		False		False		False		0.0	0
rs11649499	16:29897112	16:29500000	core_exact_n10	moderate_0.2_0.5	mixed_trait_axis	13	7	True	0.0	0	False	False	False	False	0.0	False	False	False	False	False	False	0.0						False	False	False	False	False		0.0	0		False		False		False		False		False		False		False		False		0.0	0
rs889135	19:50638229	19:50500000	core_exact_n10	moderate_0.2_0.5	systemic_non_neural	13	5	False	0.0	0	False	False	False	False	0.0	False	False	False	False	False	False	0.0						False	False	False	False	False		0.0	0		False		False		False		False		False		False		False		False		0.0	0
rs11574952	12:45992032	12:45500000	core_exact_n10	hidden_lt0.2	systemic_non_neural	13	6	True	0.0	0	False	False	False	False	0.5080885310433633	False	False	False	False	False	False	0.0						False	False	False	False	True	SCAF11	0.9999552678409048	285	intergenic;promoter	False		False		False		False		False		False		False		False		0.0	0
rs377850	7:155005016	7:155000000	core_exact_n10	hidden_lt0.2	neuro_systemic	13	8	False	0.0	0	False	False	False	False	0.0	False	False	False	False	False	False	0.0						False	False	False	False	False		0.0	0		False		False		False		False		False		False		False		False		0.0	0
rs6776963	3:47789251	3:47500000	core_exact_n10	hidden_lt0.2	systemic_non_neural	13	6	True	0.0372058523900516	85	True	True	False	False	0.9707878579621692	True	True	True	True	True	True	0.750994086265564	CSPG5;DHX30;MAP4;SMARCC1	CSPG5;DHX30;MAP4;SMARCC1	CSPG5;DHX30;MAP4;SMARCC1	CSPG5;DHX30;MAP4;SMARCC1	CSPG5;DHX30;MAP4;SMARCC1	True	True	True	True	True	DHX30;SMARCC1	0.8103565696641856	30	intergenic	False		False		True	MAP4	False		False		False		False		False		0.0	0
rs4788413	16:30399124	16:30000000	core_exact_n10	moderate_0.2_0.5	systemic_non_neural	13	5	True	0.028642655742378	3	True	True	False	False	0.5288253935523933	False	False	True	False	True	True	0.1031579598784446	CD2BP2;TBC1D10B	CD2BP2;TBC1D10B		CD2BP2;TBC1D10B	CD2BP2;TBC1D10B	True	True	True	True	False		0.0	0		False		False		False		False		False		False		False		False		0.0	0
rs2066320	1:160305644	1:160000000	core_exact_n10	moderate_0.2_0.5	systemic_non_neural	13	6	True	0.0	0	False	False	False	False	0.0	False	False	False	False	False	False	0.0						False	False	False	False	False		0.0	0		False		False		False		False		False		False		False		False		0.0	0
rs10883407	10:99711170	10:99500000	core_exact_n10	hidden_lt0.2	systemic_other	13	4	True	0.0	0	False	False	False	False	0.0	False	False	False	False	False	False	0.0						False	False	False	False	False		0.0	0		False		False		False		False		False		False		False		False		0.0	0
rs7376477	4:158496634	4:158000000	core_exact_n10	moderate_0.2_0.5	systemic_non_neural	13	7	True	0.0	0	False	False	False	False	0.0	False	False	False	False	False	False	0.0						False	False	False	False	True	RXFP1	0.8117779947148561	1	intergenic	False		False		False		False		False		False		False		False		0.0	0
rs2623809	8:73842035	8:73500000	core_exact_n10	moderate_0.2_0.5	systemic_non_neural	13	9	True	0.0	0	False	False	False	False	0.0	False	False	False	False	False	False	0.0						False	False	False	False	False		0.0	0		False		False		False		False		False		False		False		False		0.0	0
rs6504280	17:48482707	17:48000000	core_exact_n10	moderate_0.2_0.5	neural_enriched	13	4	True	0.0923370102461597	2	True	True	True	False	0.9069161025576776	True	True	False	False	False	False	0.0						False	False	False	False	False		0.0	0		False		False		False		False		False		False		False		False		0.0	0
rs6794391	3:197756408	3:197500000	core_exact_n10	moderate_0.2_0.5	systemic_non_neural	13	6	False	0.0	0	False	False	False	False	0.0	False	False	False	False	False	False	0.0						False	False	False	False	False		0.0	0		False		False		False		False		False		False		False		False		0.0	0
rs1287160	11:120505159	11:120500000	core_exact_n10	moderate_0.2_0.5	systemic_non_neural	13	5	True	0.0	0	False	False	False	False	0.0	False	False	False	False	False	False	0.0						False	False	False	False	False		0.0	0		False		False		False		False		False		False		False		False		0.0	0
rs889964	7:6271979	7:6000000	core_exact_n10	moderate_0.2_0.5	neuro_systemic	13	6	True	0.0477809527166263	2	True	True	False	False	0.7786404902769081	True	False	False	False	False	False	0.0						True	False	False	False	False		0.0	0		False		False		False		False		False		False		False		False		0.0	0
rs4347816	2:62505644	2:62500000	core_exact_n10	hidden_lt0.2	neuro_systemic	13	7	False	0.0	0	False	False	False	False	0.0	False	False	False	False	False	False	0.0						False	False	False	False	False		0.0	0		False		False		False		False		False		False		False		False		0.0	0
rs841673	3:197810458	3:197500000	core_exact_n10	moderate_0.2_0.5	systemic_non_neural	13	6	True	0.0	0	False	False	False	False	0.0	False	False	False	False	False	False	0.0						False	False	False	False	False		0.0	0		False		False		False		False		False		False		False		False		0.0	0
rs8079311	17:81471521	17:81000000	core_exact_n10	moderate_0.2_0.5	systemic_non_neural	13	6	False	0.0	0	False	False	False	False	0.0	False	False	False	False	False	False	0.0						False	False	False	False	False		0.0	0		False		False		False		False		False		False		False		False		0.0	0
rs7932171	11:10805373	11:10500000	core_exact_n10	moderate_0.2_0.5	systemic_non_neural	13	6	True	0.0	0	False	False	False	False	0.0	False	False	False	False	False	False	0.0						False	False	False	False	False		0.0	0		False		False		False		False		False		False		False		False		0.0	0
rs4838721	10:133347446	10:133000000	core_exact_n10	moderate_0.2_0.5	neural_enriched	13	3	True	0.0	0	False	False	False	False	0.5310213792225221	False	False	False	False	False	False	0.0						False	False	False	False	False		0.0	0		False		False		False		False		False		False		False		False		0.0	0
rs5030419	11:36509193	11:36500000	core_exact_n10	moderate_0.2_0.5	neuro_systemic	13	6	True	0.0	0	False	False	False	False	0.0	False	False	False	False	False	False	0.0						False	False	False	False	True	PRR5L	0.8526376640134611	4	genic	False		False		False		False		False		False		False		False		0.0	0
rs1421658986	7:74988062	7:74500000	core_exact_n10	moderate_0.2_0.5	neuro_systemic	13	6	True	0.0061356550981465	2	True	False	False	False	0.0	False	False	False	False	False	False	0.0						True	True	True	True	False		0.0	0		False		False		False		False		False		False		False		False		0.0	0
rs804179	16:4325528	16:4000000	core_exact_n10	moderate_0.2_0.5	systemic_non_neural	13	6	True	0.0	0	False	False	False	False	0.0	False	False	False	False	False	False	0.0						False	False	False	False	False		0.0	0		False		False		False		False		False		False		False		False		0.0	0
rs4751702	10:119220237	10:119000000	core_exact_n10	hidden_lt0.2	systemic_non_neural	13	6	False	0.0	0	False	False	False	False	0.0	False	False	False	False	False	False	0.0						False	False	False	False	False		0.0	0		False		False		False		False		False		False		False		False		0.0	0
rs4666116	2:28710542	2:28500000	core_exact_n10	moderate_0.2_0.5	systemic_non_neural	13	8	False	0.0	0	False	False	False	False	0.0	False	False	False	False	False	False	0.0						False	False	False	False	False		0.0	0		False		False		False		False		False		False		False		False		0.0	0
rs4964761	12:104276035	12:104000000	core_exact_n10	moderate_0.2_0.5	neural_enriched	13	3	True	0.0	0	False	False	False	False	0.0	False	False	False	False	False	False	0.0						False	False	False	False	True	TXNRD1	0.8835711952766455	7	intergenic	False		False		False		False		False		False		False		False		0.0	0
rs116097873	2:96501606	2:96500000	core_exact_n10	moderate_0.2_0.5	neural_enriched	13	3	False	0.0	0	False	False	False	False	0.0	False	False	False	False	False	False	0.0						False	False	False	False	False		0.0	0		False		False		False		False		False		False		False		False		0.0	0
rs644713	5:132003396	5:132000000	core_exact_n10	hidden_lt0.2	neuro_systemic	13	8	True	0.0054808856904695	2	True	False	False	False	0.5312951976579451	False	False	False	False	False	False	0.0						True	True	False	False	False		0.0	0		False		False		False		False		False		False		False		False		0.0	0
rs4927904	3:129101775	3:129000000	core_exact_n10	moderate_0.2_0.5	systemic_other	13	4	True	0.0086780926166129	1	True	False	False	False	0.8951662951897346	True	True	True	False	True	False	0.0602734237909317	RAB43	RAB43		RAB43		False	False	False	False	False		0.0	0		False		False		False		False		False		False		False		False		0.0	0
rs2046259	3:129162024	3:129000000	core_exact_n10	moderate_0.2_0.5	systemic_non_neural	13	6	True	0.0	0	False	False	False	False	0.0	False	False	False	False	False	False	0.0						False	False	False	False	False		0.0	0		False		False		False		False		False		False		False		False		0.0	0
rs897685	11:113993387	11:113500000	core_exact_n10	moderate_0.2_0.5	systemic_non_neural	13	6	False	0.0	0	False	False	False	False	0.0	False	False	False	False	False	False	0.0						False	False	False	False	False		0.0	0		False		False		False		False		False		False		False		False		0.0	0
rs738290	22:39460027	22:39000000	core_exact_n10	moderate_0.2_0.5	neural_enriched	12	3	False	0.0365450335661549	6	True	True	False	False	0.7847380030790732	True	False	False	False	False	False	0.0						False	False	False	False	False		0.0	0		False		False		False		False		False		False		False		False		0.0	0
rs224569	12:50993056	12:50500000	core_exact_n10	moderate_0.2_0.5	systemic_non_neural	12	7	True	0.0365888364526478	11	True	True	False	False	0.9568050202207584	True	True	True	True	True	True	0.6642430424690247	SLC11A2	SLC11A2	SLC11A2	SLC11A2	SLC11A2	True	True	True	True	False		0.0	0		False		False		False		False		False		False		False		False		0.0	0
rs2081999	19:41926881	19:41500000	core_exact_n10	moderate_0.2_0.5	systemic_non_neural	12	7	False	0.0266789994036106	4	True	True	False	False	0.9466225335390231	True	True	False	False	False	False	0.0						False	False	False	False	False		0.0	0		False		False		False		False		False		False		False		False		0.0	0
rs2706113	2:177224061	2:177000000	core_exact_n10	moderate_0.2_0.5	neural_enriched	12	6	True	0.0277303972758761	1	True	True	False	False	0.6026750368472917	True	False	True	True	True	True	0.8843142986297607	HNRNPA3;NFE2L2	HNRNPA3;NFE2L2	HNRNPA3	HNRNPA3;NFE2L2	NFE2L2	True	True	True	True	True	HNRNPA3;NFE2L2	0.604185353498782	1	intergenic	False		False		True	NFE2L2	True	NFE2L2	True	NFE2L2	False		False		False		0.0	0
rs2091855	21:35838600	21:35500000	core_exact_n10	moderate_0.2_0.5	systemic_non_neural	12	5	False	0.0	0	False	False	False	False	0.0	False	False	False	False	False	False	0.0						False	False	False	False	False		0.0	0		False		False		False		False		False		False		False		False		0.0	0
rs10858884	12:89499935	12:89000000	core_exact_n10	moderate_0.2_0.5	systemic_non_neural	12	7	True	0.0324708059117854	16	True	True	False	False	0.9521383026106645	True	True	True	True	True	True	0.7150627970695496	GALNT4;POC1B	GALNT4;POC1B	GALNT4;POC1B	GALNT4;POC1B	GALNT4;POC1B	True	True	True	True	False		0.0	0		False		False		True	POC1B	False		False		False		False		False		0.0	0
rs2975842	8:73013356	8:73000000	core_exact_n10	hidden_lt0.2	neuro_systemic	12	6	False	0.0	0	False	False	False	False	0.0	False	False	False	False	False	False	0.0						False	False	False	False	False		0.0	0		False		False		False		False		False		False		False		False		0.0	0
rs2549860	16:80993537	16:80500000	core_exact_n10	moderate_0.2_0.5	systemic_non_neural	12	5	True	0.0027849292936596	1	True	False	False	False	0.0	False	False	True	True	True	True	0.7075061202049255	ATMIN;CENPN;CMC2	ATMIN;CENPN;CMC2	CENPN	ATMIN;CENPN;CMC2	CENPN;CMC2	True	True	True	True	True	CENPN	0.7595017091815006	8	genic	False		False		True	CMC2	False		False		False		False		False		0.0	0
rs1419132	1:87089675	1:87000000	core_exact_n10	moderate_0.2_0.5	neural_enriched	12	4	True	0.0018079236496915	1	True	False	False	False	0.7951655929765129	True	False	True	True	True	True	0.7604242563247681	HS2ST1;SELENOF	HS2ST1;SELENOF	SELENOF	HS2ST1;SELENOF	HS2ST1;SELENOF	True	True	True	False	False		0.0	0		False		False		True	HS2ST1;SELENOF;SH3GLB1	False		False		False		False		False		0.0	0
rs3759871	15:44651559	15:44500000	core_exact_n10	moderate_0.2_0.5	systemic_non_neural	12	6	True	0.0	0	False	False	False	False	0.588791391158129	False	False	False	False	False	False	0.0						False	False	False	False	False		0.0	0		False		False		False		False		False		False		False		False		0.0	0
rs3812940	15:34496365	15:34000000	core_exact_n10	moderate_0.2_0.5	systemic_other	12	4	True	0.0	0	False	False	False	False	0.0	False	False	False	False	False	False	0.0						False	False	False	False	False		0.0	0		False		False		False		False		False		False		False		False		0.0	0
rs12148826	15:92876662	15:92500000	core_exact_n10	moderate_0.2_0.5	neuro_systemic	12	7	False	0.0	0	False	False	False	False	0.564254219966306	False	False	False	False	False	False	0.0						False	False	False	False	False		0.0	0		False		False		False		False		False		False		False		False		0.0	0
rs12690924	7:96699531	7:96500000	core_exact_n10	moderate_0.2_0.5	systemic_other	12	4	False	0.0	0	False	False	False	False	0.0	False	False	False	False	False	False	0.0						False	False	False	False	False		0.0	0		False		False		False		False		False		False		False		False		0.0	0
rs35033276	4:9154700	4:9000000	core_exact_n10	moderate_0.2_0.5	neural_enriched	12	3	False	0.0	0	False	False	False	False	0.0	False	False	False	False	False	False	0.0						False	False	False	False	False		0.0	0		False		False		False		False		False		False		False		False		0.0	0
rs2593293	15:75751981	15:75500000	core_exact_n10	moderate_0.2_0.5	systemic_other	12	4	False	0.0	0	False	False	False	False	0.0	False	False	False	False	False	False	0.0						False	False	False	False	False		0.0	0		False		False		False		False		False		False		False		False		0.0	0
rs6841414	4:70863213	4:70500000	core_exact_n10	moderate_0.2_0.5	neuro_systemic	12	6	False	0.0	0	False	False	False	False	0.6222718194454319	True	False	False	False	False	False	0.0						False	False	False	False	False		0.0	0		False		False		False		False		False		False		False		False		0.0	0
rs7014295	8:79996994	8:79500000	core_exact_n10	moderate_0.2_0.5	systemic_non_neural	12	7	True	0.019765093561093	3	True	True	False	False	0.9441667559708598	True	True	True	True	False	False	0.7558034658432007	MRPS28	MRPS28	MRPS28			False	False	False	False	False		0.0	0		False		False		False		False		False		False		False		False		0.0	0
rs7259322	19:1922940	19:1500000	core_exact_n10	moderate_0.2_0.5	systemic_non_neural	12	5	False	0.0	0	False	False	False	False	0.0	False	False	False	False	False	False	0.0						False	False	False	False	False		0.0	0		False		False		False		False		False		False		False		False		0.0	0
rs6998654	8:22370009	8:22000000	core_exact_n10	moderate_0.2_0.5	systemic_non_neural	12	6	True	0.0072792017979601	1	True	False	False	False	0.6590389274091051	True	False	False	False	False	False	0.0						True	False	False	False	False		0.0	0		False		False		False		False		False		False		False		False		0.0	0
rs11719332	3:129228874	3:129000000	core_exact_n10	moderate_0.2_0.5	systemic_non_neural	12	5	True	0.0029588759499388	1	True	False	False	False	0.9201554502444051	True	True	True	False	True	True	0.0966813266277313	COPG1	COPG1		COPG1	COPG1	True	True	True	True	True	CNBP;COPG1	0.8823030975317417	5	intergenic	False		False		True	CNBP	True	CNBP	False		False		False		False		0.0	0
rs4533047	11:119713637	11:119500000	core_exact_n10	moderate_0.2_0.5	systemic_other	12	4	False	0.0	0	False	False	False	False	0.0	False	False	False	False	False	False	0.0						False	False	False	False	False		0.0	0		False		False		False		False		False		False		False		False		0.0	0
rs2417038	9:126789187	9:126500000	core_exact_n10	moderate_0.2_0.5	systemic_non_neural	12	7	False	0.0	0	False	False	False	False	0.0	False	False	False	False	False	False	0.0						False	False	False	False	False		0.0	0		False		False		False		False		False		False		False		False		0.0	0
rs1029092	13:73000276	13:73000000	core_exact_n10	hidden_lt0.2	systemic_non_neural	12	5	True	0.0	0	False	False	False	False	0.0	False	False	False	False	False	False	0.0						False	False	False	False	False		0.0	0		False		False		False		False		False		False		False		False		0.0	0
rs6550828	3:23996182	3:23500000	core_exact_n10	moderate_0.2_0.5	systemic_non_neural	12	7	True	0.0	0	False	False	False	False	0.6065601211745125	True	False	False	False	False	False	0.0						False	False	False	False	False		0.0	0		False		False		False		False		False		False		False		False		0.0	0
rs2302826	7:130507466	7:130500000	core_exact_n10	hidden_lt0.2	neuro_systemic	12	5	True	0.0	0	False	False	False	False	0.5554235894509397	False	False	False	False	False	False	0.0						False	False	False	False	False		0.0	0		False		False		False		False		False		False		False		False		0.0	0
rs7159328	14:104994092	14:104500000	core_exact_n10	moderate_0.2_0.5	systemic_non_neural	12	7	True	0.0	0	False	False	False	False	0.5580256528767857	False	False	False	False	False	False	0.0						False	False	False	False	False		0.0	0		False		False		False		False		False		False		False		False		0.0	0
rs144776921	4:9152700	4:9000000	core_exact_n10	moderate_0.2_0.5	neural_enriched	12	3	False	0.0	0	False	False	False	False	0.0	False	False	False	False	False	False	0.0						False	False	False	False	False		0.0	0		False		False		False		False		False		False		False		False		0.0	0
rs9865992	3:129121191	3:129000000	core_exact_n10	moderate_0.2_0.5	systemic_non_neural	12	5	True	0.0	0	False	False	False	False	0.0	False	False	False	False	False	False	0.0						False	False	False	False	False		0.0	0		False		False		False		False		False		False		False		False		0.0	0
rs3826942	19:1360576	19:1000000	core_exact_n10	moderate_0.2_0.5	systemic_non_neural	12	7	False	0.0	0	False	False	False	False	0.0	False	False	False	False	False	False	0.0						False	False	False	False	False		0.0	0		False		False		False		False		False		False		False		False		0.0	0
rs576761	3:197798485	3:197500000	core_exact_n10	moderate_0.2_0.5	systemic_non_neural	12	5	False	0.0	0	False	False	False	False	0.0	False	False	False	False	False	False	0.0						False	False	False	False	False		0.0	0		False		False		False		False		False		False		False		False		0.0	0
rs6593969	1:205860831	1:205500000	core_exact_n10	moderate_0.2_0.5	systemic_other	12	4	False	0.0	0	False	False	False	False	0.0	False	False	False	False	False	False	0.0						False	False	False	False	False		0.0	0		False		False		False		False		False		False		False		False		0.0	0
rs7222161	17:10799542	17:10500000	core_exact_n10	hidden_lt0.2	systemic_other	12	5	False	0.0	0	False	False	False	False	0.0	False	False	False	False	False	False	0.0						False	False	False	False	False		0.0	0		False		False		False		False		False		False		False		False		0.0	0
rs7408	5:142000783	5:142000000	core_exact_n10	moderate_0.2_0.5	neuro_systemic	12	8	True	0.0	0	False	False	False	False	0.0	False	False	False	False	False	False	0.0						False	False	False	False	True	GNPDA1	0.7937407683831307	1	genic	False		False		False		False		False		False		False		False		0.0	0
rs11780595	8:140496804	8:140000000	core_exact_n10	moderate_0.2_0.5	systemic_non_neural	12	7	True	0.0	0	False	False	False	False	0.0	False	False	False	False	False	False	0.0						False	False	False	False	False		0.0	0		False		False		False		False		False		False		False		False		0.0	0
rs7692223	4:84971538	4:84500000	core_exact_n10	hidden_lt0.2	systemic_other	12	4	True	0.0139717753014984	2	True	True	False	False	0.0	False	False	True	False	True	True	0.0952248722314834	CDS1	CDS1		CDS1	CDS1	True	True	True	False	False		0.0	0		False		False		False		False		False		False		False		False		0.0	0
rs3009553	10:72703050	10:72500000	core_exact_n10	hidden_lt0.2	systemic_other	12	4	True	0.0022653939190625	8	True	False	False	False	0.772094989799621	True	False	True	False	True	True	0.0702612102031707	MCU	MCU		MCU	MCU	True	True	False	False	True	MCU	0.610002131077974	1	genic	False		False		False		False		False		False		False		False		0.0	0
rs7638827	3:129174753	3:129000000	core_exact_n10	moderate_0.2_0.5	systemic_non_neural	12	5	True	0.0	0	False	False	False	False	0.0	False	False	False	False	False	False	0.0						False	False	False	False	False		0.0	0		False		False		False		False		False		False		False		False		0.0	0
rs9511740	13:25285893	13:25000000	core_exact_n10	moderate_0.2_0.5	systemic_non_neural	12	8	False	0.0	0	False	False	False	False	0.0	False	False	False	False	False	False	0.0						False	False	False	False	False		0.0	0		False		False		False		False		False		False		False		False		0.0	0
rs4863651	4:139396659	4:139000000	core_exact_n10	moderate_0.2_0.5	systemic_non_neural	12	7	False	0.0	0	False	False	False	False	0.0	False	False	False	False	False	False	0.0						False	False	False	False	False		0.0	0		False		False		False		False		False		False		False		False		0.0	0
rs7254708	19:10891903	19:10500000	core_exact_n10	moderate_0.2_0.5	systemic_non_neural	12	7	False	0.0	0	False	False	False	False	0.0	False	False	False	False	False	False	0.0						False	False	False	False	False		0.0	0		False		False		False		False		False		False		False		False		0.0	0
rs7789727	7:103149048	7:103000000	core_exact_n10	moderate_0.2_0.5	systemic_non_neural	12	8	True	0.0	0	False	False	False	False	0.0	False	False	False	False	False	False	0.0						False	False	False	False	False		0.0	0		False		False		False		False		False		False		False		False		0.0	0
rs7505245	18:49413246	18:49000000	core_exact_n10	moderate_0.2_0.5	systemic_non_neural	12	7	True	0.0	0	False	False	False	False	0.0	False	False	False	False	False	False	0.0						False	False	False	False	True	DYM	0.7271068479149494	1	genic	False		False		False		False		False		False		False		False		0.0	0
rs6037819	20:504677	20:500000	core_exact_n10	moderate_0.2_0.5	neuro_systemic	12	7	True	0.0	0	False	False	False	False	0.6019165172061333	True	False	False	False	False	False	0.0						False	False	False	False	False		0.0	0		False		False		True	CSNK2A1	False		False		False		False		False		0.0	0
rs9934359	16:21987803	16:21500000	core_exact_n10	hidden_lt0.2	neural_enriched	12	6	False	0.0988835610037179	1	True	True	True	False	0.0	False	False	False	False	False	False	0.0						False	False	False	False	False		0.0	0		False		False		False		False		False		False		False		False		0.0	0
rs1350349	3:149908752	3:149500000	core_exact_n10	moderate_0.2_0.5	systemic_non_neural	12	5	True	0.0090403256602678	1	True	False	False	False	0.8454986870343023	True	True	True	False	True	True	0.1757313162088394	RNF13	RNF13		RNF13	RNF13	True	True	True	True	False		0.0	0		False		False		False		False		False		False		False		False		0.0	0
rs4718179	7:64997366	7:64500000	core_exact_n10	moderate_0.2_0.5	systemic_other	12	4	False	0.0	0	False	False	False	False	0.0	False	False	False	False	False	False	0.0						False	False	False	False	False		0.0	0		False		False		False		False		False		False		False		False		0.0	0
rs2555159	11:6497555	11:6000000	core_exact_n10	hidden_lt0.2	systemic_non_neural	12	8	True	0.0	0	False	False	False	False	0.0	False	False	False	False	False	False	0.0						False	False	False	False	False		0.0	0		False		False		False		False		False		True	TIMM10B	True	TIMM10B	False		0.078223	3
rs148552067	2:96009749	2:96000000	core_exact_n10	hidden_lt0.2	neuro_systemic	12	6	False	0.0411885948970975	16	True	True	False	False	0.0	False	False	False	False	False	False	0.0						False	False	False	False	False		0.0	0		False		False		False		False		False		False		False		False		0.0	0
rs7533253	1:213124943	1:213000000	core_exact_n10	moderate_0.2_0.5	mixed_trait_axis	12	7	True	0.0	0	False	False	False	False	0.0	False	False	False	False	False	False	0.0						False	False	False	False	False		0.0	0		False		False		False		False		False		False		False		False		0.0	0
rs312395	1:84509277	1:84500000	core_exact_n10	hidden_lt0.2	neuro_systemic	12	7	True	0.0	0	False	False	False	False	0.0	False	False	False	False	False	False	0.0						False	False	False	False	False		0.0	0		False		False		False		False		False		False		False		False		0.0	0
rs4838818	22:49996657	22:49500000	core_exact_n10	moderate_0.2_0.5	systemic_other	12	5	False	0.0	0	False	False	False	False	0.0	False	False	False	False	False	False	0.0						False	False	False	False	False		0.0	0		False		False		False		False		False		False		False		False		0.0	0
rs3756088	4:98388253	4:98000000	core_exact_n10	moderate_0.2_0.5	neural_enriched	12	3	True	0.0	0	False	False	False	False	0.0	False	False	False	False	False	False	0.0						False	False	False	False	False		0.0	0		False		False		False		False		False		False		False		False		0.0	0
rs2271098	12:22625767	12:22500000	core_exact_n10	hidden_lt0.2	neural_enriched	12	5	False	0.0	0	False	False	False	False	0.505317879807489	False	False	False	False	False	False	0.0						False	False	False	False	False		0.0	0		False		False		False		False		False		False		False		False		0.0	0
rs118051587	8:48000210	8:48000000	core_exact_n10	hidden_lt0.2	neuro_systemic	12	7	True	0.0	0	False	False	False	False	0.0	False	False	False	False	False	False	0.0						False	False	False	False	False		0.0	0		False		False		False		False		False		False		False		False		0.0	0
rs526849	11:59999928	11:59500000	core_exact_n10	moderate_0.2_0.5	systemic_other	12	5	False	0.0	0	False	False	False	False	0.5918024250907576	False	False	False	False	False	False	0.0						False	False	False	False	False		0.0	0		False		False		False		False		False		False		False		False		0.0	0
rs10747060	10:132471503	10:132000000	core_exact_n10	moderate_0.2_0.5	systemic_non_neural	12	5	True	0.1916489986644766	6	True	True	True	True	0.9796495163710096	True	True	True	True	True	True	0.533547580242157	INPP5A	INPP5A	INPP5A	INPP5A	INPP5A	True	True	True	True	False		0.0	0		False		False		False		False		False		False		False		False		0.0	0
rs7553399	1:3499885	1:3000000	core_exact_n10	moderate_0.2_0.5	systemic_other	12	5	True	0.0	0	False	False	False	False	0.0	False	False	False	False	False	False	0.0						False	False	False	False	False		0.0	0		False		False		True	MEGF6	True	MEGF6	True	MEGF6	False		False		False		0.0	0
rs9396650	6:16223037	6:16000000	core_exact_n10	moderate_0.2_0.5	neural_enriched	12	4	False	0.0297379977997121	2	True	True	False	False	0.9303487687968366	True	True	False	False	False	False	0.0						False	False	False	False	False		0.0	0		False		False		False		False		False		False		False		False		0.0	0
rs4144593	9:36399023	9:36000000	core_exact_n10	moderate_0.2_0.5	systemic_non_neural	12	6	False	0.0	0	False	False	False	False	0.0	False	False	False	False	False	False	0.0						False	False	False	False	False		0.0	0		False		False		False		False		False		False		False		False		0.0	0
rs3735290	7:5833614	7:5500000	core_exact_n10	moderate_0.2_0.5	systemic_non_neural	12	7	False	0.0	0	False	False	False	False	0.0	False	False	False	False	False	False	0.0						False	False	False	False	False		0.0	0		False		False		False		False		False		False		False		False		0.0	0
rs12470615	2:98241845	2:98000000	core_exact_n10	moderate_0.2_0.5	neural_enriched	12	4	False	0.0	0	False	False	False	False	0.0	False	False	False	False	False	False	0.0						False	False	False	False	False		0.0	0		False		False		False		False		False		False		False		False		0.0	0
rs3771917	2:174972115	2:174500000	core_exact_n10	moderate_0.2_0.5	systemic_non_neural	12	7	True	0.0	0	False	False	False	False	0.0	False	False	False	False	False	False	0.0						False	False	False	False	True	CHN1	0.9462726309602684	34	genic	False		False		True	CHN1	False		False		False		False		False		0.0	0
rs3134031	8:93795937	8:93500000	core_exact_n10	moderate_0.2_0.5	systemic_non_neural	12	6	True	0.0	0	False	False	False	False	0.0	False	False	False	False	False	False	0.0						False	False	False	False	True	PDP1	0.8046491891210145	1	genic	False		False		False		False		False		False		False		False		0.0	0
rs7459603	8:143996235	8:143500000	core_exact_n10	moderate_0.2_0.5	systemic_non_neural	12	7	True	0.0348618043124337	109	True	True	False	False	0.993643821132324	True	True	True	True	True	True	0.6633961200714111	PARP10;PLEC	PARP10;PLEC	PARP10;PLEC	PARP10;PLEC	PARP10;PLEC	True	True	True	True	True	PARP10	0.8690281758834436	4	intergenic	False		False		True	PARP10;PLEC	False		False		False		False		False		0.0	0
rs12714129	2:84494882	2:84000000	core_exact_n10	hidden_lt0.2	systemic_non_neural	12	6	True	0.0	0	False	False	False	False	0.0	False	False	False	False	False	False	0.0						False	False	False	False	False		0.0	0		False		False		False		False		False		False		False		False		0.0	0
rs7226145	17:74804288	17:74500000	core_exact_n10	hidden_lt0.2	systemic_non_neural	12	8	True	0.0	0	False	False	False	False	0.0	False	False	False	False	False	False	0.0						False	False	False	False	True	GRIN2C	0.8711173079112906	1	genic	False		False		False		False		False		False		False		False		0.0	0
rs11674467	2:38394314	2:38000000	core_exact_n10	moderate_0.2_0.5	systemic_non_neural	12	9	True	0.0	0	False	False	False	False	0.0	False	False	False	False	False	False	0.0						False	False	False	False	False		0.0	0		False		False		False		False		False		False		False		False		0.0	0
rs11586424	1:207006437	1:207000000	core_exact_n10	moderate_0.2_0.5	neuro_systemic	12	7	True	0.0	0	False	False	False	False	0.0	False	False	False	False	False	False	0.0						False	False	False	False	False		0.0	0		False		False		False		False		False		False		False		False		0.0	0
rs11881908	19:4852513	19:4500000	core_exact_n10	moderate_0.2_0.5	systemic_non_neural	12	5	True	0.0	0	False	False	False	False	0.0	False	False	False	False	False	False	0.0						False	False	False	False	False		0.0	0		False		False		True	PLIN3	False		False		False		False		False		0.0	0
rs2924447	11:61496201	11:61000000	core_exact_n10	moderate_0.2_0.5	systemic_non_neural	12	6	True	0.0537530632042926	10	True	True	True	False	0.7805954541898188	True	False	True	True	True	True	0.8651854395866394	LRRC10B	LRRC10B	LRRC10B	LRRC10B	LRRC10B	True	True	True	True	True	LRRC10B	0.9682231477691404	33	intergenic	False		False		False		False		False		False		False		False		0.0	0
rs12509189	4:185211901	4:185000000	core_exact_n10	moderate_0.2_0.5	systemic_other	12	2	True	0.0	0	False	False	False	False	0.5299955568609188	False	False	False	False	False	False	0.0						False	False	False	False	False		0.0	0		False		False		False		False		False		False		False		False		0.0	0
rs1545274	17:2490682	17:2000000	core_exact_n10	moderate_0.2_0.5	systemic_other	12	4	False	0.0	0	False	False	False	False	0.0	False	False	False	False	False	False	0.0						False	False	False	False	False		0.0	0		False		False		False		False		False		False		False		False		0.0	0
rs2158564	7:44999282	7:44500000	core_exact_n10	moderate_0.2_0.5	systemic_non_neural	12	5	True	0.0	0	False	False	False	False	0.0	False	False	False	False	False	False	0.0						False	False	False	False	True	CCM2;NACAD	0.9999892860849068	89	intergenic;promoter	False		False		True	MYO1G	False		False		True	CCM2;MYO1G	False		False		0.029864	3
rs1098182	1:43320097	1:43000000	core_exact_n10	moderate_0.2_0.5	systemic_non_neural	12	6	False	0.0	0	False	False	False	False	0.0	False	False	False	False	False	False	0.0						False	False	False	False	False		0.0	0		False		False		False		False		False		False		False		False		0.0	0
rs1322671	9:129997529	9:129500000	core_exact_n10	moderate_0.2_0.5	systemic_non_neural	12	5	True	0.0	0	False	False	False	False	0.0	False	False	False	False	False	False	0.0						False	False	False	False	False		0.0	0		False		False		False		False		False		False		False		False		0.0	0
rs17397432	9:83013154	9:83000000	core_exact_n10	hidden_lt0.2	mixed_trait_axis	12	7	True	0.0	0	False	False	False	False	0.0	False	False	False	False	False	False	0.0						False	False	False	False	True	RASEF	0.8947325572391042	16	genic	False		False		False		False		False		False		False		False		0.0	0
rs4128516	17:8610945	17:8500000	core_exact_n10	hidden_lt0.2	systemic_non_neural	12	8	False	0.0	0	False	False	False	False	0.0	False	False	False	False	False	False	0.0						False	False	False	False	False		0.0	0		False		False		False		False		False		False		False		False		0.0	0
rs2640713	5:10367771	5:10000000	core_exact_n10	moderate_0.2_0.5	systemic_non_neural	12	5	False	0.0123480708030818	3	True	True	False	False	0.8767071974113934	True	True	False	False	False	False	0.0						False	False	False	False	False		0.0	0		False		False		False		False		False		False		False		False		0.0	0
rs11657175	17:67224178	17:67000000	core_exact_n10	moderate_0.2_0.5	neural_enriched	12	4	True	0.0	0	False	False	False	False	0.0	False	False	False	False	False	False	0.0						False	False	False	False	False		0.0	0		False		False		False		False		False		False		False		False		0.0	0
rs37620	7:74475480	7:74000000	core_exact_n10	moderate_0.2_0.5	systemic_non_neural	12	6	False	0.1463411295094565	2	True	True	True	True	0.0	False	False	False	False	False	False	0.0						False	False	False	False	False		0.0	0		False		False		False		False		False		False		False		False		0.0	0
rs886298	19:18854245	19:18500000	core_exact_n10	moderate_0.2_0.5	systemic_non_neural	12	5	False	0.0001982453169226	1	True	False	False	False	0.0	False	False	False	False	False	False	0.0						False	False	False	False	False		0.0	0		False		False		False		False		False		False		False		False		0.0	0
rs7910850	10:132662743	10:132500000	core_exact_n10	hidden_lt0.2	systemic_other	12	4	False	0.0	0	False	False	False	False	0.0	False	False	False	False	False	False	0.0						False	False	False	False	False		0.0	0		False		False		False		False		False		False		False		False		0.0	0
rs1992025	7:15508325	7:15500000	core_exact_n10	moderate_0.2_0.5	systemic_non_neural	12	6	False	0.0	0	False	False	False	False	0.0	False	False	False	False	False	False	0.0						False	False	False	False	False		0.0	0		False		False		False		False		False		False		False		False		0.0	0
rs5762629	22:28449291	22:28000000	core_exact_n10	moderate_0.2_0.5	neural_enriched	12	3	False	0.0044265964304651	1	True	False	False	False	0.7735824043775553	True	False	False	False	False	False	0.0						False	False	False	False	False		0.0	0		False		False		False		False		False		False		False		False		0.0	0
rs7953290	12:122244789	12:122000000	core_exact_n10	moderate_0.2_0.5	neural_enriched	12	5	True	0.0	0	False	False	False	False	0.0	False	False	False	False	False	False	0.0						False	False	False	False	True	B3GNT4	0.723666812285288	1	genic	False		False		True	DIABLO;VPS33A	False		False		False		False		False		0.0	0
rs7941602	11:66318125	11:66000000	core_exact_n10	moderate_0.2_0.5	systemic_non_neural	12	5	True	0.4490041000125483	9	True	True	True	True	0.0	False	False	True	True	True	True	0.7071268558502197	RIN1	RIN1	RIN1	RIN1	RIN1	True	True	True	True	True	RIN1	0.8786320209552264	29	intergenic	False		False		True	RIN1	False		False		False		False		False		0.0	0
rs7375325	4:107997213	4:107500000	core_exact_n10	hidden_lt0.2	systemic_non_neural	12	8	False	0.0090279835584866	3	True	False	False	False	0.9998719842782872	True	True	False	False	False	False	0.0						False	False	False	False	False		0.0	0		False		False		False		False		False		False		False		False		0.0	0
rs8086127	18:58996468	18:58500000	core_exact_n10	moderate_0.2_0.5	systemic_non_neural	12	5	False	0.0	0	False	False	False	False	0.0	False	False	False	False	False	False	0.0						False	False	False	False	False		0.0	0		False		False		False		False		False		False		False		False		0.0	0
rs2958492	8:144693741	8:144500000	core_exact_n10	moderate_0.2_0.5	systemic_non_neural	12	6	True	0.0	0	False	False	False	False	0.5163308129777604	False	False	False	False	False	False	0.0						False	False	False	False	False		0.0	0		False		False		False		False		False		False		False		False		0.0	0
rs139818635	4:9154772	4:9000000	core_exact_n10	moderate_0.2_0.5	neural_enriched	12	3	False	0.0	0	False	False	False	False	0.0	False	False	False	False	False	False	0.0						False	False	False	False	False		0.0	0		False		False		False		False		False		False		False		False		0.0	0
rs6581091	12:56190040	12:56000000	core_exact_n10	moderate_0.2_0.5	neural_enriched	12	5	True	0.1345708344955418	2	True	True	True	True	0.87822036039078	True	True	True	False	True	True	0.0915368497371673	MYL6	MYL6		MYL6	MYL6	True	True	True	True	False		0.0	0		False		False		False		False		False		False		False		False		0.0	0
rs6981243	8:53953931	8:53500000	core_exact_n10	moderate_0.2_0.5	mixed_trait_axis	12	7	True	0.0	0	False	False	False	False	0.0	False	False	False	False	False	False	0.0						False	False	False	False	False		0.0	0		False		False		False		False		False		False		False		False		0.0	0
rs6786905	3:94011448	3:94000000	core_exact_n10	hidden_lt0.2	neuro_systemic	12	8	True	0.0	0	False	False	False	False	0.0	False	False	False	False	False	False	0.0						False	False	False	False	True	PROS1	0.8231692306304245	3	genic	False		False		True	PROS1	False		False		False		False		False		0.0	0
rs1805319	7:5997349	7:5500000	core_exact_n10	moderate_0.2_0.5	systemic_non_neural	12	7	True	0.0	0	False	False	False	False	0.0	False	False	False	False	False	False	0.0						False	False	False	False	False		0.0	0		False		False		True	EIF2AK1	False		False		False		False		False		0.0	0
rs12577490	11:34007218	11:34000000	core_exact_n10	hidden_lt0.2	neuro_systemic	12	6	True	0.0	0	False	False	False	False	0.0	False	False	False	False	False	False	0.0						False	False	False	False	False		0.0	0		False		False		False		False		False		False		False		False		0.0	0
rs4820682	22:26488073	22:26000000	core_exact_n10	moderate_0.2_0.5	systemic_other	12	3	False	0.0	0	False	False	False	False	0.0	False	False	False	False	False	False	0.0						False	False	False	False	False		0.0	0		False		False		False		False		False		False		False		False		0.0	0
rs148580603	2:113502566	2:113500000	core_exact_n10	moderate_0.2_0.5	neuro_systemic	12	6	False	0.0	0	False	False	False	False	0.0	False	False	False	False	False	False	0.0						False	False	False	False	False		0.0	0		False		False		False		False		False		False		False		False		0.0	0
rs600883	11:125516527	11:125500000	core_exact_n10	moderate_0.2_0.5	mixed_trait_axis	12	7	True	0.0	0	False	False	False	False	0.0	False	False	False	False	False	False	0.0						False	False	False	False	True	FEZ1	0.9605843650572696	3	intergenic	False		False		True	EI24	False		False		False		False		False		0.0	0
rs2816866	1:89989856	1:89500000	core_exact_n10	moderate_0.2_0.5	systemic_non_neural	12	5	True	0.0	0	False	False	False	False	0.0	False	False	False	False	False	False	0.0						False	False	False	False	True	LRRC8D	0.9527935779560476	4	intergenic	False		False		False		False		False		True	LRRC8D	False		False		0.035076	33
rs6474050	8:56204536	8:56000000	core_exact_n10	moderate_0.2_0.5	systemic_other	12	4	True	0.0013978844172873	1	True	False	False	False	0.0	False	False	True	False	True	False	0.2685710191726684	CHCHD7	CHCHD7		CHCHD7		False	False	False	False	False		0.0	0		False		False		False		False		False		False		False		False		0.0	0
rs37616	7:74479252	7:74000000	core_exact_n10	moderate_0.2_0.5	systemic_non_neural	12	6	True	0.2014187755883612	2	True	True	True	True	0.0	False	False	True	True	True	True	0.8419238924980164	GTF2IRD1	GTF2IRD1	GTF2IRD1	GTF2IRD1	GTF2IRD1	True	True	True	True	True	GTF2IRD1	0.9750307602311262	45	genic	False		False		False		False		False		False		False		False		0.0	0
rs6678528	1:151222856	1:151000000	core_exact_n10	moderate_0.2_0.5	systemic_non_neural	12	6	True	0.0083265654769045	3	True	False	False	False	0.6939009152941236	True	False	True	True	True	True	0.4558997452259063	PSMD4	PSMD4	PSMD4	PSMD4	PSMD4	True	True	True	True	False		0.0	0		False		False		False		False		False		False		False		False		0.0	0
rs4237959	12:15677392	12:15500000	core_exact_n10	moderate_0.2_0.5	systemic_non_neural	12	7	False	0.0	0	False	False	False	False	0.7156970644038426	True	False	False	False	False	False	0.0						False	False	False	False	False		0.0	0		False		False		False		False		False		False		False		False		0.0	0
rs7522395	1:156826905	1:156500000	core_exact_n10	moderate_0.2_0.5	neural_enriched	12	6	True	0.0043606954355736	2	True	False	False	False	0.7449743241315085	True	False	True	False	True	True	0.1048649623990058	INSRR;NTRK1	INSRR;NTRK1		INSRR;NTRK1	INSRR;NTRK1	True	True	True	False	False		0.0	0		False		False		False		False		False		True	INSRR;NTRK1	False		False		0.031647	1
rs4481505	7:102451288	7:102000000	core_exact_n10	moderate_0.2_0.5	systemic_non_neural	12	6	True	0.0	0	False	False	False	False	0.771181811018715	True	False	False	False	False	False	0.0						False	False	False	False	True	LRWD1	0.8561875856560864	4	genic	False		False		True	LRWD1;PRKRIP1	False		False		False		False		False		0.0	0
rs4789658	17:74393387	17:74000000	core_exact_n10	moderate_0.2_0.5	systemic_non_neural	12	5	True	0.0	0	False	False	False	False	0.0	False	False	False	False	False	False	0.0						False	False	False	False	True	GPRC5C	0.6455050378635433	1	intergenic	True	GPRC5C	True	GPRC5C	False		False		False		False		False		False		0.0	0
rs4495397	8:102394965	8:102000000	core_exact_n10	hidden_lt0.2	systemic_non_neural	12	5	False	0.1559417704524453	2	True	True	True	True	0.9783986257566272	True	True	False	False	False	False	0.0						False	False	False	False	False		0.0	0		False		False		False		False		False		False		False		False		0.0	0
15_44794330_CTT_C	15:44502132	15:44500000	core_exact_n10	moderate_0.2_0.5	systemic_other	12	3	False	0.0	0	False	False	False	False	0.0	False	False	False	False	False	False	0.0						False	False	False	False	False		0.0	0		False		False		False		False		False		False		False		False		0.0	0
rs2803285	1:1956930	1:1500000	core_exact_n10	moderate_0.2_0.5	systemic_non_neural	12	6	False	0.0	0	False	False	False	False	0.0	False	False	False	False	False	False	0.0						False	False	False	False	False		0.0	0		False		False		False		False		False		False		False		False		0.0	0
rs2437713	16:8926952	16:8500000	core_exact_n10	moderate_0.2_0.5	systemic_other	12	4	False	0.0313052421143515	19	True	True	False	False	0.9501634446285384	True	True	False	False	False	False	0.0						False	False	False	False	False		0.0	0		False		False		False		False		False		False		False		False		0.0	0
rs329376	9:36500622	9:36500000	core_exact_n10	hidden_lt0.2	neural_enriched	12	5	False	0.0	0	False	False	False	False	0.7300950145231141	True	False	False	False	False	False	0.0						False	False	False	False	False		0.0	0		False		False		False		False		False		False		False		False		0.0	0
rs2490113	1:89990538	1:89500000	core_exact_n10	moderate_0.2_0.5	systemic_non_neural	12	5	True	0.0	0	False	False	False	False	0.0	False	False	False	False	False	False	0.0						False	False	False	False	True	LRRC8D	0.8899903712955697	2	intergenic	False		False		False		False		False		True	LRRC8D	False		False		0.035076	34
rs10743113	11:9626777	11:9500000	core_exact_n10	moderate_0.2_0.5	systemic_non_neural	12	6	True	0.0	0	False	False	False	False	0.0	False	False	False	False	False	False	0.0						False	False	False	False	False		0.0	0		False		False		False		False		False		False		False		False		0.0	0
rs2469764	8:22561678	8:22500000	core_exact_n10	moderate_0.2_0.5	neural_enriched	12	4	True	0.0	0	False	False	False	False	0.0	False	False	False	False	False	False	0.0						False	False	False	False	True	PPP3CC;SORBS3	0.994720927358302	223	genic	False		False		False		False		False		False		False		False		0.0	0
rs521678	11:65718256	11:65500000	core_exact_n10	moderate_0.2_0.5	systemic_other	12	3	True	0.0	0	False	False	False	False	0.6735220672766872	True	False	False	False	False	False	0.0						False	False	False	False	False		0.0	0		False		False		False		False		False		False		False		False		0.0	0
rs714359	12:106985067	12:106500000	core_exact_n10	moderate_0.2_0.5	systemic_non_neural	12	6	False	0.0	0	False	False	False	False	0.0	False	False	False	False	False	False	0.0						False	False	False	False	False		0.0	0		False		False		False		False		False		False		False		False		0.0	0
rs7899208	10:124995694	10:124500000	core_exact_n10	moderate_0.2_0.5	systemic_non_neural	12	5	False	0.0636314867171672	1	True	True	True	False	0.8784249838698802	True	True	False	False	False	False	0.0						False	False	False	False	False		0.0	0		False		False		False		False		False		False		False		False		0.0	0
rs12931879	16:47492908	16:47000000	core_exact_n10	hidden_lt0.2	mixed_trait_axis	12	8	True	0.0	0	False	False	False	False	0.0	False	False	False	False	False	False	0.0						False	False	False	False	False		0.0	0		False		False		False		False		False		False		False		False		0.0	0
rs4941501	13:44402548	13:44000000	core_exact_n10	moderate_0.2_0.5	systemic_non_neural	12	8	True	0.0	0	False	False	False	False	0.0	False	False	False	False	False	False	0.0						False	False	False	False	False		0.0	0		False		False		False		False		False		False		False		False		0.0	0
rs2887797	3:134483664	3:134000000	core_exact_n10	moderate_0.2_0.5	neural_enriched	12	4	False	0.0197512906181134	34	True	True	False	False	0.9898148996769834	True	True	False	False	False	False	0.0						False	False	False	False	False		0.0	0		False		False		False		False		False		False		False		False		0.0	0
rs13066399	3:130092230	3:130000000	core_exact_n10	moderate_0.2_0.5	systemic_other	12	4	False	0.0	0	False	False	False	False	0.0	False	False	False	False	False	False	0.0						False	False	False	False	False		0.0	0		False		False		False		False		False		False		False		False		0.0	0
rs7299442	12:54007547	12:54000000	core_exact_n10	moderate_0.2_0.5	neural_enriched	12	5	False	0.1901140313153939	13	True	True	True	True	0.7872186977103991	True	False	False	False	False	False	0.0						False	False	False	False	False		0.0	0		False		False		False		False		False		False		False		False		0.0	0
rs850602	1:116378330	1:116000000	core_exact_n10	hidden_lt0.2	systemic_non_neural	12	8	False	0.8251687737287552	1	True	True	True	True	0.0	False	False	False	False	False	False	0.0						False	False	False	False	False		0.0	0		False		False		False		False		False		False		False		False		0.0	0
rs765205	7:130500925	7:130500000	core_exact_n10	hidden_lt0.2	neuro_systemic	12	5	True	0.0	0	False	False	False	False	0.5544195150660395	False	False	False	False	False	False	0.0						False	False	False	False	False		0.0	0		False		False		False		False		False		False		False		False		0.0	0
rs2251139	2:177203431	2:177000000	core_exact_n10	hidden_lt0.2	systemic_other	12	4	True	0.2736063329275223	2	True	True	True	True	0.5884529693250643	False	False	True	True	True	True	0.8843142986297607	HNRNPA3;NFE2L2	HNRNPA3;NFE2L2	HNRNPA3	HNRNPA3;NFE2L2	NFE2L2	True	True	True	True	False		0.0	0		False		False		True	NFE2L2	True	NFE2L2	True	NFE2L2	False		False		False		0.0	0
rs664589	11:65501878	11:65500000	core_exact_n10	moderate_0.2_0.5	systemic_non_neural	12	6	True	0.0	0	False	False	False	False	0.6526058412431448	True	False	False	False	False	False	0.0						False	False	False	False	False		0.0	0		False		False		False		False		False		False		False		False		0.0	0
rs1126259	8:48734876	8:48500000	core_exact_n10	moderate_0.2_0.5	systemic_non_neural	12	5	True	0.0	0	False	False	False	False	0.0	False	False	False	False	False	False	0.0						False	False	False	False	False		0.0	0		False		False		False		False		False		False		False		False		0.0	0
rs3747086	22:21448672	22:21000000	core_exact_n10	moderate_0.2_0.5	neural_enriched	12	6	False	0.0297786648023757	8	True	True	False	False	0.8139366496025231	True	True	False	False	False	False	0.0						False	False	False	False	False		0.0	0		False		False		False		False		False		False		False		False		0.0	0
rs937538	12:133033656	12:133000000	core_exact_n10	moderate_0.2_0.5	neuro_systemic	12	6	True	0.0	0	False	False	False	False	0.0	False	False	False	False	False	False	0.0						False	False	False	False	False		0.0	0		False		False		False		False		False		False		False		False		0.0	0
rs3973890	15:82281492	15:82000000	core_exact_n10	moderate_0.2_0.5	neural_enriched	12	4	True	0.0	0	False	False	False	False	0.6150195682863118	True	False	False	False	False	False	0.0						False	False	False	False	False		0.0	0		False		False		False		False		False		False		False		False		0.0	0
rs12412562	10:5501383	10:5500000	core_exact_n10	moderate_0.2_0.5	systemic_non_neural	12	7	True	0.0	0	False	False	False	False	0.0	False	False	False	False	False	False	0.0						False	False	False	False	False		0.0	0		False		False		False		False		False		False		False		False		0.0	0
rs8092100	18:21823475	18:21500000	core_exact_n10	hidden_lt0.2	systemic_non_neural	12	5	True	0.0	0	False	False	False	False	0.0	False	False	False	False	False	False	0.0						False	False	False	False	False		0.0	0		False		False		False		False		False		False		False		False		0.0	0
rs1155845	2:210189875	2:210000000	core_exact_n10	moderate_0.2_0.5	systemic_non_neural	12	7	True	0.0225411430283074	10	True	True	False	False	0.9783289156745292	True	True	True	True	True	True	0.7009702920913696	KANSL1L	KANSL1L	KANSL1L	KANSL1L	KANSL1L	True	True	True	True	True	KANSL1L	0.7456534867538758	3	genic	False		False		False		False		False		False		False		False		0.0	0
rs17333054	7:130510178	7:130500000	core_exact_n10	moderate_0.2_0.5	neural_enriched	11	3	False	0.0	0	False	False	False	False	0.0	False	False	False	False	False	False	0.0						False	False	False	False	False		0.0	0		False		False		False		False		False		False		False		False		0.0	0
rs10914566	1:32499505	1:32000000	core_exact_n10	moderate_0.2_0.5	systemic_other	11	3	True	0.0	0	False	False	False	False	0.0	False	False	False	False	False	False	0.0						False	False	False	False	False		0.0	0		False		False		False		False		False		False		False		False		0.0	0
rs3087438	16:30489440	16:30000000	core_exact_n10	moderate_0.2_0.5	neural_enriched	11	4	True	0.0	0	False	False	False	False	0.551746303470044	False	False	False	False	False	False	0.0						False	False	False	False	True	ITGAL	0.8021801117102446	3	genic	False		False		True	ITGAL;SEPHS2	False		False		False		False		False		0.0	0
rs6763	14:58427095	14:58000000	core_exact_n10	moderate_0.2_0.5	systemic_non_neural	11	6	True	0.0	0	False	False	False	False	0.0	False	False	False	False	False	False	0.0						False	False	False	False	False		0.0	0		False		False		False		False		False		False		False		False		0.0	0
rs1433608	5:64964168	5:64500000	core_exact_n10	moderate_0.2_0.5	systemic_other	11	4	False	0.0728305422981911	4	True	True	True	False	0.9748328417022	True	True	False	False	False	False	0.0						False	False	False	False	False		0.0	0		False		False		False		False		False		False		False		False		0.0	0
rs12613316	2:237166849	2:237000000	core_exact_n10	moderate_0.2_0.5	neural_enriched	11	4	False	0.0	0	False	False	False	False	0.0	False	False	False	False	False	False	0.0						False	False	False	False	False		0.0	0		False		False		False		False		False		False		False		False		0.0	0
rs2644422	1:232766993	1:232500000	core_exact_n10	moderate_0.2_0.5	systemic_other	11	2	False	0.0	0	False	False	False	False	0.0	False	False	False	False	False	False	0.0						False	False	False	False	False		0.0	0		False		False		False		False		False		False		False		False		0.0	0
rs2032309	21:31795002	21:31500000	core_exact_n10	hidden_lt0.2	systemic_non_neural	11	5	False	0.0048429468185442	1	True	False	False	False	0.7052915502514576	True	False	False	False	False	False	0.0						False	False	False	False	False		0.0	0		False		False		False		False		False		False		False		False		0.0	0
rs4836020	5:123505437	5:123500000	core_exact_n10	moderate_0.2_0.5	systemic_other	11	4	False	0.0154255426947306	3	True	True	False	False	0.7501447571586158	True	False	False	False	False	False	0.0						False	False	False	False	False		0.0	0		False		False		False		False		False		False		False		False		0.0	0
rs6814036	4:1421910	4:1000000	core_exact_n10	moderate_0.2_0.5	neural_enriched	11	6	False	0.1151244639704236	1	True	True	True	True	0.9628787844542404	True	True	False	False	False	False	0.0						False	False	False	False	False		0.0	0		False		False		False		False		False		False		False		False		0.0	0
rs544356	11:74206145	11:74000000	core_exact_n10	moderate_0.2_0.5	systemic_non_neural	11	5	False	0.0	0	False	False	False	False	0.0	False	False	False	False	False	False	0.0						False	False	False	False	False		0.0	0		False		False		False		False		False		False		False		False		0.0	0
rs11779404	8:41992704	8:41500000	core_exact_n10	moderate_0.2_0.5	systemic_other	11	4	True	0.0294003075538746	3	True	True	False	False	0.0	False	False	True	True	True	False	0.8227840662002563	KAT6A	KAT6A	KAT6A	KAT6A		False	False	False	False	False		0.0	0		False		False		False		False		False		False		False		False		0.0	0
rs9510784	13:23614131	13:23500000	core_exact_n10	hidden_lt0.2	systemic_other	11	4	False	0.0	0	False	False	False	False	0.0	False	False	False	False	False	False	0.0						False	False	False	False	False		0.0	0		False		False		False		False		False		False		False		False		0.0	0
rs772700	12:55931635	12:55500000	core_exact_n10	hidden_lt0.2	systemic_non_neural	11	5	False	0.0350322063000791	2	True	True	False	False	0.0	False	False	False	False	False	False	0.0						False	False	False	False	False		0.0	0		False		False		False		False		False		False		False		False		0.0	0
rs10852181	15:92869548	15:92500000	core_exact_n10	moderate_0.2_0.5	systemic_non_neural	11	5	True	0.0206470385945551	3	True	True	False	False	0.6775511153587013	True	False	True	True	True	True	0.5860115885734558	CHD2	CHD2	CHD2	CHD2	CHD2	True	True	True	True	False		0.0	0		False		False		False		False		False		False		False		False		0.0	0
rs1648144	11:109998576	11:109500000	core_exact_n10	hidden_lt0.2	neural_enriched	11	6	True	0.0	0	False	False	False	False	0.0	False	False	False	False	False	False	0.0						False	False	False	False	False		0.0	0		False		False		False		False		False		True	ZC3H12C	False		False		0.025727	1
rs4799791	18:35252619	18:35000000	core_exact_n10	hidden_lt0.2	systemic_non_neural	11	6	True	0.0	0	False	False	False	False	0.0	False	False	False	False	False	False	0.0						False	False	False	False	False		0.0	0		False		False		False		False		False		False		False		False		0.0	0
rs10919299	1:170098155	1:170000000	core_exact_n10	moderate_0.2_0.5	neural_enriched	11	4	True	0.0117545853615711	4	True	True	False	False	0.6748478998773968	True	False	True	True	True	True	0.5005195736885071	KIFAP3	KIFAP3	KIFAP3	KIFAP3	KIFAP3	True	False	False	False	False		0.0	0		False		False		False		False		False		False		False		False		0.0	0
rs10994247	10:50739543	10:50500000	core_exact_n10	moderate_0.2_0.5	systemic_other	11	3	False	0.0	0	False	False	False	False	0.0	False	False	False	False	False	False	0.0						False	False	False	False	False		0.0	0		False		False		False		False		False		False		False		False		0.0	0
rs57784903	7:143735362	7:143500000	core_exact_n10	moderate_0.2_0.5	systemic_other	11	4	False	0.0	0	False	False	False	False	0.0	False	False	False	False	False	False	0.0						False	False	False	False	False		0.0	0		False		False		False		False		False		False		False		False		0.0	0
rs56000057	16:29584600	16:29500000	core_exact_n10	moderate_0.2_0.5	neural_enriched	11	2	False	0.0	0	False	False	False	False	0.0	False	False	False	False	False	False	0.0						False	False	False	False	False		0.0	0		False		False		False		False		False		False		False		False		0.0	0
rs61980267	14:69190206	14:69000000	core_exact_n10	moderate_0.2_0.5	neural_enriched	11	4	True	0.0222736166728578	92	True	True	False	False	0.960288679569434	True	True	True	True	True	True	0.7055466175079346	DCAF5	DCAF5	DCAF5	DCAF5	DCAF5	True	True	True	True	False		0.0	0		False		False		True	DCAF5	False		False		False		False		False		0.0	0
rs6668242	1:235838479	1:235500000	core_exact_n10	moderate_0.2_0.5	neural_enriched	11	6	True	0.0361892743265133	8	True	True	False	False	0.9731497781890606	True	True	True	True	True	True	0.8909634351730347	LYST	LYST	LYST	LYST	LYST	True	True	True	True	False		0.0	0		False		False		True	LYST	True	LYST	False		False		False		False		0.0	0
rs2252357	14:61662316	14:61500000	core_exact_n10	hidden_lt0.2	neuro_systemic	11	5	True	0.0	0	False	False	False	False	0.0	False	False	False	False	False	False	0.0						False	False	False	False	True	HIF1A	0.847405355543186	2	intergenic	False		False		False		False		False		False		False		False		0.0	0
rs2679208	3:72738289	3:72500000	core_exact_n10	hidden_lt0.2	systemic_non_neural	11	7	True	0.0071006347416318	5	True	False	False	False	0.9295921210515794	True	True	True	True	True	True	0.8181301355361938	SHQ1	SHQ1	SHQ1	SHQ1	SHQ1	True	True	True	True	True	SHQ1	0.6509396029686135	1	intergenic	False		False		True	SHQ1	False		False		False		False		False		0.0	0
rs17322654	8:66513902	8:66500000	core_exact_n10	moderate_0.2_0.5	neural_enriched	11	4	True	0.0010507925813509	1	True	False	False	False	0.0	False	False	False	False	False	False	0.0						True	False	False	False	False		0.0	0		False		False		False		False		False		False		False		False		0.0	0
rs4782481	16:88997093	16:88500000	core_exact_n10	hidden_lt0.2	systemic_non_neural	11	8	False	0.352951633943472	1	True	True	True	True	0.0	False	False	False	False	False	False	0.0						False	False	False	False	False		0.0	0		False		False		False		False		False		False		False		False		0.0	0
rs10164593	2:161125461	2:161000000	core_exact_n10	hidden_lt0.2	neural_enriched	11	5	True	0.0	0	False	False	False	False	0.5153581738452687	False	False	False	False	False	False	0.0						False	False	False	False	True	TANK	0.7337964341102814	2	intergenic	False		False		False		False		False		False		False		False		0.0	0
rs13207234	6:70510967	6:70500000	core_exact_n10	hidden_lt0.2	neural_enriched	11	5	False	0.0	0	False	False	False	False	0.0	False	False	False	False	False	False	0.0						False	False	False	False	False		0.0	0		False		False		False		False		False		False		False		False		0.0	0
rs2966138	16:15143630	16:15000000	core_exact_n10	hidden_lt0.2	neuro_systemic	11	7	True	0.0433784803285853	13	True	True	False	False	0.9327127165773424	True	True	True	False	True	True	0.1883352398872375	RRN3	RRN3		RRN3	RRN3	True	True	True	True	False		0.0	0		False		False		False		False		False		False		False		False		0.0	0
rs7904961	10:10831414	10:10500000	core_exact_n10	moderate_0.2_0.5	systemic_other	11	2	True	0.0344377457241242	2	True	True	False	False	0.8724714271923554	True	True	True	True	True	True	0.6324496865272522	CELF2	CELF2	CELF2	CELF2	CELF2	True	True	True	True	True	CELF2	0.9352807525055642	9	intergenic	False		False		False		False		False		False		False		False		0.0	0
rs4585714	8:93903183	8:93500000	core_exact_n10	moderate_0.2_0.5	neural_enriched	11	4	False	1.55924927533911e-05	1	True	False	False	False	0.5047614311289986	False	False	False	False	False	False	0.0						False	False	False	False	False		0.0	0		False		False		False		False		False		False		False		False		0.0	0
rs9826460	3:129084691	3:129000000	core_exact_n10	moderate_0.2_0.5	systemic_non_neural	11	5	True	0.0	0	False	False	False	False	0.0	False	False	False	False	False	False	0.0						False	False	False	False	False		0.0	0		False		False		False		False		False		False		False		False		0.0	0
rs1535349	10:100985903	10:100500000	core_exact_n10	hidden_lt0.2	systemic_non_neural	11	8	True	0.0	0	False	False	False	False	0.5359094967366222	False	False	False	False	False	False	0.0						False	False	False	False	False		0.0	0		False		False		True	LZTS2	False		False		False		False		False		0.0	0
rs6836509	4:147733500	4:147500000	core_exact_n10	moderate_0.2_0.5	systemic_non_neural	11	5	True	0.0	0	False	False	False	False	0.5243403498092095	False	False	False	False	False	False	0.0						False	False	False	False	False		0.0	0		False		False		False		False		False		False		False		False		0.0	0
rs2791438	9:122978819	9:122500000	core_exact_n10	hidden_lt0.2	systemic_non_neural	11	6	True	0.0276690399266391	102	True	True	False	False	0.9901500289973932	True	True	True	True	True	True	0.7854214310646057	RABGAP1	RABGAP1	RABGAP1	RABGAP1	RABGAP1	True	True	True	True	False		0.0	0		False		False		True	RABGAP1	False		False		False		False		False		0.0	0
rs948276	18:13665590	18:13500000	core_exact_n10	hidden_lt0.2	mixed_trait_axis	11	7	True	0.0044584142878879	2	True	False	False	False	0.0	False	False	False	False	False	False	0.0						False	False	False	False	False		0.0	0		False		False		False		False		False		False		False		False		0.0	0
rs525141	11:65322321	11:65000000	core_exact_n10	moderate_0.2_0.5	systemic_non_neural	11	5	True	0.0622601244782167	1	True	True	True	False	0.9260964096072758	True	True	True	True	True	True	0.2676310241222381	POLA2	POLA2	POLA2	POLA2	POLA2	True	True	True	True	False		0.0	0		False		False		False		False		False		False		False		False		0.0	0
rs2304096	19:13141168	19:13000000	core_exact_n10	hidden_lt0.2	systemic_non_neural	11	6	False	0.0	0	False	False	False	False	0.0	False	False	False	False	False	False	0.0						False	False	False	False	False		0.0	0		False		False		False		False		False		False		False		False		0.0	0
rs251636	5:34957339	5:34500000	core_exact_n10	moderate_0.2_0.5	systemic_non_neural	11	6	True	0.0	0	False	False	False	False	0.0	False	False	False	False	False	False	0.0						False	False	False	False	False		0.0	0		False		False		False		False		False		False		False		False		0.0	0
rs1545433	11:26842068	11:26500000	core_exact_n10	moderate_0.2_0.5	neural_enriched	11	6	False	0.0	0	False	False	False	False	0.5879436957549805	False	False	False	False	False	False	0.0						False	False	False	False	False		0.0	0		False		False		False		False		False		False		False		False		0.0	0
rs1449066	2:199488938	2:199000000	core_exact_n10	moderate_0.2_0.5	neural_enriched	11	4	False	0.0	0	False	False	False	False	0.0	False	False	False	False	False	False	0.0						False	False	False	False	False		0.0	0		False		False		False		False		False		False		False		False		0.0	0
rs4255774	16:57812873	16:57500000	core_exact_n10	moderate_0.2_0.5	systemic_other	11	5	True	0.0	0	False	False	False	False	0.0	False	False	False	False	False	False	0.0						False	False	False	False	True	KIFC3	0.9504921641740836	13	intergenic	False		False		False		False		False		False		False		False		0.0	0
rs7771001	6:135506613	6:135500000	core_exact_n10	moderate_0.2_0.5	systemic_non_neural	11	5	True	0.0	0	False	False	False	False	0.0	False	False	False	False	False	False	0.0						False	False	False	False	False		0.0	0		False		False		False		False		False		False		False		False		0.0	0
rs6808250	3:129119076	3:129000000	core_exact_n10	moderate_0.2_0.5	systemic_non_neural	11	5	True	0.0	0	False	False	False	False	0.0	False	False	False	False	False	False	0.0						False	False	False	False	False		0.0	0		False		False		False		False		False		False		False		False		0.0	0
rs4330750	9:71821776	9:71500000	core_exact_n10	hidden_lt0.2	systemic_other	11	4	True	0.0086718845119335	3	True	False	False	False	0.0	False	False	True	True	False	True	0.4681522250175476	ABHD17B;C9ORF85	ABHD17B;C9ORF85	ABHD17B;C9ORF85		ABHD17B;C9ORF85	True	True	True	True	False		0.0	0		False		False		True	C9ORF85	False		False		False		False		False		0.0	0
rs9784397	4:88455565	4:88000000	core_exact_n10	moderate_0.2_0.5	systemic_non_neural	11	5	True	0.0	0	False	False	False	False	0.0	False	False	False	False	False	False	0.0						False	False	False	False	False		0.0	0		False		False		False		False		False		False		False		False		0.0	0
rs33051	3:159881401	3:159500000	core_exact_n10	moderate_0.2_0.5	neural_enriched	11	3	True	0.0	0	False	False	False	False	0.0	False	False	False	False	False	False	0.0						False	False	False	False	False		0.0	0		False		False		False		False		False		False		False		False		0.0	0
rs8003201	14:23008384	14:23000000	core_exact_n10	moderate_0.2_0.5	neuro_systemic	11	5	True	0.0131288673229491	1	True	True	False	False	0.782676501394954	True	False	True	False	True	True	0.123931735754013	PSMB5	PSMB5		PSMB5	PSMB5	True	True	True	True	False		0.0	0		False		False		False		False		False		False		False		False		0.0	0
rs7104562	11:119706614	11:119500000	core_exact_n10	moderate_0.2_0.5	neuro_systemic	11	5	False	0.0	0	False	False	False	False	0.0	False	False	False	False	False	False	0.0						False	False	False	False	False		0.0	0		False		False		False		False		False		False		False		False		0.0	0
rs370531	17:77488699	17:77000000	core_exact_n10	moderate_0.2_0.5	systemic_non_neural	11	5	False	0.0	0	False	False	False	False	0.0	False	False	False	False	False	False	0.0						False	False	False	False	False		0.0	0		False		False		False		False		False		False		False		False		0.0	0
rs2584862	11:57474483	11:57000000	core_exact_n10	moderate_0.2_0.5	systemic_non_neural	11	5	True	0.0249437544007074	2	True	True	False	False	0.913472469281884	True	True	True	False	True	True	0.1265058070421219	RTN4RL2	RTN4RL2		RTN4RL2	RTN4RL2	True	True	True	True	True	RTN4RL2;SLC43A3	0.9262351205042306	43	genic	False		False		False		False		False		False		False		False		0.0	0
rs7781456	7:4722512	7:4500000	core_exact_n10	moderate_0.2_0.5	systemic_non_neural	11	5	True	0.0481826234792195	2	True	True	False	False	0.9301498755269324	True	True	True	True	True	True	0.8067452311515808	FOXK1	FOXK1	FOXK1	FOXK1	FOXK1	True	True	True	True	False		0.0	0		False		False		False		False		False		True	FOXK1	True	FOXK1	True	FOXK1	0.22318	4
rs690418	17:74869116	17:74500000	core_exact_n10	hidden_lt0.2	systemic_other	11	4	True	0.0	0	False	False	False	False	0.0	False	False	False	False	False	False	0.0						False	False	False	False	False		0.0	0		False		False		False		False		False		False		False		False		0.0	0
rs12446957	16:74992691	16:74500000	core_exact_n10	moderate_0.2_0.5	systemic_non_neural	11	6	False	0.0	0	False	False	False	False	0.0	False	False	False	False	False	False	0.0						False	False	False	False	False		0.0	0		False		False		False		False		False		False		False		False		0.0	0
rs945944	10:132640416	10:132500000	core_exact_n10	hidden_lt0.2	systemic_other	11	4	False	0.0	0	False	False	False	False	0.0	False	False	False	False	False	False	0.0						False	False	False	False	False		0.0	0		False		False		False		False		False		False		False		False		0.0	0
rs2631735	4:8474391	4:8000000	core_exact_n10	moderate_0.2_0.5	neural_enriched	11	4	True	0.0168233510827438	1	True	True	False	False	0.7388084119852779	True	False	True	False	True	True	0.282199889421463	CPZ	CPZ		CPZ	CPZ	True	True	True	False	True	CPZ	0.9449323380192628	7	genic	True	CPZ	False		False		False		False		True	CPZ	True	CPZ	False		0.073853	3
rs55892286	5:141506904	5:141500000	core_exact_n10	hidden_lt0.2	neuro_systemic	11	7	True	0.0	0	False	False	False	False	0.0	False	False	False	False	False	False	0.0						False	False	False	False	False		0.0	0		False		False		False		False		False		False		False		False		0.0	0
rs2180514	6:37868275	6:37500000	core_exact_n10	hidden_lt0.2	systemic_non_neural	11	5	True	0.0093693472260706	3	True	False	False	False	0.7239833804512249	True	False	True	True	True	True	0.6339944005012512	ZFAND3	ZFAND3	ZFAND3	ZFAND3	ZFAND3	True	True	True	True	False		0.0	0		False		False		True	ZFAND3	False		False		False		False		False		0.0	0
rs10938546	4:48905379	4:48500000	core_exact_n10	moderate_0.2_0.5	systemic_other	11	5	True	0.0	0	False	False	False	False	0.0	False	False	False	False	False	False	0.0						False	False	False	False	False		0.0	0		False		False		False		False		False		False		False		False		0.0	0
rs2522943	7:74400419	7:74000000	core_exact_n10	moderate_0.2_0.5	systemic_non_neural	11	7	False	0.0	0	False	False	False	False	0.0	False	False	False	False	False	False	0.0						False	False	False	False	False		0.0	0		False		False		False		False		False		False		False		False		0.0	0
rs4782485	16:88990879	16:88500000	core_exact_n10	hidden_lt0.2	systemic_non_neural	11	6	False	0.0139012558931628	1	True	True	False	False	0.0	False	False	False	False	False	False	0.0						False	False	False	False	False		0.0	0		False		False		False		False		False		False		False		False		0.0	0
rs10746054	12:106066223	12:106000000	core_exact_n10	moderate_0.2_0.5	neuro_systemic	11	6	False	0.0	0	False	False	False	False	0.0	False	False	False	False	False	False	0.0						False	False	False	False	False		0.0	0		False		False		False		False		False		False		False		False		0.0	0
rs331457	11:36502062	11:36500000	core_exact_n10	moderate_0.2_0.5	neural_enriched	11	6	True	0.0082300185132374	5	True	False	False	False	0.0	False	False	True	False	True	True	0.26095911860466	PRR5L	PRR5L		PRR5L	PRR5L	True	True	True	False	False		0.0	0		False		False		True	PRR5L	False		False		False		False		False		0.0	0
rs6560653	9:136999551	9:136500000	core_exact_n10	moderate_0.2_0.5	systemic_non_neural	11	6	True	0.0739594981676069	12	True	True	True	False	0.9548716979217834	True	True	True	True	True	True	0.1505139023065567	ABCA2;FUT7;LCN12	ABCA2;FUT7;LCN12	ABCA2;FUT7	ABCA2;FUT7;LCN12	ABCA2;FUT7;LCN12	True	True	True	True	False		0.0	0		False		False		False		False		False		False		False		False		0.0	0
rs6881081	5:997341	5:500000	core_exact_n10	hidden_lt0.2	systemic_non_neural	11	6	False	0.0	0	False	False	False	False	0.0	False	False	False	False	False	False	0.0						False	False	False	False	False		0.0	0		False		False		False		False		False		False		False		False		0.0	0
rs12780796	10:100504247	10:100500000	core_exact_n10	hidden_lt0.2	neuro_systemic	11	7	True	0.0	0	False	False	False	False	0.0	False	False	False	False	False	False	0.0						False	False	False	False	True	SEC31B	0.6074200815478089	1	genic	False		False		False		False		False		False		False		False		0.0	0
rs2968022	19:21360133	19:21000000	core_exact_n10	moderate_0.2_0.5	neural_enriched	11	5	False	0.0	0	False	False	False	False	0.0	False	False	False	False	False	False	0.0						False	False	False	False	False		0.0	0		False		False		False		False		False		False		False		False		0.0	0
rs2504210	13:27966111	13:27500000	core_exact_n10	moderate_0.2_0.5	systemic_non_neural	11	7	False	0.0	0	False	False	False	False	0.0	False	False	False	False	False	False	0.0						False	False	False	False	False		0.0	0		False		False		False		False		False		False		False		False		0.0	0
rs7386102	8:143300022	8:143000000	core_exact_n10	moderate_0.2_0.5	systemic_non_neural	11	5	True	0.0680701872084075	10	True	True	True	False	0.9602306821956024	True	True	False	False	False	False	0.0						True	True	True	False	False		0.0	0		False		False		False		False		False		False		False		False		0.0	0
rs1892474	6:80152632	6:80000000	core_exact_n10	moderate_0.2_0.5	systemic_other	11	3	True	0.0041603279735838	3	True	False	False	False	0.7963536217634878	True	False	True	True	True	True	0.8130996227264404	BCKDHB	BCKDHB	BCKDHB	BCKDHB	BCKDHB	True	False	False	False	False		0.0	0		False		False		False		False		False		False		False		False		0.0	0
rs8069868	17:32495386	17:32000000	core_exact_n10	moderate_0.2_0.5	systemic_other	11	4	True	0.0026364765221021	1	True	False	False	False	0.7446054761254028	True	False	True	True	True	True	0.3797968626022339	PSMD11	PSMD11	PSMD11	PSMD11	PSMD11	True	True	True	True	True	MYO1D;PSMD11	0.8900375718811653	4	genic	False		False		False		False		False		False		False		False		0.0	0
rs4898660	14:50478110	14:50000000	core_exact_n10	moderate_0.2_0.5	systemic_non_neural	11	6	True	0.014157558918392	5	True	True	False	False	0.6871413219857893	True	False	True	True	True	True	0.40370973944664	MAP4K5	MAP4K5	MAP4K5	MAP4K5	MAP4K5	True	True	True	True	False		0.0	0		False		False		False		False		False		False		False		False		0.0	0
rs11652993	17:75488672	17:75000000	core_exact_n10	moderate_0.2_0.5	systemic_non_neural	11	6	True	0.0170629897495361	8	True	True	False	False	0.902466246091285	True	True	True	True	True	True	0.8147768974304199	CASKIN2;TMEM94;TSEN54	CASKIN2;TMEM94;TSEN54	CASKIN2;TMEM94;TSEN54	CASKIN2;TMEM94;TSEN54	CASKIN2;TMEM94;TSEN54	True	True	True	True	False		0.0	0		False		False		True	TSEN54	False		False		False		False		False		0.0	0
rs7167854	15:40746016	15:40500000	core_exact_n10	moderate_0.2_0.5	neural_enriched	11	3	True	0.0195839903050469	26	True	True	False	False	0.9781068826343268	True	True	True	True	True	True	0.5373381972312927	DNAJC17;KNL1;RAD51	DNAJC17;KNL1;RAD51	RAD51	KNL1;RAD51	DNAJC17;RAD51	True	True	True	True	True	RAD51	0.6942958136032771	1	genic	False		False		True	DNAJC17	False		False		False		False		False		0.0	0
rs2270832	16:71746582	16:71500000	core_exact_n10	moderate_0.2_0.5	neural_enriched	11	3	True	0.0234462849678349	41	True	True	False	False	0.9847991227845326	True	True	True	True	True	True	0.5038939118385315	IST1;PHLPP2	IST1;PHLPP2	IST1;PHLPP2	IST1;PHLPP2	IST1;PHLPP2	True	True	True	True	False		0.0	0		False		False		True	PHLPP2	False		False		True	PHLPP2	False		False		0.034274	1
rs2879132	5:72369418	5:72000000	core_exact_n10	moderate_0.2_0.5	neural_enriched	11	5	False	0.8412605169885689	5	True	True	True	True	1.0	True	True	False	False	False	False	0.0						False	False	False	False	False		0.0	0		False		False		False		False		False		False		False		False		0.0	0
rs2160589	12:12226359	12:12000000	core_exact_n10	moderate_0.2_0.5	systemic_non_neural	11	6	True	0.0	0	False	False	False	False	0.0	False	False	False	False	False	False	0.0						False	False	False	False	False		0.0	0		False		False		False		False		False		False		False		False		0.0	0
rs11533155	9:137255858	9:137000000	core_exact_n10	moderate_0.2_0.5	systemic_other	11	3	True	0.0	0	False	False	False	False	0.0	False	False	False	False	False	False	0.0						False	False	False	False	False		0.0	0		False		False		False		False		False		False		False		False		0.0	0
rs1883752	17:17791851	17:17500000	core_exact_n10	hidden_lt0.2	systemic_non_neural	11	6	True	0.0	0	False	False	False	False	0.0	False	False	False	False	False	False	0.0						False	False	False	False	False		0.0	0		False		False		False		False		False		False		False		False		0.0	0
rs2181349	6:17173145	6:17000000	core_exact_n10	hidden_lt0.2	systemic_other	11	4	False	0.0	0	False	False	False	False	0.0	False	False	False	False	False	False	0.0						False	False	False	False	False		0.0	0		False		False		False		False		False		False		False		False		0.0	0
rs920743	18:21368789	18:21000000	core_exact_n10	moderate_0.2_0.5	systemic_non_neural	11	6	False	0.0	0	False	False	False	False	0.0	False	False	False	False	False	False	0.0						False	False	False	False	False		0.0	0		False		False		False		False		False		False		False		False		0.0	0
rs2195933	5:159210988	5:159000000	core_exact_n10	moderate_0.2_0.5	neural_enriched	11	4	False	0.0	0	False	False	False	False	0.0	False	False	False	False	False	False	0.0						False	False	False	False	False		0.0	0		False		False		False		False		False		False		False		False		0.0	0
rs2161850	8:30720389	8:30500000	core_exact_n10	moderate_0.2_0.5	systemic_other	11	4	False	0.0	0	False	False	False	False	0.0	False	False	False	False	False	False	0.0						False	False	False	False	False		0.0	0		False		False		False		False		False		False		False		False		0.0	0
rs624721	3:197802008	3:197500000	core_exact_n10	moderate_0.2_0.5	systemic_other	11	4	True	0.0	0	False	False	False	False	0.0	False	False	False	False	False	False	0.0						False	False	False	False	True	LRCH3	0.6862875986569635	2	genic	False		False		True	FYTTD1	False		False		False		False		False		0.0	0
rs2685277	2:73783138	2:73500000	core_exact_n10	moderate_0.2_0.5	neuro_systemic	11	5	True	0.0	0	False	False	False	False	0.0	False	False	False	False	False	False	0.0						False	False	False	False	False		0.0	0		False		False		False		False		False		False		False		False		0.0	0
rs10739708	9:128084930	9:128000000	core_exact_n10	moderate_0.2_0.5	neural_enriched	11	4	True	0.0080150332293988	2	True	False	False	False	0.0	False	False	True	True	True	True	0.1541068106889724	SLC25A25	SLC25A25	SLC25A25	SLC25A25	SLC25A25	True	True	True	True	False		0.0	0		False		False		True	SLC25A25	False		False		False		False		False		0.0	0
rs10058265	5:146490152	5:146000000	core_exact_n10	hidden_lt0.2	neural_enriched	11	4	False	0.0312477497937537	1	True	True	False	False	0.9811003456461383	True	True	False	False	False	False	0.0						False	False	False	False	False		0.0	0		False		False		False		False		False		False		False		False		0.0	0
rs871443	17:75757422	17:75500000	core_exact_n10	moderate_0.2_0.5	systemic_non_neural	11	5	True	0.0079077752863296	1	True	False	False	False	0.0	False	False	False	False	False	False	0.0						False	False	False	False	False		0.0	0		False		False		False		False		False		False		False		False		0.0	0
rs1303588	20:38479103	20:38000000	core_exact_n10	hidden_lt0.2	neural_enriched	11	6	False	0.0	0	False	False	False	False	0.0	False	False	False	False	False	False	0.0						False	False	False	False	False		0.0	0		False		False		False		False		False		False		False		False		0.0	0
rs4412411	8:80248309	8:80000000	core_exact_n10	moderate_0.2_0.5	systemic_other	11	4	True	0.0	0	False	False	False	False	0.0	False	False	False	False	False	False	0.0						False	False	False	False	False		0.0	0		False		False		False		False		False		False		False		False		0.0	0
rs2391870	7:30501416	7:30500000	core_exact_n10	hidden_lt0.2	mixed_trait_axis	11	7	False	0.0	0	False	False	False	False	0.0	False	False	False	False	False	False	0.0						False	False	False	False	False		0.0	0		False		False		False		False		False		False		False		False		0.0	0
rs680273	11:64772163	11:64500000	core_exact_n10	moderate_0.2_0.5	neural_enriched	11	6	True	0.0459044457046163	22	True	True	False	False	0.9413247562952692	True	True	True	True	True	True	0.6308189630508423	PYGM;RASGRP2	PYGM;RASGRP2	PYGM;RASGRP2	PYGM;RASGRP2	PYGM;RASGRP2	True	True	True	True	True	PYGM	0.8208617086425417	10	genic	False		False		True	RASGRP2	False		False		False		False		False		0.0	0
rs1542538	19:8242299	19:8000000	core_exact_n10	moderate_0.2_0.5	systemic_non_neural	11	5	True	0.0	0	False	False	False	False	0.6534474909024649	True	False	False	False	False	False	0.0						False	False	False	False	False		0.0	0		False		False		False		False		False		False		False		False		0.0	0
rs7730935	5:891325	5:500000	core_exact_n10	moderate_0.2_0.5	systemic_other	11	3	False	0.0	0	False	False	False	False	0.7324426987869654	True	False	False	False	False	False	0.0						False	False	False	False	False		0.0	0		False		False		False		False		False		False		False		False		0.0	0
rs2575390	16:23835433	16:23500000	core_exact_n10	moderate_0.2_0.5	neural_enriched	11	4	False	0.0	0	False	False	False	False	0.6096398922618671	True	False	False	False	False	False	0.0						False	False	False	False	False		0.0	0		False		False		False		False		False		False		False		False		0.0	0
rs7571824	2:202655549	2:202500000	core_exact_n10	hidden_lt0.2	systemic_non_neural	11	6	True	0.9247206427179786	2	True	True	True	True	0.8097790587228175	True	True	True	True	False	False	0.8561967015266418	FAM117B	FAM117B	FAM117B			False	False	False	False	False		0.0	0		False		False		False		False		False		False		False		False		0.0	0
rs6489726	12:6632821	12:6500000	core_exact_n10	moderate_0.2_0.5	systemic_non_neural	11	5	False	0.0	0	False	False	False	False	0.0	False	False	False	False	False	False	0.0						False	False	False	False	False		0.0	0		False		False		False		False		False		False		False		False		0.0	0
rs6495250	15:77813835	15:77500000	core_exact_n10	moderate_0.2_0.5	systemic_other	11	4	False	0.0	0	False	False	False	False	0.0	False	False	False	False	False	False	0.0						False	False	False	False	False		0.0	0		False		False		False		False		False		False		False		False		0.0	0
rs41517547	19:42523537	19:42500000	core_exact_n10	hidden_lt0.2	mixed_trait_axis	11	8	True	0.0	0	False	False	False	False	0.0	False	False	False	False	False	False	0.0						False	False	False	False	False		0.0	0		False		False		False		False		False		False		False		False		0.0	0
rs57388687	1:38510029	1:38500000	core_exact_n10	moderate_0.2_0.5	neural_enriched	11	5	False	0.0	0	False	False	False	False	0.0	False	False	False	False	False	False	0.0						False	False	False	False	False		0.0	0		False		False		False		False		False		False		False		False		0.0	0
rs12456284	18:51083598	18:51000000	core_exact_n10	hidden_lt0.2	neural_enriched	11	6	True	0.0	0	False	False	False	False	0.5526652500911492	False	False	False	False	False	False	0.0						False	False	False	False	False		0.0	0		False		False		False		False		False		False		False		False		0.0	0
rs6738277	2:148997446	2:148500000	core_exact_n10	moderate_0.2_0.5	systemic_non_neural	11	7	False	0.0	0	False	False	False	False	0.0	False	False	False	False	False	False	0.0						False	False	False	False	False		0.0	0		False		False		False		False		False		False		False		False		0.0	0
rs12803628	11:63507054	11:63500000	core_exact_n10	moderate_0.2_0.5	neural_enriched	11	4	False	0.0	0	False	False	False	False	0.0	False	False	False	False	False	False	0.0						False	False	False	False	False		0.0	0		False		False		False		False		False		False		False		False		0.0	0
rs10774450	12:6813536	12:6500000	core_exact_n10	hidden_lt0.2	systemic_other	11	3	True	0.0	0	False	False	False	False	0.0	False	False	False	False	False	False	0.0						False	False	False	False	False		0.0	0		False		False		True	CD4	False		False		False		False		False		0.0	0
rs591957	11:106306841	11:106000000	core_exact_n10	hidden_lt0.2	systemic_non_neural	11	5	True	0.0	0	False	False	False	False	0.0	False	False	False	False	False	False	0.0						False	False	False	False	False		0.0	0		False		False		False		False		False		False		False		False		0.0	0
rs6734005	2:20001697	2:20000000	core_exact_n10	moderate_0.2_0.5	neural_enriched	11	6	True	0.0010382589560761	1	True	False	False	False	0.0	False	False	False	False	False	False	0.0						True	False	False	False	False		0.0	0		False		False		False		False		False		False		False		False		0.0	0
rs75171220	19:42501973	19:42500000	core_exact_n10	moderate_0.2_0.5	neuro_systemic	11	5	True	0.0	0	False	False	False	False	0.0	False	False	False	False	False	False	0.0						False	False	False	False	True	CEACAM1	0.80657185467625	2	intergenic	False		False		True	CEACAM1	False		False		False		False		False		0.0	0
rs12445911	16:46984168	16:46500000	core_exact_n10	moderate_0.2_0.5	systemic_non_neural	11	5	False	0.0	0	False	False	False	False	0.0	False	False	False	False	False	False	0.0						False	False	False	False	False		0.0	0		False		False		False		False		False		False		False		False		0.0	0
rs7507526	19:8488438	19:8000000	core_exact_n10	moderate_0.2_0.5	systemic_non_neural	11	5	True	0.0191667915177978	1	True	True	False	False	0.963940701188352	True	True	True	True	True	True	0.3108219504356384	PRAM1	PRAM1	PRAM1	PRAM1	PRAM1	True	True	True	True	True	PRAM1	0.9005639544716499	5	genic	False		False		False		False		False		True	PRAM1	False		False		0.040633	6
rs7801395	7:158497735	7:158000000	core_exact_n10	hidden_lt0.2	systemic_other	11	3	True	0.0	0	False	False	False	False	0.0	False	False	False	False	False	False	0.0						False	False	False	False	False		0.0	0		False		False		False		False		False		False		False		False		0.0	0
rs10814190	9:3508284	9:3500000	core_exact_n10	moderate_0.2_0.5	neural_enriched	11	5	False	2.38407104253986e-05	1	True	False	False	False	0.0	False	False	False	False	False	False	0.0						False	False	False	False	False		0.0	0		False		False		False		False		False		False		False		False		0.0	0
rs10426955	19:3962371	19:3500000	core_exact_n10	hidden_lt0.2	systemic_non_neural	11	6	False	0.0	0	False	False	False	False	0.0	False	False	False	False	False	False	0.0						False	False	False	False	False		0.0	0		False		False		False		False		False		False		False		False		0.0	0
rs7258962	19:35908788	19:35500000	core_exact_n10	moderate_0.2_0.5	systemic_non_neural	11	5	False	0.0	0	False	False	False	False	0.0	False	False	False	False	False	False	0.0						False	False	False	False	False		0.0	0		False		False		False		False		False		False		False		False		0.0	0
rs78202288	2:170505332	2:170500000	core_exact_n10	hidden_lt0.2	neural_enriched	11	5	False	0.0	0	False	False	False	False	0.0	False	False	False	False	False	False	0.0						False	False	False	False	False		0.0	0		False		False		False		False		False		False		False		False		0.0	0
rs12433202	14:23353474	14:23000000	core_exact_n10	hidden_lt0.2	neural_enriched	11	3	False	0.0	0	False	False	False	False	0.0	False	False	False	False	False	False	0.0						False	False	False	False	False		0.0	0		False		False		False		False		False		False		False		False		0.0	0
rs12886508	14:23494871	14:23000000	core_exact_n10	moderate_0.2_0.5	systemic_non_neural	11	6	False	0.023535124483694	2	True	True	False	False	0.6310823997521842	True	False	False	False	False	False	0.0						False	False	False	False	False		0.0	0		False		False		False		False		False		False		False		False		0.0	0
rs281797	3:193593967	3:193500000	core_exact_n10	moderate_0.2_0.5	neural_enriched	11	5	True	0.0459747725222921	3	True	True	False	False	0.933334955856072	True	True	False	False	False	False	0.0						False	False	False	False	False		0.0	0		False		False		False		False		False		False		False		False		0.0	0
rs7914822	10:132662774	10:132500000	core_exact_n10	moderate_0.2_0.5	systemic_other	11	4	False	0.0	0	False	False	False	False	0.0	False	False	False	False	False	False	0.0						False	False	False	False	False		0.0	0		False		False		False		False		False		False		False		False		0.0	0
rs2161128	5:154933864	5:154500000	core_exact_n10	moderate_0.2_0.5	neural_enriched	11	4	True	0.0184026049472296	2	True	True	False	False	0.9653321690857576	True	True	True	True	True	True	0.4379608631134033	CNOT8;FAXDC2	CNOT8;FAXDC2	FAXDC2	CNOT8;FAXDC2	CNOT8;FAXDC2	True	True	True	True	False		0.0	0		False		False		False		False		False		False		False		False		0.0	0
rs13195182	6:53021905	6:53000000	core_exact_n10	moderate_0.2_0.5	neuro_systemic	11	6	False	0.0	0	False	False	False	False	0.0	False	False	False	False	False	False	0.0						False	False	False	False	False		0.0	0		False		False		False		False		False		False		False		False		0.0	0
rs470300	11:66622215	11:66500000	core_exact_n10	moderate_0.2_0.5	systemic_non_neural	11	5	True	0.0002727522886477	1	True	False	False	False	0.0	False	False	False	False	False	False	0.0						False	False	False	False	False		0.0	0		False		False		False		False		False		False		False		False		0.0	0
rs6433653	2:177187775	2:177000000	core_exact_n10	moderate_0.2_0.5	systemic_non_neural	11	5	True	0.036510912007032	1	True	True	False	False	0.5892985828632048	False	False	True	True	True	True	0.6841205358505249	HNRNPA3;NFE2L2	HNRNPA3;NFE2L2	HNRNPA3	HNRNPA3;NFE2L2	NFE2L2	True	True	True	True	False		0.0	0		False		False		True	NFE2L2	False		False		False		False		False		0.0	0
rs4705368	5:146490257	5:146000000	core_exact_n10	moderate_0.2_0.5	systemic_other	11	4	False	0.3970847236861414	2	True	True	True	True	0.0	False	False	False	False	False	False	0.0						False	False	False	False	False		0.0	0		False		False		False		False		False		False		False		False		0.0	0
rs11669654	19:7000999	19:7000000	core_exact_n10	hidden_lt0.2	neural_enriched	11	4	True	0.0	0	False	False	False	False	0.0	False	False	False	False	False	False	0.0						False	False	False	False	False		0.0	0		False		False		True	ADGRE1	True	ADGRE1	True	ADGRE1	False		False		False		0.0	0
rs4497350	10:50740120	10:50500000	core_exact_n10	hidden_lt0.2	systemic_other	11	4	False	0.0	0	False	False	False	False	0.0	False	False	False	False	False	False	0.0						False	False	False	False	False		0.0	0		False		False		False		False		False		False		False		False		0.0	0
rs852217	3:130893464	3:130500000	core_exact_n10	moderate_0.2_0.5	systemic_non_neural	11	5	True	0.0	0	False	False	False	False	0.0	False	False	False	False	False	False	0.0						False	False	False	False	True	ATP2C1	0.9910347976739052	197	genic	False		False		False		False		False		False		False		False		0.0	0
rs760166	21:39346235	21:39000000	core_exact_n10	hidden_lt0.2	systemic_non_neural	11	7	True	0.810915677276508	1	True	True	True	True	0.0	False	False	False	False	False	False	0.0						False	False	False	False	False		0.0	0		False		False		False		False		False		False		False		False		0.0	0
rs10433890	4:98878771	4:98500000	core_exact_n10	moderate_0.2_0.5	neural_enriched	11	3	False	0.0372688288279237	12	True	True	False	False	0.9771709410261802	True	True	False	False	False	False	0.0						False	False	False	False	False		0.0	0		False		False		False		False		False		False		False		False		0.0	0
rs6675959	1:94233562	1:94000000	core_exact_n10	moderate_0.2_0.5	systemic_non_neural	11	6	True	0.0286279676233476	4	True	True	False	False	0.769409169936872	True	False	False	False	False	False	0.0						True	True	True	True	False		0.0	0		False		False		False		False		False		False		False		False		0.0	0
rs9304446	18:24189984	18:24000000	core_exact_n10	hidden_lt0.2	systemic_other	11	4	True	0.0	0	False	False	False	False	0.569725555589841	False	False	False	False	False	False	0.0						False	False	False	False	True	OSBPL1A	0.6128779458363299	1	genic	False		False		False		False		False		False		False		False		0.0	0
rs9859473	3:48799749	3:48500000	core_exact_n10	moderate_0.2_0.5	systemic_non_neural	11	6	True	0.0361395286905915	50	True	True	False	False	0.9895446511224788	True	True	True	True	False	True	0.6325845122337341	PRKAR2A	PRKAR2A	PRKAR2A		PRKAR2A	True	True	True	True	False		0.0	0		True	PRKAR2A	True	PRKAR2A	False		False		False		False		False		False		0.0	0
rs538066	9:127732678	9:127500000	core_exact_n10	moderate_0.2_0.5	neural_enriched	11	6	False	0.0	0	False	False	False	False	0.0	False	False	False	False	False	False	0.0						False	False	False	False	False		0.0	0		False		False		False		False		False		False		False		False		0.0	0
rs2665991	17:76120342	17:76000000	core_exact_n10	moderate_0.2_0.5	systemic_other	11	3	True	0.0	0	False	False	False	False	0.0	False	False	False	False	False	False	0.0						False	False	False	False	False		0.0	0		False		False		False		False		False		False		False		False		0.0	0
rs2425311	20:36822185	20:36500000	core_exact_n10	hidden_lt0.2	systemic_non_neural	11	5	False	0.0200903442453621	2	True	True	False	False	0.8276816110671928	True	True	False	False	False	False	0.0						False	False	False	False	False		0.0	0		False		False		False		False		False		False		False		False		0.0	0
rs62065481	17:65008273	17:65000000	core_exact_n10	hidden_lt0.2	neuro_systemic	11	5	True	0.0	0	False	False	False	False	0.7368932114132085	True	False	False	False	False	False	0.0						False	False	False	False	False		0.0	0		False		False		False		False		False		False		False		False		0.0	0
rs6668719	1:228159651	1:228000000	core_exact_n10	moderate_0.2_0.5	systemic_other	11	4	True	0.0030346005142981	1	True	False	False	False	0.7501456804715076	True	False	False	False	False	False	0.0						True	True	True	False	False		0.0	0		False		False		True	GUK1	False		False		False		False		False		0.0	0
rs11085876	19:13975701	19:13500000	core_exact_n10	moderate_0.2_0.5	systemic_non_neural	11	5	True	0.0	0	False	False	False	False	0.0	False	False	False	False	False	False	0.0						False	False	False	False	False		0.0	0		False		False		False		False		False		False		False		False		0.0	0
rs292489	5:168589995	5:168500000	core_exact_n10	moderate_0.2_0.5	neuro_systemic	11	5	True	0.0	0	False	False	False	False	0.0	False	False	False	False	False	False	0.0						False	False	False	False	False		0.0	0		False		False		False		False		False		False		False		False		0.0	0
rs7820872	8:37870501	8:37500000	core_exact_n10	moderate_0.2_0.5	mixed_trait_axis	11	7	True	0.0	0	False	False	False	False	0.0	False	False	False	False	False	False	0.0						False	False	False	False	True	RAB11FIP1	0.9552432294478508	83	genic	False		False		True	RAB11FIP1	True	RAB11FIP1	False		False		False		False		0.0	0
rs16964692	17:28970811	17:28500000	core_exact_n10	moderate_0.2_0.5	systemic_other	11	4	False	0.0	0	False	False	False	False	0.0	False	False	False	False	False	False	0.0						False	False	False	False	False		0.0	0		False		False		False		False		False		False		False		False		0.0	0
rs573864	11:65380391	11:65000000	core_exact_n10	moderate_0.2_0.5	systemic_non_neural	11	6	True	0.0	0	False	False	False	False	0.513027036453012	False	False	False	False	False	False	0.0						False	False	False	False	False		0.0	0		False		False		False		False		False		False		False		False		0.0	0
rs787272	9:112787267	9:112500000	core_exact_n10	moderate_0.2_0.5	neural_enriched	11	4	True	0.0	0	False	False	False	False	0.0	False	False	False	False	False	False	0.0						False	False	False	False	False		0.0	0		False		False		False		False		False		False		False		False		0.0	0
rs7134001	12:12239425	12:12000000	core_exact_n10	moderate_0.2_0.5	neuro_systemic	11	6	True	0.0	0	False	False	False	False	0.0	False	False	False	False	False	False	0.0						False	False	False	False	False		0.0	0		False		False		False		False		False		False		False		False		0.0	0
rs1599843	2:229802854	2:229500000	core_exact_n10	moderate_0.2_0.5	systemic_non_neural	11	6	True	0.0	0	False	False	False	False	0.0	False	False	False	False	False	False	0.0						False	False	False	False	False		0.0	0		False		False		False		False		False		False		False		False		0.0	0
rs6987282	8:47561205	8:47500000	core_exact_n10	moderate_0.2_0.5	systemic_non_neural	11	6	False	0.0342611274916509	7	True	True	False	False	0.9210552422033584	True	True	False	False	False	False	0.0						False	False	False	False	False		0.0	0		False		False		False		False		False		False		False		False		0.0	0
rs306289	7:155008174	7:155000000	core_exact_n10	hidden_lt0.2	neuro_systemic	11	8	True	0.0	0	False	False	False	False	0.0	False	False	False	False	False	False	0.0						False	False	False	False	False		0.0	0		False		False		False		False		False		False		False		False		0.0	0
rs7046202	9:113469226	9:113000000	core_exact_n10	hidden_lt0.2	systemic_other	11	3	True	0.0104540509941516	55	True	True	False	False	0.9810640726615592	True	True	True	True	True	True	0.8036428689956665	RGS3	RGS3	RGS3	RGS3	RGS3	True	True	True	True	True	RGS3	0.6909192514401725	6	intergenic	False		False		True	RGS3	False		False		False		False		False		0.0	0
rs946277	1:9815575	1:9500000	core_exact_n10	moderate_0.2_0.5	systemic_other	11	2	False	0.0	0	False	False	False	False	0.0	False	False	False	False	False	False	0.0						False	False	False	False	False		0.0	0		False		False		False		False		False		False		False		False		0.0	0
rs13288591	9:137191570	9:137000000	core_exact_n10	moderate_0.2_0.5	systemic_non_neural	11	5	True	0.2433861153435995	3	True	True	True	True	0.7043350270016973	True	False	False	False	False	False	0.0						True	False	False	False	False		0.0	0		False		False		False		False		False		False		False		False		0.0	0
rs4934281	10:86942593	10:86500000	core_exact_n10	moderate_0.2_0.5	systemic_other	11	3	True	0.0	0	False	False	False	False	0.0	False	False	False	False	False	False	0.0						False	False	False	False	True	MMRN2	0.989143526137332	33	genic	False		False		False		False		False		False		False		False		0.0	0
rs7958457	12:53486869	12:53000000	core_exact_n10	moderate_0.2_0.5	systemic_non_neural	11	5	True	0.0	0	False	False	False	False	0.0	False	False	False	False	False	False	0.0						False	False	False	False	False		0.0	0		False		False		False		False		False		False		False		False		0.0	0
rs2310159	4:185213050	4:185000000	core_exact_n10	moderate_0.2_0.5	systemic_other	11	2	True	0.0	0	False	False	False	False	0.5318669098502806	False	False	False	False	False	False	0.0						False	False	False	False	False		0.0	0		False		False		False		False		False		False		False		False		0.0	0
rs72638553	8:39000638	8:39000000	core_exact_n10	moderate_0.2_0.5	systemic_other	11	3	True	0.0	0	False	False	False	False	0.0	False	False	False	False	False	False	0.0						False	False	False	False	False		0.0	0		False		False		False		False		False		False		False		False		0.0	0
rs10151412	14:50999923	14:50500000	core_exact_n10	hidden_lt0.2	systemic_other	11	4	True	0.0	0	False	False	False	False	0.0	False	False	False	False	False	False	0.0						False	False	False	False	False		0.0	0		False		False		False		False		False		False		False		False		0.0	0
rs902731	17:74956728	17:74500000	core_exact_n10	moderate_0.2_0.5	neural_enriched	11	5	True	0.0	0	False	False	False	False	0.0	False	False	False	False	False	False	0.0						False	False	False	False	False		0.0	0		False		False		False		False		False		False		False		False		0.0	0
rs2079327	7:44867988	7:44500000	core_exact_n10	moderate_0.2_0.5	systemic_non_neural	11	8	False	0.0	0	False	False	False	False	0.0	False	False	False	False	False	False	0.0						False	False	False	False	False		0.0	0		False		False		False		False		False		False		False		False		0.0	0
rs76392408	17:30004096	17:30000000	core_exact_n10	moderate_0.2_0.5	neuro_systemic	11	5	True	0.0417448305849464	1	True	True	False	False	0.0	False	False	True	True	True	False	0.7362127900123596	EFCAB5;SSH2	EFCAB5;SSH2	SSH2	SSH2		False	False	False	False	False		0.0	0		False		False		False		False		False		False		False		False		0.0	0
rs9948906	18:21826269	18:21500000	core_exact_n10	moderate_0.2_0.5	systemic_non_neural	11	5	True	0.0	0	False	False	False	False	0.0	False	False	False	False	False	False	0.0						False	False	False	False	False		0.0	0		False		False		False		False		False		False		False		False		0.0	0
rs16912150	9:96515337	9:96500000	core_exact_n10	moderate_0.2_0.5	neural_enriched	11	6	True	0.0	0	False	False	False	False	0.0	False	False	False	False	False	False	0.0						False	False	False	False	False		0.0	0		False		False		False		False		False		False		False		False		0.0	0
rs12539011	7:141595258	7:141500000	core_exact_n10	moderate_0.2_0.5	neuro_systemic	11	5	True	0.0	0	False	False	False	False	0.0	False	False	False	False	False	False	0.0						False	False	False	False	False		0.0	0		False		False		False		False		False		False		False		False		0.0	0
rs12985777	19:2268056	19:2000000	core_exact_n10	moderate_0.2_0.5	systemic_other	11	4	False	0.0	0	False	False	False	False	0.0	False	False	False	False	False	False	0.0						False	False	False	False	False		0.0	0		False		False		False		False		False		False		False		False		0.0	0
rs1190708	14:101628293	14:101500000	core_exact_n10	moderate_0.2_0.5	mixed_trait_axis	11	7	False	0.0	0	False	False	False	False	0.0	False	False	False	False	False	False	0.0						False	False	False	False	False		0.0	0		False		False		False		False		False		False		False		False		0.0	0
rs7578989	2:119994766	2:119500000	core_exact_n10	hidden_lt0.2	systemic_other	11	5	True	0.00536293813839	5	True	False	False	False	0.8532339471856927	True	True	True	True	True	True	0.4425830841064453	EPB41L5	EPB41L5	EPB41L5	EPB41L5	EPB41L5	True	True	True	True	False		0.0	0		False		False		False		False		False		False		False		False		0.0	0
rs216184	17:2270976	17:2000000	core_exact_n10	hidden_lt0.2	systemic_other	11	4	False	0.0063301214260113	1	True	False	False	False	0.6572350275622415	True	False	False	False	False	False	0.0						False	False	False	False	False		0.0	0		False		False		False		False		False		False		False		False		0.0	0
rs8054825	16:21653790	16:21500000	core_exact_n10	hidden_lt0.2	neural_enriched	11	5	False	0.0	0	False	False	False	False	0.0	False	False	False	False	False	False	0.0						False	False	False	False	False		0.0	0		False		False		False		False		False		False		False		False		0.0	0
rs7960443	12:104251585	12:104000000	core_exact_n10	moderate_0.2_0.5	systemic_other	11	2	True	1.3272459371372e-05	1	True	False	False	False	0.5421123269642926	False	False	False	False	False	False	0.0						True	False	False	False	False		0.0	0		False		False		False		False		False		False		False		False		0.0	0
rs10861170	12:104222179	12:104000000	core_exact_n10	moderate_0.2_0.5	systemic_other	11	2	True	0.0	0	False	False	False	False	0.6519271345958779	True	False	False	False	False	False	0.0						False	False	False	False	False		0.0	0		False		False		False		False		False		False		False		False		0.0	0
rs898847	11:110193739	11:110000000	core_exact_n10	hidden_lt0.2	systemic_other	11	4	True	0.0111984180593304	3	True	True	False	False	0.6179043970933513	True	False	False	False	False	False	0.0						False	False	False	False	False		0.0	0		False		False		False		False		False		False		False		False		0.0	0
rs10986614	9:125179961	9:125000000	core_exact_n10	hidden_lt0.2	neural_enriched	11	3	False	0.0	0	False	False	False	False	0.0	False	False	False	False	False	False	0.0						False	False	False	False	False		0.0	0		False		False		False		False		False		False		False		False		0.0	0
rs1054748	8:37860950	8:37500000	core_exact_n10	moderate_0.2_0.5	systemic_non_neural	11	6	True	0.0	0	False	False	False	False	0.0	False	False	False	False	False	False	0.0						False	False	False	False	False		0.0	0		False		False		True	RAB11FIP1	True	RAB11FIP1	True	RAB11FIP1	False		False		False		0.0	0
rs6704457	1:28738527	1:28500000	core_exact_n10	moderate_0.2_0.5	systemic_non_neural	11	7	True	0.0	0	False	False	False	False	0.0	False	False	False	False	False	False	0.0						False	False	False	False	False		0.0	0		False		False		False		False		False		False		False		False		0.0	0
rs9899846	17:38687583	17:38500000	core_exact_n10	moderate_0.2_0.5	neural_enriched	11	5	True	0.0	0	False	False	False	False	0.7169086377893793	True	False	False	False	False	False	0.0						False	False	False	False	False		0.0	0		False		False		False		False		False		False		False		False		0.0	0
rs202093	13:30240781	13:30000000	core_exact_n10	moderate_0.2_0.5	neural_enriched	11	3	True	0.0	0	False	False	False	False	0.0	False	False	False	False	False	False	0.0						False	False	False	False	False		0.0	0		False		False		False		False		False		False		False		False		0.0	0
rs12705404	7:107142719	7:107000000	core_exact_n10	moderate_0.2_0.5	systemic_other	11	4	False	0.0356574737243074	1	True	True	False	False	0.8741971197059533	True	True	False	False	False	False	0.0						False	False	False	False	False		0.0	0		False		False		False		False		False		False		False		False		0.0	0
rs7721953	5:132994361	5:132500000	core_exact_n10	moderate_0.2_0.5	neural_enriched	11	5	False	0.0	0	False	False	False	False	0.0	False	False	False	False	False	False	0.0						False	False	False	False	False		0.0	0		False		False		False		False		False		False		False		False		0.0	0
rs737182	2:110105777	2:110000000	core_exact_n10	hidden_lt0.2	neural_enriched	11	5	True	0.0	0	False	False	False	False	0.0	False	False	False	False	False	False	0.0						False	False	False	False	True	MALL	0.9953909806401148	27	genic	False		False		False		False		False		False		False		False		0.0	0
rs2797393	1:215600483	1:215500000	core_exact_n10	moderate_0.2_0.5	neural_enriched	11	4	True	0.0	0	False	False	False	False	0.0	False	False	False	False	False	False	0.0						False	False	False	False	False		0.0	0		False		False		False		False		False		False		False		False		0.0	0
rs3750325	9:128720188	9:128500000	core_exact_n10	moderate_0.2_0.5	systemic_non_neural	11	5	True	0.0	0	False	False	False	False	0.0	False	False	False	False	False	False	0.0						False	False	False	False	False		0.0	0		False		False		False		False		False		False		False		False		0.0	0
rs7642917	3:150594465	3:150500000	core_exact_n10	moderate_0.2_0.5	neural_enriched	11	3	False	0.0	0	False	False	False	False	0.0	False	False	False	False	False	False	0.0						False	False	False	False	False		0.0	0		False		False		False		False		False		False		False		False		0.0	0
rs2967473	19:36490316	19:36000000	core_exact_n10	moderate_0.2_0.5	neural_enriched	11	6	True	0.0	0	False	False	False	False	0.0	False	False	False	False	False	False	0.0						False	False	False	False	False		0.0	0		False		False		False		False		False		False		False		False		0.0	0
rs8047853	16:50480586	16:50000000	core_exact_n10	hidden_lt0.2	neural_enriched	11	6	False	0.0	0	False	False	False	False	0.0	False	False	False	False	False	False	0.0						False	False	False	False	False		0.0	0		False		False		False		False		False		False		False		False		0.0	0
rs1109138	1:109735327	1:109500000	core_exact_n10	moderate_0.2_0.5	neural_enriched	10	3	True	0.081261665045685	4	True	True	True	False	0.0	False	False	True	False	False	False	0.0531264171004295	GSTM1	GSTM1				False	False	False	False	False		0.0	0		False		False		False		False		False		False		False		False		0.0	0
rs868846	20:50707844	20:50500000	core_exact_n10	hidden_lt0.2	systemic_other	10	3	False	0.0	0	False	False	False	False	0.0	False	False	False	False	False	False	0.0						False	False	False	False	False		0.0	0		False		False		False		False		False		False		False		False		0.0	0
rs1744907	13:21475186	13:21000000	core_exact_n10	hidden_lt0.2	systemic_other	10	5	True	0.0	0	False	False	False	False	0.0	False	False	False	False	False	False	0.0						False	False	False	False	False		0.0	0		False		False		False		False		False		False		False		False		0.0	0
rs178297	22:20999039	22:20500000	core_exact_n10	moderate_0.2_0.5	neural_enriched	10	6	True	0.0	0	False	False	False	False	0.0	False	False	False	False	False	False	0.0						False	False	False	False	False		0.0	0		False		False		False		False		False		False		False		False		0.0	0
rs9883101	3:24002909	3:24000000	core_exact_n10	hidden_lt0.2	neural_enriched	10	4	False	0.0	0	False	False	False	False	0.0	False	False	False	False	False	False	0.0						False	False	False	False	False		0.0	0		False		False		False		False		False		False		False		False		0.0	0
rs686709	18:50891600	18:50500000	core_exact_n10	hidden_lt0.2	systemic_non_neural	10	5	True	0.0423303373359276	1	True	True	False	False	0.9743543789791228	True	True	True	True	True	True	0.7309995889663696	ME2	ME2	ME2	ME2	ME2	True	True	True	True	False		0.0	0		False		False		True	ME2	False		False		False		False		False		0.0	0
rs3761441	22:37487820	22:37000000	core_exact_n10	moderate_0.2_0.5	systemic_other	10	4	True	0.0	0	False	False	False	False	0.0	False	False	False	False	False	False	0.0						False	False	False	False	False		0.0	0		False		False		False		False		False		False		False		False		0.0	0
rs9507499	13:25319083	13:25000000	core_exact_n10	hidden_lt0.2	mixed_trait_axis	10	8	True	0.0	0	False	False	False	False	0.8117304843490949	True	True	False	False	False	False	0.0						False	False	False	False	False		0.0	0		False		False		False		False		False		False		False		False		0.0	0
rs4963514	12:6952303	12:6500000	core_exact_n10	moderate_0.2_0.5	systemic_non_neural	10	7	False	0.1216463149634267	1	True	True	True	True	0.0	False	False	False	False	False	False	0.0						False	False	False	False	False		0.0	0		False		False		False		False		False		False		False		False		0.0	0
rs11691283	2:138494387	2:138000000	core_exact_n10	hidden_lt0.2	systemic_other	10	3	False	0.0718557310742278	1	True	True	True	False	1.0	True	True	False	False	False	False	0.0						False	False	False	False	False		0.0	0		False		False		False		False		False		False		False		False		0.0	0
rs16933023	12:6999256	12:6500000	core_exact_n10	moderate_0.2_0.5	systemic_other	10	3	True	0.064420492486609	27	True	True	True	False	0.9741773527040766	True	True	True	True	True	True	0.463340014219284	EMG1;LPCAT3	EMG1;LPCAT3	EMG1;LPCAT3	EMG1;LPCAT3	EMG1;LPCAT3	True	True	True	True	False		0.0	0		False		False		True	LPCAT3	False		False		False		False		False		0.0	0
rs11265780	9:89501649	9:89500000	core_exact_n10	hidden_lt0.2	mixed_trait_axis	10	7	True	0.5613516209567793	2	True	True	True	True	1.0	True	True	True	True	True	True	0.9639504551887512	SEMA4D	SEMA4D	SEMA4D	SEMA4D	SEMA4D	True	True	True	True	True	SEMA4D	0.8917960441502728	10	intergenic	True	SEMA4D	True	SEMA4D	False		False		False		False		False		False		0.0	0
rs6135095	20:1493759	20:1000000	core_exact_n10	moderate_0.2_0.5	systemic_other	10	3	False	0.0	0	False	False	False	False	0.0	False	False	False	False	False	False	0.0						False	False	False	False	False		0.0	0		False		False		False		False		False		False		False		False		0.0	0
rs73949689	2:74571602	2:74500000	core_exact_n10	moderate_0.2_0.5	neural_enriched	10	3	True	0.0376647875252913	3	True	True	False	False	0.877526803853893	True	True	True	True	True	True	0.1780756711959839	LBX2;TTC31	LBX2;TTC31	LBX2	LBX2;TTC31	LBX2;TTC31	True	True	True	True	False		0.0	0		False		False		False		False		False		False		False		False		0.0	0
rs1983575	6:17910314	6:17500000	core_exact_n10	moderate_0.2_0.5	neural_enriched	10	3	True	0.0014380882187652	1	True	False	False	False	0.5878057779431864	False	False	True	True	True	True	0.8919849991798401	KIF13A	KIF13A	KIF13A	KIF13A	KIF13A	True	True	True	True	False		0.0	0		False		False		True	KIF13A	False		False		False		False		False		0.0	0
rs7812866	8:37892771	8:37500000	core_exact_n10	hidden_lt0.2	systemic_non_neural	10	6	False	0.0	0	False	False	False	False	0.0	False	False	False	False	False	False	0.0						False	False	False	False	False		0.0	0		False		False		False		False		False		False		False		False		0.0	0
rs8045838	16:54942584	16:54500000	core_exact_n10	hidden_lt0.2	systemic_non_neural	10	6	True	0.0063202078356365	1	True	False	False	False	0.0	False	False	True	True	True	True	0.8209076523780823	IRX5	IRX5	IRX5	IRX5	IRX5	True	False	False	False	False		0.0	0		False		False		False		False		False		False		False		False		0.0	0
rs9647777	7:72918004	7:72500000	core_exact_n10	moderate_0.2_0.5	systemic_other	10	2	True	0.0	0	False	False	False	False	0.0	False	False	False	False	False	False	0.0						False	False	False	False	False		0.0	0		False		False		False		False		False		False		False		False		0.0	0
rs7817179	8:37870499	8:37500000	core_exact_n10	hidden_lt0.2	neural_enriched	10	6	True	0.0	0	False	False	False	False	0.0	False	False	False	False	False	False	0.0						False	False	False	False	True	RAB11FIP1	0.9552432294478508	83	genic	False		False		True	RAB11FIP1	True	RAB11FIP1	False		False		False		False		0.0	0
rs4769542	13:27166441	13:27000000	core_exact_n10	moderate_0.2_0.5	systemic_other	10	2	False	0.0	0	False	False	False	False	0.0	False	False	False	False	False	False	0.0						False	False	False	False	False		0.0	0		False		False		False		False		False		False		False		False		0.0	0
rs2070372	21:31999227	21:31500000	core_exact_n10	hidden_lt0.2	neural_enriched	10	6	True	0.0	0	False	False	False	False	0.0	False	False	False	False	False	False	0.0						False	False	False	False	False		0.0	0		False		False		False		False		False		False		False		False		0.0	0
rs4433708	13:41815319	13:41500000	core_exact_n10	hidden_lt0.2	systemic_other	10	4	False	0.0	0	False	False	False	False	0.5884359916981655	False	False	False	False	False	False	0.0						False	False	False	False	False		0.0	0		False		False		False		False		False		False		False		False		0.0	0
rs2420979	10:121998861	10:121500000	core_exact_n10	hidden_lt0.2	neural_enriched	10	5	True	0.0001882563109015	1	True	False	False	False	0.0	False	False	False	False	False	False	0.0						True	False	False	False	False		0.0	0		False		False		False		False		False		False		False		False		0.0	0
rs2555633	4:174449505	4:174000000	core_exact_n10	moderate_0.2_0.5	systemic_non_neural	10	6	False	0.0	0	False	False	False	False	0.0	False	False	False	False	False	False	0.0						False	False	False	False	False		0.0	0		False		False		False		False		False		False		False		False		0.0	0
rs7307262	12:45293197	12:45000000	core_exact_n10	hidden_lt0.2	systemic_other	10	4	True	0.0	0	False	False	False	False	0.0	False	False	False	False	False	False	0.0						False	False	False	False	False		0.0	0		False		False		False		False		False		False		False		False		0.0	0
rs1370138	6:80453692	6:80000000	core_exact_n10	moderate_0.2_0.5	neural_enriched	10	4	False	0.0340307985821823	3	True	True	False	False	0.8489381991685049	True	True	False	False	False	False	0.0						False	False	False	False	False		0.0	0		False		False		False		False		False		False		False		False		0.0	0
rs115250081	17:19002729	17:19000000	core_exact_n10	moderate_0.2_0.5	systemic_other	10	3	True	0.0295659537091148	1	True	True	False	False	0.5250542088645164	False	False	True	True	True	False	0.3192464709281921	SLC5A10	SLC5A10	SLC5A10	SLC5A10		False	False	False	False	True	SLC5A10	0.9362909972568652	2	genic	False		False		False		False		False		False		False		False		0.0	0
rs454805	5:742624	5:500000	core_exact_n10	moderate_0.2_0.5	systemic_non_neural	10	5	True	0.0169818447306964	1	True	True	False	False	0.785885639065333	True	False	True	True	True	True	0.1982028633356094	ZDHHC11	ZDHHC11	ZDHHC11	ZDHHC11	ZDHHC11	True	True	True	True	False		0.0	0		False		False		False		False		False		False		False		False		0.0	0
rs10190306	2:177483716	2:177000000	core_exact_n10	hidden_lt0.2	systemic_other	10	4	True	0.0101525560779085	15	True	True	False	False	0.8316223124145754	True	True	False	False	False	False	0.0						False	False	False	False	False		0.0	0		False		False		False		False		False		False		False		False		0.0	0
rs9332978	1:46942278	1:46500000	core_exact_n10	moderate_0.2_0.5	systemic_other	10	3	True	0.0	0	False	False	False	False	0.0	False	False	False	False	False	False	0.0						False	False	False	False	False		0.0	0		False		False		False		False		False		False		False		False		0.0	0
rs10051026	5:134195758	5:134000000	core_exact_n10	moderate_0.2_0.5	neural_enriched	10	4	True	0.0092994196178391	1	True	False	False	False	0.9485815185540782	True	True	True	True	True	True	0.7823355793952942	PPP2CA	PPP2CA	PPP2CA	PPP2CA	PPP2CA	True	True	True	False	False		0.0	0		False		False		True	PPP2CA	False		False		False		False		False		0.0	0
rs2278564	2:96023242	2:96000000	core_exact_n10	moderate_0.2_0.5	neuro_systemic	10	6	True	0.0	0	False	False	False	False	0.0	False	False	False	False	False	False	0.0						False	False	False	False	False		0.0	0		False		False		False		False		False		False		False		False		0.0	0
rs7004393	8:81497119	8:81000000	core_exact_n10	moderate_0.2_0.5	neural_enriched	10	6	True	0.0062124274212049	2	True	False	False	False	0.6952385390497475	True	False	False	False	False	False	0.0						False	False	False	False	False		0.0	0		False		False		False		False		False		False		False		False		0.0	0
rs17103212	14:35340038	14:35000000	core_exact_n10	moderate_0.2_0.5	systemic_other	10	3	True	0.0	0	False	False	False	False	0.0	False	False	False	False	False	False	0.0						False	False	False	False	True	PSMA6	0.6094503730406143	1	intergenic	False		False		False		False		False		False		False		False		0.0	0
rs62404141	6:21613909	6:21500000	core_exact_n10	moderate_0.2_0.5	neural_enriched	10	3	False	0.0	0	False	False	False	False	0.0	False	False	False	False	False	False	0.0						False	False	False	False	False		0.0	0		False		False		False		False		False		False		False		False		0.0	0
rs1253402	10:97292065	10:97000000	core_exact_n10	moderate_0.2_0.5	systemic_other	10	4	True	0.0	0	False	False	False	False	0.0	False	False	False	False	False	False	0.0						False	False	False	False	False		0.0	0		False		False		True	RRP12	False		False		False		False		False		0.0	0
rs1875402	2:95182606	2:95000000	core_exact_n10	moderate_0.2_0.5	neural_enriched	10	6	True	0.0013154338469009	2	True	False	False	False	0.5289878891711006	False	False	False	False	False	False	0.0						True	False	False	False	False		0.0	0		False		False		False		False		False		False		False		False		0.0	0
rs478783	19:7855682	19:7500000	core_exact_n10	hidden_lt0.2	systemic_non_neural	10	7	False	0.0485656460227285	9	True	True	False	False	0.9724211496947296	True	True	False	False	False	False	0.0						False	False	False	False	False		0.0	0		False		False		False		False		False		False		False		False		0.0	0
rs497161	6:151001039	6:151000000	core_exact_n10	moderate_0.2_0.5	mixed_trait_axis	10	7	False	0.0	0	False	False	False	False	0.538263506703696	False	False	False	False	False	False	0.0						False	False	False	False	False		0.0	0		False		False		False		False		False		False		False		False		0.0	0
rs6754591	2:210000101	2:210000000	core_exact_n10	moderate_0.2_0.5	neural_enriched	10	4	True	0.2353712721106465	6	True	True	True	True	1.0	True	True	True	True	True	True	0.7009702920913696	KANSL1L	KANSL1L	KANSL1L	KANSL1L	KANSL1L	True	True	True	True	False		0.0	0		False		False		False		False		False		False		False		False		0.0	0
rs6503965	17:60396954	17:60000000	core_exact_n10	moderate_0.2_0.5	systemic_other	10	3	False	0.1879985665796492	6	True	True	True	True	0.978487756781246	True	True	False	False	False	False	0.0						False	False	False	False	False		0.0	0		False		False		False		False		False		False		False		False		0.0	0
rs2666558	11:64714107	11:64500000	core_exact_n10	hidden_lt0.2	systemic_other	10	4	False	0.3331782871967726	13	True	True	True	True	0.9872325427540796	True	True	False	False	False	False	0.0						False	False	False	False	False		0.0	0		False		False		False		False		False		False		False		False		0.0	0
rs6469882	8:119998232	8:119500000	core_exact_n10	hidden_lt0.2	systemic_non_neural	10	6	True	0.0302445640420855	1	True	True	False	False	0.9111733528208944	True	True	True	True	False	False	0.7147065997123718	DEPTOR	DEPTOR	DEPTOR			False	False	False	False	False		0.0	0		False		False		False		False		False		False		False		False		0.0	0
rs11794633	9:137196089	9:137000000	core_exact_n10	moderate_0.2_0.5	neural_enriched	10	5	False	0.0756384827279753	9	True	True	True	False	0.8808872152167257	True	True	False	False	False	False	0.0						False	False	False	False	False		0.0	0		False		False		False		False		False		False		False		False		0.0	0
rs10121252	9:123174261	9:123000000	core_exact_n10	moderate_0.2_0.5	neural_enriched	10	3	True	0.0373079622219839	84	True	True	False	False	0.9816008015255628	True	True	True	True	True	True	0.394470602273941	STRBP	STRBP	STRBP	STRBP	STRBP	True	False	False	False	False		0.0	0		False		False		False		False		False		False		False		False		0.0	0
rs2869961	20:50176825	20:50000000	core_exact_n10	moderate_0.2_0.5	systemic_non_neural	10	5	False	0.0	0	False	False	False	False	0.0	False	False	False	False	False	False	0.0						False	False	False	False	False		0.0	0		False		False		False		False		False		False		False		False		0.0	0
rs35934542	6:157433581	6:157000000	core_exact_n10	moderate_0.2_0.5	systemic_other	10	2	False	0.0	0	False	False	False	False	0.0	False	False	False	False	False	False	0.0						False	False	False	False	False		0.0	0		False		False		False		False		False		False		False		False		0.0	0
rs6863337	5:55993318	5:55500000	core_exact_n10	hidden_lt0.2	systemic_other	10	4	True	0.0434517388763161	4	True	True	False	False	0.8580592599689323	True	True	True	True	True	True	0.9287698864936828	IL6ST	IL6ST	IL6ST	IL6ST	IL6ST	True	True	True	True	True	IL6ST	0.99996425440881	14	genic;promoter	True	IL6ST	True	IL6ST	True	IL6ST	False		False		False		False		False		0.0	0
rs12646144	4:89434576	4:89000000	core_exact_n10	moderate_0.2_0.5	systemic_other	10	2	False	0.0	0	False	False	False	False	0.5349187339239738	False	False	False	False	False	False	0.0						False	False	False	False	False		0.0	0		False		False		False		False		False		False		False		False		0.0	0
rs1445850	19:3984770	19:3500000	core_exact_n10	moderate_0.2_0.5	systemic_other	10	5	False	0.0	0	False	False	False	False	0.0	False	False	False	False	False	False	0.0						False	False	False	False	False		0.0	0		False		False		False		False		False		False		False		False		0.0	0
rs10743150	11:10802993	11:10500000	core_exact_n10	moderate_0.2_0.5	systemic_non_neural	10	6	True	0.0	0	False	False	False	False	0.0	False	False	False	False	False	False	0.0						False	False	False	False	False		0.0	0		False		False		False		False		False		False		False		False		0.0	0
rs2357555	8:65963604	8:65500000	core_exact_n10	moderate_0.2_0.5	systemic_non_neural	10	7	False	0.0	0	False	False	False	False	0.0	False	False	False	False	False	False	0.0						False	False	False	False	False		0.0	0		False		False		False		False		False		False		False		False		0.0	0
rs7940667	11:119639934	11:119500000	core_exact_n10	moderate_0.2_0.5	neural_enriched	10	4	False	0.0	0	False	False	False	False	0.0	False	False	False	False	False	False	0.0						False	False	False	False	False		0.0	0		False		False		False		False		False		False		False		False		0.0	0
rs75783493	19:13001454	19:13000000	core_exact_n10	moderate_0.2_0.5	neuro_systemic	10	8	True	0.0	0	False	False	False	False	0.0	False	False	False	False	False	False	0.0						False	False	False	False	True	DAND5	0.907563240998998	12	genic	False		False		False		False		False		False		False		False		0.0	0
rs2122198	12:76351392	12:76000000	core_exact_n10	moderate_0.2_0.5	systemic_other	10	2	False	0.0	0	False	False	False	False	0.0	False	False	False	False	False	False	0.0						False	False	False	False	False		0.0	0		False		False		False		False		False		False		False		False		0.0	0
rs530021	1:109668158	1:109500000	core_exact_n10	moderate_0.2_0.5	neural_enriched	10	3	True	0.0	0	False	False	False	False	0.0	False	False	False	False	False	False	0.0						False	False	False	False	False		0.0	0		False		False		True	GSTM5	True	GSTM5	True	GSTM5	False		False		False		0.0	0
rs12208376	6:88993008	6:88500000	core_exact_n10	moderate_0.2_0.5	neural_enriched	10	4	False	0.0	0	False	False	False	False	0.0	False	False	False	False	False	False	0.0						False	False	False	False	False		0.0	0		False		False		False		False		False		False		False		False		0.0	0
rs12916850	15:44983500	15:44500000	core_exact_n10	moderate_0.2_0.5	systemic_other	10	3	True	0.0035391493628468	7	True	False	False	False	0.7748665059448152	True	False	True	True	True	True	0.4373078942298889	SORD	SORD	SORD	SORD	SORD	True	True	True	True	False		0.0	0		False		False		True	SORD	False		False		False		False		False		0.0	0
rs2420543	19:14415224	19:14000000	core_exact_n10	hidden_lt0.2	systemic_other	10	4	False	0.0	0	False	False	False	False	0.0	False	False	False	False	False	False	0.0						False	False	False	False	False		0.0	0		False		False		False		False		False		False		False		False		0.0	0
rs6684851	1:161494622	1:161000000	core_exact_n10	moderate_0.2_0.5	systemic_non_neural	10	6	True	0.0	0	False	False	False	False	0.5108855870100204	False	False	False	False	False	False	0.0						False	False	False	False	False		0.0	0		False		False		False		False		False		False		False		False		0.0	0
rs12441249	15:41692340	15:41500000	core_exact_n10	moderate_0.2_0.5	systemic_other	10	4	True	0.0503827085066424	28	True	True	True	False	0.9870000509768212	True	True	True	False	True	True	0.0907367840409278	MAPKBP1	MAPKBP1		MAPKBP1	MAPKBP1	True	True	True	True	False		0.0	0		False		False		False		False		False		False		False		False		0.0	0
rs2251214	12:79430071	12:79000000	core_exact_n10	hidden_lt0.2	systemic_other	10	4	False	0.0	0	False	False	False	False	0.0	False	False	False	False	False	False	0.0						False	False	False	False	False		0.0	0		False		False		False		False		False		False		False		False		0.0	0
rs6503961	17:60371741	17:60000000	core_exact_n10	moderate_0.2_0.5	systemic_other	10	4	False	0.0067641254509178	3	True	False	False	False	0.0	False	False	False	False	False	False	0.0						False	False	False	False	False		0.0	0		False		False		False		False		False		False		False		False		0.0	0
rs113410906	11:15006599	11:15000000	core_exact_n10	moderate_0.2_0.5	neuro_systemic	10	5	False	0.999998350018974	3	True	True	True	True	0.0	False	False	False	False	False	False	0.0						False	False	False	False	False		0.0	0		False		False		False		False		False		False		False		False		0.0	0
rs7804806	7:75966364	7:75500000	core_exact_n10	moderate_0.2_0.5	neural_enriched	10	6	True	7.02792158258823e-05	1	True	False	False	False	0.0	False	False	False	False	False	False	0.0						True	False	False	False	True	POR;TMEM120A	0.947858313656358	26	genic	False		False		False		False		False		False		False		False		0.0	0
rs2268626	14:75978424	14:75500000	core_exact_n10	hidden_lt0.2	systemic_non_neural	10	5	True	0.0	0	False	False	False	False	0.5562066048223014	False	False	False	False	False	False	0.0						False	False	False	False	False		0.0	0		False		False		False		False		False		False		False		False		0.0	0
rs2684906	12:50647660	12:50500000	core_exact_n10	moderate_0.2_0.5	systemic_other	10	5	True	0.0	0	False	False	False	False	0.8748410240802227	True	True	False	False	False	False	0.0						False	False	False	False	False		0.0	0		False		False		False		False		False		False		False		False		0.0	0
rs1130609	2:10122793	2:10000000	core_exact_n10	moderate_0.2_0.5	systemic_other	10	5	False	0.0	0	False	False	False	False	0.0	False	False	False	False	False	False	0.0						False	False	False	False	False		0.0	0		False		False		False		False		False		False		False		False		0.0	0
rs9677133	2:28908485	2:28500000	core_exact_n10	moderate_0.2_0.5	systemic_other	10	2	True	0.0175912856706843	3	True	True	False	False	0.9875711016566372	True	True	True	True	False	True	0.6795108318328857	WDR43	WDR43	WDR43		WDR43	True	True	True	True	False		0.0	0		False		False		False		False		False		False		False		False		0.0	0
rs7420808	2:188498089	2:188000000	core_exact_n10	moderate_0.2_0.5	systemic_non_neural	10	6	True	0.0190019651262463	7	True	True	False	False	0.0	False	False	True	True	False	False	0.6932214498519897	GULP1	GULP1	GULP1			False	False	False	False	False		0.0	0		False		False		False		False		False		False		False		False		0.0	0
rs62579927	9:136269814	9:136000000	core_exact_n10	hidden_lt0.2	neural_enriched	10	6	False	0.0	0	False	False	False	False	0.0	False	False	False	False	False	False	0.0						False	False	False	False	False		0.0	0		False		False		False		False		False		False		False		False		0.0	0
rs5025288	14:31371956	14:31000000	core_exact_n10	moderate_0.2_0.5	systemic_other	10	3	True	0.0	0	False	False	False	False	0.6049646585084052	True	False	False	False	False	False	0.0						False	False	False	False	False		0.0	0		False		False		False		False		False		False		False		False		0.0	0
rs8064669	17:44797502	17:44500000	core_exact_n10	moderate_0.2_0.5	systemic_non_neural	10	6	True	0.0	0	False	False	False	False	0.0	False	False	False	False	False	False	0.0						False	False	False	False	False		0.0	0		False		False		False		False		False		False		False		False		0.0	0
rs247004	5:132008665	5:132000000	core_exact_n10	hidden_lt0.2	neuro_systemic	10	6	True	0.0051175602841089	2	True	False	False	False	0.5346045499608336	False	False	False	False	False	False	0.0						True	True	False	False	True	MEIKIN	0.8772610515921222	1	genic	False		False		False		False		False		False		False		False		0.0	0
rs161424	16:2290602	16:2000000	core_exact_n10	moderate_0.2_0.5	mixed_trait_axis	10	8	True	0.0	0	False	False	False	False	0.0	False	False	False	False	False	False	0.0						False	False	False	False	False		0.0	0		False		False		False		False		False		False		False		False		0.0	0
rs11782151	8:85513580	8:85500000	core_exact_n10	moderate_0.2_0.5	systemic_other	10	3	True	0.0	0	False	False	False	False	0.0	False	False	False	False	False	False	0.0						False	False	False	False	True	CA2	0.7193495077705497	5	intergenic	False		False		False		False		False		True	LRRCC1	False		False		0.02574	1
rs10793055	11:72999716	11:72500000	core_exact_n10	moderate_0.2_0.5	systemic_other	10	5	False	0.0	0	False	False	False	False	0.7315176450711665	True	False	False	False	False	False	0.0						False	False	False	False	False		0.0	0		False		False		False		False		False		False		False		False		0.0	0
rs2343107	12:122891872	12:122500000	core_exact_n10	moderate_0.2_0.5	systemic_non_neural	10	6	False	0.0010260781281956	1	True	False	False	False	0.0	False	False	False	False	False	False	0.0						False	False	False	False	False		0.0	0		False		False		False		False		False		False		False		False		0.0	0
rs7706238	5:1500001	5:1500000	core_exact_n10	hidden_lt0.2	neuro_systemic	10	6	True	0.0	0	False	False	False	False	0.0	False	False	False	False	False	False	0.0						False	False	False	False	True	LPCAT1	0.7964594264963657	4	genic	False		False		False		False		False		False		False		False		0.0	0
rs1418023	1:119298970	1:119000000	core_exact_n10	moderate_0.2_0.5	systemic_other	10	4	False	0.2318592552009526	2	True	True	True	True	0.0	False	False	False	False	False	False	0.0						False	False	False	False	False		0.0	0		False		False		False		False		False		False		False		False		0.0	0
rs4666439	2:20610899	2:20500000	core_exact_n10	hidden_lt0.2	neuro_systemic	10	5	False	0.0	0	False	False	False	False	0.0	False	False	False	False	False	False	0.0						False	False	False	False	False		0.0	0		False		False		False		False		False		False		False		False		0.0	0
rs313567	4:25252373	4:25000000	core_exact_n10	moderate_0.2_0.5	neural_enriched	10	5	True	0.0415251255899735	2	True	True	False	False	0.9519768340034628	True	True	True	True	True	True	0.8297362923622131	PI4K2B;ZCCHC4	PI4K2B;ZCCHC4	PI4K2B	PI4K2B;ZCCHC4	ZCCHC4	True	True	True	True	False		0.0	0		False		False		True	PI4K2B	False		False		False		False		False		0.0	0
rs9423434	10:5501629	10:5500000	core_exact_n10	hidden_lt0.2	neural_enriched	10	6	True	0.1355540186737883	1	True	True	True	True	0.9231955028760078	True	True	False	False	False	False	0.0						False	False	False	False	False		0.0	0		False		False		False		False		False		False		False		False		0.0	0
rs406334	2:47752548	2:47500000	core_exact_n10	moderate_0.2_0.5	systemic_other	10	4	False	0.0	0	False	False	False	False	0.0	False	False	False	False	False	False	0.0						False	False	False	False	False		0.0	0		False		False		False		False		False		False		False		False		0.0	0
rs481309	15:58799766	15:58500000	core_exact_n10	moderate_0.2_0.5	systemic_other	10	3	True	0.0	0	False	False	False	False	0.6217213091656638	True	False	False	False	False	False	0.0						False	False	False	False	False		0.0	0		False		False		False		False		False		False		False		False		0.0	0
rs7529767	1:16396773	1:16000000	core_exact_n10	moderate_0.2_0.5	systemic_other	10	2	True	0.0094485840185294	8	True	False	False	False	0.9301791343078726	True	True	True	False	True	True	0.1126524284482002	FBXO42	FBXO42		FBXO42	FBXO42	True	True	True	False	False		0.0	0		False		False		True	SZRD1	False		False		False		False		False		0.0	0
rs1542611	17:36492592	17:36000000	core_exact_n10	moderate_0.2_0.5	systemic_other	10	4	True	0.0	0	False	False	False	False	0.0	False	False	False	False	False	False	0.0						False	False	False	False	False		0.0	0		False		False		True	MYO19	False		False		False		False		False		0.0	0
rs4977196	8:144108511	8:144000000	core_exact_n10	moderate_0.2_0.5	systemic_non_neural	10	6	True	0.0262345835404581	25	True	True	False	False	0.9927748717640388	True	True	True	True	True	True	0.1890797615051269	EXOSC4	EXOSC4	EXOSC4	EXOSC4	EXOSC4	True	True	True	True	False		0.0	0		False		False		False		False		False		False		False		False		0.0	0
rs2225778	13:110005737	13:110000000	core_exact_n10	moderate_0.2_0.5	systemic_non_neural	10	7	True	0.0	0	False	False	False	False	0.0	False	False	False	False	False	False	0.0						False	False	False	False	False		0.0	0		False		False		False		False		False		False		False		False		0.0	0
rs12238656	9:85804046	9:85500000	core_exact_n10	moderate_0.2_0.5	systemic_other	10	3	False	0.0	0	False	False	False	False	0.0	False	False	False	False	False	False	0.0						False	False	False	False	False		0.0	0		False		False		False		False		False		False		False		False		0.0	0
rs11183502	12:46482509	12:46000000	core_exact_n10	hidden_lt0.2	systemic_non_neural	10	5	False	0.028662831570313	22	True	True	False	False	0.9848212192272968	True	True	False	False	False	False	0.0						False	False	False	False	False		0.0	0		False		False		False		False		False		False		False		False		0.0	0
rs4900700	14:37201854	14:37000000	core_exact_n10	hidden_lt0.2	systemic_other	10	4	True	0.039299385089474	2	True	True	False	False	0.7879171135129384	True	False	False	False	False	False	0.0						False	False	False	False	False		0.0	0		False		False		False		False		False		False		False		False		0.0	0
rs6949247	7:65501109	7:65500000	core_exact_n10	moderate_0.2_0.5	systemic_non_neural	10	5	False	0.0	0	False	False	False	False	0.0	False	False	False	False	False	False	0.0						False	False	False	False	False		0.0	0		False		False		False		False		False		False		False		False		0.0	0
rs1946583	8:28493236	8:28000000	core_exact_n10	moderate_0.2_0.5	systemic_non_neural	10	5	False	0.0	0	False	False	False	False	0.0	False	False	False	False	False	False	0.0						False	False	False	False	False		0.0	0		False		False		False		False		False		False		False		False		0.0	0
rs729641	3:112117193	3:112000000	core_exact_n10	hidden_lt0.2	systemic_non_neural	10	6	True	0.0	0	False	False	False	False	0.0	False	False	False	False	False	False	0.0						False	False	False	False	True	GCSAM	0.8521293644121475	4	genic	False		False		True	GCSAM	True	GCSAM	False		False		False		False		0.0	0
rs2784092	9:136819575	9:136500000	core_exact_n10	hidden_lt0.2	systemic_non_neural	10	5	True	0.0	0	False	False	False	False	0.0	False	False	False	False	False	False	0.0						False	False	False	False	False		0.0	0		False		False		True	RABL6	False		False		False		False		False		0.0	0
rs1911750	7:50068524	7:50000000	core_exact_n10	moderate_0.2_0.5	neural_enriched	10	3	True	0.0117133558336226	1	True	True	False	False	0.7326199301167176	True	False	True	False	True	True	0.139794036746025	ZPBP	ZPBP		ZPBP	ZPBP	True	True	False	False	True	ZPBP	0.968238876753541	27	genic	False		False		True	ZPBP	False		False		False		False		False		0.0	0
rs1637744	7:2195886	7:2000000	core_exact_n10	hidden_lt0.2	systemic_other	10	4	False	0.0	0	False	False	False	False	0.0	False	False	False	False	False	False	0.0						False	False	False	False	False		0.0	0		False		False		False		False		False		False		False		False		0.0	0
rs11729997	4:88249907	4:88000000	core_exact_n10	hidden_lt0.2	systemic_other	10	2	False	0.0	0	False	False	False	False	0.0	False	False	False	False	False	False	0.0						False	False	False	False	False		0.0	0		False		False		False		False		False		False		False		False		0.0	0
rs6909901	6:87104405	6:87000000	core_exact_n10	hidden_lt0.2	systemic_other	10	4	False	0.0	0	False	False	False	False	0.0	False	False	False	False	False	False	0.0						False	False	False	False	False		0.0	0		False		False		False		False		False		False		False		False		0.0	0
rs9562357	13:41849169	13:41500000	core_exact_n10	moderate_0.2_0.5	systemic_other	10	3	True	0.0	0	False	False	False	False	0.5851523772629286	False	False	False	False	False	False	0.0						False	False	False	False	False		0.0	0		False		False		False		False		False		False		False		False		0.0	0
rs4450439	17:11987148	17:11500000	core_exact_n10	moderate_0.2_0.5	systemic_other	10	4	True	0.0291557601048984	4	True	True	False	False	0.9837382044849616	True	True	True	False	True	True	0.4603008329868316	MAP2K4;ZNF18	MAP2K4;ZNF18		ZNF18	MAP2K4;ZNF18	True	True	True	True	True	ZNF18	0.8320221380139545	5	genic	False		False		False		False		False		False		False		False		0.0	0
rs116139938	17:19002728	17:19000000	core_exact_n10	moderate_0.2_0.5	systemic_other	10	3	True	0.0295674750453733	1	True	True	False	False	0.5250198232059491	False	False	True	True	True	False	0.3192464709281921	SLC5A10	SLC5A10	SLC5A10	SLC5A10		False	False	False	False	True	SLC5A10	0.9362909972568652	2	genic	False		False		False		False		False		False		False		False		0.0	0
rs3094294	13:27251238	13:27000000	core_exact_n10	hidden_lt0.2	systemic_non_neural	10	8	True	0.0369940737042785	47	True	True	False	False	0.9884403344335913	True	True	True	True	True	True	0.81136554479599	USP12	USP12	USP12	USP12	USP12	True	True	True	True	False		0.0	0		False		False		False		False		False		False		False		False		0.0	0
rs3884566	2:138490935	2:138000000	core_exact_n10	hidden_lt0.2	systemic_non_neural	10	6	False	0.0	0	False	False	False	False	0.828638026193628	True	True	False	False	False	False	0.0						False	False	False	False	False		0.0	0		False		False		False		False		False		False		False		False		0.0	0
rs7688995	4:183878832	4:183500000	core_exact_n10	hidden_lt0.2	systemic_non_neural	10	5	False	0.0	0	False	False	False	False	0.0	False	False	False	False	False	False	0.0						False	False	False	False	False		0.0	0		False		False		False		False		False		False		False		False		0.0	0
rs830133	19:47471321	19:47000000	core_exact_n10	hidden_lt0.2	systemic_non_neural	10	6	True	0.0	0	False	False	False	False	0.0	False	False	False	False	False	False	0.0						False	False	False	False	False		0.0	0		False		False		False		False		False		False		False		False		0.0	0
rs57165118	11:67010532	11:67000000	core_exact_n10	moderate_0.2_0.5	neural_enriched	10	5	False	0.1315421466475064	6	True	True	True	True	0.9644387101492669	True	True	False	False	False	False	0.0						False	False	False	False	False		0.0	0		False		False		False		False		False		False		False		False		0.0	0
rs4052812	20:17505647	20:17500000	core_exact_n10	hidden_lt0.2	systemic_non_neural	10	6	True	2.76098779677303e-05	1	True	False	False	False	0.0	False	False	False	False	False	False	0.0						False	False	False	False	True	BFSP1	0.9654675818419708	63	genic	False		False		True	BFSP1	True	BFSP1	True	BFSP1	False		False		False		0.0	0
rs9789049	17:78980335	17:78500000	core_exact_n10	moderate_0.2_0.5	systemic_other	10	3	True	0.0	0	False	False	False	False	0.0	False	False	False	False	False	False	0.0						False	False	False	False	False		0.0	0		False		False		False		False		False		False		False		False		0.0	0
rs10739312	9:111013503	9:111000000	core_exact_n10	hidden_lt0.2	neural_enriched	10	6	True	0.0	0	False	False	False	False	0.0	False	False	False	False	False	False	0.0						False	False	False	False	True	LPAR1	0.7481939887820114	2	genic	False		False		False		False		False		False		False		False		0.0	0
rs2595219	2:46000186	2:46000000	core_exact_n10	hidden_lt0.2	neural_enriched	10	5	False	0.0142750553093328	1	True	True	False	False	0.5020029198813399	False	False	False	False	False	False	0.0						False	False	False	False	False		0.0	0		False		False		False		False		False		False		False		False		0.0	0
rs1380565	17:28127381	17:28000000	core_exact_n10	hidden_lt0.2	systemic_other	10	4	False	0.0	0	False	False	False	False	0.0	False	False	False	False	False	False	0.0						False	False	False	False	False		0.0	0		False		False		False		False		False		False		False		False		0.0	0
rs1356747	8:119998617	8:119500000	core_exact_n10	hidden_lt0.2	systemic_non_neural	10	5	True	0.0	0	False	False	False	False	0.0	False	False	False	False	False	False	0.0						False	False	False	False	False		0.0	0		False		False		False		False		False		False		False		False		0.0	0
rs4239117	17:10552815	17:10500000	core_exact_n10	moderate_0.2_0.5	neural_enriched	10	3	True	0.0027524892655649	2	True	False	False	False	0.0	False	False	False	False	False	False	0.0						True	False	False	False	False		0.0	0		False		False		False		False		False		False		False		False		0.0	0
rs607148	7:42867194	7:42500000	core_exact_n10	moderate_0.2_0.5	systemic_other	10	4	False	0.0	0	False	False	False	False	0.0	False	False	False	False	False	False	0.0						False	False	False	False	False		0.0	0		False		False		False		False		False		False		False		False		0.0	0
rs1509408	15:55994115	15:55500000	core_exact_n10	moderate_0.2_0.5	systemic_non_neural	10	6	True	0.0	0	False	False	False	False	0.5800903026844719	False	False	False	False	False	False	0.0						False	False	False	False	True	NEDD4	0.9880943227655716	84	intergenic	False		False		False		False		False		False		False		False		0.0	0
rs6731127	2:25992313	2:25500000	core_exact_n10	moderate_0.2_0.5	systemic_non_neural	10	5	False	0.0104314747502851	2	True	True	False	False	0.0	False	False	False	False	False	False	0.0						False	False	False	False	False		0.0	0		False		False		False		False		False		False		False		False		0.0	0
rs3848534	19:46890535	19:46500000	core_exact_n10	moderate_0.2_0.5	systemic_other	10	3	False	0.0	0	False	False	False	False	0.0	False	False	False	False	False	False	0.0						False	False	False	False	False		0.0	0		False		False		False		False		False		False		False		False		0.0	0
rs17079910	3:48015657	3:48000000	core_exact_n10	moderate_0.2_0.5	neural_enriched	10	6	True	0.0	0	False	False	False	False	0.0	False	False	False	False	False	False	0.0						False	False	False	False	False		0.0	0		False		False		False		False		False		False		False		False		0.0	0
rs603772	18:76377699	18:76000000	core_exact_n10	moderate_0.2_0.5	systemic_other	10	3	True	0.0	0	False	False	False	False	0.0	False	False	False	False	False	False	0.0						False	False	False	False	False		0.0	0		False		False		False		False		False		False		False		False		0.0	0
rs9856004	3:130110768	3:130000000	core_exact_n10	moderate_0.2_0.5	systemic_other	10	2	False	0.0	0	False	False	False	False	0.0	False	False	False	False	False	False	0.0						False	False	False	False	False		0.0	0		False		False		False		False		False		False		False		False		0.0	0
rs1754153	1:43004677	1:43000000	core_exact_n10	hidden_lt0.2	neural_enriched	10	4	False	0.0	0	False	False	False	False	0.0	False	False	False	False	False	False	0.0						False	False	False	False	False		0.0	0		False		False		False		False		False		False		False		False		0.0	0
rs2066942	2:101829265	2:101500000	core_exact_n10	moderate_0.2_0.5	systemic_non_neural	10	5	True	0.0040762212484005	1	True	False	False	False	0.593530659996303	False	False	True	True	True	True	0.6664914488792419	MAP4K4	MAP4K4	MAP4K4	MAP4K4	MAP4K4	True	False	False	False	True	MAP4K4	0.913513952465579	5	genic	False		False		False		False		False		False		False		False		0.0	0
rs12542868	8:144204623	8:144000000	core_exact_n10	moderate_0.2_0.5	neural_enriched	10	6	True	0.0502330257638348	2	True	True	True	False	0.8228755085061948	True	True	True	True	True	True	0.540805459022522	MROH1	MROH1	MROH1	MROH1	MROH1	True	True	True	True	False		0.0	0		False		False		True	MROH1	True	MROH1	False		False		False		False		0.0	0
rs7981153	13:27259230	13:27000000	core_exact_n10	hidden_lt0.2	systemic_non_neural	10	8	True	0.0353054483121171	44	True	True	False	False	0.9996881907441167	True	True	True	True	True	True	0.81136554479599	USP12	USP12	USP12	USP12	USP12	True	True	True	True	False		0.0	0		False		False		False		False		False		False		False		False		0.0	0
rs1085952	4:72505983	4:72500000	core_exact_n10	hidden_lt0.2	neuro_systemic	10	6	True	0.0238126613563376	3	True	True	False	False	0.9569236998708088	True	True	True	True	True	True	0.9024836421012878	ADAMTS3	ADAMTS3	ADAMTS3	ADAMTS3	ADAMTS3	True	True	True	True	True	ADAMTS3	0.619787245800438	1	genic	False		False		False		False		False		False		False		False		0.0	0
rs551462	19:7850791	19:7500000	core_exact_n10	hidden_lt0.2	systemic_non_neural	10	7	False	0.0465323869737018	9	True	True	False	False	0.9702852958305496	True	True	False	False	False	False	0.0						False	False	False	False	False		0.0	0		False		False		False		False		False		False		False		False		0.0	0
rs1050096	1:23558170	1:23500000	core_exact_n10	hidden_lt0.2	neuro_systemic	10	7	True	0.0	0	False	False	False	False	0.0	False	False	False	False	False	False	0.0						False	False	False	False	False		0.0	0		False		False		False		False		False		False		False		False		0.0	0
rs397625	20:36677111	20:36500000	core_exact_n10	moderate_0.2_0.5	systemic_non_neural	10	6	True	0.1031674979725737	3	True	True	True	True	0.977717728231206	True	True	True	True	True	False	0.4888883829116821	NDRG3	NDRG3	NDRG3	NDRG3		False	False	False	False	False		0.0	0		False		False		False		False		False		False		False		False		0.0	0
rs3168891	14:36320523	14:36000000	core_exact_n10	hidden_lt0.2	systemic_other	10	4	False	0.0028803723028136	2	True	False	False	False	0.7232362317120471	True	False	False	False	False	False	0.0						False	False	False	False	False		0.0	0		False		False		False		False		False		False		False		False		0.0	0
rs1034097	9:97624164	9:97500000	core_exact_n10	moderate_0.2_0.5	neural_enriched	10	5	False	8.83730433474424e-05	1	True	False	False	False	0.0	False	False	False	False	False	False	0.0						False	False	False	False	False		0.0	0		False		False		False		False		False		False		False		False		0.0	0
rs28515716	9:136323950	9:136000000	core_exact_n10	moderate_0.2_0.5	systemic_other	10	4	False	0.6010751024564798	3	True	True	True	True	1.0	True	True	False	False	False	False	0.0						False	False	False	False	False		0.0	0		False		False		False		False		False		False		False		False		0.0	0
rs75434673	19:42501975	19:42500000	core_exact_n10	moderate_0.2_0.5	neuro_systemic	10	5	True	0.0	0	False	False	False	False	0.0	False	False	False	False	False	False	0.0						False	False	False	False	True	CEACAM1	0.80657185467625	2	intergenic	False		False		True	CEACAM1	False		False		False		False		False		0.0	0
rs114969196	2:95018999	2:95000000	core_exact_n10	hidden_lt0.2	neural_enriched	10	4	False	0.0	0	False	False	False	False	0.0	False	False	False	False	False	False	0.0						False	False	False	False	False		0.0	0		False		False		False		False		False		False		False		False		0.0	0
rs352428	8:28621375	8:28500000	core_exact_n10	hidden_lt0.2	neural_enriched	10	5	True	0.0	0	False	False	False	False	0.0	False	False	False	False	False	False	0.0						False	False	False	False	False		0.0	0		False		False		False		False		False		False		False		False		0.0	0
rs10880764	12:45244994	12:45000000	core_exact_n10	moderate_0.2_0.5	systemic_non_neural	10	7	False	0.0	0	False	False	False	False	0.0	False	False	False	False	False	False	0.0						False	False	False	False	False		0.0	0		False		False		False		False		False		False		False		False		0.0	0
rs4881337	10:483204	10:0	core_exact_n10	moderate_0.2_0.5	systemic_other	10	4	False	0.0	0	False	False	False	False	0.0	False	False	False	False	False	False	0.0						False	False	False	False	False		0.0	0		False		False		False		False		False		False		False		False		0.0	0
rs10745654	12:93484015	12:93000000	core_exact_n10	hidden_lt0.2	systemic_other	10	4	True	0.0122730734551137	2	True	True	False	False	0.5363380084231273	False	False	True	True	False	True	0.7024776339530945	MRPL42	MRPL42	MRPL42		MRPL42	True	True	True	True	False		0.0	0		False		False		True	MRPL42	False		False		False		False		False		0.0	0
rs1526267	9:99827463	9:99500000	core_exact_n10	hidden_lt0.2	systemic_other	10	5	False	0.1220983601251942	1	True	True	True	True	0.9284150270470368	True	True	False	False	False	False	0.0						False	False	False	False	False		0.0	0		False		False		False		False		False		False		False		False		0.0	0
rs12694096	2:207969503	2:207500000	core_exact_n10	moderate_0.2_0.5	systemic_other	10	4	False	0.0	0	False	False	False	False	0.0	False	False	False	False	False	False	0.0						False	False	False	False	False		0.0	0		False		False		False		False		False		False		False		False		0.0	0
rs7301631	12:104279484	12:104000000	core_exact_n10	moderate_0.2_0.5	neural_enriched	10	3	False	0.0	0	False	False	False	False	0.0	False	False	False	False	False	False	0.0						False	False	False	False	False		0.0	0		False		False		False		False		False		False		False		False		0.0	0
rs544043	3:146468402	3:146000000	core_exact_n10	moderate_0.2_0.5	systemic_other	10	4	False	0.0	0	False	False	False	False	0.0	False	False	False	False	False	False	0.0						False	False	False	False	False		0.0	0		False		False		False		False		False		False		False		False		0.0	0
rs12101574	15:71800167	15:71500000	core_exact_n10	hidden_lt0.2	systemic_non_neural	10	5	False	0.0	0	False	False	False	False	0.0	False	False	False	False	False	False	0.0						False	False	False	False	False		0.0	0		False		False		False		False		False		False		False		False		0.0	0
rs2150906	1:156815564	1:156500000	core_exact_n10	moderate_0.2_0.5	systemic_non_neural	10	5	True	0.0	0	False	False	False	False	0.6603463712304488	True	False	False	False	False	False	0.0						False	False	False	False	True	NTRK1	0.6172467480474834	1	genic	False		False		False		False		False		False		False		False		0.0	0
rs7144521	14:103074336	14:103000000	core_exact_n10	hidden_lt0.2	neural_enriched	10	5	False	0.0	0	False	False	False	False	0.0	False	False	False	False	False	False	0.0						False	False	False	False	False		0.0	0		False		False		False		False		False		False		False		False		0.0	0
rs79053063	12:112113161	12:112000000	core_exact_n10	hidden_lt0.2	neuro_systemic	10	5	False	0.0	0	False	False	False	False	0.609674464919436	True	False	False	False	False	False	0.0						False	False	False	False	False		0.0	0		False		False		False		False		False		False		False		False		0.0	0
rs12884423	14:34496082	14:34000000	core_exact_n10	moderate_0.2_0.5	systemic_non_neural	10	5	True	0.0	0	False	False	False	False	0.0	False	False	False	False	False	False	0.0						False	False	False	False	False		0.0	0		False		False		False		False		False		False		False		False		0.0	0
rs13197301	6:135497787	6:135000000	core_exact_n10	hidden_lt0.2	systemic_other	10	3	False	0.0	0	False	False	False	False	0.0	False	False	False	False	False	False	0.0						False	False	False	False	False		0.0	0		False		False		False		False		False		False		False		False		0.0	0
rs2905808	17:31166975	17:31000000	core_exact_n10	hidden_lt0.2	neural_enriched	10	5	True	0.11589396966043	24	True	True	True	True	0.9546240672899536	True	True	True	True	True	True	0.5972915291786194	NF1	NF1	NF1	NF1	NF1	True	True	True	True	False		0.0	0		False		False		False		False		False		False		False		False		0.0	0
rs1983592	22:27905496	22:27500000	core_exact_n10	moderate_0.2_0.5	systemic_other	10	3	False	0.0	0	False	False	False	False	0.0	False	False	False	False	False	False	0.0						False	False	False	False	False		0.0	0		False		False		False		False		False		False		False		False		0.0	0
rs2981081	8:73014627	8:73000000	core_exact_n10	hidden_lt0.2	neural_enriched	10	5	False	0.0	0	False	False	False	False	0.0	False	False	False	False	False	False	0.0						False	False	False	False	False		0.0	0		False		False		False		False		False		False		False		False		0.0	0
rs150163802	1:8007735	1:8000000	core_exact_n10	moderate_0.2_0.5	neuro_systemic	10	6	False	0.0	0	False	False	False	False	0.0	False	False	False	False	False	False	0.0						False	False	False	False	False		0.0	0		False		False		False		False		False		False		False		False		0.0	0
rs7304243	12:110224522	12:110000000	core_exact_n10	moderate_0.2_0.5	systemic_non_neural	10	6	True	0.9144998341069692	4	True	True	True	True	1.0	True	True	True	True	True	False	0.2461593896150589	ATP2A2;IFT81	ATP2A2;IFT81	IFT81	ATP2A2;IFT81		False	False	False	False	True	ATP2A2;IFT81	0.791211755893473	7	intergenic	False		False		False		False		False		False		False		False		0.0	0
rs6848246	4:98993868	4:98500000	core_exact_n10	hidden_lt0.2	systemic_non_neural	10	6	True	0.0495002495615873	1	True	True	False	False	0.965718705177224	True	True	False	False	False	False	0.0						True	True	True	False	False		0.0	0		False		False		False		False		False		False		False		False		0.0	0
rs2306426	1:37868646	1:37500000	core_exact_n10	moderate_0.2_0.5	systemic_other	10	4	True	0.062822131380055	19	True	True	True	False	0.9761949305811768	True	True	True	True	True	True	0.6045558452606201	INPP5B	INPP5B	INPP5B	INPP5B	INPP5B	True	True	True	True	False		0.0	0		False		False		True	INPP5B	False		False		False		False		False		0.0	0
rs4418597	1:206584745	1:206500000	core_exact_n10	hidden_lt0.2	neural_enriched	10	5	True	0.0	0	False	False	False	False	0.0	False	False	False	False	False	False	0.0						False	False	False	False	True	RASSF5	0.7866732391101502	3	genic	False		False		False		False		False		False		False		False		0.0	0
rs56825447	19:15298836	19:15000000	core_exact_n10	moderate_0.2_0.5	neural_enriched	10	5	True	0.2618750149944933	26	True	True	True	True	0.9747758952170194	True	True	True	True	False	False	0.2227429449558258	AKAP8L	AKAP8L	AKAP8L			False	False	False	False	False		0.0	0		False		False		False		False		False		False		False		False		0.0	0
rs72659157	1:21506964	1:21500000	core_exact_n10	hidden_lt0.2	neuro_systemic	10	7	False	0.1996239583685873	6	True	True	True	True	0.0	False	False	False	False	False	False	0.0						False	False	False	False	False		0.0	0		False		False		False		False		False		False		False		False		0.0	0
rs7195273	16:20890191	16:20500000	core_exact_n10	hidden_lt0.2	systemic_non_neural	10	7	True	0.0169901408688026	2	True	True	False	False	0.7946232394604898	True	False	True	False	False	True	0.1451371163129806	ERI2	ERI2			ERI2	True	True	True	True	False		0.0	0		False		False		False		False		False		True	ERI2	False		False		0.025532	2
rs4246269	12:104313784	12:104000000	core_exact_n10	moderate_0.2_0.5	neural_enriched	10	4	True	0.0	0	False	False	False	False	0.0	False	False	False	False	False	False	0.0						False	False	False	False	False		0.0	0		False		False		False		False		False		False		False		False		0.0	0
rs509112	1:85502912	1:85500000	core_exact_n10	hidden_lt0.2	neural_enriched	10	4	True	0.0	0	False	False	False	False	0.0	False	False	False	False	False	False	0.0						False	False	False	False	False		0.0	0		False		False		False		False		False		False		False		False		0.0	0
rs6721330	2:149002392	2:149000000	core_exact_n10	hidden_lt0.2	neural_enriched	10	5	True	0.0	0	False	False	False	False	0.0	False	False	False	False	False	False	0.0						False	False	False	False	False		0.0	0		False		False		False		False		False		False		False		False		0.0	0
rs633580	1:78097856	1:78000000	core_exact_n10	moderate_0.2_0.5	neural_enriched	10	4	False	0.0091692397005867	1	True	False	False	False	0.0	False	False	False	False	False	False	0.0						False	False	False	False	False		0.0	0		False		False		False		False		False		False		False		False		0.0	0
rs4809810	20:50705018	20:50500000	core_exact_n10	hidden_lt0.2	systemic_other	10	4	False	0.0	0	False	False	False	False	0.0	False	False	False	False	False	False	0.0						False	False	False	False	False		0.0	0		False		False		False		False		False		False		False		False		0.0	0
rs4682230	3:111077564	3:111000000	core_exact_n10	moderate_0.2_0.5	systemic_non_neural	10	5	False	0.0102213916569234	3	True	True	False	False	0.9531444142346432	True	True	False	False	False	False	0.0						False	False	False	False	False		0.0	0		False		False		False		False		False		False		False		False		0.0	0
rs8101252	19:52898603	19:52500000	core_exact_n10	moderate_0.2_0.5	neural_enriched	10	4	True	0.0	0	False	False	False	False	0.0	False	False	False	False	False	False	0.0						False	False	False	False	True	ZNF468	0.6961613303498935	1	intergenic	False		False		False		False		False		False		False		False		0.0	0
rs9812980	3:130095845	3:130000000	core_exact_n10	hidden_lt0.2	systemic_other	10	4	False	0.0	0	False	False	False	False	0.0	False	False	False	False	False	False	0.0						False	False	False	False	False		0.0	0		False		False		False		False		False		False		False		False		0.0	0
rs1275823	14:69726964	14:69500000	core_exact_n10	moderate_0.2_0.5	neural_enriched	10	3	True	0.0704608276980938	3	True	True	True	False	0.7860400266806387	True	False	True	True	True	True	0.8171605467796326	SUSD6	SUSD6	SUSD6	SUSD6	SUSD6	True	True	True	True	True	SUSD6	0.9259689278848316	153	intergenic	False		False		True	SUSD6	False		False		False		False		False		0.0	0
rs1257699	7:39988473	7:39500000	core_exact_n10	moderate_0.2_0.5	systemic_other	10	3	False	0.0163097333205885	5	True	True	False	False	0.9400055782802708	True	True	False	False	False	False	0.0						False	False	False	False	False		0.0	0		False		False		False		False		False		False		False		False		0.0	0
rs3789033	16:3789534	16:3500000	core_exact_n10	moderate_0.2_0.5	systemic_other	10	2	False	0.0	0	False	False	False	False	0.0	False	False	False	False	False	False	0.0						False	False	False	False	False		0.0	0		False		False		False		False		False		False		False		False		0.0	0
rs2120103	3:105800472	3:105500000	core_exact_n10	moderate_0.2_0.5	systemic_other	10	4	True	0.0	0	False	False	False	False	0.0	False	False	False	False	False	False	0.0						False	False	False	False	False		0.0	0		False		False		True	CBLB	False		False		False		False		False		0.0	0
rs41703	7:121003876	7:121000000	core_exact_n10	hidden_lt0.2	neuro_systemic	10	5	True	0.0	0	False	False	False	False	0.0	False	False	False	False	False	False	0.0						False	False	False	False	True	CPED1	0.9055350981543	5	genic	False		False		False		False		False		False		False		False		0.0	0
rs11211085	1:38001025	1:38000000	core_exact_n10	hidden_lt0.2	neural_enriched	10	6	True	0.0	0	False	False	False	False	0.0	False	False	False	False	False	False	0.0						False	False	False	False	True	SF3A3	0.9647517429168808	71	genic	False		False		False		False		False		False		False		False		0.0	0
rs1992024	7:15507958	7:15500000	core_exact_n10	moderate_0.2_0.5	mixed_trait_axis	10	7	False	0.0	0	False	False	False	False	0.0	False	False	False	False	False	False	0.0						False	False	False	False	False		0.0	0		False		False		False		False		False		False		False		False		0.0	0
rs11851236	14:64493913	14:64000000	core_exact_n10	moderate_0.2_0.5	systemic_other	10	4	True	0.0301402493268135	18	True	True	False	False	0.9191897586177477	True	True	True	True	True	True	0.8647724986076355	ZBTB1;ZBTB25	ZBTB1;ZBTB25	ZBTB25	ZBTB1;ZBTB25	ZBTB1;ZBTB25	True	True	True	True	False		0.0	0		False		False		True	ZBTB25	False		False		False		False		False		0.0	0
rs2136050	4:76388636	4:76000000	core_exact_n10	moderate_0.2_0.5	neural_enriched	10	5	True	3.64569114392252e-05	1	True	False	False	False	0.0	False	False	True	True	True	True	0.5143367052078247	FAM47E;SHROOM3;STBD1	FAM47E;SHROOM3;STBD1	SHROOM3	FAM47E;SHROOM3;STBD1	FAM47E;SHROOM3;STBD1	True	True	True	False	True	SHROOM3;STBD1	0.7466807941843622	2	genic	False		False		False		False		False		False		False		False		0.0	0
rs217665	14:61812190	14:61500000	core_exact_n10	moderate_0.2_0.5	systemic_other	10	4	True	0.0	0	False	False	False	False	0.0	False	False	False	False	False	False	0.0						False	False	False	False	True	SNAPC1	0.7705284425461847	2	intergenic	False		False		False		False		False		False		False		False		0.0	0
rs244888	5:168509901	5:168500000	core_exact_n10	hidden_lt0.2	neural_enriched	10	4	False	0.0	0	False	False	False	False	0.0	False	False	False	False	False	False	0.0						False	False	False	False	False		0.0	0		False		False		False		False		False		False		False		False		0.0	0
rs12103226	16:69179387	16:69000000	core_exact_n10	moderate_0.2_0.5	systemic_non_neural	10	5	True	0.019286377117463	6	True	True	False	False	0.9533739426409596	True	True	True	True	True	True	0.3256644308567047	CHTF8;PDF;SNTB2	CHTF8;PDF;SNTB2	SNTB2	CHTF8;PDF;SNTB2	CHTF8;PDF;SNTB2	True	True	True	True	True	CHTF8;SNTB2	0.990729057824138	94	intergenic	False		False		False		False		False		True	CHTF8	False		False		0.025107	2
rs17675073	6:11008416	6:11000000	core_exact_n10	hidden_lt0.2	systemic_other	10	5	False	0.0	0	False	False	False	False	0.0	False	False	False	False	False	False	0.0						False	False	False	False	False		0.0	0		False		False		False		False		False		False		False		False		0.0	0
rs10267348	7:1408552	7:1000000	core_exact_n10	moderate_0.2_0.5	systemic_other	10	3	False	0.093606019643031	2	True	True	True	False	0.8643279055871174	True	True	False	False	False	False	0.0						False	False	False	False	False		0.0	0		False		False		False		False		False		False		False		False		0.0	0
rs3124801	1:7690993	1:7500000	core_exact_n10	moderate_0.2_0.5	systemic_other	10	2	False	0.0	0	False	False	False	False	0.0	False	False	False	False	False	False	0.0						False	False	False	False	False		0.0	0		False		False		False		False		False		False		False		False		0.0	0
rs10038448	5:138180092	5:138000000	core_exact_n10	hidden_lt0.2	mixed_trait_axis	10	7	True	0.2376213116503366	17	True	True	True	True	0.9884392319801536	True	True	True	True	True	True	0.1171704307198524	CDC23;CDC25C;FAM53C	CDC23;CDC25C;FAM53C	FAM53C	CDC23	CDC23;CDC25C;FAM53C	True	True	True	False	False		0.0	0		False		False		False		False		False		False		False		False		0.0	0
rs7183862	15:80088994	15:80000000	core_exact_n10	moderate_0.2_0.5	neural_enriched	10	6	True	0.0	0	False	False	False	False	0.0	False	False	False	False	False	False	0.0						False	False	False	False	False		0.0	0		False		False		False		False		False		False		False		False		0.0	0
rs2497701	10:114499620	10:114000000	core_exact_n10	hidden_lt0.2	systemic_other	10	5	True	0.0	0	False	False	False	False	0.0	False	False	False	False	False	False	0.0						False	False	False	False	True	ABLIM1	0.9525911089133208	44	genic	False		False		False		False		False		False		False		False		0.0	0
rs4784436	16:54935612	16:54500000	core_exact_n10	hidden_lt0.2	systemic_non_neural	10	6	False	0.0237265130588913	1	True	True	False	False	0.0	False	False	False	False	False	False	0.0						False	False	False	False	False		0.0	0		False		False		False		False		False		False		False		False		0.0	0
rs12695512	3:129003239	3:129000000	core_exact_n10	hidden_lt0.2	neural_enriched	10	4	False	0.0	0	False	False	False	False	0.0	False	False	False	False	False	False	0.0						False	False	False	False	False		0.0	0		False		False		False		False		False		False		False		False		0.0	0
rs2287161	12:106987362	12:106500000	core_exact_n10	moderate_0.2_0.5	systemic_other	10	3	False	0.0	0	False	False	False	False	0.0	False	False	False	False	False	False	0.0						False	False	False	False	False		0.0	0		False		False		False		False		False		False		False		False		0.0	0
rs4872427	8:22228651	8:22000000	core_exact_n10	hidden_lt0.2	systemic_non_neural	10	5	True	0.0	0	False	False	False	False	0.0	False	False	False	False	False	False	0.0						False	False	False	False	True	BMP1	0.7940179706405577	3	genic	False		False		False		False		False		False		False		False		0.0	0
rs2182232	6:83082579	6:83000000	core_exact_n10	moderate_0.2_0.5	neural_enriched	10	5	False	0.0	0	False	False	False	False	0.0	False	False	False	False	False	False	0.0						False	False	False	False	False		0.0	0		False		False		False		False		False		False		False		False		0.0	0
rs6598861	1:26702773	1:26500000	core_exact_n10	moderate_0.2_0.5	neural_enriched	10	2	False	0.0	0	False	False	False	False	0.0	False	False	False	False	False	False	0.0						False	False	False	False	False		0.0	0		False		False		False		False		False		False		False		False		0.0	0
rs7087438	10:14967110	10:14500000	core_exact_n10	hidden_lt0.2	systemic_other	10	4	False	0.0	0	False	False	False	False	0.0	False	False	False	False	False	False	0.0						False	False	False	False	False		0.0	0		False		False		False		False		False		False		False		False		0.0	0
rs1660695	2:101219039	2:101000000	core_exact_n10	moderate_0.2_0.5	systemic_non_neural	10	6	True	0.0	0	False	False	False	False	0.5124499317679287	False	False	False	False	False	False	0.0						False	False	False	False	False		0.0	0		False		False		False		False		False		False		False		False		0.0	0
rs669538	1:32245759	1:32000000	core_exact_n10	moderate_0.2_0.5	neural_enriched	10	3	False	0.995928615698602	11	True	True	True	True	1.0	True	True	False	False	False	False	0.0						False	False	False	False	False		0.0	0		False		False		False		False		False		False		False		False		0.0	0
rs10080218	5:171982657	5:171500000	core_exact_n10	moderate_0.2_0.5	systemic_non_neural	10	6	False	0.0	0	False	False	False	False	0.0	False	False	False	False	False	False	0.0						False	False	False	False	False		0.0	0		False		False		False		False		False		False		False		False		0.0	0
rs629781	11:1890660	11:1500000	core_exact_n10	moderate_0.2_0.5	systemic_non_neural	10	5	True	0.0	0	False	False	False	False	0.0	False	False	False	False	False	False	0.0						False	False	False	False	True	LSP1;TNNT3	0.9886136478915984	91	genic	False		False		True	LSP1	False		False		False		False		False		0.0	0
rs2547362	19:53882566	19:53500000	core_exact_n10	moderate_0.2_0.5	systemic_other	10	5	False	0.0	0	False	False	False	False	0.0	False	False	False	False	False	False	0.0						False	False	False	False	False		0.0	0		False		False		False		False		False		False		False		False		0.0	0
rs2706475	15:44156311	15:44000000	core_exact_n10	hidden_lt0.2	neuro_systemic	10	8	True	0.0	0	False	False	False	False	0.0	False	False	False	False	False	False	0.0						False	False	False	False	False		0.0	0		False		False		False		False		False		False		False		False		0.0	0
rs6993904	8:140470231	8:140000000	core_exact_n10	moderate_0.2_0.5	neural_enriched	10	5	False	0.0	0	False	False	False	False	0.0	False	False	False	False	False	False	0.0						False	False	False	False	False		0.0	0		False		False		False		False		False		False		False		False		0.0	0
rs1147165	5:92914109	5:92500000	core_exact_n10	moderate_0.2_0.5	systemic_other	10	4	True	0.0	0	False	False	False	False	0.0	False	False	False	False	False	False	0.0						False	False	False	False	False		0.0	0		False		False		False		False		False		True	NR2F1	False		False		0.033527	3
rs13011223	2:196759567	2:196500000	core_exact_n10	moderate_0.2_0.5	neural_enriched	10	4	True	0.0142704541226589	1	True	True	False	False	0.6719511969860176	True	False	False	False	False	False	0.0						False	False	False	False	False		0.0	0		False		False		False		False		False		False		False		False		0.0	0
rs13826	14:34562906	14:34500000	core_exact_n10	moderate_0.2_0.5	neural_enriched	10	3	False	0.0	0	False	False	False	False	0.0	False	False	False	False	False	False	0.0						False	False	False	False	False		0.0	0		False		False		False		False		False		False		False		False		0.0	0
rs2286680	7:5995876	7:5500000	core_exact_n10	moderate_0.2_0.5	systemic_other	10	4	True	0.0	0	False	False	False	False	0.0	False	False	False	False	False	False	0.0						False	False	False	False	True	AIMP2;PMS2	0.8426058098689649	9	genic	False		False		True	AIMP2	False		False		False		False		False		0.0	0
rs451388	19:44002969	19:44000000	core_exact_n10	moderate_0.2_0.5	neural_enriched	10	5	True	0.0	0	False	False	False	False	0.0	False	False	False	False	False	False	0.0						False	False	False	False	False		0.0	0		False		False		False		False		False		False		False		False		0.0	0
rs8108009	19:1274540	19:1000000	core_exact_n10	moderate_0.2_0.5	systemic_non_neural	10	5	True	0.1274962094521407	2	True	True	True	True	0.0	False	False	True	False	True	True	0.4272986650466919	CIRBP	CIRBP		CIRBP	CIRBP	True	True	True	True	False		0.0	0		False		False		True	CIRBP	True	CIRBP	False		False		False		False		0.0	0
rs7535555	1:11996758	1:11500000	core_exact_n10	hidden_lt0.2	systemic_other	10	5	True	0.2105325322166891	2	True	True	True	True	0.9235282499230028	True	True	True	True	False	False	0.4218755066394806	MFN2	MFN2	MFN2			False	False	False	False	False		0.0	0		False		False		False		False		False		False		False		False		0.0	0
rs4785217	16:50555332	16:50500000	core_exact_n10	moderate_0.2_0.5	neural_enriched	10	5	False	0.0	0	False	False	False	False	0.0	False	False	False	False	False	False	0.0						False	False	False	False	False		0.0	0		False		False		False		False		False		False		False		False		0.0	0
rs4632183	17:7497129	17:7000000	core_exact_n10	moderate_0.2_0.5	neural_enriched	10	3	True	0.0282957641020318	15	True	True	False	False	0.9428980786631108	True	True	True	True	True	True	0.326083779335022	CHRNB1;FGF11;POLR2A;TNFSF12;ZBTB4	CHRNB1;FGF11;POLR2A;TNFSF12;ZBTB4	CHRNB1;POLR2A;ZBTB4	CHRNB1;FGF11;POLR2A;TNFSF12;ZBTB4	CHRNB1;FGF11;POLR2A;ZBTB4	True	True	True	True	True	TNFSF12	0.6258522565596671	1	genic	False		False		False		False		False		False		False		False		0.0	0
rs1440227	4:47830875	4:47500000	core_exact_n10	moderate_0.2_0.5	neural_enriched	10	4	True	0.0200823506396173	3	True	True	False	False	0.9839953579593748	True	True	True	True	True	True	0.4121773242950439	CORIN	CORIN	CORIN	CORIN	CORIN	True	True	True	False	True	CORIN	0.9726179965839766	22	genic	False		False		False		False		False		False		False		False		0.0	0
rs1705580	3:170279227	3:170000000	core_exact_n10	hidden_lt0.2	systemic_non_neural	10	8	True	0.0	0	False	False	False	False	0.0	False	False	False	False	False	False	0.0						False	False	False	False	False		0.0	0		False		False		False		False		False		False		False		False		0.0	0
rs1573606	19:45492798	19:45000000	core_exact_n10	moderate_0.2_0.5	systemic_other	10	4	True	0.0	0	False	False	False	False	0.0	False	False	False	False	False	False	0.0						False	False	False	False	False		0.0	0		False		False		False		False		False		False		False		False		0.0	0
rs11071827	15:65088080	15:65000000	core_exact_n10	hidden_lt0.2	systemic_non_neural	10	6	True	0.0	0	False	False	False	False	0.5583340187304056	False	False	False	False	False	False	0.0						False	False	False	False	True	PDCD7;RASL12	0.9819010468149144	53	intergenic	False		False		False		False		False		False		False		False		0.0	0
rs7593976	2:174489170	2:174000000	core_exact_n10	hidden_lt0.2	systemic_non_neural	10	6	True	0.0	0	False	False	False	False	0.0	False	False	False	False	False	False	0.0						False	False	False	False	False		0.0	0		False		False		False		False		False		False		False		False		0.0	0
rs9788908	16:22073022	16:22000000	core_exact_n10	hidden_lt0.2	systemic_other	10	2	True	0.0	0	False	False	False	False	0.0	False	False	False	False	False	False	0.0						False	False	False	False	False		0.0	0		False		False		True	UQCRC2	True	UQCRC2	False		False		False		False		0.0	0
rs1037593	12:122884582	12:122500000	core_exact_n10	moderate_0.2_0.5	systemic_non_neural	10	5	True	0.0010883431628791	1	True	False	False	False	0.0	False	False	True	False	True	True	0.1661308109760284	ABCB9	ABCB9		ABCB9	ABCB9	True	True	True	True	False		0.0	0		False		False		False		False		False		True	ABCB9	False		False		0.01558	3
rs7764	16:22333870	16:22000000	core_exact_n10	moderate_0.2_0.5	systemic_non_neural	10	6	False	0.0001673691074357	1	True	False	False	False	0.0	False	False	False	False	False	False	0.0						False	False	False	False	False		0.0	0		False		False		False		False		False		False		False		False		0.0	0
rs7459977	8:51747403	8:51500000	core_exact_n10	moderate_0.2_0.5	neural_enriched	10	3	True	0.0328967342357768	1	True	True	False	False	0.9936936752191992	True	True	True	True	True	True	0.7893872857093811	PXDNL	PXDNL	PXDNL	PXDNL	PXDNL	True	True	True	False	True	PXDNL	0.900152247702491	1	genic	False		False		False		False		False		False		False		False		0.0	0
rs10972856	9:36322624	9:36000000	core_exact_n10	hidden_lt0.2	neural_enriched	10	4	False	0.0	0	False	False	False	False	0.0	False	False	False	False	False	False	0.0						False	False	False	False	False		0.0	0		False		False		False		False		False		False		False		False		0.0	0
rs10498030	2:215000851	2:215000000	core_exact_n10	moderate_0.2_0.5	neuro_systemic	10	7	True	0.0	0	False	False	False	False	0.0	False	False	False	False	False	False	0.0						False	False	False	False	False		0.0	0		False		False		False		False		False		False		False		False		0.0	0
rs7303202	12:50746627	12:50500000	core_exact_n10	moderate_0.2_0.5	systemic_other	10	3	False	0.0	0	False	False	False	False	0.8907426514448126	True	True	False	False	False	False	0.0						False	False	False	False	False		0.0	0		False		False		False		False		False		False		False		False		0.0	0
rs11594185	10:110503085	10:110500000	core_exact_n10	moderate_0.2_0.5	neural_enriched	10	4	False	0.0658422048667202	7	True	True	True	False	0.8780647191600232	True	True	False	False	False	False	0.0						False	False	False	False	False		0.0	0		False		False		False		False		False		False		False		False		0.0	0
rs9652059	12:131897375	12:131500000	core_exact_n10	moderate_0.2_0.5	systemic_non_neural	10	7	False	0.0	0	False	False	False	False	0.0	False	False	False	False	False	False	0.0						False	False	False	False	False		0.0	0		False		False		False		False		False		False		False		False		0.0	0
rs6031772	20:44736231	20:44500000	core_exact_n10	moderate_0.2_0.5	systemic_non_neural	10	7	False	0.0	0	False	False	False	False	0.0	False	False	False	False	False	False	0.0						False	False	False	False	False		0.0	0		False		False		False		False		False		False		False		False		0.0	0
rs30822	16:58665786	16:58500000	core_exact_n10	moderate_0.2_0.5	systemic_other	10	2	True	0.0	0	False	False	False	False	0.0	False	False	False	False	False	False	0.0						False	False	False	False	True	SLC38A7	0.9251903075769238	10	genic	False		False		False		False		False		False		False		False		0.0	0
rs2741277	2:232476896	2:232000000	core_exact_n10	moderate_0.2_0.5	systemic_other	10	2	False	0.0	0	False	False	False	False	0.0	False	False	False	False	False	False	0.0						False	False	False	False	False		0.0	0		False		False		False		False		False		False		False		False		0.0	0
rs13241921	7:73840482	7:73500000	core_exact_n10	hidden_lt0.2	systemic_non_neural	10	6	True	0.006943842440269	5	True	False	False	False	0.7019750090634841	True	False	True	True	True	True	0.6782581210136414	ABHD11;CLDN4	ABHD11;CLDN4	CLDN4	ABHD11;CLDN4	ABHD11;CLDN4	True	True	True	True	True	CLDN4	0.902465602516345	12	genic	False		False		False		False		False		False		False		False		0.0	0
rs2453489	12:48865411	12:48500000	core_exact_n10	moderate_0.2_0.5	neural_enriched	10	3	True	0.0970566501614859	1	True	True	True	False	0.0	False	False	False	False	False	False	0.0						False	False	False	False	False		0.0	0		False		False		False		False		False		False		False		False		0.0	0
rs281798	3:193604087	3:193500000	core_exact_n10	hidden_lt0.2	systemic_other	10	6	False	0.0	0	False	False	False	False	0.0	False	False	False	False	False	False	0.0						False	False	False	False	False		0.0	0		False		False		False		False		False		False		False		False		0.0	0
rs241074	17:62995263	17:62500000	core_exact_n10	moderate_0.2_0.5	neural_enriched	10	4	False	0.0	0	False	False	False	False	0.0	False	False	False	False	False	False	0.0						False	False	False	False	False		0.0	0		False		False		False		False		False		False		False		False		0.0	0
rs1862648	16:22071566	16:22000000	core_exact_n10	moderate_0.2_0.5	systemic_other	10	3	True	0.0	0	False	False	False	False	0.0	False	False	False	False	False	False	0.0						False	False	False	False	False		0.0	0		False		False		True	UQCRC2	False		False		False		False		False		0.0	0
rs17652418	19:45999536	19:45500000	core_exact_n10	moderate_0.2_0.5	systemic_other	10	4	False	0.0	0	False	False	False	False	0.0	False	False	False	False	False	False	0.0						False	False	False	False	False		0.0	0		False		False		False		False		False		False		False		False		0.0	0
rs729313	11:9480200	11:9000000	core_exact_n10	moderate_0.2_0.5	systemic_non_neural	10	5	True	0.0122130467292137	2	True	True	False	False	0.8577089444083147	True	True	True	True	True	True	0.7052257657051086	ZNF143	ZNF143	ZNF143	ZNF143	ZNF143	True	True	True	True	False		0.0	0		False		False		False		False		False		False		False		False		0.0	0
rs1274493	12:56288587	12:56000000	core_exact_n10	moderate_0.2_0.5	systemic_non_neural	10	7	True	0.0514377170798078	78	True	True	True	False	0.9892817550191756	True	True	True	True	True	True	0.5742964148521423	ANKRD52;CNPY2;COQ10A;CS	ANKRD52;CNPY2;COQ10A;CS	CNPY2;COQ10A;CS	ANKRD52;CNPY2;COQ10A;CS	ANKRD52;CNPY2;CS	True	True	True	True	False		0.0	0		False		False		True	CNPY2;CS	False		False		False		False		False		0.0	0
rs116892143	16:2540416	16:2500000	core_exact_n10	moderate_0.2_0.5	neural_enriched	10	4	False	0.0	0	False	False	False	False	0.0	False	False	False	False	False	False	0.0						False	False	False	False	False		0.0	0		False		False		False		False		False		False		False		False		0.0	0
rs10152258	15:83107063	15:83000000	core_exact_n10	hidden_lt0.2	neuro_systemic	10	7	True	0.1799600040715762	1	True	True	True	True	0.879323942526041	True	True	True	False	False	False	0.0815624520182609	BTBD1	BTBD1				False	False	False	False	False		0.0	0		False		False		False		False		False		False		False		False		0.0	0
rs7496513	15:72998351	15:72500000	core_exact_n10	moderate_0.2_0.5	systemic_other	10	5	True	0.0	0	False	False	False	False	0.5875457071364317	False	False	False	False	False	False	0.0						False	False	False	False	True	NEO1	0.6163752665834825	1	intergenic	False		False		True	NEO1	False		False		False		False		False		0.0	0
rs215211	1:37493869	1:37000000	core_exact_n10	moderate_0.2_0.5	systemic_other	10	5	True	0.0202965985473352	1	True	True	False	False	0.8937230885979847	True	True	True	False	True	True	0.093773104250431	MEAF6	MEAF6		MEAF6	MEAF6	True	True	True	True	False		0.0	0		False		False		True	MEAF6	False		False		False		False		False		0.0	0
rs6507678	18:46184922	18:46000000	core_exact_n10	hidden_lt0.2	mixed_trait_axis	10	7	True	0.0012564604080812	1	True	False	False	False	0.7863147305347772	True	False	False	False	False	False	0.0						False	False	False	False	False		0.0	0		False		False		False		False		False		False		False		False		0.0	0
rs116862378	20:33512244	20:33500000	core_exact_n10	moderate_0.2_0.5	neural_enriched	10	4	False	0.0	0	False	False	False	False	0.0	False	False	False	False	False	False	0.0						False	False	False	False	False		0.0	0		False		False		False		False		False		False		False		False		0.0	0
rs9967820	2:178484500	2:178000000	core_exact_n10	moderate_0.2_0.5	systemic_other	10	4	True	0.0190580131578185	1	True	True	False	False	0.6684367646843375	True	False	True	False	True	True	0.4883926510810852	PRKRA	PRKRA		PRKRA	PRKRA	True	True	True	True	False		0.0	0		False		False		False		False		False		False		False		False		0.0	0
rs7560738	2:134661593	2:134500000	core_exact_n10	hidden_lt0.2	neural_enriched	10	5	True	0.0	0	False	False	False	False	0.0	False	False	False	False	False	False	0.0						False	False	False	False	False		0.0	0		False		False		False		False		False		False		False		False		0.0	0
rs11774193	8:33106451	8:33000000	core_exact_n10	moderate_0.2_0.5	neuro_systemic	10	7	True	0.0	0	False	False	False	False	0.0	False	False	False	False	False	False	0.0						False	False	False	False	False		0.0	0		False		False		False		False		False		False		False		False		0.0	0
rs4710052	6:158207173	6:158000000	core_exact_n10	hidden_lt0.2	systemic_other	10	3	True	0.0	0	False	False	False	False	0.0	False	False	False	False	False	False	0.0						False	False	False	False	False		0.0	0		False		False		True	GTF2H5	False		False		False		False		False		0.0	0
rs4718277	7:65770418	7:65500000	core_exact_n10	moderate_0.2_0.5	systemic_non_neural	10	5	True	0.0033625802618441	2	True	False	False	False	0.8208708232904994	True	True	True	True	True	True	0.5287042260169983	ASL;GUSB;VKORC1L1	ASL;GUSB;VKORC1L1	GUSB	ASL;GUSB;VKORC1L1	ASL;GUSB;VKORC1L1	True	True	True	True	True	VKORC1L1	0.7547783389382785	10	intergenic	False		False		True	ASL;GUSB	False		False		False		False		False		0.0	0
rs8005648	14:31294968	14:31000000	core_exact_n10	moderate_0.2_0.5	systemic_other	10	3	False	0.0086044519265635	1	True	False	False	False	0.703231427495671	True	False	False	False	False	False	0.0						False	False	False	False	False		0.0	0		False		False		False		False		False		False		False		False		0.0	0
rs8100676	19:14085080	19:14000000	core_exact_n10	moderate_0.2_0.5	systemic_other	10	4	False	0.0	0	False	False	False	False	0.0	False	False	False	False	False	False	0.0						False	False	False	False	False		0.0	0		False		False		False		False		False		False		False		False		0.0	0
rs6572668	14:50452653	14:50000000	core_exact_n10	moderate_0.2_0.5	systemic_non_neural	10	6	False	0.0	0	False	False	False	False	0.0	False	False	False	False	False	False	0.0						False	False	False	False	False		0.0	0		False		False		False		False		False		False		False		False		0.0	0
rs10403583	19:38801131	19:38500000	core_exact_n10	moderate_0.2_0.5	systemic_other	10	5	True	0.0	0	False	False	False	False	0.0	False	False	False	False	False	False	0.0						False	False	False	False	True	LGALS4	0.608960182062184	1	genic	False		False		False		False		False		False		False		False		0.0	0
rs2271666	2:86770425	2:86500000	core_exact_n10	hidden_lt0.2	neuro_systemic	10	6	True	0.0163652767214566	1	True	True	False	False	0.6678442599177464	True	False	True	True	True	True	0.6090187430381775	CD8A	CD8A	CD8A	CD8A	CD8A	True	True	True	True	True	CD8A	0.6542337087929812	1	genic	False		False		False		False		False		False		False		False		0.0	0
rs72934617	18:55000647	18:55000000	core_exact_n10	hidden_lt0.2	neuro_systemic	10	6	True	0.1105111101249094	2	True	True	True	True	0.0	False	False	True	True	True	True	0.8629870414733887	CCDC68	CCDC68	CCDC68	CCDC68	CCDC68	True	True	True	True	True	CCDC68	0.7910674830685588	1	intergenic	False		False		False		False		False		False		False		False		0.0	0
rs10411504	19:12642830	19:12500000	core_exact_n10	moderate_0.2_0.5	systemic_non_neural	10	5	False	0.0	0	False	False	False	False	0.5636382709451244	False	False	False	False	False	False	0.0						False	False	False	False	False		0.0	0		False		False		False		False		False		False		False		False		0.0	0
rs2272576	21:39312463	21:39000000	core_exact_n10	hidden_lt0.2	systemic_other	10	4	True	0.0132460617006159	12	True	True	False	False	0.8662487788341496	True	True	True	True	True	True	0.3577796816825866	HMGN1;PSMG1	HMGN1;PSMG1	PSMG1	HMGN1;PSMG1	HMGN1;PSMG1	True	True	True	True	True	HMGN1;PSMG1	0.9519371124214536	48	genic	False		False		False		False		False		False		False		False		0.0	0
rs4314746	9:124000849	9:124000000	core_exact_n10	hidden_lt0.2	neural_enriched	10	6	False	0.0	0	False	False	False	False	0.0	False	False	False	False	False	False	0.0						False	False	False	False	False		0.0	0		False		False		False		False		False		False		False		False		0.0	0
rs6021185	20:51407034	20:51000000	core_exact_n10	hidden_lt0.2	systemic_other	10	4	False	0.0	0	False	False	False	False	0.0	False	False	False	False	False	False	0.0						False	False	False	False	False		0.0	0		False		False		False		False		False		False		False		False		0.0	0
rs3108292	4:185217724	4:185000000	core_exact_n10	moderate_0.2_0.5	systemic_other	10	3	False	0.0	0	False	False	False	False	0.5771980241255054	False	False	False	False	False	False	0.0						False	False	False	False	False		0.0	0		False		False		False		False		False		False		False		False		0.0	0
rs4717104	7:73731709	7:73500000	core_exact_n10	hidden_lt0.2	neural_enriched	10	4	False	0.0	0	False	False	False	False	0.0	False	False	False	False	False	False	0.0						False	False	False	False	False		0.0	0		False		False		False		False		False		False		False		False		0.0	0
rs6592327	11:71781623	11:71500000	core_exact_n10	moderate_0.2_0.5	systemic_non_neural	10	5	True	0.0049169027164539	2	True	False	False	False	0.6366374257981162	True	False	False	False	False	False	0.0						True	True	True	False	False		0.0	0		False		False		False		False		False		False		False		False		0.0	0
rs2845835	11:125513189	11:125500000	core_exact_n10	moderate_0.2_0.5	neural_enriched	10	6	True	0.0	0	False	False	False	False	0.0	False	False	False	False	False	False	0.0						False	False	False	False	False		0.0	0		False		False		True	EI24	False		False		False		False		False		0.0	0
rs9819655	3:9846342	3:9500000	core_exact_n10	moderate_0.2_0.5	systemic_other	10	4	True	0.0	0	False	False	False	False	0.0	False	False	False	False	False	False	0.0						False	False	False	False	False		0.0	0		False		False		False		False		False		False		False		False		0.0	0
rs1545363	2:177486839	2:177000000	core_exact_n10	hidden_lt0.2	systemic_other	10	3	True	0.0079340747719548	7	True	False	False	False	0.8545809216810741	True	True	False	False	False	False	0.0						False	False	False	False	False		0.0	0		False		False		False		False		False		False		False		False		0.0	0
rs947660	1:156490516	1:156000000	core_exact_n10	hidden_lt0.2	systemic_other	10	4	True	0.0309060004440312	6	True	True	False	False	0.0	False	False	True	False	True	False	0.0604661628603935	MEF2D	MEF2D		MEF2D		False	False	False	False	True	MEF2D	0.9078087658565444	6	genic	False		False		False		False		False		False		False		False		0.0	0
rs45504994	2:36911322	2:36500000	core_exact_n10	moderate_0.2_0.5	neural_enriched	10	3	True	0.0963660414255833	224	True	True	True	False	0.9777558814997264	True	True	True	True	True	True	0.835206925868988	STRN	STRN	STRN	STRN	STRN	True	True	True	True	False		0.0	0		False		False		False		False		False		False		False		False		0.0	0
rs12695513	3:129003469	3:129000000	core_exact_n10	hidden_lt0.2	neural_enriched	10	4	False	0.0	0	False	False	False	False	0.0	False	False	False	False	False	False	0.0						False	False	False	False	False		0.0	0		False		False		False		False		False		False		False		False		0.0	0
rs7108861	11:17233454	11:17000000	core_exact_n10	moderate_0.2_0.5	systemic_non_neural	10	5	True	0.0268652469590632	1	True	True	False	False	0.0	False	False	True	True	True	True	0.8634790778160095	NUCB2	NUCB2	NUCB2	NUCB2	NUCB2	True	True	True	True	False		0.0	0		True	NUCB2	True	NUCB2	False		False		False		False		False		False		0.0	0
rs2420459	10:117497943	10:117000000	core_exact_n10	moderate_0.2_0.5	neural_enriched	10	4	True	0.0	0	False	False	False	False	0.0	False	False	False	False	False	False	0.0						False	False	False	False	False		0.0	0		False		False		False		False		False		False		False		False		0.0	0
rs1537434	13:27257301	13:27000000	core_exact_n10	moderate_0.2_0.5	systemic_other	10	2	True	0.0419758656368352	1	True	True	False	False	0.9720718593974348	True	True	True	True	True	False	0.2061109393835067	USP12	USP12	USP12	USP12		False	False	False	False	False		0.0	0		False		False		False		False		False		False		False		False		0.0	0
rs689639	17:74880025	17:74500000	core_exact_n10	hidden_lt0.2	systemic_other	10	4	False	0.0	0	False	False	False	False	0.0	False	False	False	False	False	False	0.0						False	False	False	False	False		0.0	0		False		False		False		False		False		False		False		False		0.0	0
rs4497730	17:79008273	17:79000000	core_exact_n10	moderate_0.2_0.5	systemic_non_neural	10	5	True	0.0	0	False	False	False	False	0.0	False	False	False	False	False	False	0.0						False	False	False	False	False		0.0	0		False		False		False		False		False		False		False		False		0.0	0
rs4147788	3:179613390	3:179500000	core_exact_n10	hidden_lt0.2	neuro_systemic	10	5	True	0.0	0	False	False	False	False	0.0	False	False	False	False	False	False	0.0						False	False	False	False	False		0.0	0		False		False		True	NDUFB5	False		False		False		False		False		0.0	0
rs9579950	13:20773245	13:20500000	core_exact_n10	moderate_0.2_0.5	systemic_other	10	2	True	0.0153654904383634	3	True	True	False	False	0.9840580250083174	True	True	True	True	True	True	0.4001063108444214	IL17D;XPO4	IL17D;XPO4	IL17D;XPO4	IL17D;XPO4	XPO4	True	True	True	False	False		0.0	0		False		False		False		False		False		False		False		False		0.0	0
rs4902241	14:63761633	14:63500000	core_exact_n10	moderate_0.2_0.5	neural_enriched	10	3	False	0.0	0	False	False	False	False	0.0	False	False	False	False	False	False	0.0						False	False	False	False	False		0.0	0		False		False		False		False		False		False		False		False		0.0	0
rs1108511	17:17823155	17:17500000	core_exact_n10	moderate_0.2_0.5	systemic_non_neural	10	6	True	0.0994041655282621	3	True	True	True	False	0.9234916920078492	True	True	False	False	False	False	0.0						True	True	True	True	False		0.0	0		False		False		False		False		False		False		False		False		0.0	0
rs613638	11:1889477	11:1500000	core_exact_n10	moderate_0.2_0.5	systemic_non_neural	10	5	True	0.0	0	False	False	False	False	0.0	False	False	False	False	False	False	0.0						False	False	False	False	True	LSP1;TNNT3	0.9886136478915984	93	genic	False		False		True	LSP1	False		False		False		False		False		0.0	0
rs7540604	1:42834164	1:42500000	core_exact_n10	hidden_lt0.2	neural_enriched	10	6	False	0.0	0	False	False	False	False	0.0	False	False	False	False	False	False	0.0						False	False	False	False	False		0.0	0		False		False		False		False		False		False		False		False		0.0	0
rs2239317	16:3870739	16:3500000	core_exact_n10	moderate_0.2_0.5	systemic_other	10	2	True	0.0	0	False	False	False	False	0.0	False	False	False	False	False	False	0.0						False	False	False	False	False		0.0	0		False		False		False		False		False		False		False		False		0.0	0
rs757822	7:101689868	7:101500000	core_exact_n10	moderate_0.2_0.5	systemic_non_neural	10	6	False	0.0072692491040159	1	True	False	False	False	0.0	False	False	False	False	False	False	0.0						False	False	False	False	False		0.0	0		False		False		False		False		False		False		False		False		0.0	0
rs4336843	1:38985716	1:38500000	core_exact_n10	moderate_0.2_0.5	systemic_non_neural	10	5	True	0.0	0	False	False	False	False	0.0	False	False	False	False	False	False	0.0						False	False	False	False	False		0.0	0		False		False		False		False		False		False		False		False		0.0	0
rs2277151	9:19376410	9:19000000	core_exact_n10	moderate_0.2_0.5	systemic_other	10	3	True	0.0	0	False	False	False	False	0.0	False	False	False	False	False	False	0.0						False	False	False	False	False		0.0	0		False		False		False		False		False		False		False		False		0.0	0
rs13082751	3:58999352	3:58500000	core_exact_n10	moderate_0.2_0.5	systemic_other	10	3	False	0.0	0	False	False	False	False	0.0	False	False	False	False	False	False	0.0						False	False	False	False	False		0.0	0		False		False		False		False		False		False		False		False		0.0	0
rs35694819	3:50515725	3:50500000	core_exact_n10	hidden_lt0.2	neuro_systemic	10	6	True	0.0	0	False	False	False	False	0.0	False	False	False	False	False	False	0.0						False	False	False	False	False		0.0	0		False		False		False		False		False		False		False		False		0.0	0
rs11829666	12:15698531	12:15500000	lower_recurrence_exact	moderate_0.2_0.5	systemic_non_neural	9	5	True	0.0	0	False	False	False	False	0.0	False	False	False	False	False	False	0.0						False	False	False	False	False		0.0	0		False		False		False		False		False		True	EPS8	False		False		0.039191	4
rs198688	2:157414448	2:157000000	lower_recurrence_exact	moderate_0.2_0.5	neuro_systemic	9	4	True	0.0	0	False	False	False	False	0.0	False	False	False	False	False	False	0.0						False	False	False	False	True	ERMN	0.7792960422332398	3	intergenic	False		False		False		False		False		False		False		False		0.0	0
rs4608108	8:47602961	8:47500000	lower_recurrence_exact	moderate_0.2_0.5	neuro_systemic	9	6	True	0.0286449953283358	3	True	True	False	False	0.9504223613333992	True	True	True	True	True	True	0.5236386060714722	SPIDR	SPIDR	SPIDR	SPIDR	SPIDR	True	True	True	True	False		0.0	0		False		False		False		False		False		False		False		False		0.0	0
rs7844777	8:57005811	8:57000000	lower_recurrence_exact	moderate_0.2_0.5	systemic_non_neural	9	5	False	0.0	0	False	False	False	False	0.0	False	False	False	False	False	False	0.0						False	False	False	False	False		0.0	0		False		False		False		False		False		False		False		False		0.0	0
rs4440516	7:73809711	7:73500000	lower_recurrence_exact	moderate_0.2_0.5	systemic_non_neural	9	6	True	0.0102006751086684	2	True	True	False	False	0.5997674484718883	False	False	True	True	True	True	0.5513584017753601	ABHD11;CLDN3;CLDN4	ABHD11;CLDN3;CLDN4	CLDN3;CLDN4	ABHD11;CLDN3;CLDN4	ABHD11;CLDN3;CLDN4	True	True	True	True	True	CLDN3;CLDN4	0.7334800846705781	9	intergenic	False		False		False		False		False		False		False		False		0.0	0
rs10784422	12:64818983	12:64500000	lower_recurrence_exact	moderate_0.2_0.5	systemic_non_neural	9	5	True	0.0339297194000705	5	True	True	False	False	0.9857616464961552	True	True	True	True	True	True	0.270476758480072	TBC1D30	TBC1D30	TBC1D30	TBC1D30	TBC1D30	True	True	True	False	True	TBC1D30	0.6739414410432822	2	intergenic	False		False		False		False		False		False		False		False		0.0	0
rs11670276	19:17483257	19:17000000	lower_recurrence_exact	moderate_0.2_0.5	systemic_non_neural	9	5	False	0.0	0	False	False	False	False	0.0	False	False	False	False	False	False	0.0						False	False	False	False	False		0.0	0		False		False		False		False		False		False		False		False		0.0	0
rs7758459	6:166333276	6:166000000	lower_recurrence_exact	moderate_0.2_0.5	systemic_non_neural	9	5	True	0.0	0	False	False	False	False	0.0	False	False	False	False	False	False	0.0						False	False	False	False	True	PRR18	0.8457636480162498	11	genic	False		False		False		False		False		False		False		False		0.0	0
rs2811793	9:136805512	9:136500000	lower_recurrence_exact	moderate_0.2_0.5	systemic_non_neural	9	5	True	0.0	0	False	False	False	False	0.0	False	False	False	False	False	False	0.0						False	False	False	False	False		0.0	0		False		False		True	RABL6	False		False		False		False		False		0.0	0
rs6733127	2:24102935	2:24000000	lower_recurrence_exact	moderate_0.2_0.5	neuro_systemic	9	4	True	0.2227801270675771	2	True	True	True	True	0.9727914160132426	True	True	True	False	False	True	0.0591628700494766	TP53I3	TP53I3			TP53I3	True	True	True	True	False		0.0	0		False		False		False		False		False		False		False		False		0.0	0
rs1195297	19:42175690	19:42000000	lower_recurrence_exact	moderate_0.2_0.5	systemic_non_neural	9	4	False	3.8524897085543e-05	1	True	False	False	False	0.0	False	False	False	False	False	False	0.0						False	False	False	False	False		0.0	0		False		False		False		False		False		False		False		False		0.0	0
rs2286206	7:2264351	7:2000000	lower_recurrence_exact	moderate_0.2_0.5	systemic_non_neural	9	5	False	0.0418214224174176	1	True	True	False	False	0.9562810782523486	True	True	False	False	False	False	0.0						False	False	False	False	False		0.0	0		False		False		False		False		False		False		False		False		0.0	0
rs10065302	5:126988743	5:126500000	lower_recurrence_exact	moderate_0.2_0.5	systemic_non_neural	9	4	True	0.02239233904841	6	True	True	False	False	0.8811655479435417	True	True	True	True	True	True	0.668976902961731	C5ORF63	C5ORF63	C5ORF63	C5ORF63	C5ORF63	True	True	True	True	True	C5ORF63	0.6586988600885701	1	genic	False		False		True	C5ORF63	False		False		False		False		False		0.0	0
rs6507686	18:23457770	18:23000000	lower_recurrence_exact	moderate_0.2_0.5	systemic_non_neural	9	5	True	0.0	0	False	False	False	False	0.0	False	False	False	False	False	False	0.0						False	False	False	False	False		0.0	0		False		False		False		False		False		False		False		False		0.0	0
rs7930014	11:113998634	11:113500000	lower_recurrence_exact	moderate_0.2_0.5	systemic_non_neural	9	5	False	0.0	0	False	False	False	False	0.0	False	False	False	False	False	False	0.0						False	False	False	False	False		0.0	0		False		False		False		False		False		False		False		False		0.0	0
rs1153744	2:181995007	2:181500000	lower_recurrence_exact	moderate_0.2_0.5	neuro_systemic	9	8	False	0.0	0	False	False	False	False	0.0	False	False	False	False	False	False	0.0						False	False	False	False	False		0.0	0		False		False		False		False		False		False		False		False		0.0	0
rs2059138	19:55476938	19:55000000	lower_recurrence_exact	moderate_0.2_0.5	systemic_non_neural	9	4	True	0.0	0	False	False	False	False	0.0	False	False	False	False	False	False	0.0						False	False	False	False	True	SSC5D	0.622746440550833	2	genic	False		False		False		False		False		False		False		False		0.0	0
rs9786963	1:1827587	1:1500000	lower_recurrence_exact	moderate_0.2_0.5	systemic_non_neural	9	5	False	1.6448068924772e-05	1	True	False	False	False	0.0	False	False	False	False	False	False	0.0						False	False	False	False	False		0.0	0		False		False		False		False		False		False		False		False		0.0	0
rs11086106	19:18350648	19:18000000	lower_recurrence_exact	moderate_0.2_0.5	neuro_systemic	9	5	True	0.0	0	False	False	False	False	0.0	False	False	False	False	False	False	0.0						False	False	False	False	False		0.0	0		False		False		False		False		False		False		False		False		0.0	0
rs7992256	13:51476388	13:51000000	lower_recurrence_exact	moderate_0.2_0.5	neuro_systemic	9	5	False	0.0	0	False	False	False	False	0.0	False	False	False	False	False	False	0.0						False	False	False	False	False		0.0	0		False		False		False		False		False		False		False		False		0.0	0
rs741413	22:20298576	22:20000000	lower_recurrence_exact	moderate_0.2_0.5	systemic_non_neural	9	7	True	0.0	0	False	False	False	False	0.0	False	False	False	False	False	False	0.0						False	False	False	False	True	DGCR6L	0.9723344343698566	58	intergenic	False		False		False		False		False		False		False		False		0.0	0
rs4839276	1:112982017	1:112500000	lower_recurrence_exact	moderate_0.2_0.5	systemic_non_neural	9	4	True	0.0082450167867485	5	True	False	False	False	0.9064731711223126	True	True	True	True	True	True	0.8380902409553528	SLC16A1	SLC16A1	SLC16A1	SLC16A1	SLC16A1	True	True	True	True	False		0.0	0		True	SLC16A1	True	SLC16A1	False		False		False		False		False		False		0.0	0
rs1003391	19:13101310	19:13000000	lower_recurrence_exact	moderate_0.2_0.5	systemic_non_neural	9	6	False	0.0	0	False	False	False	False	0.0	False	False	False	False	False	False	0.0						False	False	False	False	False		0.0	0		False		False		False		False		False		False		False		False		0.0	0
rs7102192	11:71937123	11:71500000	lower_recurrence_exact	moderate_0.2_0.5	systemic_non_neural	9	8	False	0.0048306158046093	1	True	False	False	False	0.984860660483311	True	True	False	False	False	False	0.0						False	False	False	False	False		0.0	0		False		False		False		False		False		False		False		False		0.0	0
rs2214565	17:56978993	17:56500000	lower_recurrence_exact	moderate_0.2_0.5	systemic_non_neural	9	6	False	0.0	0	False	False	False	False	0.0	False	False	False	False	False	False	0.0						False	False	False	False	False		0.0	0		False		False		False		False		False		False		False		False		0.0	0
rs358694	1:90936518	1:90500000	lower_recurrence_exact	moderate_0.2_0.5	neuro_systemic	9	5	False	0.0	0	False	False	False	False	0.0	False	False	False	False	False	False	0.0						False	False	False	False	False		0.0	0		False		False		False		False		False		False		False		False		0.0	0
rs6502776	17:1280170	17:1000000	lower_recurrence_exact	moderate_0.2_0.5	systemic_non_neural	9	4	False	0.0	0	False	False	False	False	0.0	False	False	False	False	False	False	0.0						False	False	False	False	False		0.0	0		False		False		False		False		False		False		False		False		0.0	0
rs6580870	12:52237529	12:52000000	lower_recurrence_exact	moderate_0.2_0.5	neuro_systemic	9	5	False	0.0	0	False	False	False	False	0.0	False	False	False	False	False	False	0.0						False	False	False	False	False		0.0	0		False		False		False		False		False		False		False		False		0.0	0
rs61962744	13:41008002	13:41000000	lower_recurrence_exact	moderate_0.2_0.5	neuro_systemic	9	6	False	0.0119750354264717	2	True	True	False	False	0.7493554319015342	True	False	False	False	False	False	0.0						False	False	False	False	False		0.0	0		False		False		False		False		False		False		False		False		0.0	0
rs1534243	7:102318043	7:102000000	lower_recurrence_exact	moderate_0.2_0.5	neuro_systemic	9	4	True	0.0	0	False	False	False	False	0.0	False	False	False	False	False	False	0.0						False	False	False	False	False		0.0	0		False		False		False		False		False		False		False		False		0.0	0
rs1685124	7:98853887	7:98500000	lower_recurrence_exact	moderate_0.2_0.5	systemic_non_neural	9	5	True	0.0	0	False	False	False	False	0.0	False	False	False	False	False	False	0.0						False	False	False	False	False		0.0	0		False		False		False		False		False		False		False		False		0.0	0
rs1152918	12:66242522	12:66000000	lower_recurrence_exact	moderate_0.2_0.5	neuro_systemic	9	5	True	0.0	0	False	False	False	False	0.0	False	False	False	False	False	False	0.0						False	False	False	False	False		0.0	0		False		False		False		False		False		False		False		False		0.0	0
rs4426446	18:21978918	18:21500000	lower_recurrence_exact	moderate_0.2_0.5	systemic_non_neural	9	5	False	0.0417819302266043	4	True	True	False	False	0.8292399400859247	True	True	False	False	False	False	0.0						False	False	False	False	False		0.0	0		False		False		False		False		False		False		False		False		0.0	0
rs12728955	1:51243850	1:51000000	lower_recurrence_exact	moderate_0.2_0.5	systemic_non_neural	9	4	True	0.0023451998496175	3	True	False	False	False	0.7589668397859133	True	False	False	False	False	False	0.0						False	False	False	False	False		0.0	0		False		False		False		False		False		False		False		False		0.0	0
rs11065687	12:110638018	12:110500000	lower_recurrence_exact	moderate_0.2_0.5	systemic_non_neural	9	4	True	0.2201853178184511	5	True	True	True	True	1.0	True	True	False	False	False	False	0.0						False	False	False	False	False		0.0	0		False		False		True	TRPV4	False		False		False		False		False		0.0	0
rs710489	3:188971825	3:188500000	lower_recurrence_exact	moderate_0.2_0.5	systemic_non_neural	9	4	False	0.0	0	False	False	False	False	0.0	False	False	False	False	False	False	0.0						False	False	False	False	False		0.0	0		False		False		False		False		False		False		False		False		0.0	0
rs757114	19:18859548	19:18500000	lower_recurrence_exact	moderate_0.2_0.5	systemic_non_neural	9	4	False	0.0002289894516921	1	True	False	False	False	0.0	False	False	False	False	False	False	0.0						False	False	False	False	False		0.0	0		False		False		False		False		False		False		False		False		0.0	0
rs2509158	11:70231855	11:70000000	lower_recurrence_exact	moderate_0.2_0.5	neuro_systemic	9	6	True	0.0035522872018934	1	True	False	False	False	0.0	False	False	True	False	True	False	0.0729712694883346	PPFIA1	PPFIA1		PPFIA1		False	False	False	False	False		0.0	0		False		False		True	PPFIA1	False		False		False		False		False		0.0	0
rs2618479	8:11498312	8:11000000	lower_recurrence_exact	moderate_0.2_0.5	systemic_non_neural	9	4	True	0.0309101258681741	9	True	True	False	False	0.9324517803091243	True	True	True	False	True	True	0.1632943004369735	FAM167A	FAM167A		FAM167A	FAM167A	True	True	True	True	True	FAM167A	0.6725457822871955	1	genic	False		False		False		False		False		False		False		False		0.0	0
rs7915565	10:70481325	10:70000000	lower_recurrence_exact	moderate_0.2_0.5	systemic_non_neural	9	4	False	0.0	0	False	False	False	False	0.0	False	False	False	False	False	False	0.0						False	False	False	False	False		0.0	0		False		False		False		False		False		False		False		False		0.0	0
rs7557756	2:131153308	2:131000000	lower_recurrence_exact	moderate_0.2_0.5	systemic_non_neural	9	5	False	0.0	0	False	False	False	False	0.0	False	False	False	False	False	False	0.0						False	False	False	False	False		0.0	0		False		False		False		False		False		False		False		False		0.0	0
rs3756399	5:69369982	5:69000000	lower_recurrence_exact	moderate_0.2_0.5	systemic_non_neural	9	5	True	0.0519479305420055	2	True	True	True	False	1.0	True	True	True	False	False	False	0.0711199268698692	CCDC125	CCDC125				False	False	False	False	False		0.0	0		False		False		False		False		False		False		False		False		0.0	0
rs4343077	12:15780257	12:15500000	lower_recurrence_exact	moderate_0.2_0.5	systemic_non_neural	9	6	False	0.0	0	False	False	False	False	0.0	False	False	False	False	False	False	0.0						False	False	False	False	False		0.0	0		False		False		False		False		False		False		False		False		0.0	0
rs987390	8:85635122	8:85500000	lower_recurrence_exact	moderate_0.2_0.5	systemic_non_neural	9	6	True	0.0	0	False	False	False	False	0.0	False	False	False	False	False	False	0.0						False	False	False	False	True	CA2	0.609777572046987	1	intergenic	False		False		False		False		False		False		False		False		0.0	0
rs10987807	9:127990752	9:127500000	lower_recurrence_exact	moderate_0.2_0.5	systemic_non_neural	9	5	False	0.0	0	False	False	False	False	0.5939641860927688	False	False	False	False	False	False	0.0						False	False	False	False	False		0.0	0		False		False		False		False		False		False		False		False		0.0	0
rs2052944	2:202969678	2:202500000	lower_recurrence_exact	moderate_0.2_0.5	systemic_non_neural	9	5	True	0.0	0	False	False	False	False	0.0	False	False	False	False	False	False	0.0						False	False	False	False	False		0.0	0		False		False		True	CARF;NBEAL1	False		False		False		False		False		0.0	0
rs2779734	9:127245402	9:127000000	lower_recurrence_exact	moderate_0.2_0.5	neuro_systemic	9	8	True	0.0	0	False	False	False	False	0.0	False	False	False	False	False	False	0.0						False	False	False	False	True	GARNL3	0.995117371744927	64	intergenic	False		False		False		False		False		False		False		False		0.0	0
rs6682873	1:101005350	1:101000000	lower_recurrence_exact	moderate_0.2_0.5	neuro_systemic	9	6	True	0.0	0	False	False	False	False	0.5898614407781859	False	False	False	False	False	False	0.0						False	False	False	False	False		0.0	0		False		False		False		False		False		False		False		False		0.0	0
rs4969331	17:80993115	17:80500000	lower_recurrence_exact	moderate_0.2_0.5	systemic_non_neural	9	4	False	0.0	0	False	False	False	False	0.0	False	False	False	False	False	False	0.0						False	False	False	False	False		0.0	0		False		False		False		False		False		False		False		False		0.0	0
rs892010	19:10928167	19:10500000	lower_recurrence_exact	moderate_0.2_0.5	systemic_non_neural	9	7	True	0.0	0	False	False	False	False	0.0	False	False	False	False	False	False	0.0						False	False	False	False	False		0.0	0		False		False		False		False		False		True	C19ORF38	False		False		0.023721	1
rs4927943	3:129260165	3:129000000	lower_recurrence_exact	moderate_0.2_0.5	neuro_systemic	9	6	False	0.0	0	False	False	False	False	0.0	False	False	False	False	False	False	0.0						False	False	False	False	False		0.0	0		False		False		False		False		False		False		False		False		0.0	0
rs4728160	7:129217331	7:129000000	lower_recurrence_exact	moderate_0.2_0.5	systemic_non_neural	9	5	False	0.0	0	False	False	False	False	0.0	False	False	False	False	False	False	0.0						False	False	False	False	False		0.0	0		False		False		False		False		False		False		False		False		0.0	0
rs7384178	7:102410192	7:102000000	lower_recurrence_exact	moderate_0.2_0.5	systemic_non_neural	9	4	True	0.0118924634546719	1	True	True	False	False	0.9686175917679024	True	True	True	False	True	True	0.1516959071159362	LRWD1;PRKRIP1	LRWD1;PRKRIP1		LRWD1;PRKRIP1	LRWD1;PRKRIP1	True	True	True	True	False		0.0	0		False		False		True	LRWD1;PRKRIP1	True	PRKRIP1	False		False		False		False		0.0	0
rs4801843	19:50655932	19:50500000	lower_recurrence_exact	moderate_0.2_0.5	systemic_non_neural	9	6	False	0.0	0	False	False	False	False	0.0	False	False	False	False	False	False	0.0						False	False	False	False	False		0.0	0		False		False		False		False		False		False		False		False		0.0	0
rs3824277	8:41489877	8:41000000	lower_recurrence_exact	moderate_0.2_0.5	neuro_systemic	9	4	True	0.0422243255313434	32	True	True	False	False	0.9903760880745768	True	True	False	False	False	False	0.0						True	True	True	True	False		0.0	0		False		False		False		False		False		False		False		False		0.0	0
rs7095983	10:84374498	10:84000000	lower_recurrence_exact	moderate_0.2_0.5	neuro_systemic	9	5	True	0.0037145256906116	1	True	False	False	False	0.5850608250669909	False	False	True	True	True	True	0.8289003968238831	CCSER2	CCSER2	CCSER2	CCSER2	CCSER2	True	True	True	True	False		0.0	0		False		False		True	CCSER2	False		False		False		False		False		0.0	0
rs7153036	14:63910830	14:63500000	lower_recurrence_exact	moderate_0.2_0.5	neuro_systemic	9	5	True	0.0	0	False	False	False	False	0.0	False	False	False	False	False	False	0.0						False	False	False	False	False		0.0	0		False		False		False		False		False		False		False		False		0.0	0
rs12674620	8:51755043	8:51500000	lower_recurrence_exact	moderate_0.2_0.5	neuro_systemic	9	4	True	0.0095569005312154	1	True	False	False	False	0.8889159458485236	True	True	True	True	True	True	0.7893872857093811	PXDNL	PXDNL	PXDNL	PXDNL	PXDNL	True	True	True	False	False		0.0	0		False		False		False		False		False		False		False		False		0.0	0
rs10421511	19:8469041	19:8000000	lower_recurrence_exact	moderate_0.2_0.5	systemic_non_neural	9	5	True	0.0089110133212438	1	True	False	False	False	0.8912479731222483	True	True	True	True	True	True	0.3108219504356384	PRAM1	PRAM1	PRAM1	PRAM1	PRAM1	True	True	True	True	False		0.0	0		False		False		False		False		False		False		False		False		0.0	0
rs637643	18:12857762	18:12500000	lower_recurrence_exact	moderate_0.2_0.5	systemic_non_neural	9	5	True	0.0152846069074468	1	True	True	False	False	0.8682874060574146	True	True	True	True	True	True	0.8748263120651245	PTPN2	PTPN2	PTPN2	PTPN2	PTPN2	True	True	True	True	False		0.0	0		False		False		False		False		False		True	PTPN2	False		False		0.034783	3
rs13087917	3:44478775	3:44000000	lower_recurrence_exact	moderate_0.2_0.5	systemic_non_neural	9	4	True	0.0	0	False	False	False	False	0.0	False	False	False	False	False	False	0.0						False	False	False	False	False		0.0	0		False		False		False		False		False		False		False		False		0.0	0
rs12946680	17:40324405	17:40000000	lower_recurrence_exact	moderate_0.2_0.5	systemic_non_neural	9	4	True	0.0436435014104821	7	True	True	False	False	0.7795904979940118	True	False	True	True	True	True	0.414129376411438	RARA	RARA	RARA	RARA	RARA	True	True	True	True	True	RARA	0.9019280672374068	12	genic	False		False		True	RARA	False		False		False		False		False		0.0	0
rs1997903	14:23300148	14:23000000	lower_recurrence_exact	moderate_0.2_0.5	neuro_systemic	9	5	False	0.0	0	False	False	False	False	0.0	False	False	False	False	False	False	0.0						False	False	False	False	False		0.0	0		False		False		False		False		False		False		False		False		0.0	0
rs12984915	19:17460329	19:17000000	lower_recurrence_exact	moderate_0.2_0.5	systemic_non_neural	9	5	True	0.0	0	False	False	False	False	0.0	False	False	False	False	False	False	0.0						False	False	False	False	False		0.0	0		False		False		False		False		False		False		False		False		0.0	0
rs2706527	17:74447053	17:74000000	lower_recurrence_exact	moderate_0.2_0.5	systemic_non_neural	9	5	True	0.1093506836809173	1	True	True	True	True	0.7391939046593875	True	False	True	True	True	True	0.9683484435081482	GPRC5C	GPRC5C	GPRC5C	GPRC5C	GPRC5C	True	True	True	True	True	GPRC5C	0.9540334755139386	70	genic	True	GPRC5C	True	GPRC5C	False		False		False		False		False		False		0.0	0
rs2270548	10:74082394	10:74000000	lower_recurrence_exact	moderate_0.2_0.5	neuro_systemic	9	4	True	0.1219986741141211	3	True	True	True	True	0.8227000007811018	True	True	True	True	True	True	0.8156715631484985	VCL	VCL	VCL	VCL	VCL	True	True	True	False	True	VCL	0.792981540506222	1	genic	False		False		False		False		False		False		False		False		0.0	0
rs10091017	8:47973910	8:47500000	lower_recurrence_exact	moderate_0.2_0.5	systemic_non_neural	9	4	True	0.0	0	False	False	False	False	0.0	False	False	False	False	False	False	0.0						False	False	False	False	False		0.0	0		False		False		False		False		False		False		False		False		0.0	0
rs7138367	12:968728	12:500000	lower_recurrence_exact	moderate_0.2_0.5	neuro_systemic	9	6	True	0.0	0	False	False	False	False	0.626418150379654	True	False	False	False	False	False	0.0						False	False	False	False	False		0.0	0		False		False		False		False		False		False		False		False		0.0	0
rs7207104	17:2481946	17:2000000	lower_recurrence_exact	moderate_0.2_0.5	systemic_non_neural	9	5	False	0.0	0	False	False	False	False	0.0	False	False	False	False	False	False	0.0						False	False	False	False	False		0.0	0		False		False		False		False		False		False		False		False		0.0	0
rs7212	1:145992816	1:145500000	lower_recurrence_exact	moderate_0.2_0.5	neuro_systemic	9	4	True	1.0	15	True	True	True	True	1.0	True	True	False	False	False	False	0.0						False	False	False	False	True	ANKRD34A	0.6609008106143124	1	genic	False		False		True	RBM8A	False		False		False		False		False		0.0	0
rs10891304	11:111983705	11:111500000	lower_recurrence_exact	moderate_0.2_0.5	systemic_other	9	4	True	0.0	0	False	False	False	False	0.0	False	False	False	False	False	False	0.0						False	False	False	False	True	C11ORF52;DLAT;HSPB2	0.8850036333700104	15	genic	False		False		False		False		False		False		False		False		0.0	0
rs6603083	19:8482573	19:8000000	lower_recurrence_exact	moderate_0.2_0.5	systemic_non_neural	9	5	True	0.0191465012108423	1	True	True	False	False	0.9638504213700404	True	True	True	False	True	True	0.2455763667821884	HNRNPM	HNRNPM		HNRNPM	HNRNPM	True	True	True	True	False		0.0	0		False		False		False		False		False		False		False		False		0.0	0
rs188364	5:168626131	5:168500000	lower_recurrence_exact	moderate_0.2_0.5	systemic_non_neural	9	6	False	0.9548255488349056	1	True	True	True	True	0.0	False	False	False	False	False	False	0.0						False	False	False	False	False		0.0	0		False		False		False		False		False		False		False		False		0.0	0
rs2100365	8:28021479	8:28000000	lower_recurrence_exact	moderate_0.2_0.5	neuro_systemic	9	5	False	0.0	0	False	False	False	False	0.0	False	False	False	False	False	False	0.0						False	False	False	False	False		0.0	0		False		False		False		False		False		False		False		False		0.0	0
rs10179543	2:88692973	2:88500000	lower_recurrence_exact	moderate_0.2_0.5	systemic_non_neural	9	4	True	0.0028650717117874	1	True	False	False	False	0.0	False	False	True	True	True	True	0.6460469365119934	EIF2AK3	EIF2AK3	EIF2AK3	EIF2AK3	EIF2AK3	True	True	True	True	False		0.0	0		True	EIF2AK3	True	EIF2AK3	True	EIF2AK3	True	EIF2AK3	False		False		False		False		0.0	0
rs12678954	8:140488457	8:140000000	lower_recurrence_exact	moderate_0.2_0.5	systemic_non_neural	9	5	True	0.0	0	False	False	False	False	0.0	False	False	False	False	False	False	0.0						False	False	False	False	False		0.0	0		False		False		False		False		False		False		False		False		0.0	0
rs556327	10:129949441	10:129500000	lower_recurrence_exact	moderate_0.2_0.5	systemic_non_neural	9	6	True	0.0	0	False	False	False	False	0.0	False	False	False	False	False	False	0.0						False	False	False	False	True	EBF3	0.948411184085565	12	genic	False		False		False		False		False		False		False		False		0.0	0
rs7004580	8:53871877	8:53500000	lower_recurrence_exact	moderate_0.2_0.5	systemic_non_neural	9	6	False	0.0597566828626995	1	True	True	True	False	0.7596608152009456	True	False	False	False	False	False	0.0						False	False	False	False	False		0.0	0		False		False		False		False		False		False		False		False		0.0	0
rs12599485	16:57160876	16:57000000	lower_recurrence_exact	moderate_0.2_0.5	systemic_non_neural	9	6	True	0.0	0	False	False	False	False	0.0	False	False	False	False	False	False	0.0						False	False	False	False	False		0.0	0		False		False		False		False		False		False		False		False		0.0	0
rs4701136	5:179598549	5:179500000	lower_recurrence_exact	moderate_0.2_0.5	systemic_non_neural	9	6	False	0.0	0	False	False	False	False	0.0	False	False	False	False	False	False	0.0						False	False	False	False	False		0.0	0		False		False		False		False		False		False		False		False		0.0	0
rs9930924	16:85497756	16:85000000	lower_recurrence_exact	moderate_0.2_0.5	systemic_non_neural	9	5	False	0.0	0	False	False	False	False	0.0	False	False	False	False	False	False	0.0						False	False	False	False	False		0.0	0		False		False		False		False		False		False		False		False		0.0	0
rs117705293	17:61007552	17:61000000	lower_recurrence_exact	moderate_0.2_0.5	neuro_systemic	9	5	False	0.2304810903674533	2	True	True	True	True	0.0	False	False	False	False	False	False	0.0						False	False	False	False	False		0.0	0		False		False		False		False		False		False		False		False		0.0	0
rs10846246	12:15898556	12:15500000	lower_recurrence_exact	moderate_0.2_0.5	systemic_non_neural	9	8	True	0.0	0	False	False	False	False	0.0	False	False	False	False	False	False	0.0						False	False	False	False	False		0.0	0		False		False		False		False		False		False		False		False		0.0	0
rs9916632	17:44990160	17:44500000	lower_recurrence_exact	moderate_0.2_0.5	neuro_systemic	9	4	True	0.1809956067545412	2	True	True	True	True	0.0	False	False	False	False	False	False	0.0						False	False	False	False	False		0.0	0		False		False		False		False		False		False		False		False		0.0	0
rs160580	17:3679301	17:3500000	lower_recurrence_exact	moderate_0.2_0.5	neuro_systemic	9	4	True	0.0	0	False	False	False	False	0.5372241394133654	False	False	False	False	False	False	0.0						False	False	False	False	False		0.0	0		False		False		False		False		False		False		False		False		0.0	0
rs11132816	4:169795857	4:169500000	lower_recurrence_exact	moderate_0.2_0.5	systemic_non_neural	9	4	False	0.0	0	False	False	False	False	0.0	False	False	False	False	False	False	0.0						False	False	False	False	False		0.0	0		False		False		False		False		False		False		False		False		0.0	0
rs2132302	11:18495370	11:18000000	lower_recurrence_exact	moderate_0.2_0.5	systemic_non_neural	9	5	False	0.0	0	False	False	False	False	0.0	False	False	False	False	False	False	0.0						False	False	False	False	False		0.0	0		False		False		False		False		False		False		False		False		0.0	0
rs873084	17:42778077	17:42500000	lower_recurrence_exact	moderate_0.2_0.5	systemic_non_neural	9	4	False	0.8930291316094121	1	True	True	True	True	0.0	False	False	False	False	False	False	0.0						False	False	False	False	False		0.0	0		False		False		False		False		False		False		False		False		0.0	0
rs1000354	17:45336085	17:45000000	lower_recurrence_exact	moderate_0.2_0.5	systemic_non_neural	9	5	True	0.8817825434499231	6	True	True	True	True	1.0	True	True	True	True	True	True	0.7420951128005981	MAP3K14	MAP3K14	MAP3K14	MAP3K14	MAP3K14	True	True	True	False	False		0.0	0		False		False		False		False		False		False		False		False		0.0	0
rs7934433	11:67315781	11:67000000	lower_recurrence_exact	moderate_0.2_0.5	systemic_non_neural	9	6	True	0.011185827618681	9	True	True	False	False	0.5051166610222045	False	False	True	True	True	True	0.4414180517196655	ANKRD13D;SSH3	ANKRD13D;SSH3	SSH3	ANKRD13D;SSH3	ANKRD13D;SSH3	True	True	True	True	False		0.0	0		False		False		True	SSH3	False		False		False		False		False		0.0	0
rs6928455	6:135496997	6:135000000	lower_recurrence_exact	moderate_0.2_0.5	systemic_non_neural	9	6	False	0.0	0	False	False	False	False	0.0	False	False	False	False	False	False	0.0						False	False	False	False	False		0.0	0		False		False		False		False		False		False		False		False		0.0	0
rs4962717	10:124998761	10:124500000	lower_recurrence_exact	moderate_0.2_0.5	systemic_non_neural	9	4	False	0.0938439628961252	1	True	True	True	False	0.9177357196712992	True	True	False	False	False	False	0.0						False	False	False	False	False		0.0	0		False		False		False		False		False		False		False		False		0.0	0
rs1999271	1:94235653	1:94000000	lower_recurrence_exact	moderate_0.2_0.5	systemic_non_neural	9	5	True	0.0283662671521494	3	True	True	False	False	0.7733355864446907	True	False	False	False	False	False	0.0						True	True	True	True	False		0.0	0		False		False		False		False		False		False		False		False		0.0	0
rs2967943	5:10376763	5:10000000	lower_recurrence_exact	moderate_0.2_0.5	systemic_non_neural	9	5	False	0.014914823236342	4	True	True	False	False	0.8965075676185462	True	True	False	False	False	False	0.0						False	False	False	False	False		0.0	0		False		False		False		False		False		False		False		False		0.0	0
rs2800443	6:157384568	6:157000000	lower_recurrence_exact	moderate_0.2_0.5	neuro_systemic	9	6	True	6.10068747722649e-05	1	True	False	False	False	0.7390371373223625	True	False	True	False	False	True	0.0594997517764568	TMEM242	TMEM242			TMEM242	True	False	False	False	False		0.0	0		False		False		False		False		False		False		False		False		0.0	0
rs254572	5:135099326	5:135000000	lower_recurrence_exact	moderate_0.2_0.5	neuro_systemic	9	4	True	0.0099317142050646	1	True	False	False	False	0.6077527257302127	True	False	True	True	True	False	0.5207784175872803	PITX1	PITX1	PITX1	PITX1		False	False	False	False	False		0.0	0		False		False		False		False		False		False		False		False		0.0	0
rs6990374	8:48502650	8:48500000	lower_recurrence_exact	moderate_0.2_0.5	neuro_systemic	9	4	False	0.0	0	False	False	False	False	0.0	False	False	False	False	False	False	0.0						False	False	False	False	False		0.0	0		False		False		False		False		False		False		False		False		0.0	0
rs4873478	8:47610734	8:47500000	lower_recurrence_exact	moderate_0.2_0.5	systemic_non_neural	9	7	True	0.021698349760073	1	True	True	False	False	0.75949955977693	True	False	True	False	True	True	0.1833321303129196	SPIDR	SPIDR		SPIDR	SPIDR	True	True	True	True	True	SPIDR	0.861220959929341	3	genic	False		False		False		False		False		False		False		False		0.0	0
rs643417	3:130895350	3:130500000	lower_recurrence_exact	moderate_0.2_0.5	systemic_non_neural	9	5	True	0.0	0	False	False	False	False	0.0	False	False	False	False	False	False	0.0						False	False	False	False	True	ATP2C1	0.9535450594710336	4	genic	False		False		False		False		False		False		False		False		0.0	0
rs4945027	11:75872946	11:75500000	lower_recurrence_exact	moderate_0.2_0.5	systemic_non_neural	9	7	False	0.0	0	False	False	False	False	0.0	False	False	False	False	False	False	0.0						False	False	False	False	False		0.0	0		False		False		False		False		False		False		False		False		0.0	0
rs318699	19:11390564	19:11000000	lower_recurrence_exact	moderate_0.2_0.5	systemic_non_neural	9	4	True	0.998132013057694	2	True	True	True	True	0.0	False	False	False	False	False	False	0.0						False	False	False	False	False		0.0	0		False		False		False		False		False		False		False		False		0.0	0
rs2012937	12:45280678	12:45000000	lower_recurrence_exact	moderate_0.2_0.5	systemic_non_neural	9	6	True	0.0	0	False	False	False	False	0.0	False	False	False	False	False	False	0.0						False	False	False	False	False		0.0	0		False		False		False		False		False		False		False		False		0.0	0
rs2010354	5:69360514	5:69000000	lower_recurrence_exact	moderate_0.2_0.5	systemic_non_neural	9	4	True	0.0388605951885075	2	True	True	False	False	0.9509979745208518	True	True	False	False	False	False	0.0						False	False	False	False	False		0.0	0		False		False		False		False		False		False		False		False		0.0	0
rs11071182	15:55352478	15:55000000	lower_recurrence_exact	moderate_0.2_0.5	systemic_non_neural	9	5	True	0.0058085835184702	2	True	False	False	False	0.6701915892022368	True	False	True	False	True	True	0.3845485150814056	CCPG1	CCPG1		CCPG1	CCPG1	True	True	True	False	False		0.0	0		False		False		False		False		False		False		False		False		0.0	0
rs9864069	3:149881995	3:149500000	lower_recurrence_exact	moderate_0.2_0.5	systemic_non_neural	9	6	True	0.005289201991619	1	True	False	False	False	0.7926271138864013	True	False	False	False	False	False	0.0						False	False	False	False	False		0.0	0		False		False		False		False		False		False		False		False		0.0	0
rs4701197	5:179701234	5:179500000	lower_recurrence_exact	moderate_0.2_0.5	systemic_non_neural	9	4	True	0.0878863580824231	13	True	True	True	False	0.9705764058077084	True	True	True	True	True	True	0.6999055743217468	CANX;MAML1	CANX;MAML1	CANX;MAML1	CANX;MAML1	CANX	True	True	True	True	False		0.0	0		False		False		False		False		False		False		False		False		0.0	0
rs6510417	19:34416425	19:34000000	lower_recurrence_exact	moderate_0.2_0.5	systemic_non_neural	9	7	False	0.0	0	False	False	False	False	0.5030469909348471	False	False	False	False	False	False	0.0						False	False	False	False	False		0.0	0		False		False		False		False		False		False		False		False		0.0	0
rs597695	8:29286998	8:29000000	lower_recurrence_exact	moderate_0.2_0.5	neural_enriched	9	4	True	0.0	0	False	False	False	False	0.0	False	False	False	False	False	False	0.0						False	False	False	False	True	KIF13B	0.9836453921227244	37	intergenic	False		False		False		False		False		False		False		False		0.0	0
rs153047	16:69276233	16:69000000	lower_recurrence_exact	moderate_0.2_0.5	neuro_systemic	9	5	True	0.0	0	False	False	False	False	0.0	False	False	False	False	False	False	0.0						False	False	False	False	True	SNTB2;VPS4A	0.888127806446578	34	genic	False		False		False		False		False		False		False		False		0.0	0
rs426885	17:77488932	17:77000000	lower_recurrence_exact	moderate_0.2_0.5	systemic_non_neural	9	5	False	0.0	0	False	False	False	False	0.0	False	False	False	False	False	False	0.0						False	False	False	False	False		0.0	0		False		False		False		False		False		False		False		False		0.0	0
rs2208384	1:235726796	1:235500000	lower_recurrence_exact	moderate_0.2_0.5	systemic_non_neural	9	5	False	0.0	0	False	False	False	False	0.8648105427874057	True	True	False	False	False	False	0.0						False	False	False	False	False		0.0	0		False		False		False		False		False		False		False		False		0.0	0
rs9517327	13:98502081	13:98500000	lower_recurrence_exact	moderate_0.2_0.5	systemic_non_neural	9	6	True	0.0	0	False	False	False	False	0.0	False	False	False	False	False	False	0.0						False	False	False	False	False		0.0	0		False		False		False		False		False		False		False		False		0.0	0
rs7321916	13:77502143	13:77500000	lower_recurrence_exact	moderate_0.2_0.5	neuro_systemic	9	6	False	0.0	0	False	False	False	False	0.0	False	False	False	False	False	False	0.0						False	False	False	False	False		0.0	0		False		False		False		False		False		False		False		False		0.0	0
rs577614	15:49153027	15:49000000	lower_recurrence_exact	moderate_0.2_0.5	systemic_non_neural	9	4	True	0.0	0	False	False	False	False	0.5483720205977064	False	False	False	False	False	False	0.0						False	False	False	False	False		0.0	0		False		False		False		False		False		False		False		False		0.0	0
rs11643790	16:57227234	16:57000000	lower_recurrence_exact	moderate_0.2_0.5	systemic_non_neural	9	6	True	0.0040717041308967	2	True	False	False	False	0.7869138154584695	True	False	True	True	True	True	0.1797686964273452	RSPRY1	RSPRY1	RSPRY1	RSPRY1	RSPRY1	True	True	True	True	False		0.0	0		False		False		False		False		False		True	RSPRY1	True	RSPRY1	False		0.081072	9
rs6970973	7:2266962	7:2000000	lower_recurrence_exact	moderate_0.2_0.5	systemic_non_neural	9	5	True	0.0474162246465419	1	True	True	False	False	0.967960242735034	True	True	True	False	True	False	0.2585859298706054	MRM2;NUDT1	MRM2;NUDT1		MRM2;NUDT1		False	False	False	False	False		0.0	0		False		False		False		False		False		False		False		False		0.0	0
rs4832084	2:84490191	2:84000000	lower_recurrence_exact	moderate_0.2_0.5	systemic_non_neural	9	5	True	0.0	0	False	False	False	False	0.0	False	False	False	False	False	False	0.0						False	False	False	False	False		0.0	0		False		False		False		False		False		False		False		False		0.0	0
rs17024879	1:215523742	1:215500000	lower_recurrence_exact	moderate_0.2_0.5	neuro_systemic	9	6	True	0.0	0	False	False	False	False	0.0	False	False	False	False	False	False	0.0						False	False	False	False	False		0.0	0		False		False		False		False		False		False		False		False		0.0	0
rs945836	9:128638786	9:128500000	lower_recurrence_exact	moderate_0.2_0.5	systemic_non_neural	9	4	True	0.0	0	False	False	False	False	0.0	False	False	False	False	False	False	0.0						False	False	False	False	False		0.0	0		False		False		False		False		False		False		False		False		0.0	0
rs2436636	12:51132163	12:51000000	lower_recurrence_exact	moderate_0.2_0.5	systemic_non_neural	9	4	False	0.0165655825971215	2	True	True	False	False	0.0	False	False	False	False	False	False	0.0						False	False	False	False	False		0.0	0		False		False		False		False		False		False		False		False		0.0	0
rs10851858	15:72593533	15:72500000	lower_recurrence_exact	moderate_0.2_0.5	systemic_non_neural	9	6	False	0.0316829627802498	4	True	True	False	False	0.9595750889460852	True	True	False	False	False	False	0.0						False	False	False	False	False		0.0	0		False		False		False		False		False		False		False		False		0.0	0
rs11078682	17:7492850	17:7000000	lower_recurrence_exact	moderate_0.2_0.5	systemic_non_neural	9	5	True	0.0320917578568801	16	True	True	False	False	0.943625594959348	True	True	True	True	True	True	0.2606676816940307	CHRNB1;FGF11;TNFSF12	CHRNB1;FGF11;TNFSF12	CHRNB1;FGF11	CHRNB1;FGF11;TNFSF12	CHRNB1;FGF11	True	True	True	True	False		0.0	0		False		False		False		False		False		False		False		False		0.0	0
rs7002456	8:124336936	8:124000000	lower_recurrence_exact	moderate_0.2_0.5	systemic_non_neural	9	5	True	0.0	0	False	False	False	False	0.0	False	False	False	False	False	False	0.0						False	False	False	False	False		0.0	0		False		False		False		False		False		False		False		False		0.0	0
rs7961653	12:51481916	12:51000000	lower_recurrence_exact	moderate_0.2_0.5	systemic_non_neural	9	6	True	0.0	0	False	False	False	False	0.0	False	False	False	False	False	False	0.0						False	False	False	False	False		0.0	0		False		False		False		False		False		False		False		False		0.0	0
rs642135	6:159094174	6:159000000	lower_recurrence_exact	moderate_0.2_0.5	neural_enriched	9	5	False	0.0	0	False	False	False	False	0.0	False	False	False	False	False	False	0.0						False	False	False	False	False		0.0	0		False		False		False		False		False		False		False		False		0.0	0
rs2313455	4:138114758	4:138000000	lower_recurrence_exact	moderate_0.2_0.5	systemic_non_neural	9	5	False	0.0	0	False	False	False	False	0.0	False	False	False	False	False	False	0.0						False	False	False	False	False		0.0	0		False		False		False		False		False		False		False		False		0.0	0
rs2035741	3:149882039	3:149500000	lower_recurrence_exact	moderate_0.2_0.5	systemic_non_neural	9	5	True	0.006552200268771	1	True	False	False	False	0.8133976024777582	True	True	False	False	False	False	0.0						False	False	False	False	False		0.0	0		False		False		False		False		False		False		False		False		0.0	0
rs8100021	19:46303373	19:46000000	lower_recurrence_exact	moderate_0.2_0.5	systemic_non_neural	9	6	True	0.0	0	False	False	False	False	0.0	False	False	False	False	False	False	0.0						False	False	False	False	True	PPP5C	0.761005945155157	2	genic	False		False		False		False		False		False		False		False		0.0	0
rs474548	11:63716104	11:63500000	lower_recurrence_exact	moderate_0.2_0.5	systemic_non_neural	9	6	True	0.0	0	False	False	False	False	0.0	False	False	False	False	False	False	0.0						False	False	False	False	False		0.0	0		False		False		False		False		False		False		False		False		0.0	0
rs4491281	12:51469859	12:51000000	lower_recurrence_exact	moderate_0.2_0.5	neuro_systemic	9	6	True	0.0	0	False	False	False	False	0.0	False	False	False	False	False	False	0.0						False	False	False	False	False		0.0	0		False		False		False		False		False		False		False		False		0.0	0
rs2071840	22:37485804	22:37000000	lower_recurrence_exact	moderate_0.2_0.5	systemic_non_neural	9	4	True	0.0	0	False	False	False	False	0.0	False	False	False	False	False	False	0.0						False	False	False	False	True	CARD10	0.9270044775859304	3	genic	False		False		False		False		False		False		False		False		0.0	0
rs850714	17:44340128	17:44000000	lower_recurrence_exact	moderate_0.2_0.5	systemic_non_neural	9	7	False	0.0	0	False	False	False	False	0.0	False	False	False	False	False	False	0.0						False	False	False	False	False		0.0	0		False		False		False		False		False		False		False		False		0.0	0
rs2530890	16:3854545	16:3500000	lower_recurrence_exact	moderate_0.2_0.5	neuro_systemic	9	4	False	0.1207873362049976	3	True	True	True	True	0.8890354599617777	True	True	False	False	False	False	0.0						False	False	False	False	False		0.0	0		False		False		False		False		False		False		False		False		0.0	0
rs11688934	2:25992165	2:25500000	lower_recurrence_exact	moderate_0.2_0.5	systemic_non_neural	9	4	True	0.0066602308569744	1	True	False	False	False	0.0	False	False	True	False	True	True	0.5604671239852905	RAB10	RAB10		RAB10	RAB10	True	True	True	True	False		0.0	0		False		False		False		False		False		False		False		False		0.0	0
rs2398669	7:2258436	7:2000000	lower_recurrence_exact	moderate_0.2_0.5	systemic_non_neural	9	5	False	0.0359786977864914	1	True	True	False	False	0.9413427616616532	True	True	False	False	False	False	0.0						False	False	False	False	False		0.0	0		False		False		False		False		False		False		False		False		0.0	0
rs958072	6:135506428	6:135500000	lower_recurrence_exact	moderate_0.2_0.5	systemic_non_neural	9	6	False	0.0	0	False	False	False	False	0.0	False	False	False	False	False	False	0.0						False	False	False	False	False		0.0	0		False		False		False		False		False		False		False		False		0.0	0
rs653030	9:86487391	9:86000000	lower_recurrence_exact	moderate_0.2_0.5	systemic_non_neural	9	5	False	0.0	0	False	False	False	False	0.8779350088568924	True	True	False	False	False	False	0.0						False	False	False	False	False		0.0	0		False		False		False		False		False		False		False		False		0.0	0
rs3100908	14:49892771	14:49500000	lower_recurrence_exact	moderate_0.2_0.5	systemic_non_neural	9	6	True	0.0	0	False	False	False	False	0.0	False	False	False	False	False	False	0.0						False	False	False	False	False		0.0	0		False		False		False		False		False		False		False		False		0.0	0
rs2811795	9:136806153	9:136500000	lower_recurrence_exact	moderate_0.2_0.5	systemic_non_neural	9	4	True	0.0	0	False	False	False	False	0.0	False	False	False	False	False	False	0.0						False	False	False	False	True	CCDC183;RABL6	0.9999692573188044	6	genic;promoter	False		False		True	RABL6	False		False		False		False		False		0.0	0
rs1267050	2:161205054	2:161000000	lower_recurrence_exact	moderate_0.2_0.5	systemic_non_neural	9	4	True	0.0092318299775692	2	True	False	False	False	0.7614252546483633	True	False	True	True	True	False	0.690980076789856	TANK	TANK	TANK	TANK		False	False	False	False	False		0.0	0		False		False		False		False		False		False		False		False		0.0	0
rs1659218	15:42323875	15:42000000	lower_recurrence_exact	moderate_0.2_0.5	systemic_non_neural	9	5	True	0.0102425862622974	5	True	True	False	False	0.8674576264303092	True	True	True	False	True	True	0.3182330727577209	GANC	GANC		GANC	GANC	True	True	True	True	False		0.0	0		False		False		False		False		False		False		False		False		0.0	0
rs1026395	12:122893274	12:122500000	lower_recurrence_exact	moderate_0.2_0.5	systemic_non_neural	9	4	False	0.0010279398472264	1	True	False	False	False	0.0	False	False	False	False	False	False	0.0						False	False	False	False	False		0.0	0		False		False		False		False		False		False		False		False		0.0	0
rs7659164	4:48127784	4:48000000	lower_recurrence_exact	moderate_0.2_0.5	neuro_systemic	9	5	True	0.0036596050081431	1	True	False	False	False	0.6462695586877334	True	False	False	False	False	False	0.0						False	False	False	False	True	TEC	0.6757693117260278	2	genic	False		False		False		False		False		False		False		False		0.0	0
rs8059926	16:1711318	16:1500000	lower_recurrence_exact	moderate_0.2_0.5	neuro_systemic	9	5	True	0.0	0	False	False	False	False	0.6646977052685817	True	False	False	False	False	False	0.0						False	False	False	False	False		0.0	0		False		False		False		False		False		False		False		False		0.0	0
rs35414723	15:34501263	15:34500000	lower_recurrence_exact	moderate_0.2_0.5	neuro_systemic	9	6	True	0.0	0	False	False	False	False	0.0	False	False	False	False	False	False	0.0						False	False	False	False	False		0.0	0		False		False		False		False		False		False		False		False		0.0	0
rs11072095	15:69399099	15:69000000	lower_recurrence_exact	moderate_0.2_0.5	systemic_non_neural	9	4	True	0.0001262139734579	1	True	False	False	False	0.0	False	False	False	False	False	False	0.0						True	False	False	False	False		0.0	0		False		False		False		False		False		False		False		False		0.0	0
rs7203206	16:46984250	16:46500000	lower_recurrence_exact	moderate_0.2_0.5	neuro_systemic	9	7	True	0.0	0	False	False	False	False	0.0	False	False	False	False	False	False	0.0						False	False	False	False	False		0.0	0		False		False		False		False		False		False		False		False		0.0	0
rs7044318	9:34555001	9:34500000	lower_recurrence_exact	moderate_0.2_0.5	neuro_systemic	9	5	True	0.0	0	False	False	False	False	0.0	False	False	False	False	False	False	0.0						False	False	False	False	True	CNTFR	0.7939768258672198	9	genic	False		False		False		False		False		False		False		False		0.0	0
rs3759825	15:69417347	15:69000000	lower_recurrence_exact	moderate_0.2_0.5	neuro_systemic	9	6	False	6.25401936805399e-05	1	True	False	False	False	0.0	False	False	False	False	False	False	0.0						False	False	False	False	False		0.0	0		False		False		False		False		False		False		False		False		0.0	0
rs2091767	12:54412985	12:54000000	lower_recurrence_exact	moderate_0.2_0.5	systemic_non_neural	9	5	False	0.0	0	False	False	False	False	0.0	False	False	False	False	False	False	0.0						False	False	False	False	False		0.0	0		False		False		False		False		False		False		False		False		0.0	0
rs1870639	6:56862021	6:56500000	lower_recurrence_exact	moderate_0.2_0.5	neuro_systemic	9	5	True	0.0	0	False	False	False	False	0.0	False	False	False	False	False	False	0.0						False	False	False	False	False		0.0	0		False		False		False		False		False		False		False		False		0.0	0
rs12732115	1:24709190	1:24500000	lower_recurrence_exact	moderate_0.2_0.5	systemic_non_neural	9	4	True	0.0708203373257197	14	True	True	True	False	0.5097073430141985	False	False	True	True	True	True	0.8644477725028992	CLIC4	CLIC4	CLIC4	CLIC4	CLIC4	True	True	True	True	True	CLIC4	0.6016851752165159	1	intergenic	False		False		False		False		False		False		False		False		0.0	0
rs299192	5:118980049	5:118500000	lower_recurrence_exact	moderate_0.2_0.5	systemic_non_neural	9	6	False	0.0	0	False	False	False	False	0.0	False	False	False	False	False	False	0.0						False	False	False	False	False		0.0	0		False		False		False		False		False		False		False		False		0.0	0
rs1534891	22:38299094	22:38000000	lower_recurrence_exact	moderate_0.2_0.5	neuro_systemic	9	5	True	0.0	0	False	False	False	False	0.0	False	False	False	False	False	False	0.0						False	False	False	False	True	CSNK1E	0.7864166624547059	3	genic	False		False		False		False		False		False		False		False		0.0	0
rs2772546	9:34668549	9:34500000	lower_recurrence_exact	moderate_0.2_0.5	systemic_non_neural	9	4	False	0.0	0	False	False	False	False	0.0	False	False	False	False	False	False	0.0						False	False	False	False	False		0.0	0		False		False		False		False		False		False		False		False		0.0	0
rs7513555	1:38006844	1:38000000	lower_recurrence_exact	moderate_0.2_0.5	systemic_non_neural	9	6	True	0.0	0	False	False	False	False	0.0	False	False	False	False	False	False	0.0						False	False	False	False	False		0.0	0		False		False		False		False		False		False		False		False		0.0	0
rs7953348	12:131900286	12:131500000	lower_recurrence_exact	moderate_0.2_0.5	systemic_non_neural	9	8	False	0.0	0	False	False	False	False	0.0	False	False	False	False	False	False	0.0						False	False	False	False	False		0.0	0		False		False		False		False		False		False		False		False		0.0	0
rs2992821	9:33487200	9:33000000	lower_recurrence_exact	moderate_0.2_0.5	systemic_non_neural	9	4	True	0.0	0	False	False	False	False	0.0	False	False	False	False	False	False	0.0						False	False	False	False	False		0.0	0		False		False		False		False		False		False		False		False		0.0	0
rs4806668	19:55385802	19:55000000	lower_recurrence_exact	moderate_0.2_0.5	neuro_systemic	9	4	True	0.0	0	False	False	False	False	0.0	False	False	False	False	False	False	0.0						False	False	False	False	False		0.0	0		False		False		False		False		False		False		False		False		0.0	0
rs820176	17:75736441	17:75500000	lower_recurrence_exact	moderate_0.2_0.5	systemic_non_neural	9	4	True	0.0	0	False	False	False	False	0.6312922102057211	True	False	False	False	False	False	0.0						False	False	False	False	True	ITGB4	0.8860372879806289	9	genic	False		False		True	SAP30BP	False		False		False		False		False		0.0	0
rs17770716	10:101814605	10:101500000	lower_recurrence_exact	moderate_0.2_0.5	systemic_non_neural	9	4	True	0.0806869216070918	1	True	True	True	False	0.0	False	False	False	False	False	False	0.0						False	False	False	False	False		0.0	0		False		False		False		False		False		False		False		False		0.0	0
rs8140958	22:37734465	22:37500000	lower_recurrence_exact	moderate_0.2_0.5	systemic_non_neural	9	5	True	0.0074412303723497	2	True	False	False	False	0.7816764827299201	True	False	False	False	False	False	0.0						False	False	False	False	False		0.0	0		False		False		False		False		False		False		False		False		0.0	0
rs10921307	1:193070251	1:193000000	lower_recurrence_exact	moderate_0.2_0.5	systemic_non_neural	9	5	False	0.0	0	False	False	False	False	0.0	False	False	False	False	False	False	0.0						False	False	False	False	False		0.0	0		False		False		False		False		False		False		False		False		0.0	0
rs10167775	2:112487093	2:112000000	lower_recurrence_exact	moderate_0.2_0.5	systemic_non_neural	8	6	True	0.0	0	False	False	False	False	0.0	False	False	False	False	False	False	0.0						False	False	False	False	False		0.0	0		False		False		True	CHCHD5	False		False		False		False		False		0.0	0
rs4266653	8:22311574	8:22000000	lower_recurrence_exact	moderate_0.2_0.5	neuro_systemic	8	5	False	0.0	0	False	False	False	False	0.0	False	False	False	False	False	False	0.0						False	False	False	False	False		0.0	0		False		False		False		False		False		False		False		False		0.0	0
rs266805	19:1376724	19:1000000	lower_recurrence_exact	moderate_0.2_0.5	neuro_systemic	8	5	False	0.0	0	False	False	False	False	0.0	False	False	False	False	False	False	0.0						False	False	False	False	False		0.0	0		False		False		False		False		False		False		False		False		0.0	0
rs1809421	15:78766230	15:78500000	lower_recurrence_exact	moderate_0.2_0.5	systemic_non_neural	8	4	False	0.0	0	False	False	False	False	0.5261281225971889	False	False	False	False	False	False	0.0						False	False	False	False	False		0.0	0		False		False		False		False		False		False		False		False		0.0	0
rs874885	10:101839568	10:101500000	lower_recurrence_exact	moderate_0.2_0.5	systemic_non_neural	8	5	True	1.0	25	True	True	True	True	0.978253314727876	True	True	True	True	True	True	0.4735138118267059	FGF8;HPS6;NPM3	FGF8;HPS6;NPM3	FGF8;NPM3	FGF8;NPM3	NPM3	True	True	True	True	False		0.0	0		False		False		True	NPM3	False		False		False		False		False		0.0	0
rs1581116	8:28989953	8:28500000	lower_recurrence_exact	moderate_0.2_0.5	neuro_systemic	8	5	False	0.0	0	False	False	False	False	0.0	False	False	False	False	False	False	0.0						False	False	False	False	False		0.0	0		False		False		False		False		False		False		False		False		0.0	0
rs4267812	4:141377548	4:141000000	lower_recurrence_exact	moderate_0.2_0.5	systemic_non_neural	8	6	False	0.0	0	False	False	False	False	0.0	False	False	False	False	False	False	0.0						False	False	False	False	False		0.0	0		False		False		False		False		False		False		False		False		0.0	0
rs806743	16:72398090	16:72000000	lower_recurrence_exact	moderate_0.2_0.5	neuro_systemic	8	6	False	0.0403297225974685	8	True	True	False	False	0.654108665431097	True	False	False	False	False	False	0.0						False	False	False	False	False		0.0	0		False		False		False		False		False		False		False		False		0.0	0
rs4957524	5:106957562	5:106500000	lower_recurrence_exact	moderate_0.2_0.5	neuro_systemic	8	4	False	0.0	0	False	False	False	False	0.0	False	False	False	False	False	False	0.0						False	False	False	False	False		0.0	0		False		False		False		False		False		False		False		False		0.0	0
rs198609	13:48404009	13:48000000	lower_recurrence_exact	moderate_0.2_0.5	systemic_non_neural	8	4	False	0.0014413921835891	1	True	False	False	False	0.5710466797394866	False	False	False	False	False	False	0.0						False	False	False	False	False		0.0	0		False		False		False		False		False		False		False		False		0.0	0
rs938966	8:123240569	8:123000000	lower_recurrence_exact	moderate_0.2_0.5	neuro_systemic	8	5	False	0.0	0	False	False	False	False	0.0	False	False	False	False	False	False	0.0						False	False	False	False	False		0.0	0		False		False		False		False		False		False		False		False		0.0	0
rs3788374	22:24558864	22:24500000	lower_recurrence_exact	moderate_0.2_0.5	neuro_systemic	8	4	True	0.0480881220940053	1	True	True	False	False	0.9904017982387274	True	True	True	False	True	False	0.0657692477107048	LRRC75B	LRRC75B		LRRC75B		True	True	True	False	False		0.0	0		False		False		False		False		False		False		False		False		0.0	0
rs2298045	9:128640817	9:128500000	lower_recurrence_exact	moderate_0.2_0.5	neuro_systemic	8	5	False	0.0	0	False	False	False	False	0.0	False	False	False	False	False	False	0.0						False	False	False	False	False		0.0	0		False		False		False		False		False		False		False		False		0.0	0
rs11687113	2:95992840	2:95500000	lower_recurrence_exact	moderate_0.2_0.5	systemic_non_neural	8	4	True	0.0280132557405385	16	True	True	False	False	0.8927273269159605	True	True	True	True	True	True	0.2988905906677246	ADRA2B;ASTL;CIAO1;STARD7	ADRA2B;ASTL;CIAO1;STARD7	CIAO1	ADRA2B;ASTL;CIAO1	ADRA2B;ASTL;CIAO1;STARD7	True	True	True	True	False		0.0	0		False		False		True	STARD7	False		False		False		False		False		0.0	0
rs2320624	2:95190863	2:95000000	lower_recurrence_exact	moderate_0.2_0.5	systemic_non_neural	8	4	True	0.0013208228967389	2	True	False	False	False	0.5292592326614326	False	False	True	False	True	True	0.0609664022922515	KCNIP3	KCNIP3		KCNIP3	KCNIP3	True	True	False	False	False		0.0	0		False		False		False		False		False		False		False		False		0.0	0
rs12494043	3:188946721	3:188500000	lower_recurrence_exact	moderate_0.2_0.5	neuro_systemic	8	5	False	0.0	0	False	False	False	False	0.0	False	False	False	False	False	False	0.0						False	False	False	False	False		0.0	0		False		False		False		False		False		False		False		False		0.0	0
rs112417609	17:31012891	17:31000000	lower_recurrence_exact	moderate_0.2_0.5	neuro_systemic	8	4	True	0.0	0	False	False	False	False	0.5343842177757766	False	False	False	False	False	False	0.0						False	False	False	False	False		0.0	0		False		False		False		False		False		False		False		False		0.0	0
rs4255775	16:57812939	16:57500000	lower_recurrence_exact	moderate_0.2_0.5	systemic_non_neural	8	4	True	0.0	0	False	False	False	False	0.0	False	False	False	False	False	False	0.0						False	False	False	False	True	KIFC3	0.9504921641740836	5	intergenic	False		False		False		False		False		False		False		False		0.0	0
rs339680	3:42756268	3:42500000	lower_recurrence_exact	moderate_0.2_0.5	systemic_non_neural	8	5	True	0.0	0	False	False	False	False	0.0	False	False	False	False	False	False	0.0						False	False	False	False	False		0.0	0		False		False		False		False		False		False		False		False		0.0	0
rs6564201	16:75061797	16:75000000	lower_recurrence_exact	moderate_0.2_0.5	neuro_systemic	8	4	True	0.0	0	False	False	False	False	0.0	False	False	False	False	False	False	0.0						False	False	False	False	True	ZNRF1	0.6347863312338017	1	genic	False		False		False		False		False		False		False		False		0.0	0
rs1253784	11:67165939	11:67000000	lower_recurrence_exact	moderate_0.2_0.5	systemic_non_neural	8	5	False	0.0	0	False	False	False	False	0.0	False	False	False	False	False	False	0.0						False	False	False	False	False		0.0	0		False		False		False		False		False		False		False		False		0.0	0
rs4453029	1:156478469	1:156000000	lower_recurrence_exact	moderate_0.2_0.5	systemic_non_neural	8	4	True	0.0165356961385894	3	True	True	False	False	0.0	False	False	True	False	True	False	0.0604661628603935	MEF2D	MEF2D		MEF2D		False	False	False	False	False		0.0	0		False		False		False		False		False		True	MEF2D	True	MEF2D	False		0.082714	17
rs3802888	11:46494352	11:46000000	lower_recurrence_exact	moderate_0.2_0.5	systemic_non_neural	8	4	True	0.0207481625204861	52	True	True	False	False	0.970608525787238	True	True	True	False	True	True	0.1301232576370239	ATG13	ATG13		ATG13	ATG13	True	True	True	True	False		0.0	0		False		False		True	ATG13	False		False		False		False		False		0.0	0
rs56295335	1:10002030	1:10000000	lower_recurrence_exact	moderate_0.2_0.5	neuro_systemic	8	5	False	0.2998728899619958	1	True	True	True	True	0.0	False	False	False	False	False	False	0.0						False	False	False	False	False		0.0	0		False		False		False		False		False		False		False		False		0.0	0
rs3769025	2:134919591	2:134500000	lower_recurrence_exact	moderate_0.2_0.5	neuro_systemic	8	4	True	0.1124456296100971	1	True	True	True	True	0.8610757920620569	True	True	False	False	False	False	0.0						False	False	False	False	False		0.0	0		False		False		False		False		False		False		False		False		0.0	0
rs3783694	14:58427859	14:58000000	lower_recurrence_exact	moderate_0.2_0.5	systemic_non_neural	8	4	True	0.0	0	False	False	False	False	0.5492876277214886	False	False	False	False	False	False	0.0						False	False	False	False	False		0.0	0		False		False		False		False		False		False		False		False		0.0	0
rs9900880	17:29222788	17:29000000	lower_recurrence_exact	moderate_0.2_0.5	neuro_systemic	8	4	True	0.011969522777951	2	True	True	False	False	0.7869387584009488	True	False	True	True	True	True	0.6766722202301025	MYO18A;NUFIP2	MYO18A;NUFIP2	NUFIP2	MYO18A;NUFIP2	MYO18A	True	True	False	False	False		0.0	0		False		False		False		False		False		False		False		False		0.0	0
rs6542109	2:112999244	2:112500000	lower_recurrence_exact	moderate_0.2_0.5	neuro_systemic	8	4	True	0.0	0	False	False	False	False	0.0	False	False	False	False	False	False	0.0						False	False	False	False	False		0.0	0		False		False		False		False		False		False		False		False		0.0	0
rs10804108	2:200832517	2:200500000	lower_recurrence_exact	moderate_0.2_0.5	systemic_non_neural	8	6	False	0.0	0	False	False	False	False	0.0	False	False	False	False	False	False	0.0						False	False	False	False	False		0.0	0		False		False		False		False		False		False		False		False		0.0	0
rs13123618	4:109449711	4:109000000	lower_recurrence_exact	moderate_0.2_0.5	systemic_non_neural	8	4	True	0.0054006431193477	1	True	False	False	False	0.0	False	False	True	True	True	True	0.7837043404579163	SEC24B	SEC24B	SEC24B	SEC24B	SEC24B	True	True	True	True	False		0.0	0		False		False		False		False		False		False		False		False		0.0	0
rs7596494	2:25993251	2:25500000	lower_recurrence_exact	moderate_0.2_0.5	systemic_non_neural	8	5	True	0.0	0	False	False	False	False	0.0	False	False	False	False	False	False	0.0						False	False	False	False	False		0.0	0		False		False		False		False		False		False		False		False		0.0	0
rs6725958	2:215397898	2:215000000	lower_recurrence_exact	moderate_0.2_0.5	neuro_systemic	8	4	True	0.0067800434209553	2	True	False	False	False	0.5180117081218	False	False	True	True	True	True	0.8270619511604309	FN1	FN1	FN1	FN1	FN1	True	True	True	True	True	FN1	0.8254462612399781	3	genic	False		False		False		False		False		False		False		False		0.0	0
rs1803415	20:1118880	20:1000000	lower_recurrence_exact	moderate_0.2_0.5	systemic_non_neural	8	6	False	0.0428010968575172	1	True	True	False	False	0.9762779648435036	True	True	False	False	False	False	0.0						False	False	False	False	False		0.0	0		False		False		False		False		False		False		False		False		0.0	0
rs11771844	7:150978822	7:150500000	lower_recurrence_exact	moderate_0.2_0.5	systemic_non_neural	8	5	False	0.0	0	False	False	False	False	0.0	False	False	False	False	False	False	0.0						False	False	False	False	False		0.0	0		False		False		False		False		False		False		False		False		0.0	0
rs7508561	19:8483613	19:8000000	lower_recurrence_exact	moderate_0.2_0.5	systemic_non_neural	8	5	False	0.0191667915177978	1	True	True	False	False	0.963940701188352	True	True	False	False	False	False	0.0						False	False	False	False	False		0.0	0		False		False		False		False		False		False		False		False		0.0	0
rs10144292	14:60819774	14:60500000	lower_recurrence_exact	moderate_0.2_0.5	neuro_systemic	8	7	True	0.0375532023935775	2	True	True	False	False	0.7660059701963771	True	False	True	False	True	False	0.1009189635515213	SIX1	SIX1		SIX1		False	False	False	False	False		0.0	0		False		False		False		False		False		False		False		False		0.0	0
rs6765948	3:111016708	3:111000000	lower_recurrence_exact	moderate_0.2_0.5	neuro_systemic	8	5	True	0.0061215515375224	3	True	False	False	False	0.9050493883567104	True	True	True	True	True	True	0.8212538361549377	NECTIN3	NECTIN3	NECTIN3	NECTIN3	NECTIN3	True	True	True	False	False		0.0	0		False		False		False		False		False		False		False		False		0.0	0
rs9306158	21:46667387	21:46500000	lower_recurrence_exact	moderate_0.2_0.5	systemic_non_neural	8	4	True	0.0	0	False	False	False	False	0.0	False	False	False	False	False	False	0.0						False	False	False	False	False		0.0	0		False		False		False		False		False		False		False		False		0.0	0
rs452767	19:5995439	19:5500000	lower_recurrence_exact	moderate_0.2_0.5	systemic_non_neural	8	5	False	4.95520570047229e-05	1	True	False	False	False	0.0	False	False	False	False	False	False	0.0						False	False	False	False	False		0.0	0		False		False		False		False		False		False		False		False		0.0	0
rs7667856	4:107995262	4:107500000	lower_recurrence_exact	moderate_0.2_0.5	systemic_non_neural	8	5	True	0.0	0	False	False	False	False	0.6562577124003582	True	False	False	False	False	False	0.0						False	False	False	False	False		0.0	0		False		False		False		False		False		False		False		False		0.0	0
rs5756697	22:37492987	22:37000000	lower_recurrence_exact	moderate_0.2_0.5	systemic_non_neural	8	4	False	0.0	0	False	False	False	False	0.0	False	False	False	False	False	False	0.0						False	False	False	False	False		0.0	0		False		False		False		False		False		False		False		False		0.0	0
rs3813790	1:27296637	1:27000000	lower_recurrence_exact	moderate_0.2_0.5	systemic_non_neural	8	5	True	0.0	0	False	False	False	False	0.0	False	False	False	False	False	False	0.0						False	False	False	False	False		0.0	0		False		False		True	WDTC1	False		False		False		False		False		0.0	0
rs6986054	8:47661576	8:47500000	lower_recurrence_exact	moderate_0.2_0.5	systemic_non_neural	8	6	False	0.0281900275411382	4	True	True	False	False	0.7666160049813207	True	False	False	False	False	False	0.0						False	False	False	False	False		0.0	0		False		False		False		False		False		False		False		False		0.0	0
rs12540583	7:103120064	7:103000000	lower_recurrence_exact	moderate_0.2_0.5	neuro_systemic	8	4	False	0.0	0	False	False	False	False	0.5285453538616457	False	False	False	False	False	False	0.0						False	False	False	False	False		0.0	0		False		False		False		False		False		False		False		False		0.0	0
rs708242	12:48940261	12:48500000	lower_recurrence_exact	moderate_0.2_0.5	systemic_non_neural	8	6	True	0.0594801928050952	3	True	True	True	False	0.0	False	False	True	True	True	True	0.2470611929893493	ARF3	ARF3	ARF3	ARF3	ARF3	True	True	True	True	False		0.0	0		False		False		False		False		False		False		False		False		0.0	0
rs6865411	5:761633	5:500000	lower_recurrence_exact	moderate_0.2_0.5	systemic_non_neural	8	4	True	0.0166044937120873	1	True	True	False	False	0.6256089237547742	True	False	True	False	True	True	0.2766919434070587	TPPP;ZDHHC11	TPPP;ZDHHC11		TPPP;ZDHHC11	TPPP;ZDHHC11	True	True	True	True	True	TPPP;ZDHHC11	0.9869211270440712	18	intergenic	False		False		False		False		False		False		False		False		0.0	0
rs1643489	19:48445039	19:48000000	lower_recurrence_exact	moderate_0.2_0.5	systemic_non_neural	8	4	True	0.0	0	False	False	False	False	0.0	False	False	False	False	False	False	0.0						False	False	False	False	True	KCNJ14	0.8908324564152457	1	genic	False		False		False		False		False		False		False		False		0.0	0
rs10408380	19:45911370	19:45500000	lower_recurrence_exact	moderate_0.2_0.5	systemic_non_neural	8	6	False	0.0165138195736386	2	True	True	False	False	0.7434331008286792	True	False	False	False	False	False	0.0						False	False	False	False	False		0.0	0		False		False		False		False		False		False		False		False		0.0	0
rs2749665	6:157384530	6:157000000	lower_recurrence_exact	moderate_0.2_0.5	systemic_non_neural	8	6	True	6.34741789206723e-05	1	True	False	False	False	0.7396024710156434	True	False	True	False	False	True	0.0594997517764568	TMEM242	TMEM242			TMEM242	True	False	False	False	False		0.0	0		False		False		False		False		False		False		False		False		0.0	0
rs3810168	19:55385341	19:55000000	lower_recurrence_exact	moderate_0.2_0.5	systemic_non_neural	8	4	True	0.0	0	False	False	False	False	0.0	False	False	False	False	False	False	0.0						False	False	False	False	False		0.0	0		False		False		False		False		False		False		False		False		0.0	0
rs343919	15:32999580	15:32500000	lower_recurrence_exact	moderate_0.2_0.5	systemic_other	8	4	False	0.0	0	False	False	False	False	0.0	False	False	False	False	False	False	0.0						False	False	False	False	False		0.0	0		False		False		False		False		False		False		False		False		0.0	0
rs4887139	15:74369604	15:74000000	lower_recurrence_exact	moderate_0.2_0.5	systemic_non_neural	8	4	False	0.0	0	False	False	False	False	0.0	False	False	False	False	False	False	0.0						False	False	False	False	False		0.0	0		False		False		False		False		False		False		False		False		0.0	0
rs4665430	2:28685731	2:28500000	lower_recurrence_exact	moderate_0.2_0.5	systemic_non_neural	8	5	False	0.0	0	False	False	False	False	0.0	False	False	False	False	False	False	0.0						False	False	False	False	False		0.0	0		False		False		False		False		False		False		False		False		0.0	0
rs4561525	17:80502268	17:80500000	lower_recurrence_exact	moderate_0.2_0.5	neuro_systemic	8	4	True	0.0	0	False	False	False	False	0.0	False	False	False	False	False	False	0.0						False	False	False	False	True	NPTX1	0.933073150539376	29	intergenic	False		False		False		False		False		False		False		False		0.0	0
rs3013236	10:122570911	10:122500000	lower_recurrence_exact	moderate_0.2_0.5	systemic_non_neural	8	7	False	0.0	0	False	False	False	False	0.0	False	False	False	False	False	False	0.0						False	False	False	False	False		0.0	0		False		False		False		False		False		False		False		False		0.0	0
rs2582567	14:104993587	14:104500000	lower_recurrence_exact	moderate_0.2_0.5	systemic_non_neural	8	5	True	0.0	0	False	False	False	False	0.0	False	False	False	False	False	False	0.0						False	False	False	False	False		0.0	0		False		False		False		False		False		False		False		False		0.0	0
rs767603	14:60631965	14:60500000	lower_recurrence_exact	moderate_0.2_0.5	systemic_non_neural	8	5	True	0.0223006641915957	17	True	True	False	False	0.9897847277688198	True	True	True	True	True	True	0.6822240352630615	SIX1	SIX1	SIX1	SIX1	SIX1	True	True	True	True	False		0.0	0		False		False		False		False		False		False		False		False		0.0	0
rs16919200	9:33344366	9:33000000	lower_recurrence_exact	moderate_0.2_0.5	systemic_other	8	4	True	0.0	0	False	False	False	False	0.0	False	False	False	False	False	False	0.0						False	False	False	False	False		0.0	0		False		False		False		False		False		False		False		False		0.0	0
rs10202116	2:208244034	2:208000000	lower_recurrence_exact	moderate_0.2_0.5	neuro_systemic	8	6	True	0.1016305120388052	1	True	True	True	True	0.0	False	False	True	True	True	True	0.789054274559021	IDH1	IDH1	IDH1	IDH1	IDH1	True	True	True	False	False		0.0	0		False		False		False		False		False		False		False		False		0.0	0
rs2796032	9:112757624	9:112500000	lower_recurrence_exact	moderate_0.2_0.5	systemic_non_neural	8	4	True	0.0	0	False	False	False	False	0.6455288292674359	True	False	False	False	False	False	0.0						False	False	False	False	False		0.0	0		False		False		False		False		False		False		False		False		0.0	0
rs7702076	5:132994418	5:132500000	lower_recurrence_exact	moderate_0.2_0.5	neuro_systemic	8	4	False	0.0	0	False	False	False	False	0.0	False	False	False	False	False	False	0.0						False	False	False	False	False		0.0	0		False		False		False		False		False		False		False		False		0.0	0
rs35256986	16:22007524	16:22000000	lower_recurrence_exact	moderate_0.2_0.5	neuro_systemic	8	5	False	0.0	0	False	False	False	False	0.0	False	False	False	False	False	False	0.0						False	False	False	False	False		0.0	0		False		False		False		False		False		False		False		False		0.0	0
rs4776701	15:63986009	15:63500000	lower_recurrence_exact	moderate_0.2_0.5	neuro_systemic	8	4	True	0.0	0	False	False	False	False	0.5861810279024597	False	False	False	False	False	False	0.0						False	False	False	False	True	DAPK2	0.9707279390194072	12	genic	False		False		False		False		False		False		False		False		0.0	0
rs1194758	11:65470614	11:65000000	lower_recurrence_exact	moderate_0.2_0.5	systemic_non_neural	8	5	True	0.0567670638883917	1	True	True	True	False	0.9859552641658202	True	True	False	False	False	False	0.0						True	False	False	False	False		0.0	0		False		False		False		False		False		False		False		False		0.0	0
rs1186605	11:63729540	11:63500000	lower_recurrence_exact	moderate_0.2_0.5	systemic_non_neural	8	4	False	0.0	0	False	False	False	False	0.0	False	False	False	False	False	False	0.0						False	False	False	False	False		0.0	0		False		False		False		False		False		False		False		False		0.0	0
rs2268613	14:74941797	14:74500000	lower_recurrence_exact	moderate_0.2_0.5	neuro_systemic	8	5	False	0.0	0	False	False	False	False	0.5941858800031554	False	False	False	False	False	False	0.0						False	False	False	False	False		0.0	0		False		False		False		False		False		False		False		False		0.0	0
rs891589	8:67381205	8:67000000	lower_recurrence_exact	moderate_0.2_0.5	systemic_non_neural	8	6	True	0.0344905578310718	1	True	True	False	False	0.8369312366277036	True	True	True	True	True	False	0.833780825138092	ARFGEF1	ARFGEF1	ARFGEF1	ARFGEF1		False	False	False	False	True	ARFGEF1	0.6170894016962976	1	intergenic	False		False		False		False		False		False		False		False		0.0	0
rs3100920	14:49884724	14:49500000	lower_recurrence_exact	moderate_0.2_0.5	systemic_non_neural	8	5	False	0.0	0	False	False	False	False	0.0	False	False	False	False	False	False	0.0						False	False	False	False	False		0.0	0		False		False		False		False		False		False		False		False		0.0	0
rs2303682	19:17418951	19:17000000	lower_recurrence_exact	moderate_0.2_0.5	systemic_non_neural	8	6	True	0.0053850706891548	1	True	False	False	False	0.0	False	False	True	True	True	True	0.2183548063039779	BST2	BST2	BST2	BST2	BST2	True	True	True	True	False		0.0	0		True	BST2	True	BST2	False		False		False		False		False		False		0.0	0
rs4460661	1:27257502	1:27000000	lower_recurrence_exact	moderate_0.2_0.5	systemic_non_neural	8	5	True	0.0	0	False	False	False	False	0.0	False	False	False	False	False	False	0.0						False	False	False	False	False		0.0	0		False		False		False		False		False		False		False		False		0.0	0
rs9889771	17:32495989	17:32000000	lower_recurrence_exact	moderate_0.2_0.5	systemic_non_neural	8	4	True	0.0	0	False	False	False	False	0.0	False	False	False	False	False	False	0.0						False	False	False	False	True	CDK5R1	0.998115772843274	82	genic	False		False		False		False		False		False		False		False		0.0	0
rs6676972	1:233007323	1:233000000	lower_recurrence_exact	moderate_0.2_0.5	systemic_non_neural	8	6	False	0.0	0	False	False	False	False	0.0	False	False	False	False	False	False	0.0						False	False	False	False	False		0.0	0		False		False		False		False		False		False		False		False		0.0	0
rs4912608	5:141511628	5:141500000	lower_recurrence_exact	moderate_0.2_0.5	neuro_systemic	8	6	True	0.0425308967300044	63	True	True	False	False	0.8391627317732441	True	True	True	True	True	True	0.4457835555076599	PCDHGA2;PCDHGB5;PCDHGB6;PCDHGC5	PCDHGA2;PCDHGB5;PCDHGB6;PCDHGC5	PCDHGC5	PCDHGB6;PCDHGC5	PCDHGA2	True	True	True	False	True	PCDHGC5	0.9804160227573326	8	genic	False		False		True	RELL2	False		False		False		False		False		0.0	0
rs7550511	1:38961702	1:38500000	lower_recurrence_exact	moderate_0.2_0.5	systemic_non_neural	8	4	True	0.0187396442451756	3	True	True	False	False	0.6829993979123617	True	False	True	False	False	False	0.0507206991314888	NDUFS5	NDUFS5				True	False	False	False	False		0.0	0		False		False		False		False		False		False		False		False		0.0	0
rs2798349	1:47233031	1:47000000	lower_recurrence_exact	moderate_0.2_0.5	systemic_non_neural	8	4	True	0.0	0	False	False	False	False	0.0	False	False	False	False	False	False	0.0						False	False	False	False	False		0.0	0		False		False		False		False		False		False		False		False		0.0	0
rs10105517	8:124465556	8:124000000	lower_recurrence_exact	moderate_0.2_0.5	systemic_non_neural	8	6	True	0.0	0	False	False	False	False	0.0	False	False	False	False	False	False	0.0						False	False	False	False	False		0.0	0		False		False		False		False		False		False		False		False		0.0	0
rs73981285	17:19001118	17:19000000	lower_recurrence_exact	moderate_0.2_0.5	neuro_systemic	8	5	False	0.0	0	False	False	False	False	0.0	False	False	False	False	False	False	0.0						False	False	False	False	False		0.0	0		False		False		False		False		False		False		False		False		0.0	0
rs672660	11:73312308	11:73000000	lower_recurrence_exact	moderate_0.2_0.5	systemic_non_neural	8	6	False	0.0	0	False	False	False	False	0.0	False	False	False	False	False	False	0.0						False	False	False	False	False		0.0	0		False		False		False		False		False		False		False		False		0.0	0
rs10222558	3:31565288	3:31500000	lower_recurrence_exact	moderate_0.2_0.5	systemic_non_neural	8	5	True	0.0	0	False	False	False	False	0.0	False	False	False	False	False	False	0.0						False	False	False	False	False		0.0	0		False		False		False		False		False		True	STT3B	False		False		0.016326	1
rs7539759	1:21761185	1:21500000	lower_recurrence_exact	moderate_0.2_0.5	neuro_systemic	8	4	True	0.0448630569301387	6	True	True	False	False	0.971243533747365	True	True	True	True	True	True	0.8095672726631165	USP48	USP48	USP48	USP48	USP48	True	True	True	True	False		0.0	0		False		False		False		False		False		False		False		False		0.0	0
rs13426706	2:222570049	2:222500000	lower_recurrence_exact	moderate_0.2_0.5	neuro_systemic	8	5	True	0.0	0	False	False	False	False	0.0	False	False	False	False	False	False	0.0						False	False	False	False	False		0.0	0		False		False		False		False		False		False		False		False		0.0	0
rs1133611	16:54934327	16:54500000	lower_recurrence_exact	moderate_0.2_0.5	systemic_non_neural	8	7	False	0.0622201639640933	4	True	True	True	False	0.5476788048633258	False	False	False	False	False	False	0.0						False	False	False	False	False		0.0	0		False		False		False		False		False		False		False		False		0.0	0
rs10738949	9:35836262	9:35500000	lower_recurrence_exact	moderate_0.2_0.5	systemic_non_neural	8	5	True	0.0	0	False	False	False	False	0.6004175243944787	True	False	False	False	False	False	0.0						False	False	False	False	False		0.0	0		False		False		False		False		False		False		False		False		0.0	0
rs7327552	13:73000143	13:73000000	lower_recurrence_exact	moderate_0.2_0.5	neuro_systemic	8	4	False	0.001518995986103	1	True	False	False	False	0.6908606911785546	True	False	False	False	False	False	0.0						False	False	False	False	False		0.0	0		False		False		False		False		False		False		False		False		0.0	0
rs349310	19:954678	19:500000	lower_recurrence_exact	moderate_0.2_0.5	systemic_non_neural	8	4	True	0.0	0	False	False	False	False	0.0	False	False	False	False	False	False	0.0						False	False	False	False	False		0.0	0		False		False		False		False		False		True	ARID3A	False		False		0.029562	1
rs898212	15:31499633	15:31000000	lower_recurrence_exact	moderate_0.2_0.5	neuro_systemic	8	5	True	0.0	0	False	False	False	False	0.0	False	False	False	False	False	False	0.0						False	False	False	False	False		0.0	0		False		False		False		False		False		True	OTUD7A	False		False		0.015109	1
rs4237510	10:119234149	10:119000000	lower_recurrence_exact	moderate_0.2_0.5	neuro_systemic	8	5	True	0.0	0	False	False	False	False	0.0	False	False	False	False	False	False	0.0						False	False	False	False	True	GRK5	0.8942515561111052	7	genic	False		False		False		False		False		False		False		False		0.0	0
rs754346	1:8373687	1:8000000	lower_recurrence_exact	moderate_0.2_0.5	neuro_systemic	8	4	True	0.0112971884467738	1	True	True	False	False	0.6310295789178247	True	False	True	True	False	False	0.6914223432540894	RERE	RERE	RERE			False	False	False	False	False		0.0	0		False		False		False		False		False		False		False		False		0.0	0
rs4586393	15:31398996	15:31000000	lower_recurrence_exact	moderate_0.2_0.5	systemic_non_neural	8	4	True	0.0	0	False	False	False	False	0.0	False	False	False	False	False	False	0.0						False	False	False	False	True	KLF13	0.7035581647761353	1	intergenic	False		False		False		False		False		False		False		False		0.0	0
rs3114870	16:89361141	16:89000000	lower_recurrence_exact	moderate_0.2_0.5	systemic_non_neural	8	7	True	0.0	0	False	False	False	False	0.0	False	False	False	False	False	False	0.0						False	False	False	False	False		0.0	0		False		False		False		False		False		False		False		False		0.0	0
rs441670	17:77488074	17:77000000	lower_recurrence_exact	moderate_0.2_0.5	systemic_non_neural	8	5	False	0.0	0	False	False	False	False	0.0	False	False	False	False	False	False	0.0						False	False	False	False	False		0.0	0		False		False		False		False		False		False		False		False		0.0	0
rs8111561	19:40270501	19:40000000	lower_recurrence_exact	moderate_0.2_0.5	systemic_non_neural	8	4	True	0.0	0	False	False	False	False	0.0	False	False	False	False	False	False	0.0						False	False	False	False	False		0.0	0		False		False		True	PLD3	True	PLD3	False		False		False		False		0.0	0
rs4636119	7:143736199	7:143500000	lower_recurrence_exact	moderate_0.2_0.5	systemic_non_neural	8	4	True	0.0	0	False	False	False	False	0.0	False	False	False	False	False	False	0.0						False	False	False	False	False		0.0	0		False		False		False		False		False		False		False		False		0.0	0
rs9356478	6:166337928	6:166000000	lower_recurrence_exact	moderate_0.2_0.5	neuro_systemic	8	4	False	0.0573647914404959	1	True	True	True	False	0.953838854285955	True	True	False	False	False	False	0.0						False	False	False	False	False		0.0	0		False		False		False		False		False		False		False		False		0.0	0
rs10923918	1:119870262	1:119500000	lower_recurrence_exact	moderate_0.2_0.5	neuro_systemic	8	4	False	0.0	0	False	False	False	False	0.0	False	False	False	False	False	False	0.0						False	False	False	False	False		0.0	0		False		False		False		False		False		False		False		False		0.0	0
rs4793187	17:42969246	17:42500000	lower_recurrence_exact	moderate_0.2_0.5	systemic_non_neural	8	5	True	0.0071518978619064	3	True	False	False	False	0.6610598305333594	True	False	False	False	False	False	0.0						True	True	False	False	False		0.0	0		False		False		False		False		False		False		False		False		0.0	0
rs11173360	12:60198919	12:60000000	lower_recurrence_exact	moderate_0.2_0.5	neuro_systemic	8	5	False	0.0	0	False	False	False	False	0.0	False	False	False	False	False	False	0.0						False	False	False	False	False		0.0	0		False		False		False		False		False		False		False		False		0.0	0
rs1532787	3:15363815	3:15000000	lower_recurrence_exact	moderate_0.2_0.5	systemic_non_neural	8	4	False	0.0	0	False	False	False	False	0.0	False	False	False	False	False	False	0.0						False	False	False	False	False		0.0	0		False		False		False		False		False		False		False		False		0.0	0
rs2309428	9:69228107	9:69000000	lower_recurrence_exact	moderate_0.2_0.5	systemic_other	8	4	True	0.0	0	False	False	False	False	0.0	False	False	False	False	False	False	0.0						False	False	False	False	False		0.0	0		False		False		False		False		False		False		False		False		0.0	0
rs3848398	17:38994303	17:38500000	lower_recurrence_exact	moderate_0.2_0.5	systemic_non_neural	8	6	True	0.0161501623796237	2	True	True	False	False	0.5614084173751986	False	False	False	False	False	False	0.0						True	True	True	True	False		0.0	0		False		False		False		False		False		False		False		False		0.0	0
rs1951635	14:24060681	14:24000000	lower_recurrence_exact	moderate_0.2_0.5	systemic_non_neural	8	6	True	0.0	0	False	False	False	False	0.0	False	False	False	False	False	False	0.0						False	False	False	False	False		0.0	0		False		False		False		False		False		False		False		False		0.0	0
rs10281163	7:35987205	7:35500000	lower_recurrence_exact	moderate_0.2_0.5	systemic_non_neural	8	4	False	0.0	0	False	False	False	False	0.0	False	False	False	False	False	False	0.0						False	False	False	False	False		0.0	0		False		False		False		False		False		False		False		False		0.0	0
rs153046	16:69275236	16:69000000	lower_recurrence_exact	moderate_0.2_0.5	systemic_non_neural	8	4	False	0.0	0	False	False	False	False	0.0	False	False	False	False	False	False	0.0						False	False	False	False	False		0.0	0		False		False		False		False		False		False		False		False		0.0	0
rs4925363	20:62260593	20:62000000	lower_recurrence_exact	moderate_0.2_0.5	systemic_non_neural	8	5	True	0.0	0	False	False	False	False	0.0	False	False	False	False	False	False	0.0						False	False	False	False	False		0.0	0		False		False		False		False		False		False		False		False		0.0	0
rs9793263	1:46256717	1:46000000	lower_recurrence_exact	moderate_0.2_0.5	systemic_non_neural	8	5	True	0.0	0	False	False	False	False	0.0	False	False	False	False	False	False	0.0						False	False	False	False	False		0.0	0		False		False		False		False		False		False		False		False		0.0	0
rs2393550	12:119660203	12:119500000	lower_recurrence_exact	moderate_0.2_0.5	systemic_non_neural	8	4	True	0.0	0	False	False	False	False	0.0	False	False	False	False	False	False	0.0						False	False	False	False	False		0.0	0		False		False		False		False		False		False		False		False		0.0	0
rs11188801	10:96500713	10:96500000	lower_recurrence_exact	moderate_0.2_0.5	neuro_systemic	8	6	True	0.0	0	False	False	False	False	0.0	False	False	False	False	False	False	0.0						False	False	False	False	False		0.0	0		False		False		False		False		False		False		False		False		0.0	0
rs3118665	9:133418269	9:133000000	lower_recurrence_exact	moderate_0.2_0.5	systemic_non_neural	8	4	True	0.0	0	False	False	False	False	0.0	False	False	False	False	False	False	0.0						False	False	False	False	False		0.0	0		False		False		True	ADAMTS13	True	ADAMTS13	True	ADAMTS13	False		False		False		0.0	0
rs690270	11:94880985	11:94500000	lower_recurrence_exact	moderate_0.2_0.5	systemic_non_neural	8	4	True	0.0	0	False	False	False	False	0.0	False	False	False	False	False	False	0.0						False	False	False	False	False		0.0	0		False		False		False		False		False		False		False		False		0.0	0
rs1008530	22:26499371	22:26000000	lower_recurrence_exact	moderate_0.2_0.5	systemic_non_neural	8	4	True	0.0	0	False	False	False	False	0.0	False	False	False	False	False	False	0.0						False	False	False	False	False		0.0	0		False		False		True	HPS4;SRRD	False		False		False		False		False		0.0	0
rs1739633	6:38649944	6:38500000	lower_recurrence_exact	moderate_0.2_0.5	neuro_systemic	8	5	True	8.84971552251395e-05	1	True	False	False	False	0.0	False	False	True	True	False	True	0.8056396842002869	GLO1	GLO1	GLO1		GLO1	True	True	True	True	False		0.0	0		True	GLO1	True	GLO1	False		False		False		False		False		False		0.0	0
rs822497	1:155840502	1:155500000	lower_recurrence_exact	moderate_0.2_0.5	systemic_non_neural	8	4	False	0.0101296316446448	3	True	True	False	False	0.9885177702435584	True	True	False	False	False	False	0.0						False	False	False	False	False		0.0	0		False		False		False		False		False		False		False		False		0.0	0
rs6703791	1:116579508	1:116500000	lower_recurrence_exact	moderate_0.2_0.5	systemic_other	8	4	False	0.0	0	False	False	False	False	0.0	False	False	False	False	False	False	0.0						False	False	False	False	False		0.0	0		False		False		False		False		False		False		False		False		0.0	0
rs311805	19:11487668	19:11000000	lower_recurrence_exact	moderate_0.2_0.5	neuro_systemic	8	5	True	0.0	0	False	False	False	False	0.0	False	False	False	False	False	False	0.0						False	False	False	False	False		0.0	0		False		False		False		False		False		False		False		False		0.0	0
rs9544524	13:77507157	13:77500000	lower_recurrence_exact	moderate_0.2_0.5	neuro_systemic	8	4	False	0.0	0	False	False	False	False	0.0	False	False	False	False	False	False	0.0						False	False	False	False	False		0.0	0		False		False		False		False		False		False		False		False		0.0	0
rs7712431	5:149513538	5:149500000	lower_recurrence_exact	moderate_0.2_0.5	neuro_systemic	8	5	True	0.0	0	False	False	False	False	0.0	False	False	False	False	False	False	0.0						False	False	False	False	False		0.0	0		False		False		False		False		False		False		False		False		0.0	0
rs7210122	17:74961620	17:74500000	lower_recurrence_exact	moderate_0.2_0.5	neuro_systemic	8	4	True	0.0	0	False	False	False	False	0.0	False	False	False	False	False	False	0.0						False	False	False	False	True	HID1	0.8113494353968621	86	genic	False		False		True	HID1	True	HID1	False		False		False		False		0.0	0
rs4671087	2:64357654	2:64000000	lower_recurrence_exact	moderate_0.2_0.5	neuro_systemic	8	4	True	0.0	0	False	False	False	False	0.0	False	False	False	False	False	False	0.0						False	False	False	False	False		0.0	0		False		False		False		False		False		False		False		False		0.0	0
rs8037100	15:42288107	15:42000000	lower_recurrence_exact	moderate_0.2_0.5	systemic_non_neural	8	4	True	0.0014123303631026	1	True	False	False	False	0.5686995658468817	False	False	True	True	True	True	0.4265745878219604	CAPN3;GANC	CAPN3;GANC	GANC	CAPN3;GANC	CAPN3;GANC	True	True	True	False	False		0.0	0		False		False		False		False		False		False		False		False		0.0	0
rs6848587	4:139004197	4:139000000	lower_recurrence_exact	moderate_0.2_0.5	neuro_systemic	8	5	False	0.0	0	False	False	False	False	0.0	False	False	False	False	False	False	0.0						False	False	False	False	False		0.0	0		False		False		False		False		False		False		False		False		0.0	0
rs1882193	12:69821735	12:69500000	lower_recurrence_exact	moderate_0.2_0.5	systemic_non_neural	8	4	True	0.0	0	False	False	False	False	0.0	False	False	False	False	False	False	0.0						False	False	False	False	False		0.0	0		False		False		False		False		False		False		False		False		0.0	0
rs1986013	4:88216749	4:88000000	lower_recurrence_exact	moderate_0.2_0.5	systemic_other	8	4	False	0.0	0	False	False	False	False	0.0	False	False	False	False	False	False	0.0						False	False	False	False	False		0.0	0		False		False		False		False		False		False		False		False		0.0	0
rs5756802	22:37745379	22:37500000	lower_recurrence_exact	moderate_0.2_0.5	systemic_non_neural	8	5	True	0.0075742618154278	2	True	False	False	False	0.7830906639751836	True	False	True	False	True	False	0.0709631666541099	GCAT	GCAT		GCAT		False	False	False	False	False		0.0	0		False		False		False		False		False		False		False		False		0.0	0
rs10892306	11:118880617	11:118500000	lower_recurrence_exact	moderate_0.2_0.5	systemic_non_neural	8	4	True	0.0	0	False	False	False	False	0.0	False	False	False	False	False	False	0.0						False	False	False	False	False		0.0	0		False		False		False		False		False		False		False		False		0.0	0
rs6673580	1:9960836	1:9500000	lower_recurrence_exact	moderate_0.2_0.5	systemic_non_neural	8	5	True	0.0	0	False	False	False	False	0.0	False	False	False	False	False	False	0.0						False	False	False	False	True	RBP7	0.6620689735925581	2	genic	False		False		False		False		False		True	LZIC;NMNAT1;RBP7;UBE4B	False		False		0.028094	10
rs72639052	8:48513920	8:48500000	lower_recurrence_exact	moderate_0.2_0.5	neuro_systemic	8	5	False	0.0250122763121879	7	True	True	False	False	0.8479611535585125	True	True	False	False	False	False	0.0						False	False	False	False	False		0.0	0		False		False		False		False		False		False		False		False		0.0	0
rs11640113	16:69162922	16:69000000	lower_recurrence_exact	moderate_0.2_0.5	systemic_non_neural	8	5	True	0.0159125530810091	6	True	True	False	False	0.9338677773174272	True	True	True	False	False	True	0.1715278178453445	TERF2	TERF2			TERF2	True	False	False	False	False		0.0	0		False		False		False		False		False		False		False		False		0.0	0
rs17713112	5:134739241	5:134500000	lower_recurrence_exact	moderate_0.2_0.5	systemic_non_neural	8	4	True	0.0	0	False	False	False	False	0.0	False	False	False	False	False	False	0.0						False	False	False	False	False		0.0	0		False		False		True	SAR1B	False		False		False		False		False		0.0	0
rs9402619	6:134588917	6:134500000	lower_recurrence_exact	moderate_0.2_0.5	neuro_systemic	8	4	True	0.0	0	False	False	False	False	0.7469133072606526	True	False	False	False	False	False	0.0						False	False	False	False	False		0.0	0		False		False		False		False		False		False		False		False		0.0	0
rs1868628	10:75000835	10:75000000	lower_recurrence_exact	moderate_0.2_0.5	neuro_systemic	8	7	False	0.0209045118963877	4	True	True	False	False	0.8440324662423958	True	True	False	False	False	False	0.0						False	False	False	False	False		0.0	0		False		False		False		False		False		False		False		False		0.0	0
rs639605	7:129496842	7:129000000	lower_recurrence_exact	moderate_0.2_0.5	systemic_non_neural	8	7	False	0.0	0	False	False	False	False	0.0	False	False	False	False	False	False	0.0						False	False	False	False	False		0.0	0		False		False		False		False		False		False		False		False		0.0	0
rs2841338	9:125427023	9:125000000	lower_recurrence_exact	moderate_0.2_0.5	systemic_non_neural	8	5	True	0.0	0	False	False	False	False	0.0	False	False	False	False	False	False	0.0						False	False	False	False	False		0.0	0		False		False		False		False		False		False		False		False		0.0	0
rs6489906	12:111061088	12:111000000	lower_recurrence_exact	moderate_0.2_0.5	neuro_systemic	8	5	False	0.0	0	False	False	False	False	0.0	False	False	False	False	False	False	0.0						False	False	False	False	False		0.0	0		False		False		False		False		False		False		False		False		0.0	0
rs890839	19:17460957	19:17000000	lower_recurrence_exact	moderate_0.2_0.5	systemic_non_neural	8	6	True	0.0	0	False	False	False	False	0.0	False	False	False	False	False	False	0.0						False	False	False	False	False		0.0	0		False		False		False		False		False		False		False		False		0.0	0
rs7496782	15:72609809	15:72500000	lower_recurrence_exact	moderate_0.2_0.5	neuro_systemic	8	6	False	0.0	0	False	False	False	False	0.6537454245974461	True	False	False	False	False	False	0.0						False	False	False	False	False		0.0	0		False		False		False		False		False		False		False		False		0.0	0
rs6499604	16:72998566	16:72500000	lower_recurrence_exact	moderate_0.2_0.5	systemic_non_neural	8	5	True	0.0	0	False	False	False	False	0.5749438185133404	False	False	False	False	False	False	0.0						False	False	False	False	False		0.0	0		False		False		False		False		False		False		False		False		0.0	0
rs10466210	10:119210869	10:119000000	lower_recurrence_exact	moderate_0.2_0.5	systemic_non_neural	8	5	True	0.0	0	False	False	False	False	0.0	False	False	False	False	False	False	0.0						False	False	False	False	False		0.0	0		False		False		False		False		False		False		False		False		0.0	0
rs7387355	8:130064464	8:130000000	lower_recurrence_exact	moderate_0.2_0.5	neuro_systemic	8	4	False	0.0	0	False	False	False	False	0.0	False	False	False	False	False	False	0.0						False	False	False	False	False		0.0	0		False		False		False		False		False		False		False		False		0.0	0
rs7558471	2:191651900	2:191500000	lower_recurrence_exact	moderate_0.2_0.5	neuro_systemic	8	4	True	0.0	0	False	False	False	False	0.0	False	False	False	False	False	False	0.0						False	False	False	False	False		0.0	0		False		False		False		False		False		False		False		False		0.0	0
rs1037403	15:82995439	15:82500000	lower_recurrence_exact	moderate_0.2_0.5	systemic_non_neural	8	5	True	0.0	0	False	False	False	False	0.5067056203946145	False	False	False	False	False	False	0.0						False	False	False	False	False		0.0	0		False		False		True	C15ORF40	True	C15ORF40	False		False		False		False		0.0	0
rs3019548	11:60981467	11:60500000	lower_recurrence_exact	moderate_0.2_0.5	systemic_non_neural	8	4	True	0.0	0	False	False	False	False	0.0	False	False	False	False	False	False	0.0						False	False	False	False	True	CD6	0.9732546486965749	5	genic	False		False		False		False		False		False		False		False		0.0	0
rs11160517	14:99392735	14:99000000	lower_recurrence_exact	moderate_0.2_0.5	systemic_non_neural	8	4	True	0.0	0	False	False	False	False	0.0	False	False	False	False	False	False	0.0						False	False	False	False	False		0.0	0		False		False		False		False		False		False		False		False		0.0	0
rs7165668	15:89499079	15:89000000	lower_recurrence_exact	moderate_0.2_0.5	systemic_non_neural	8	4	False	0.0	0	False	False	False	False	0.0	False	False	False	False	False	False	0.0						False	False	False	False	False		0.0	0		False		False		False		False		False		False		False		False		0.0	0
rs2585845	17:57938312	17:57500000	lower_recurrence_exact	moderate_0.2_0.5	systemic_non_neural	8	4	False	4.49428129061829e-05	1	True	False	False	False	0.0	False	False	False	False	False	False	0.0						False	False	False	False	False		0.0	0		False		False		False		False		False		False		False		False		0.0	0
rs901770	8:143395683	8:143000000	lower_recurrence_exact	moderate_0.2_0.5	systemic_non_neural	8	4	False	0.0	0	False	False	False	False	0.0	False	False	False	False	False	False	0.0						False	False	False	False	False		0.0	0		False		False		False		False		False		False		False		False		0.0	0
rs73982610	17:19005447	17:19000000	lower_recurrence_exact	moderate_0.2_0.5	neuro_systemic	8	5	False	0.0	0	False	False	False	False	0.0	False	False	False	False	False	False	0.0						False	False	False	False	False		0.0	0		False		False		False		False		False		False		False		False		0.0	0
rs3021274	22:39999080	22:39500000	lower_recurrence_exact	moderate_0.2_0.5	neuro_systemic	8	5	True	0.0	0	False	False	False	False	0.0	False	False	False	False	False	False	0.0						False	False	False	False	False		0.0	0		False		False		False		False		False		False		False		False		0.0	0
rs7907603	10:133382473	10:133000000	lower_recurrence_exact	moderate_0.2_0.5	systemic_non_neural	8	5	True	0.0151901952649771	1	True	True	False	False	0.8074587821775865	True	True	False	False	False	False	0.0						True	True	True	True	False		0.0	0		False		False		False		False		False		False		False		False		0.0	0
rs7143346	14:35231356	14:35000000	lower_recurrence_exact	moderate_0.2_0.5	neuro_systemic	8	4	True	0.0202320065817342	2	True	True	False	False	0.0	False	False	True	False	False	False	0.0909630730748176	PSMA6	PSMA6				True	False	False	False	False		0.0	0		False		False		False		False		False		False		False		False		0.0	0
rs2289433	4:47837912	4:47500000	lower_recurrence_exact	moderate_0.2_0.5	neuro_systemic	8	4	True	0.0194224404648289	2	True	True	False	False	0.9815115693920862	True	True	True	False	True	True	0.254399687051773	CNGA1;NFXL1;NIPAL1	CNGA1;NFXL1;NIPAL1		CNGA1;NFXL1;NIPAL1	CNGA1;NFXL1;NIPAL1	True	True	True	True	False		0.0	0		False		False		False		False		False		False		False		False		0.0	0
rs12725818	1:27502998	1:27500000	lower_recurrence_exact	moderate_0.2_0.5	neuro_systemic	8	5	False	0.0	0	False	False	False	False	0.0	False	False	False	False	False	False	0.0						False	False	False	False	False		0.0	0		False		False		False		False		False		False		False		False		0.0	0
rs4724905	7:6995174	7:6500000	lower_recurrence_exact	moderate_0.2_0.5	systemic_non_neural	8	6	False	0.0	0	False	False	False	False	0.0	False	False	False	False	False	False	0.0						False	False	False	False	False		0.0	0		False		False		False		False		False		False		False		False		0.0	0
rs4376697	1:32982746	1:32500000	lower_recurrence_exact	moderate_0.2_0.5	systemic_non_neural	8	5	True	0.0	0	False	False	False	False	0.0	False	False	False	False	False	False	0.0						False	False	False	False	False		0.0	0		False		False		False		False		False		False		False		False		0.0	0
rs73405382	7:100509350	7:100500000	lower_recurrence_exact	moderate_0.2_0.5	neuro_systemic	8	4	True	0.1952084618888704	1	True	True	True	True	0.6148114202724678	True	False	False	False	False	False	0.0						False	False	False	False	False		0.0	0		False		False		False		False		False		False		False		False		0.0	0
rs883728	10:654683	10:500000	lower_recurrence_exact	moderate_0.2_0.5	systemic_non_neural	8	4	True	0.0	0	False	False	False	False	0.0	False	False	False	False	False	False	0.0						False	False	False	False	True	DIP2C	0.9501745570213086	7	genic	False		False		False		False		False		False		False		False		0.0	0
rs3761289	20:21302458	20:21000000	lower_recurrence_exact	moderate_0.2_0.5	systemic_non_neural	8	4	False	0.0	0	False	False	False	False	0.0	False	False	False	False	False	False	0.0						False	False	False	False	False		0.0	0		False		False		False		False		False		False		False		False		0.0	0
rs12472061	2:131493393	2:131000000	lower_recurrence_exact	moderate_0.2_0.5	neuro_systemic	8	4	True	0.0	0	False	False	False	False	0.0	False	False	False	False	False	False	0.0						False	False	False	False	True	CCDC74A	0.7684191668109421	5	intergenic	False		False		False		False		False		False		False		False		0.0	0
rs3820011	1:1956754	1:1500000	lower_recurrence_exact	moderate_0.2_0.5	systemic_non_neural	8	6	False	0.0	0	False	False	False	False	0.0	False	False	False	False	False	False	0.0						False	False	False	False	False		0.0	0		False		False		False		False		False		False		False		False		0.0	0
rs135111	22:32076472	22:32000000	lower_recurrence_exact	moderate_0.2_0.5	neuro_systemic	8	4	True	0.0	0	False	False	False	False	0.5802537905256082	False	False	False	False	False	False	0.0						False	False	False	False	False		0.0	0		False		False		False		False		False		False		False		False		0.0	0
rs630336	11:65513735	11:65500000	lower_recurrence_exact	moderate_0.2_0.5	systemic_non_neural	8	4	False	0.0	0	False	False	False	False	0.0	False	False	False	False	False	False	0.0						False	False	False	False	False		0.0	0		False		False		False		False		False		False		False		False		0.0	0
rs6463259	7:44999010	7:44500000	lower_recurrence_exact	moderate_0.2_0.5	systemic_non_neural	8	5	True	0.0331642957057646	50	True	True	False	False	0.9699557361853514	True	True	True	True	True	True	0.9247003793716432	CCM2;MYO1G;NACAD;TBRG4	CCM2;MYO1G;NACAD;TBRG4	CCM2;MYO1G;NACAD	CCM2;MYO1G;NACAD;TBRG4	CCM2;MYO1G;TBRG4	True	True	True	True	True	CCM2	0.9999547466357488	2	promoter	False		False		True	CCM2;MYO1G	True	CCM2	False		True	MYO1G	False		False		0.015689	1
rs12997039	2:188493001	2:188000000	lower_recurrence_exact	moderate_0.2_0.5	systemic_non_neural	8	5	True	0.007241234520193	7	True	False	False	False	0.0	False	False	True	True	False	False	0.6932214498519897	GULP1	GULP1	GULP1			False	False	False	False	False		0.0	0		False		False		False		False		False		False		False		False		0.0	0
rs611635	3:197802596	3:197500000	lower_recurrence_exact	moderate_0.2_0.5	systemic_non_neural	8	6	True	0.0	0	False	False	False	False	0.0	False	False	False	False	False	False	0.0						False	False	False	False	True	LRCH3	0.6862875986569635	2	genic	False		False		False		False		False		False		False		False		0.0	0
rs833910	19:37987640	19:37500000	lower_recurrence_exact	moderate_0.2_0.5	neuro_systemic	8	4	True	0.0	0	False	False	False	False	0.0	False	False	False	False	False	False	0.0						False	False	False	False	False		0.0	0		False		False		False		False		False		False		False		False		0.0	0
rs11631983	15:42279532	15:42000000	lower_recurrence_exact	moderate_0.2_0.5	systemic_non_neural	8	4	True	0.012477110970791	19	True	True	False	False	0.98410761987208	True	True	True	True	True	True	0.3088811039924621	CAPN3;LRRC57	CAPN3;LRRC57	CAPN3	CAPN3	CAPN3;LRRC57	True	True	True	True	False		0.0	0		False		False		False		False		False		False		False		False		0.0	0
rs5030411	11:36512203	11:36500000	lower_recurrence_exact	moderate_0.2_0.5	neuro_systemic	8	5	False	0.0	0	False	False	False	False	0.0	False	False	False	False	False	False	0.0						False	False	False	False	False		0.0	0		False		False		False		False		False		False		False		False		0.0	0
rs592382	8:29319402	8:29000000	lower_recurrence_exact	moderate_0.2_0.5	neuro_systemic	8	4	False	0.0	0	False	False	False	False	0.0	False	False	False	False	False	False	0.0						False	False	False	False	False		0.0	0		False		False		False		False		False		False		False		False		0.0	0
rs9289337	3:129065914	3:129000000	lower_recurrence_exact	moderate_0.2_0.5	systemic_non_neural	8	5	True	0.0	0	False	False	False	False	0.0	False	False	False	False	False	False	0.0						False	False	False	False	False		0.0	0		False		False		False		False		False		False		False		False		0.0	0
rs1370062	15:31235556	15:31000000	lower_recurrence_exact	moderate_0.2_0.5	systemic_non_neural	8	5	False	0.0	0	False	False	False	False	0.5904201878309102	False	False	False	False	False	False	0.0						False	False	False	False	False		0.0	0		False		False		False		False		False		False		False		False		0.0	0
rs9649395	7:116927595	7:116500000	lower_recurrence_exact	moderate_0.2_0.5	neuro_systemic	8	5	True	0.0588762496354217	99	True	True	True	False	0.757347101104685	True	False	True	False	True	False	0.226166233420372	CAPZA2	CAPZA2		CAPZA2		False	False	False	False	False		0.0	0		False		False		False		False		False		False		False		False		0.0	0
rs4777506	15:72377539	15:72000000	lower_recurrence_exact	moderate_0.2_0.5	systemic_non_neural	8	5	False	0.0137516889365998	1	True	True	False	False	0.9330235332731815	True	True	False	False	False	False	0.0						False	False	False	False	False		0.0	0		False		False		False		False		False		False		False		False		0.0	0
rs7552839	1:172999449	1:172500000	lower_recurrence_exact	moderate_0.2_0.5	neuro_systemic	8	5	False	0.0	0	False	False	False	False	0.0	False	False	False	False	False	False	0.0						False	False	False	False	False		0.0	0		False		False		False		False		False		False		False		False		0.0	0
rs4718273	7:65751112	7:65500000	lower_recurrence_exact	moderate_0.2_0.5	systemic_non_neural	8	4	True	0.0033449619513332	2	True	False	False	False	0.8205530629637031	True	True	True	True	True	True	0.5287042260169983	ASL;GUSB;TPST1;VKORC1L1	ASL;GUSB;TPST1;VKORC1L1	GUSB	ASL;GUSB;TPST1;VKORC1L1	ASL;GUSB;TPST1;VKORC1L1	True	True	True	True	True	GUSB;VKORC1L1	0.9014874003902608	103	intergenic	False		False		True	ASL;GUSB;TPST1;VKORC1L1	False		False		False		False		False		0.0	0
rs3762162	14:21476015	14:21000000	lower_recurrence_exact	moderate_0.2_0.5	systemic_non_neural	8	5	False	0.0037017810929657	6	True	False	False	False	0.7737778778079826	True	False	False	False	False	False	0.0						False	False	False	False	False		0.0	0		False		False		False		False		False		False		False		False		0.0	0
rs4704994	5:156202345	5:156000000	lower_recurrence_exact	moderate_0.2_0.5	neuro_systemic	8	6	True	0.0	0	False	False	False	False	0.0	False	False	False	False	False	False	0.0						False	False	False	False	True	SGCD	0.6273343968742964	1	intergenic	False		False		False		False		False		False		False		False		0.0	0
rs4919382	10:99677148	10:99500000	lower_recurrence_exact	moderate_0.2_0.5	systemic_non_neural	8	4	True	0.0078549998735778	8	True	False	False	False	0.9851297607614048	True	True	True	True	True	True	0.8117920756340027	ENTPD7	ENTPD7	ENTPD7	ENTPD7	ENTPD7	True	True	True	False	True	ENTPD7	0.8672518672640537	5	genic	False		False		True	ENTPD7	False		False		False		False		False		0.0	0
rs984377	18:7280912	18:7000000	lower_recurrence_exact	moderate_0.2_0.5	systemic_non_neural	7	4	True	0.0	0	False	False	False	False	0.0	False	False	False	False	False	False	0.0						False	False	False	False	False		0.0	0		False		False		False		False		False		False		False		False		0.0	0
rs963300	16:56108853	16:56000000	lower_recurrence_exact	moderate_0.2_0.5	neuro_systemic	7	5	False	0.0	0	False	False	False	False	0.0	False	False	False	False	False	False	0.0						False	False	False	False	False		0.0	0		False		False		False		False		False		False		False		False		0.0	0
rs2517961	17:39691204	17:39500000	lower_recurrence_exact	moderate_0.2_0.5	systemic_non_neural	7	6	False	0.0	0	False	False	False	False	0.0	False	False	False	False	False	False	0.0						False	False	False	False	False		0.0	0		False		False		False		False		False		False		False		False		0.0	0
rs34174290	16:47018946	16:47000000	lower_recurrence_exact	moderate_0.2_0.5	neuro_systemic	7	4	False	0.0	0	False	False	False	False	0.0	False	False	False	False	False	False	0.0						False	False	False	False	False		0.0	0		False		False		False		False		False		False		False		False		0.0	0
rs1317559	7:150570649	7:150500000	lower_recurrence_exact	moderate_0.2_0.5	neuro_systemic	7	4	True	0.0103067865589815	1	True	True	False	False	0.6748835060607437	True	False	False	False	False	False	0.0						True	True	False	False	False		0.0	0		False		False		False		False		False		False		False		False		0.0	0
rs7579539	2:55280250	2:55000000	lower_recurrence_exact	moderate_0.2_0.5	systemic_non_neural	7	4	True	0.0	0	False	False	False	False	0.0	False	False	False	False	False	False	0.0						False	False	False	False	False		0.0	0		False		False		False		False		False		False		False		False		0.0	0
rs2291857	12:68824258	12:68500000	lower_recurrence_exact	moderate_0.2_0.5	neuro_systemic	7	4	True	0.0	0	False	False	False	False	0.0	False	False	False	False	False	False	0.0						False	False	False	False	False		0.0	0		False		False		False		False		False		False		False		False		0.0	0
rs3936999	11:64858767	11:64500000	lower_recurrence_exact	moderate_0.2_0.5	systemic_non_neural	7	4	True	0.0948212898899286	1	True	True	True	False	0.0	False	False	True	True	True	False	0.4845107495784759	EHD1	EHD1	EHD1	EHD1		False	False	False	False	True	EHD1	0.9534966047279352	50	genic	False		False		False		False		False		False		False		False		0.0	0
rs211527	11:493007	11:0	lower_recurrence_exact	moderate_0.2_0.5	systemic_non_neural	7	4	True	0.0	0	False	False	False	False	0.0	False	False	False	False	False	False	0.0						False	False	False	False	False		0.0	0		False		False		False		False		False		False		False		False		0.0	0
rs2255235	15:44711166	15:44500000	lower_recurrence_exact	moderate_0.2_0.5	systemic_non_neural	7	4	True	0.0	0	False	False	False	False	0.0	False	False	False	False	False	False	0.0						False	False	False	False	False		0.0	0		False		False		False		False		False		False		False		False		0.0	0
rs73210697	3:129004115	3:129000000	lower_recurrence_exact	moderate_0.2_0.5	neural_enriched	7	4	False	0.0	0	False	False	False	False	0.0	False	False	False	False	False	False	0.0						False	False	False	False	False		0.0	0		False		False		False		False		False		False		False		False		0.0	0
rs35162827	16:67517237	16:67500000	lower_recurrence_exact	moderate_0.2_0.5	systemic_non_neural	7	4	False	0.0173597068898701	2	True	True	False	False	0.6586837350506805	True	False	False	False	False	False	0.0						False	False	False	False	False		0.0	0		False		False		False		False		False		False		False		False		0.0	0
rs10182977	2:135496849	2:135000000	lower_recurrence_exact	moderate_0.2_0.5	systemic_non_neural	7	4	True	0.0081992561709947	23	True	False	False	False	0.9810985656884568	True	True	True	True	True	True	0.7740511894226074	ZRANB3	ZRANB3	ZRANB3	ZRANB3	ZRANB3	True	True	True	True	False		0.0	0		False		False		False		False		False		False		False		False		0.0	0
rs4284545	14:49770623	14:49500000	lower_recurrence_exact	moderate_0.2_0.5	systemic_non_neural	7	4	False	0.0	0	False	False	False	False	0.0	False	False	False	False	False	False	0.0						False	False	False	False	False		0.0	0		False		False		False		False		False		False		False		False		0.0	0
rs2748881	1:11060463	1:11000000	lower_recurrence_exact	moderate_0.2_0.5	neuro_systemic	7	4	False	0.0	0	False	False	False	False	0.5053561130803635	False	False	False	False	False	False	0.0						False	False	False	False	False		0.0	0		False		False		False		False		False		False		False		False		0.0	0
rs10198499	2:130185940	2:130000000	lower_recurrence_exact	moderate_0.2_0.5	systemic_non_neural	7	4	True	0.0	0	False	False	False	False	0.0	False	False	False	False	False	False	0.0						False	False	False	False	False		0.0	0		False		False		False		False		False		False		False		False		0.0	0
rs4698773	4:109641780	4:109500000	lower_recurrence_exact	moderate_0.2_0.5	neural_enriched	7	4	False	0.0	0	False	False	False	False	0.0	False	False	False	False	False	False	0.0						False	False	False	False	False		0.0	0		False		False		False		False		False		False		False		False		0.0	0
rs1882553	12:6638412	12:6500000	lower_recurrence_exact	moderate_0.2_0.5	systemic_non_neural	7	4	False	0.4883145472911553	1	True	True	True	True	0.7987832273270581	True	False	False	False	False	False	0.0						False	False	False	False	False		0.0	0		False		False		False		False		False		False		False		False		0.0	0
rs307940	19:53879599	19:53500000	lower_recurrence_exact	moderate_0.2_0.5	systemic_non_neural	7	4	False	0.0	0	False	False	False	False	0.0	False	False	False	False	False	False	0.0						False	False	False	False	False		0.0	0		False		False		False		False		False		False		False		False		0.0	0
rs1014229	3:47611305	3:47500000	lower_recurrence_exact	moderate_0.2_0.5	neural_enriched	7	4	False	0.0621888731651533	2	True	True	True	False	0.7390379190626448	True	False	False	False	False	False	0.0						False	False	False	False	False		0.0	0		False		False		False		False		False		False		False		False		0.0	0
rs10747761	12:56129273	12:56000000	lower_recurrence_exact	moderate_0.2_0.5	systemic_non_neural	7	6	True	0.0	0	False	False	False	False	0.0	False	False	False	False	False	False	0.0						False	False	False	False	True	MYL6	0.7053267216263812	6	genic	False		False		True	SMARCC2	True	SMARCC2	False		False		False		False		0.0	0
rs7200954	16:47129963	16:47000000	lower_recurrence_exact	moderate_0.2_0.5	neuro_systemic	7	4	True	0.0	0	False	False	False	False	0.0	False	False	False	False	False	False	0.0						False	False	False	False	False		0.0	0		False		False		True	ITFG1;PHKB	False		False		False		False		False		0.0	0
rs1799286	19:48429080	19:48000000	lower_recurrence_exact	moderate_0.2_0.5	systemic_non_neural	7	5	False	0.0	0	False	False	False	False	0.0	False	False	False	False	False	False	0.0						False	False	False	False	False		0.0	0		False		False		False		False		False		False		False		False		0.0	0
rs12673576	7:142710192	7:142500000	lower_recurrence_exact	moderate_0.2_0.5	systemic_non_neural	7	5	False	0.0	0	False	False	False	False	0.0	False	False	False	False	False	False	0.0						False	False	False	False	False		0.0	0		False		False		False		False		False		False		False		False		0.0	0
rs17771070	11:34002499	11:34000000	lower_recurrence_exact	moderate_0.2_0.5	systemic_non_neural	7	5	True	0.0	0	False	False	False	False	0.0	False	False	False	False	False	False	0.0						False	False	False	False	False		0.0	0		False		False		False		False		False		False		False		False		0.0	0
rs13011826	2:131156321	2:131000000	lower_recurrence_exact	moderate_0.2_0.5	systemic_non_neural	7	4	False	0.0	0	False	False	False	False	0.0	False	False	False	False	False	False	0.0						False	False	False	False	False		0.0	0		False		False		False		False		False		False		False		False		0.0	0
rs7790898	7:44922251	7:44500000	lower_recurrence_exact	moderate_0.2_0.5	systemic_non_neural	7	4	False	0.0168774805464007	1	True	True	False	False	0.7460349997029476	True	False	False	False	False	False	0.0						False	False	False	False	False		0.0	0		False		False		False		False		False		False		False		False		0.0	0
rs2284317	5:134224066	5:134000000	lower_recurrence_exact	moderate_0.2_0.5	systemic_non_neural	7	4	True	0.0151523211010629	1	True	True	False	False	0.9864463807696	True	True	False	False	False	False	0.0						False	False	False	False	False		0.0	0		False		False		False		False		False		False		False		False		0.0	0
rs1755038	6:33497642	6:33000000	lower_recurrence_exact	moderate_0.2_0.5	systemic_non_neural	7	6	True	0.0	0	False	False	False	False	0.0	False	False	False	False	False	False	0.0						False	False	False	False	False		0.0	0		False		False		False		False		False		False		False		False		0.0	0
rs6456437	6:21615212	6:21500000	lower_recurrence_exact	moderate_0.2_0.5	systemic_non_neural	7	4	False	0.0	0	False	False	False	False	0.0	False	False	False	False	False	False	0.0						False	False	False	False	False		0.0	0		False		False		False		False		False		False		False		False		0.0	0
rs252112	5:142003544	5:142000000	lower_recurrence_exact	moderate_0.2_0.5	neuro_systemic	7	6	True	0.0	0	False	False	False	False	0.0	False	False	False	False	False	False	0.0						False	False	False	False	True	GNPDA1	0.9687426112318622	1	genic	False		False		False		False		False		False		False		False		0.0	0
rs7166737	15:75390172	15:75000000	lower_recurrence_exact	moderate_0.2_0.5	systemic_non_neural	7	4	True	0.0371652261015323	82	True	True	False	False	0.99431170851282	True	True	True	True	True	True	0.55677729845047	MAN2C1;SIN3A	MAN2C1;SIN3A	MAN2C1	MAN2C1;SIN3A	MAN2C1;SIN3A	True	True	True	True	False		0.0	0		False		False		True	MAN2C1	True	MAN2C1	False		False		False		False		0.0	0
rs10506010	12:26769962	12:26500000	lower_recurrence_exact	moderate_0.2_0.5	systemic_non_neural	7	4	False	0.0	0	False	False	False	False	0.7338309324773349	True	False	False	False	False	False	0.0						False	False	False	False	False		0.0	0		False		False		False		False		False		False		False		False		0.0	0
rs1871595	10:70480814	10:70000000	lower_recurrence_exact	moderate_0.2_0.5	systemic_non_neural	7	4	False	0.0	0	False	False	False	False	0.0	False	False	False	False	False	False	0.0						False	False	False	False	False		0.0	0		False		False		False		False		False		False		False		False		0.0	0
rs9834312	3:58096982	3:58000000	lower_recurrence_exact	moderate_0.2_0.5	neuro_systemic	7	4	True	0.0	0	False	False	False	False	0.7426642363712328	True	False	False	False	False	False	0.0						False	False	False	False	False		0.0	0		False		False		True	FLNB	False		False		False		False		False		0.0	0
rs650985	1:109658958	1:109500000	lower_recurrence_exact	moderate_0.2_0.5	systemic_non_neural	7	5	True	1.77697444236976e-05	1	True	False	False	False	0.0	False	False	False	False	False	False	0.0						True	False	False	False	False		0.0	0		False		False		False		False		False		False		False		False		0.0	0
rs7857217	9:113503080	9:113500000	lower_recurrence_exact	moderate_0.2_0.5	neuro_systemic	7	7	True	0.0470446824842836	8	True	True	False	False	0.9914843242496658	True	True	True	True	True	True	0.8495296239852905	RGS3	RGS3	RGS3	RGS3	RGS3	True	True	True	True	True	RGS3	0.999979459035297	59	genic;promoter	False		False		False		False		False		False		False		False		0.0	0
rs8082573	17:75992022	17:75500000	lower_recurrence_exact	moderate_0.2_0.5	systemic_non_neural	7	4	True	0.0	0	False	False	False	False	0.0	False	False	False	False	False	False	0.0						False	False	False	False	False		0.0	0		False		False		False		False		False		False		False		False		0.0	0
rs6859346	5:132999473	5:132500000	lower_recurrence_exact	moderate_0.2_0.5	systemic_non_neural	7	4	True	0.0133123395370529	3	True	True	False	False	0.0	False	False	True	False	False	True	0.0812631696462631	HSPA4	HSPA4			HSPA4	True	True	True	False	False		0.0	0		False		False		False		False		False		False		False		False		0.0	0
rs2943813	11:61490996	11:61000000	lower_recurrence_exact	moderate_0.2_0.5	systemic_non_neural	7	5	True	0.0	0	False	False	False	False	0.0	False	False	False	False	False	False	0.0						False	False	False	False	True	LRRC10B	0.9572655490256824	2	genic	False		False		False		False		False		False		False		False		0.0	0
rs3816450	15:83164182	15:83000000	lower_recurrence_exact	moderate_0.2_0.5	systemic_non_neural	7	5	True	0.0310799205793007	1	True	True	False	False	0.0	False	False	False	False	False	False	0.0						True	True	True	True	False		0.0	0		False		False		False		False		False		False		False		False		0.0	0
rs357496	3:154223594	3:154000000	lower_recurrence_exact	moderate_0.2_0.5	neuro_systemic	7	5	True	8.39917662513847e-05	1	True	False	False	False	0.5750769101067744	False	False	False	False	False	False	0.0						True	False	False	False	False		0.0	0		False		False		False		False		False		False		False		False		0.0	0
rs665111	1:23303726	1:23000000	lower_recurrence_exact	moderate_0.2_0.5	systemic_non_neural	7	6	False	0.0	0	False	False	False	False	0.0	False	False	False	False	False	False	0.0						False	False	False	False	False		0.0	0		False		False		False		False		False		False		False		False		0.0	0
rs11638544	15:75181149	15:75000000	lower_recurrence_exact	moderate_0.2_0.5	systemic_non_neural	7	6	True	0.0	0	False	False	False	False	0.0	False	False	False	False	False	False	0.0						False	False	False	False	False		0.0	0		False		False		False		False		False		False		False		False		0.0	0
rs613068	7:129488881	7:129000000	lower_recurrence_exact	moderate_0.2_0.5	systemic_non_neural	7	5	False	0.0	0	False	False	False	False	0.0	False	False	False	False	False	False	0.0						False	False	False	False	False		0.0	0		False		False		False		False		False		False		False		False		0.0	0
rs619666	1:36023355	1:36000000	lower_recurrence_exact	moderate_0.2_0.5	systemic_non_neural	7	5	False	0.0	0	False	False	False	False	0.0	False	False	False	False	False	False	0.0						False	False	False	False	False		0.0	0		False		False		False		False		False		False		False		False		0.0	0
rs8064539	17:19000263	17:19000000	lower_recurrence_exact	moderate_0.2_0.5	systemic_non_neural	7	4	False	0.0	0	False	False	False	False	0.0	False	False	False	False	False	False	0.0						False	False	False	False	False		0.0	0		False		False		False		False		False		False		False		False		0.0	0
rs7901788	10:117004075	10:117000000	lower_recurrence_exact	moderate_0.2_0.5	systemic_non_neural	7	4	True	0.2443242123380798	88	True	True	True	True	0.9517232180458536	True	True	True	True	True	True	0.8794558644294739	ENO4;HSPA12A	ENO4;HSPA12A	ENO4	ENO4;HSPA12A	ENO4;HSPA12A	True	True	True	True	False		0.0	0		False		False		False		False		False		False		False		False		0.0	0
rs215208	1:37487375	1:37000000	lower_recurrence_exact	moderate_0.2_0.5	systemic_non_neural	7	4	True	0.0188818279394902	1	True	True	False	False	0.8860106131528337	True	True	True	False	True	True	0.093773104250431	MEAF6;SNIP1	MEAF6;SNIP1		MEAF6;SNIP1	MEAF6;SNIP1	True	True	True	True	True	ZC3H12A	0.832622209325847	39	intergenic	False		False		False		False		False		False		False		False		0.0	0
rs1738026	1:19282275	1:19000000	lower_recurrence_exact	moderate_0.2_0.5	systemic_non_neural	7	6	False	0.0	0	False	False	False	False	0.0	False	False	False	False	False	False	0.0						False	False	False	False	False		0.0	0		False		False		False		False		False		False		False		False		0.0	0
rs1552607	1:151990922	1:151500000	lower_recurrence_exact	moderate_0.2_0.5	systemic_non_neural	7	4	True	0.0151795797032615	8	True	True	False	False	0.9555697720701954	True	True	True	True	True	True	0.2135223895311355	THEM4	THEM4	THEM4	THEM4	THEM4	True	True	True	True	True	THEM4	0.7517620852781732	3	genic	False		False		True	S100A11;THEM4	False		False		False		False		False		0.0	0
rs2306190	19:14051864	19:14000000	lower_recurrence_exact	moderate_0.2_0.5	neuro_systemic	7	4	True	0.0	0	False	False	False	False	0.0	False	False	False	False	False	False	0.0						False	False	False	False	False		0.0	0		False		False		True	IL27RA	False		False		False		False		False		0.0	0
rs6967287	7:100004399	7:100000000	lower_recurrence_exact	moderate_0.2_0.5	neuro_systemic	7	5	True	0.990238564164788	6	True	True	True	True	0.6758883972846639	True	False	True	True	True	True	0.3304455876350403	ZKSCAN1	ZKSCAN1	ZKSCAN1	ZKSCAN1	ZKSCAN1	True	True	True	True	True	ZKSCAN1	0.895325476872076	9	intergenic	False		False		True	ZNF3	False		False		False		False		False		0.0	0
rs7956957	12:57209032	12:57000000	lower_recurrence_exact	moderate_0.2_0.5	systemic_non_neural	7	5	True	0.0932055347759803	6	True	True	True	False	0.9716795758799714	True	True	True	True	True	True	0.3024777770042419	SHMT2	SHMT2	SHMT2	SHMT2	SHMT2	True	True	True	True	False		0.0	0		False		False		True	SHMT2	False		False		False		False		False		0.0	0
rs6799008	3:128998544	3:128500000	lower_recurrence_exact	moderate_0.2_0.5	systemic_non_neural	7	4	False	0.0	0	False	False	False	False	0.0	False	False	False	False	False	False	0.0						False	False	False	False	False		0.0	0		False		False		False		False		False		False		False		False		0.0	0
rs10243382	7:142997623	7:142500000	lower_recurrence_exact	moderate_0.2_0.5	systemic_non_neural	7	5	True	0.0	0	False	False	False	False	0.0	False	False	False	False	False	False	0.0						False	False	False	False	False		0.0	0		False		False		False		False		False		False		False		False		0.0	0
rs4619515	19:34400577	19:34000000	lower_recurrence_exact	moderate_0.2_0.5	systemic_non_neural	7	5	True	0.0124741566510334	2	True	True	False	False	0.916781425526642	True	True	True	False	True	True	0.1639569550752639	UBA2	UBA2		UBA2	UBA2	True	True	True	True	False		0.0	0		False		False		False		False		False		False		False		False		0.0	0
rs2147684	13:111215564	13:111000000	lower_recurrence_exact	moderate_0.2_0.5	neuro_systemic	7	4	True	0.0	0	False	False	False	False	0.5600310283385178	False	False	False	False	False	False	0.0						False	False	False	False	False		0.0	0		False		False		False		False		False		False		False		False		0.0	0
rs9861291	3:179073890	3:179000000	lower_recurrence_exact	moderate_0.2_0.5	neuro_systemic	7	4	True	0.0	0	False	False	False	False	0.0	False	False	False	False	False	False	0.0						False	False	False	False	False		0.0	0		False		False		False		False		False		False		False		False		0.0	0
rs6690747	1:89997331	1:89500000	lower_recurrence_exact	moderate_0.2_0.5	systemic_non_neural	7	6	True	0.0	0	False	False	False	False	0.0	False	False	False	False	False	False	0.0						False	False	False	False	False		0.0	0		False		False		False		False		False		False		False		False		0.0	0
rs7978838	12:38894264	12:38500000	lower_recurrence_exact	moderate_0.2_0.5	systemic_non_neural	7	5	False	0.0	0	False	False	False	False	0.7375432120691975	True	False	False	False	False	False	0.0						False	False	False	False	False		0.0	0		False		False		False		False		False		False		False		False		0.0	0
rs4261489	15:31398519	15:31000000	lower_recurrence_exact	moderate_0.2_0.5	systemic_non_neural	7	4	True	0.0	0	False	False	False	False	0.0	False	False	False	False	False	False	0.0						False	False	False	False	True	KLF13	0.7035581647761353	2	intergenic	False		False		False		False		False		False		False		False		0.0	0
rs1374092	15:72516087	15:72500000	lower_recurrence_exact	moderate_0.2_0.5	neuro_systemic	7	4	False	0.0689664117999088	9	True	True	True	False	0.979142063791516	True	True	False	False	False	False	0.0						False	False	False	False	False		0.0	0		False		False		False		False		False		False		False		False		0.0	0
rs273276	19:18154130	19:18000000	lower_recurrence_exact	moderate_0.2_0.5	systemic_non_neural	7	4	True	0.0	0	False	False	False	False	0.0	False	False	False	False	False	False	0.0						False	False	False	False	False		0.0	0		False		False		False		False		False		False		False		False		0.0	0
rs2515235	8:94921880	8:94500000	lower_recurrence_exact	moderate_0.2_0.5	systemic_non_neural	7	4	True	0.0	0	False	False	False	False	0.0	False	False	False	False	False	False	0.0						False	False	False	False	False		0.0	0		False		False		False		False		False		False		False		False		0.0	0
rs6479642	9:134123074	9:134000000	lower_recurrence_exact	moderate_0.2_0.5	systemic_non_neural	7	6	True	3.58962420870191e-05	1	True	False	False	False	0.0	False	False	False	False	False	False	0.0						True	False	False	False	True	WDR5	0.7184071111657547	2	intergenic	False		False		False		False		False		False		False		False		0.0	0
rs6928230	6:135496839	6:135000000	lower_recurrence_exact	moderate_0.2_0.5	systemic_non_neural	7	6	False	0.0	0	False	False	False	False	0.0	False	False	False	False	False	False	0.0						False	False	False	False	False		0.0	0		False		False		False		False		False		False		False		False		0.0	0
rs17531861	4:42503227	4:42500000	lower_recurrence_exact	moderate_0.2_0.5	neuro_systemic	7	5	False	0.0	0	False	False	False	False	0.0	False	False	False	False	False	False	0.0						False	False	False	False	False		0.0	0		False		False		False		False		False		False		False		False		0.0	0
rs596069	2:96410905	2:96000000	lower_recurrence_exact	moderate_0.2_0.5	systemic_non_neural	7	5	True	0.0140213248692888	4	True	True	False	False	0.7366010261490921	True	False	True	True	True	True	0.6326828002929688	NEURL3;SNRNP200	NEURL3;SNRNP200	NEURL3	NEURL3	NEURL3;SNRNP200	True	True	True	True	False		0.0	0		False		False		False		False		False		False		False		False		0.0	0
rs10954211	7:128881377	7:128500000	lower_recurrence_exact	moderate_0.2_0.5	systemic_non_neural	7	4	True	0.0	0	False	False	False	False	0.0	False	False	False	False	False	False	0.0						False	False	False	False	False		0.0	0		False		False		False		False		False		False		False		False		0.0	0
rs9392453	6:3086686	6:3000000	lower_recurrence_exact	moderate_0.2_0.5	systemic_non_neural	7	6	True	0.0	0	False	False	False	False	0.0	False	False	False	False	False	False	0.0						False	False	False	False	False		0.0	0		False		False		True	RIPK1	True	RIPK1	False		False		False		False		0.0	0
rs505361	13:27166245	13:27000000	lower_recurrence_exact	moderate_0.2_0.5	systemic_non_neural	7	4	False	0.0506284328054434	12	True	True	True	False	0.9074889108128454	True	True	False	False	False	False	0.0						False	False	False	False	False		0.0	0		False		False		False		False		False		False		False		False		0.0	0
rs10430697	10:119192225	10:119000000	lower_recurrence_exact	moderate_0.2_0.5	systemic_non_neural	7	4	False	0.074875928904723	5	True	True	True	False	0.0	False	False	False	False	False	False	0.0						False	False	False	False	False		0.0	0		False		False		False		False		False		False		False		False		0.0	0
rs2024438	2:65175744	2:65000000	lower_recurrence_exact	moderate_0.2_0.5	systemic_non_neural	7	4	True	0.1321758759351919	1	True	True	True	True	0.9758664010551812	True	True	False	False	False	False	0.0						False	False	False	False	False		0.0	0		False		False		False		False		False		False		False		False		0.0	0
rs10776714	1:108627577	1:108500000	lower_recurrence_exact	moderate_0.2_0.5	neuro_systemic	7	5	True	0.0	0	False	False	False	False	0.0	False	False	False	False	False	False	0.0						False	False	False	False	False		0.0	0		False		False		False		False		False		False		False		False		0.0	0
rs6603811	1:1774697	1:1500000	lower_recurrence_exact	moderate_0.2_0.5	systemic_non_neural	7	5	True	0.0	0	False	False	False	False	0.0	False	False	False	False	False	False	0.0						False	False	False	False	False		0.0	0		False		False		False		False		False		True	GNB1	False		False		0.040322	3
rs661453	19:21289343	19:21000000	lower_recurrence_exact	moderate_0.2_0.5	systemic_non_neural	7	5	False	0.0	0	False	False	False	False	0.0	False	False	False	False	False	False	0.0						False	False	False	False	False		0.0	0		False		False		False		False		False		False		False		False		0.0	0
rs10740378	10:71429915	10:71000000	lower_recurrence_exact	moderate_0.2_0.5	systemic_non_neural	7	4	True	0.0	0	False	False	False	False	0.0	False	False	False	False	False	False	0.0						False	False	False	False	False		0.0	0		False		False		False		False		False		False		False		False		0.0	0
rs4296198	15:59492294	15:59000000	lower_recurrence_exact	moderate_0.2_0.5	systemic_non_neural	7	5	True	0.0	0	False	False	False	False	0.0	False	False	False	False	False	False	0.0						False	False	False	False	False		0.0	0		False		False		False		False		False		False		False		False		0.0	0
rs12532738	7:143503455	7:143500000	lower_recurrence_exact	moderate_0.2_0.5	neuro_systemic	7	5	True	0.0	0	False	False	False	False	0.0	False	False	False	False	False	False	0.0						False	False	False	False	False		0.0	0		False		False		True	ZYX	False		False		False		False		False		0.0	0
rs4927931	3:129085397	3:129000000	lower_recurrence_exact	moderate_0.2_0.5	systemic_non_neural	7	4	True	0.0	0	False	False	False	False	0.0	False	False	False	False	False	False	0.0						False	False	False	False	True	RAB43	0.8606809313088338	3	genic	False		False		False		False		False		False		False		False		0.0	0
rs6806814	3:53323991	3:53000000	lower_recurrence_exact	moderate_0.2_0.5	systemic_non_neural	7	5	True	0.003013407013867	2	True	False	False	False	0.6145162931782308	True	False	True	True	False	False	0.185633584856987	DCP1A	DCP1A	DCP1A			False	False	False	False	False		0.0	0		False		False		True	DCP1A	False		False		False		False		False		0.0	0
rs12519682	5:39018173	5:39000000	lower_recurrence_exact	moderate_0.2_0.5	neuro_systemic	7	5	False	0.0	0	False	False	False	False	0.0	False	False	False	False	False	False	0.0						False	False	False	False	False		0.0	0		False		False		False		False		False		False		False		False		0.0	0
rs6927168	6:166331906	6:166000000	lower_recurrence_exact	moderate_0.2_0.5	neuro_systemic	7	4	False	0.0545777793733158	1	True	True	True	False	0.9503915775249102	True	True	False	False	False	False	0.0						False	False	False	False	False		0.0	0		False		False		False		False		False		False		False		False		0.0	0
rs11766986	7:1227964	7:1000000	lower_recurrence_exact	moderate_0.2_0.5	systemic_non_neural	7	5	False	0.0	0	False	False	False	False	0.0	False	False	False	False	False	False	0.0						False	False	False	False	False		0.0	0		False		False		False		False		False		False		False		False		0.0	0
rs4617543	11:27460805	11:27000000	lower_recurrence_exact	moderate_0.2_0.5	systemic_non_neural	7	5	True	0.1429709252334	2	True	True	True	True	0.0	False	False	True	True	True	True	0.8882220387458801	LGR4	LGR4	LGR4	LGR4	LGR4	True	True	True	True	True	LGR4	0.8931496765437417	5	genic	False		False		False		False		False		False		False		False		0.0	0
rs603939	1:84201769	1:84000000	lower_recurrence_exact	moderate_0.2_0.5	systemic_other	7	4	True	3.44919377080322e-05	1	True	False	False	False	0.0	False	False	False	False	False	False	0.0						True	False	False	False	False		0.0	0		False		False		False		False		False		False		False		False		0.0	0
rs2547112	19:16688116	19:16500000	lower_recurrence_exact	moderate_0.2_0.5	systemic_non_neural	7	4	True	0.0	0	False	False	False	False	0.6588358454480351	True	False	False	False	False	False	0.0						False	False	False	False	False		0.0	0		False		False		True	SMIM7	False		False		False		False		False		0.0	0
rs9457715	6:157535476	6:157500000	lower_recurrence_exact	moderate_0.2_0.5	systemic_non_neural	7	4	True	0.0	0	False	False	False	False	0.0	False	False	False	False	False	False	0.0						False	False	False	False	True	ZDHHC14	0.8899641587180038	4	genic	False		False		False		False		False		False		False		False		0.0	0
rs6724264	2:106995560	2:106500000	lower_recurrence_exact	moderate_0.2_0.5	systemic_non_neural	7	5	False	0.0	0	False	False	False	False	0.0	False	False	False	False	False	False	0.0						False	False	False	False	False		0.0	0		False		False		False		False		False		False		False		False		0.0	0
rs6848471	4:1569140	4:1500000	lower_recurrence_exact	moderate_0.2_0.5	systemic_non_neural	7	4	False	0.0	0	False	False	False	False	0.0	False	False	False	False	False	False	0.0						False	False	False	False	False		0.0	0		False		False		False		False		False		False		False		False		0.0	0
rs6807633	3:58506153	3:58500000	lower_recurrence_exact	moderate_0.2_0.5	neuro_systemic	7	4	False	0.0	0	False	False	False	False	0.0	False	False	False	False	False	False	0.0						False	False	False	False	False		0.0	0		False		False		False		False		False		False		False		False		0.0	0
rs4909950	11:10710590	11:10500000	lower_recurrence_exact	moderate_0.2_0.5	neuro_systemic	7	4	False	0.0	0	False	False	False	False	0.0	False	False	False	False	False	False	0.0						False	False	False	False	False		0.0	0		False		False		False		False		False		False		False		False		0.0	0
rs3765317	16:751796	16:500000	lower_recurrence_exact	moderate_0.2_0.5	systemic_non_neural	7	5	True	0.0	0	False	False	False	False	0.0	False	False	False	False	False	False	0.0						False	False	False	False	True	MSLN	0.9403621660666066	11	intergenic	False		False		False		False		False		False		False		False		0.0	0
rs4981838	14:31336930	14:31000000	lower_recurrence_exact	moderate_0.2_0.5	systemic_non_neural	7	4	False	0.0024464826926133	1	True	False	False	False	0.6247992986777235	True	False	False	False	False	False	0.0						False	False	False	False	False		0.0	0		False		False		False		False		False		False		False		False		0.0	0
rs10744963	15:72471367	15:72000000	lower_recurrence_exact	moderate_0.2_0.5	systemic_non_neural	7	4	True	0.0118973421851538	3	True	True	False	False	0.8891536715908517	True	True	False	False	False	False	0.0						True	False	False	False	False		0.0	0		False		False		False		False		False		False		False		False		0.0	0
rs480105	11:70231392	11:70000000	lower_recurrence_exact	moderate_0.2_0.5	neuro_systemic	7	6	True	0.0035585378966032	1	True	False	False	False	0.0	False	False	True	False	True	False	0.0729712694883346	PPFIA1	PPFIA1		PPFIA1		False	False	False	False	False		0.0	0		False		False		True	PPFIA1	False		False		False		False		False		0.0	0
rs2048429	19:56978416	19:56500000	lower_recurrence_exact	moderate_0.2_0.5	systemic_non_neural	7	4	False	0.0	0	False	False	False	False	0.0	False	False	False	False	False	False	0.0						False	False	False	False	False		0.0	0		False		False		False		False		False		False		False		False		0.0	0
rs403352	1:32713303	1:32500000	lower_recurrence_exact	moderate_0.2_0.5	systemic_non_neural	7	5	True	0.0498603088156219	2	True	True	False	False	0.9003619776521565	True	True	True	True	True	False	0.8802379965782166	SYNC	SYNC	SYNC	SYNC		False	False	False	False	False		0.0	0		False		False		True	ZBTB8OS	False		False		False		False		False		0.0	0
rs4637918	9:115495968	9:115000000	lower_recurrence_exact	moderate_0.2_0.5	neural_enriched	7	4	True	0.0	0	False	False	False	False	0.0	False	False	False	False	False	False	0.0						False	False	False	False	False		0.0	0		False		False		False		False		False		False		False		False		0.0	0
rs1994720	17:74949983	17:74500000	lower_recurrence_exact	moderate_0.2_0.5	systemic_non_neural	7	5	False	0.0	0	False	False	False	False	0.0	False	False	False	False	False	False	0.0						False	False	False	False	False		0.0	0		False		False		False		False		False		False		False		False		0.0	0
rs12616242	2:8889472	2:8500000	lower_recurrence_exact	moderate_0.2_0.5	neuro_systemic	7	5	False	0.0	0	False	False	False	False	0.0	False	False	False	False	False	False	0.0						False	False	False	False	False		0.0	0		False		False		False		False		False		False		False		False		0.0	0
rs10851749	15:65828861	15:65500000	lower_recurrence_exact	moderate_0.2_0.5	systemic_non_neural	7	6	True	0.0	0	False	False	False	False	0.7063483864376039	True	False	False	False	False	False	0.0						False	False	False	False	True	DENND4A	0.6453933181209863	3	intergenic	False		False		False		False		False		False		False		False		0.0	0
rs7598080	2:174791389	2:174500000	lower_recurrence_exact	moderate_0.2_0.5	systemic_non_neural	7	4	False	0.0	0	False	False	False	False	0.0	False	False	False	False	False	False	0.0						False	False	False	False	False		0.0	0		False		False		False		False		False		False		False		False		0.0	0
rs13008146	2:169827097	2:169500000	lower_recurrence_exact	moderate_0.2_0.5	neuro_systemic	7	4	True	0.0	0	False	False	False	False	0.0	False	False	False	False	False	False	0.0						False	False	False	False	False		0.0	0		False		False		False		False		False		False		False		False		0.0	0
rs7683581	4:6201829	4:6000000	lower_recurrence_exact	moderate_0.2_0.5	systemic_non_neural	7	4	False	0.0	0	False	False	False	False	0.0	False	False	False	False	False	False	0.0						False	False	False	False	False		0.0	0		False		False		False		False		False		False		False		False		0.0	0
rs7211874	17:19001517	17:19000000	lower_recurrence_exact	moderate_0.2_0.5	systemic_non_neural	7	4	False	0.0	0	False	False	False	False	0.0	False	False	False	False	False	False	0.0						False	False	False	False	False		0.0	0		False		False		False		False		False		False		False		False		0.0	0
rs4806933	19:3414022	19:3000000	lower_recurrence_exact	moderate_0.2_0.5	systemic_non_neural	7	4	True	0.0645623073185569	9	True	True	True	False	0.0	False	False	True	True	True	False	0.6643570065498352	NFIC	NFIC	NFIC	NFIC		False	False	False	False	True	NFIC	0.9414231706503856	1	genic	False		False		False		False		False		False		False		False		0.0	0
rs3808970	11:68004918	11:68000000	lower_recurrence_exact	moderate_0.2_0.5	neural_enriched	7	4	True	0.0	0	False	False	False	False	0.0	False	False	False	False	False	False	0.0						False	False	False	False	False		0.0	0		False		False		False		False		False		False		False		False		0.0	0
rs2433279	1:93442352	1:93000000	lower_recurrence_exact	moderate_0.2_0.5	systemic_non_neural	7	5	True	0.0	0	False	False	False	False	0.5555283191638958	False	False	False	False	False	False	0.0						False	False	False	False	False		0.0	0		False		False		False		False		False		False		False		False		0.0	0
rs1017784	12:76764639	12:76500000	lower_recurrence_exact	moderate_0.2_0.5	systemic_non_neural	7	6	True	0.0	0	False	False	False	False	0.0	False	False	False	False	False	False	0.0						False	False	False	False	False		0.0	0		False		False		False		False		False		False		False		False		0.0	0
rs690786	11:129828938	11:129500000	lower_recurrence_exact	moderate_0.2_0.5	systemic_non_neural	7	4	True	0.0	0	False	False	False	False	0.0	False	False	False	False	False	False	0.0						False	False	False	False	False		0.0	0		False		False		False		False		False		False		False		False		0.0	0
rs6035825	20:21280594	20:21000000	lower_recurrence_exact	moderate_0.2_0.5	systemic_non_neural	7	5	True	0.0	0	False	False	False	False	0.0	False	False	False	False	False	False	0.0						False	False	False	False	False		0.0	0		False		False		False		False		False		False		False		False		0.0	0
rs2926362	16:22318717	16:22000000	lower_recurrence_exact	moderate_0.2_0.5	systemic_non_neural	7	4	False	0.0	0	False	False	False	False	0.0	False	False	False	False	False	False	0.0						False	False	False	False	False		0.0	0		False		False		False		False		False		False		False		False		0.0	0
rs11246801	12:131767238	12:131500000	lower_recurrence_exact	moderate_0.2_0.5	systemic_non_neural	7	5	True	0.0	0	False	False	False	False	0.0	False	False	False	False	False	False	0.0						False	False	False	False	False		0.0	0		False		False		False		False		False		False		False		False		0.0	0
rs882306	19:16381337	19:16000000	lower_recurrence_exact	moderate_0.2_0.5	systemic_non_neural	7	4	False	0.0660829055045878	3	True	True	True	False	0.7394343645860658	True	False	False	False	False	False	0.0						False	False	False	False	False		0.0	0		False		False		False		False		False		False		False		False		0.0	0
rs7009478	8:28895851	8:28500000	lower_recurrence_exact	moderate_0.2_0.5	systemic_non_neural	7	5	False	0.0	0	False	False	False	False	0.0	False	False	False	False	False	False	0.0						False	False	False	False	False		0.0	0		False		False		False		False		False		False		False		False		0.0	0
rs2702023	11:125595125	11:125500000	lower_recurrence_exact	moderate_0.2_0.5	neuro_systemic	7	4	True	0.191095111107777	2	True	True	True	True	0.9506861939545068	True	True	True	True	True	True	0.5320141315460205	CHEK1;EI24;FEZ1	CHEK1;EI24;FEZ1	CHEK1	CHEK1;FEZ1	CHEK1;EI24;FEZ1	True	True	True	True	False		0.0	0		False		False		False		False		False		False		False		False		0.0	0
rs11623624	14:22936899	14:22500000	lower_recurrence_exact	moderate_0.2_0.5	neuro_systemic	7	4	True	0.0267411909783384	1	True	True	False	False	0.0	False	False	False	False	False	False	0.0						True	True	True	True	False		0.0	0		False		False		True	HAUS4	False		False		False		False		False		0.0	0
rs2430461	6:107329105	6:107000000	lower_recurrence_exact	moderate_0.2_0.5	neuro_systemic	7	5	False	0.0070543926039996	1	True	False	False	False	0.5410076256603221	False	False	False	False	False	False	0.0						False	False	False	False	False		0.0	0		False		False		False		False		False		False		False		False		0.0	0
rs805552	20:38474164	20:38000000	lower_recurrence_exact	moderate_0.2_0.5	systemic_non_neural	7	6	False	0.0	0	False	False	False	False	0.0	False	False	False	False	False	False	0.0						False	False	False	False	False		0.0	0		False		False		False		False		False		False		False		False		0.0	0
rs2692593	4:185299224	4:185000000	lower_recurrence_exact	moderate_0.2_0.5	neuro_systemic	7	4	True	0.0047321319586156	1	True	False	False	False	0.6861453380756026	True	False	True	True	True	True	0.7979265451431274	CFAP97;SNX25	CFAP97;SNX25	SNX25	CFAP97;SNX25	CFAP97;SNX25	True	True	True	True	False		0.0	0		False		False		True	CFAP97	False		False		False		False		False		0.0	0
rs8054039	16:46970159	16:46500000	lower_recurrence_exact	moderate_0.2_0.5	systemic_non_neural	7	4	True	0.0	0	False	False	False	False	0.0	False	False	False	False	False	False	0.0						False	False	False	False	False		0.0	0		False		False		False		False		False		False		False		False		0.0	0
rs5756784	22:37711955	22:37500000	lower_recurrence_exact	moderate_0.2_0.5	systemic_non_neural	7	4	False	0.0071759016409545	2	True	False	False	False	0.7787873966473515	True	False	False	False	False	False	0.0						False	False	False	False	False		0.0	0		False		False		False		False		False		False		False		False		0.0	0
rs6965811	7:64680913	7:64500000	lower_recurrence_exact	moderate_0.2_0.5	systemic_non_neural	7	4	False	0.0308015995559955	2	True	True	False	False	0.0	False	False	False	False	False	False	0.0						False	False	False	False	False		0.0	0		False		False		False		False		False		False		False		False		0.0	0
rs648438	11:68336834	11:68000000	lower_recurrence_exact	moderate_0.2_0.5	neuro_systemic	7	4	True	0.0	0	False	False	False	False	0.0	False	False	False	False	False	False	0.0						False	False	False	False	False		0.0	0		False		False		False		False		False		False		False		False		0.0	0
rs6555689	5:156813256	5:156500000	lower_recurrence_exact	moderate_0.2_0.5	systemic_non_neural	7	4	True	0.0833690456904234	5	True	True	True	False	0.8121637452598464	True	True	True	True	False	False	0.562723696231842	SGCD	SGCD	SGCD			False	False	False	False	False		0.0	0		False		False		False		False		False		False		False		False		0.0	0
rs4973013	2:231643441	2:231500000	lower_recurrence_exact	moderate_0.2_0.5	systemic_non_neural	7	5	False	0.0	0	False	False	False	False	0.0	False	False	False	False	False	False	0.0						False	False	False	False	False		0.0	0		False		False		False		False		False		False		False		False		0.0	0
rs2111437	17:7489478	17:7000000	lower_recurrence_exact	moderate_0.2_0.5	systemic_non_neural	7	4	True	0.032851790797851	19	True	True	False	False	0.9481254772482082	True	True	True	True	True	True	0.2606676816940307	FGF11;TNFSF12	FGF11;TNFSF12	FGF11	FGF11;TNFSF12	FGF11	True	True	True	True	False		0.0	0		False		False		False		False		False		False		False		False		0.0	0
rs3887865	14:31388819	14:31000000	lower_recurrence_exact	moderate_0.2_0.5	systemic_non_neural	7	4	True	0.0	0	False	False	False	False	0.5916510339649975	False	False	False	False	False	False	0.0						False	False	False	False	False		0.0	0		False		False		False		False		False		False		False		False		0.0	0
rs4117784	5:154722315	5:154500000	lower_recurrence_exact	moderate_0.2_0.5	systemic_non_neural	7	5	True	0.0	0	False	False	False	False	0.5634361810320102	False	False	False	False	False	False	0.0						False	False	False	False	True	LARP1	0.6545530817569458	1	genic	False		False		False		False		False		False		False		False		0.0	0
rs11167044	8:141294322	8:141000000	lower_recurrence_exact	moderate_0.2_0.5	systemic_non_neural	7	6	False	0.0	0	False	False	False	False	0.0	False	False	False	False	False	False	0.0						False	False	False	False	False		0.0	0		False		False		False		False		False		False		False		False		0.0	0
rs6709245	2:131491303	2:131000000	lower_recurrence_exact	moderate_0.2_0.5	systemic_non_neural	7	4	True	0.0	0	False	False	False	False	0.0	False	False	False	False	False	False	0.0						False	False	False	False	True	CCDC74A	0.8344125590779325	1	genic	False		False		True	CCDC74A	False		False		False		False		False		0.0	0
rs4378665	17:41991918	17:41500000	lower_recurrence_exact	moderate_0.2_0.5	systemic_non_neural	7	4	True	0.0969139467678001	10	True	True	True	False	0.9373530086064664	True	True	True	True	True	True	0.3565753996372223	CNP;DNAJC7	CNP;DNAJC7	CNP	CNP	CNP;DNAJC7	True	True	True	True	False		0.0	0		False		False		False		False		False		False		False		False		0.0	0
rs3744409	17:64496295	17:64000000	lower_recurrence_exact	moderate_0.2_0.5	systemic_non_neural	7	4	True	0.0	0	False	False	False	False	0.7623303290122545	True	False	False	False	False	False	0.0						False	False	False	False	False		0.0	0		False		False		False		False		False		False		False		False		0.0	0
rs489417	11:111990466	11:111500000	lower_recurrence_exact	moderate_0.2_0.5	systemic_non_neural	7	5	True	0.0251813287839946	11	True	True	False	False	0.9920129761350954	True	True	True	True	True	True	0.348660409450531	DIXDC1	DIXDC1	DIXDC1	DIXDC1	DIXDC1	True	True	True	True	False		0.0	0		False		False		True	DIXDC1	False		False		False		False		False		0.0	0
rs10240312	7:98425192	7:98000000	lower_recurrence_exact	moderate_0.2_0.5	neuro_systemic	7	4	True	0.0	0	False	False	False	False	0.0	False	False	False	False	False	False	0.0						False	False	False	False	False		0.0	0		False		False		False		False		False		False		False		False		0.0	0
rs2365401	3:58898753	3:58500000	lower_recurrence_exact	moderate_0.2_0.5	systemic_non_neural	7	5	False	0.0	0	False	False	False	False	0.0	False	False	False	False	False	False	0.0						False	False	False	False	False		0.0	0		False		False		False		False		False		False		False		False		0.0	0
rs314674	19:46691366	19:46500000	lower_recurrence_exact	moderate_0.2_0.5	systemic_non_neural	7	5	True	0.0	0	False	False	False	False	0.0	False	False	False	False	False	False	0.0						False	False	False	False	False		0.0	0		False		False		False		False		False		False		False		False		0.0	0
rs7219901	17:21215396	17:21000000	lower_recurrence_exact	moderate_0.2_0.5	systemic_other	7	4	True	0.0	0	False	False	False	False	0.0	False	False	False	False	False	False	0.0						False	False	False	False	False		0.0	0		False		False		False		False		False		False		False		False		0.0	0
rs12950178	17:82496057	17:82000000	lower_recurrence_exact	moderate_0.2_0.5	systemic_non_neural	7	4	True	0.0	0	False	False	False	False	0.0	False	False	False	False	False	False	0.0						False	False	False	False	True	FOXK2	0.9142087063851062	10	intergenic	False		False		False		False		False		False		False		False		0.0	0
rs7539751	1:205590991	1:205500000	lower_recurrence_exact	moderate_0.2_0.5	neuro_systemic	7	4	True	0.0	0	False	False	False	False	0.0	False	False	False	False	False	False	0.0						False	False	False	False	False		0.0	0		False		False		False		False		False		False		False		False		0.0	0
rs7769540	6:44095162	6:44000000	lower_recurrence_exact	moderate_0.2_0.5	neuro_systemic	7	4	False	0.1452387431025153	6	True	True	True	True	0.980188337530887	True	True	False	False	False	False	0.0						False	False	False	False	False		0.0	0		False		False		False		False		False		False		False		False		0.0	0
rs7043986	9:19994544	9:19500000	lower_recurrence_exact	moderate_0.2_0.5	systemic_non_neural	7	4	False	0.0	0	False	False	False	False	0.7801262315049008	True	False	False	False	False	False	0.0						False	False	False	False	False		0.0	0		False		False		False		False		False		False		False		False		0.0	0
rs413722	6:33430843	6:33000000	lower_recurrence_exact	moderate_0.2_0.5	systemic_non_neural	7	5	True	0.0	0	False	False	False	False	0.0	False	False	False	False	False	False	0.0						False	False	False	False	False		0.0	0		False		False		False		False		False		False		False		False		0.0	0
rs58235798	14:73502415	14:73500000	lower_recurrence_exact	moderate_0.2_0.5	neuro_systemic	7	6	False	0.0	0	False	False	False	False	0.0	False	False	False	False	False	False	0.0						False	False	False	False	False		0.0	0		False		False		False		False		False		False		False		False		0.0	0
rs514319	15:64479108	15:64000000	lower_recurrence_exact	moderate_0.2_0.5	neuro_systemic	7	6	False	0.0193569875343843	8	True	True	False	False	0.9647085390877796	True	True	False	False	False	False	0.0						False	False	False	False	False		0.0	0		False		False		False		False		False		False		False		False		0.0	0
rs114653490	8:47511193	8:47500000	lower_recurrence_exact	moderate_0.2_0.5	neuro_systemic	7	4	True	0.0	0	False	False	False	False	0.0	False	False	False	False	False	False	0.0						False	False	False	False	False		0.0	0		False		False		True	SPIDR	True	SPIDR	False		False		False		False		0.0	0
rs4974016	3:42064183	3:42000000	lower_recurrence_exact	moderate_0.2_0.5	neuro_systemic	7	4	True	0.0	0	False	False	False	False	0.0	False	False	False	False	False	False	0.0						False	False	False	False	True	TRAK1	0.8129724172579071	8	intergenic	False		False		False		False		False		False		False		False		0.0	0
rs1414272	1:116573246	1:116500000	lower_recurrence_exact	moderate_0.2_0.5	systemic_non_neural	7	4	False	0.0	0	False	False	False	False	0.0	False	False	False	False	False	False	0.0						False	False	False	False	False		0.0	0		False		False		False		False		False		False		False		False		0.0	0
rs17615059	1:235702714	1:235500000	lower_recurrence_exact	moderate_0.2_0.5	systemic_non_neural	7	4	False	0.0	0	False	False	False	False	0.0	False	False	False	False	False	False	0.0						False	False	False	False	False		0.0	0		False		False		False		False		False		False		False		False		0.0	0
rs11158809	14:69582408	14:69500000	lower_recurrence_exact	moderate_0.2_0.5	systemic_non_neural	7	5	False	0.0	0	False	False	False	False	0.0	False	False	False	False	False	False	0.0						False	False	False	False	False		0.0	0		False		False		False		False		False		False		False		False		0.0	0
rs9884181	4:150706791	4:150500000	lower_recurrence_exact	moderate_0.2_0.5	systemic_non_neural	7	4	False	0.0	0	False	False	False	False	0.5567719414644701	False	False	False	False	False	False	0.0						False	False	False	False	False		0.0	0		False		False		False		False		False		False		False		False		0.0	0
rs31602	19:13982786	19:13500000	lower_recurrence_exact	moderate_0.2_0.5	systemic_non_neural	7	5	False	0.0	0	False	False	False	False	0.0	False	False	False	False	False	False	0.0						False	False	False	False	False		0.0	0		False		False		False		False		False		False		False		False		0.0	0
rs9890920	17:7496722	17:7000000	lower_recurrence_exact	moderate_0.2_0.5	systemic_non_neural	7	4	True	0.0311056806854742	15	True	True	False	False	0.9403562374737504	True	True	True	True	True	True	0.326083779335022	CHRNB1;FGF11;TNFSF12;ZBTB4	CHRNB1;FGF11;TNFSF12;ZBTB4	ZBTB4	CHRNB1;FGF11;TNFSF12;ZBTB4	CHRNB1;FGF11;ZBTB4	True	True	True	True	True	TNFSF12	0.6258522565596671	1	genic	False		False		False		False		False		False		False		False		0.0	0
rs3889251	4:3954576	4:3500000	lower_recurrence_exact	moderate_0.2_0.5	systemic_non_neural	7	4	False	0.0	0	False	False	False	False	0.0	False	False	False	False	False	False	0.0						False	False	False	False	False		0.0	0		False		False		False		False		False		False		False		False		0.0	0
rs6437083	2:232997881	2:232500000	lower_recurrence_exact	moderate_0.2_0.5	systemic_non_neural	7	4	False	0.0479141360767497	1	True	True	False	False	0.0	False	False	False	False	False	False	0.0						False	False	False	False	False		0.0	0		False		False		False		False		False		False		False		False		0.0	0
rs2947237	9:87951654	9:87500000	lower_recurrence_exact	moderate_0.2_0.5	systemic_non_neural	7	6	True	0.0117282764910027	1	True	True	False	False	0.942665452502948	True	True	True	True	True	True	0.739617109298706	CDK20	CDK20	CDK20	CDK20	CDK20	True	True	True	True	True	CDK20	0.7224502938761205	1	intergenic	False		False		False		False		False		False		False		False		0.0	0
rs2425269	20:36747074	20:36500000	lower_recurrence_exact	moderate_0.2_0.5	systemic_non_neural	7	4	True	0.1710539495590354	1	True	True	True	True	0.9578495731249548	True	True	True	False	False	False	0.0732693746685981	DSN1	DSN1				False	False	False	False	False		0.0	0		False		False		False		False		False		False		False		False		0.0	0
rs17346134	4:139501724	4:139500000	lower_recurrence_exact	moderate_0.2_0.5	systemic_non_neural	7	4	True	0.0	0	False	False	False	False	0.6070030156495768	True	False	False	False	False	False	0.0						False	False	False	False	False		0.0	0		False		False		False		False		False		False		False		False		0.0	0
rs1958413	14:63761909	14:63500000	lower_recurrence_exact	moderate_0.2_0.5	systemic_non_neural	7	5	False	0.0	0	False	False	False	False	0.0	False	False	False	False	False	False	0.0						False	False	False	False	False		0.0	0		False		False		False		False		False		False		False		False		0.0	0
rs6011853	20:63480219	20:63000000	lower_recurrence_exact	moderate_0.2_0.5	systemic_non_neural	7	4	True	0.0	0	False	False	False	False	0.0	False	False	False	False	False	False	0.0						False	False	False	False	True	PPDPF	0.7037732930860189	1	intergenic	False		False		False		False		False		False		False		False		0.0	0
rs17659350	18:50006727	18:50000000	lower_recurrence_exact	moderate_0.2_0.5	systemic_non_neural	7	4	False	0.0	0	False	False	False	False	0.0	False	False	False	False	False	False	0.0						False	False	False	False	False		0.0	0		False		False		False		False		False		False		False		False		0.0	0
rs11132810	4:169612949	4:169500000	lower_recurrence_exact	moderate_0.2_0.5	neural_enriched	7	4	True	0.0	0	False	False	False	False	0.0	False	False	False	False	False	False	0.0						False	False	False	False	False		0.0	0		False		False		False		False		False		False		False		False		0.0	0
rs6777292	3:101589932	3:101500000	lower_recurrence_exact	moderate_0.2_0.5	neuro_systemic	7	5	False	0.0135921442243761	3	True	True	False	False	0.7545596755400847	True	False	False	False	False	False	0.0						False	False	False	False	False		0.0	0		False		False		False		False		False		False		False		False		0.0	0
rs11099669	4:147768360	4:147500000	lower_recurrence_exact	moderate_0.2_0.5	systemic_non_neural	7	5	False	0.0047703081382489	3	True	False	False	False	0.6490913601118096	True	False	False	False	False	False	0.0						False	False	False	False	False		0.0	0		False		False		False		False		False		False		False		False		0.0	0
rs12857	12:120496143	12:120000000	lower_recurrence_exact	moderate_0.2_0.5	neuro_systemic	7	4	True	0.0727293024645522	29	True	True	True	False	0.9633776787784228	True	True	True	True	True	True	0.3487208783626556	COQ5;DYNLL1;GATC;POP5;RNF10	COQ5;DYNLL1;GATC;POP5;RNF10	COQ5;DYNLL1;POP5	COQ5;DYNLL1;POP5;RNF10	COQ5;DYNLL1;GATC;POP5;RNF10	True	True	True	True	True	DYNLL1	0.9999999622860796	358	promoter	False		False		True	POP5;RNF10	False		False		False		False		False		0.0	0
rs2015524	22:37498413	22:37000000	lower_recurrence_exact	moderate_0.2_0.5	systemic_other	7	4	True	0.0	0	False	False	False	False	0.0	False	False	False	False	False	False	0.0						False	False	False	False	True	MFNG	0.9309956311680924	73	genic	False		False		False		False		False		False		False		False		0.0	0
rs3936146	1:16924078	1:16500000	lower_recurrence_exact	moderate_0.2_0.5	systemic_other	7	4	True	0.0068172789505638	10	True	False	False	False	0.8146834980855644	True	True	False	False	False	False	0.0						True	True	True	True	False		0.0	0		False		False		False		False		False		False		False		False		0.0	0
rs10869964	9:77751343	9:77500000	lower_recurrence_exact	moderate_0.2_0.5	systemic_non_neural	7	4	True	0.0331895917225517	11	True	True	False	False	0.7392049677569105	True	False	True	True	True	True	0.6456695795059204	GNAQ	GNAQ	GNAQ	GNAQ	GNAQ	True	True	True	True	True	GNAQ	0.8165387451901924	8	genic	False		False		True	GNAQ	False		False		False		False		False		0.0	0
rs1812622	3:13496095	3:13000000	lower_recurrence_exact	moderate_0.2_0.5	systemic_non_neural	7	4	True	0.0183612744900174	2	True	True	False	False	0.0	False	False	True	True	True	False	0.6237261891365051	FBLN2;HDAC11	FBLN2;HDAC11	HDAC11	FBLN2;HDAC11		False	False	False	False	True	FBLN2	0.8902218986111474	50	genic	False		False		True	HDAC11	False		False		False		False		False		0.0	0
rs543659	16:49483980	16:49000000	lower_recurrence_exact	moderate_0.2_0.5	neuro_systemic	7	4	False	0.0	0	False	False	False	False	0.0	False	False	False	False	False	False	0.0						False	False	False	False	False		0.0	0		False		False		False		False		False		False		False		False		0.0	0
rs9882561	3:135924813	3:135500000	lower_recurrence_exact	moderate_0.2_0.5	systemic_non_neural	7	4	False	0.0	0	False	False	False	False	0.0	False	False	False	False	False	False	0.0						False	False	False	False	False		0.0	0		False		False		False		False		False		False		False		False		0.0	0
rs10596	16:31477595	16:31000000	lower_recurrence_exact	moderate_0.2_0.5	neuro_systemic	7	5	True	0.0	0	False	False	False	False	0.0	False	False	False	False	False	False	0.0						False	False	False	False	True	AHSP	0.9045040329650604	16	genic	False		False		False		False		False		False		False		False		0.0	0
rs718225	21:39280690	21:39000000	lower_recurrence_exact	moderate_0.2_0.5	systemic_non_neural	7	4	False	0.0096599209702815	11	True	False	False	False	0.7582860901534618	True	False	False	False	False	False	0.0						False	False	False	False	False		0.0	0		False		False		False		False		False		False		False		False		0.0	0
rs9287215	1:235091308	1:235000000	lower_recurrence_exact	moderate_0.2_0.5	neuro_systemic	7	4	False	0.0	0	False	False	False	False	0.0	False	False	False	False	False	False	0.0						False	False	False	False	False		0.0	0		False		False		False		False		False		False		False		False		0.0	0
rs1010287	22:37752261	22:37500000	lower_recurrence_exact	moderate_0.2_0.5	systemic_non_neural	7	5	True	0.0079289442936664	2	True	False	False	False	0.786755701721191	True	False	True	False	True	False	0.0709631666541099	GCAT	GCAT		GCAT		False	False	False	False	True	GCAT	0.7058476118955329	1	genic	False		False		False		False		False		False		False		False		0.0	0
rs2118309	11:108496726	11:108000000	lower_recurrence_exact	moderate_0.2_0.5	systemic_non_neural	7	5	True	0.0153454243495389	9	True	True	False	False	0.9074766549325864	True	True	True	True	True	True	0.6131616234779358	ATM;C11ORF65;NPAT	ATM;C11ORF65;NPAT	ATM;NPAT	ATM;C11ORF65;NPAT	ATM;C11ORF65;NPAT	True	True	True	False	True	C11ORF65	0.8157215702056675	1	genic	False		False		True	ATM;C11ORF65	False		False		False		False		False		0.0	0
rs313846	19:46729887	19:46500000	lower_recurrence_exact	moderate_0.2_0.5	systemic_non_neural	7	5	True	0.0	0	False	False	False	False	0.0	False	False	False	False	False	False	0.0						False	False	False	False	False		0.0	0		False		False		False		False		False		False		False		False		0.0	0
rs4257414	2:84491951	2:84000000	lower_recurrence_exact	moderate_0.2_0.5	systemic_non_neural	7	5	False	0.0	0	False	False	False	False	0.0	False	False	False	False	False	False	0.0						False	False	False	False	False		0.0	0		False		False		False		False		False		False		False		False		0.0	0
rs3111703	4:106806621	4:106500000	lower_recurrence_exact	moderate_0.2_0.5	systemic_non_neural	7	5	False	0.0	0	False	False	False	False	0.0	False	False	False	False	False	False	0.0						False	False	False	False	False		0.0	0		False		False		False		False		False		False		False		False		0.0	0
rs6603797	1:1834144	1:1500000	lower_recurrence_exact	moderate_0.2_0.5	systemic_non_neural	7	4	True	1.64299944259641e-05	1	True	False	False	False	0.0	False	False	False	False	False	False	0.0						True	False	False	False	True	NADK	0.6705317489656885	1	genic	False		False		False		False		False		False		False		False		0.0	0
rs237720	20:49303135	20:49000000	lower_recurrence_exact	moderate_0.2_0.5	neuro_systemic	7	4	False	0.0311481008656656	9	True	True	False	False	0.9077290702018648	True	True	False	False	False	False	0.0						False	False	False	False	False		0.0	0		False		False		False		False		False		False		False		False		0.0	0
rs2512622	11:68255669	11:68000000	lower_recurrence_exact	moderate_0.2_0.5	systemic_non_neural	7	4	True	0.0	0	False	False	False	False	0.0	False	False	False	False	False	False	0.0						False	False	False	False	False		0.0	0		False		False		False		False		False		False		False		False		0.0	0
rs9405191	6:3086719	6:3000000	lower_recurrence_exact	moderate_0.2_0.5	systemic_non_neural	7	5	True	0.0	0	False	False	False	False	0.0	False	False	False	False	False	False	0.0						False	False	False	False	False		0.0	0		False		False		False		False		False		False		False		False		0.0	0
rs10271662	7:55895214	7:55500000	lower_recurrence_exact	moderate_0.2_0.5	systemic_non_neural	7	4	True	0.0468003761670402	8	True	True	False	False	0.96767721804037	True	True	True	False	True	True	0.1923040002584457	SUMF2	SUMF2		SUMF2	SUMF2	True	True	True	True	False		0.0	0		False		False		False		False		False		False		False		False		0.0	0
rs4709360	6:157531128	6:157500000	lower_recurrence_exact	moderate_0.2_0.5	systemic_non_neural	7	4	True	0.0	0	False	False	False	False	0.0	False	False	False	False	False	False	0.0						False	False	False	False	True	ZDHHC14	0.9341655519541798	6	genic	False		False		False		False		False		False		False		False		0.0	0
rs1279596	6:110882216	6:110500000	lower_recurrence_exact	moderate_0.2_0.5	systemic_non_neural	7	6	True	0.0065516287703408	1	True	False	False	False	0.8871740158247637	True	True	True	False	False	True	0.1964623779058456	GTF3C6	GTF3C6			GTF3C6	True	True	True	True	False		0.0	0		False		False		False		False		False		True	GTF3C6	False		False		0.022298	1
rs11574	1:23559007	1:23500000	lower_recurrence_exact	moderate_0.2_0.5	systemic_non_neural	7	5	True	0.0	0	False	False	False	False	0.0	False	False	False	False	False	False	0.0						False	False	False	False	False		0.0	0		False		False		False		False		False		False		False		False		0.0	0
rs1897370	10:60972930	10:60500000	lower_recurrence_exact	moderate_0.2_0.5	neuro_systemic	6	4	False	0.0285497944695516	4	True	True	False	False	0.0	False	False	False	False	False	False	0.0						False	False	False	False	False		0.0	0		False		False		False		False		False		False		False		False		0.0	0
rs12550882	9:96552605	9:96500000	lower_recurrence_exact	moderate_0.2_0.5	neuro_systemic	6	4	True	0.0	0	False	False	False	False	0.0	False	False	False	False	False	False	0.0						False	False	False	False	False		0.0	0		False		False		False		False		False		False		False		False		0.0	0
rs10865346	2:64359724	2:64000000	lower_recurrence_exact	moderate_0.2_0.5	neuro_systemic	6	4	True	0.0	0	False	False	False	False	0.0	False	False	False	False	False	False	0.0						False	False	False	False	True	LGALSL	0.8026118193484005	2	intergenic	False		False		False		False		False		False		False		False		0.0	0
rs601050	1:227994733	1:227500000	lower_recurrence_exact	moderate_0.2_0.5	neuro_systemic	6	4	True	0.0356899891903975	5	True	True	False	False	0.9056235785095826	True	True	True	False	True	True	0.0970590487122535	MRPL55	MRPL55		MRPL55	MRPL55	True	True	True	True	False		0.0	0		False		False		False		False		False		False		False		False		0.0	0
rs6819911	4:139042901	4:139000000	lower_recurrence_exact	moderate_0.2_0.5	neuro_systemic	6	6	True	0.0018746809119889	1	True	False	False	False	0.8436891978008881	True	True	True	True	True	False	0.4119560420513153	ELF2	ELF2	ELF2	ELF2		False	False	False	False	False		0.0	0		False		False		False		False		False		False		False		False		0.0	0
rs4238984	17:75426138	17:75000000	lower_recurrence_exact	moderate_0.2_0.5	neuro_systemic	6	5	True	0.0010619134282536	1	True	False	False	False	0.7425943376371559	True	False	True	False	False	True	0.0599366500973701	MYO15B;TMEM94	MYO15B;TMEM94			MYO15B;TMEM94	True	True	True	False	False		0.0	0		False		False		False		False		False		False		False		False		0.0	0
rs10111332	8:144522244	8:144500000	lower_recurrence_exact	moderate_0.2_0.5	systemic_non_neural	6	5	True	0.0	0	False	False	False	False	0.0	False	False	False	False	False	False	0.0						False	False	False	False	False		0.0	0		False		False		False		False		False		False		False		False		0.0	0
rs8043062	15:66503642	15:66500000	lower_recurrence_exact	moderate_0.2_0.5	neuro_systemic	6	5	True	0.0121215285415069	15	True	True	False	False	0.0	False	False	True	True	True	True	0.1387551575899124	MAP2K1	MAP2K1	MAP2K1	MAP2K1	MAP2K1	True	True	True	True	False		0.0	0		False		False		False		False		False		False		False		False		0.0	0
rs61749657	5:177504593	5:177500000	lower_recurrence_exact	moderate_0.2_0.5	neuro_systemic	6	4	False	0.0	0	False	False	False	False	0.0	False	False	False	False	False	False	0.0						False	False	False	False	False		0.0	0		False		False		False		False		False		False		False		False		0.0	0
rs2513046	11:62468622	11:62000000	lower_recurrence_exact	moderate_0.2_0.5	systemic_non_neural	6	4	False	0.0	0	False	False	False	False	0.0	False	False	False	False	False	False	0.0						False	False	False	False	False		0.0	0		False		False		False		False		False		False		False		False		0.0	0
rs4559283	8:43171867	8:43000000	lower_recurrence_exact	moderate_0.2_0.5	systemic_non_neural	6	6	True	0.0	0	False	False	False	False	0.5021223267190129	False	False	False	False	False	False	0.0						False	False	False	False	False		0.0	0		False		False		False		False		False		False		False		False		0.0	0
rs414893	17:77487919	17:77000000	lower_recurrence_exact	moderate_0.2_0.5	systemic_non_neural	6	4	False	0.0	0	False	False	False	False	0.0	False	False	False	False	False	False	0.0						False	False	False	False	False		0.0	0		False		False		False		False		False		False		False		False		0.0	0
rs7966756	12:6953228	12:6500000	lower_recurrence_exact	moderate_0.2_0.5	systemic_non_neural	6	4	True	0.0351011658007877	1	True	True	False	False	0.0	False	False	False	False	False	False	0.0						False	False	False	False	True	ENO2	0.660186860550872	1	genic	False		False		False		False		False		False		False		False		0.0	0
rs10784930	12:71694524	12:71500000	lower_recurrence_exact	moderate_0.2_0.5	neuro_systemic	6	4	True	0.0	0	False	False	False	False	0.0	False	False	False	False	False	False	0.0						False	False	False	False	True	TMEM19	0.8613431677420058	16	genic	False		False		False		False		False		False		False		False		0.0	0
rs7212722	17:56948784	17:56500000	lower_recurrence_exact	moderate_0.2_0.5	systemic_non_neural	6	4	False	0.0	0	False	False	False	False	0.0	False	False	False	False	False	False	0.0						False	False	False	False	False		0.0	0		False		False		False		False		False		False		False		False		0.0	0
rs2922068	8:98913400	8:98500000	lower_recurrence_exact	moderate_0.2_0.5	systemic_non_neural	6	5	True	0.015106103263452	1	True	True	False	False	0.509800852043695	False	False	False	False	False	False	0.0						False	False	False	False	False		0.0	0		False		False		False		False		False		False		False		False		0.0	0
rs7660921	4:1647582	4:1500000	lower_recurrence_exact	moderate_0.2_0.5	systemic_non_neural	6	4	True	0.0	0	False	False	False	False	0.0	False	False	False	False	False	False	0.0						False	False	False	False	False		0.0	0		False		False		False		False		False		False		False		False		0.0	0
rs2885880	11:71944801	11:71500000	lower_recurrence_exact	moderate_0.2_0.5	systemic_non_neural	6	4	False	0.0032245927794397	1	True	False	False	False	0.9640643456742	True	True	False	False	False	False	0.0						False	False	False	False	False		0.0	0		False		False		False		False		False		False		False		False		0.0	0
rs978313	1:68010791	1:68000000	lower_recurrence_exact	moderate_0.2_0.5	neuro_systemic	6	5	True	0.0	0	False	False	False	False	0.0	False	False	False	False	False	False	0.0						False	False	False	False	False		0.0	0		False		False		False		False		False		False		False		False		0.0	0
rs412425	7:74148784	7:74000000	lower_recurrence_exact	moderate_0.2_0.5	systemic_non_neural	6	5	True	0.0	0	False	False	False	False	0.0	False	False	False	False	False	False	0.0						False	False	False	False	False		0.0	0		False		False		False		False		False		False		False		False		0.0	0
rs7039441	9:137710882	9:137500000	lower_recurrence_exact	moderate_0.2_0.5	systemic_other	6	4	False	0.0	0	False	False	False	False	0.0	False	False	False	False	False	False	0.0						False	False	False	False	False		0.0	0		False		False		False		False		False		False		False		False		0.0	0
rs901764	8:143393254	8:143000000	lower_recurrence_exact	moderate_0.2_0.5	systemic_non_neural	6	4	False	0.0001365400280348	1	True	False	False	False	0.0	False	False	False	False	False	False	0.0						False	False	False	False	False		0.0	0		False		False		False		False		False		False		False		False		0.0	0
rs11761178	7:73868015	7:73500000	lower_recurrence_exact	moderate_0.2_0.5	systemic_non_neural	6	5	False	0.006544278942585	3	True	False	False	False	0.7125087500502328	True	False	False	False	False	False	0.0						False	False	False	False	False		0.0	0		False		False		False		False		False		False		False		False		0.0	0
rs2254964	20:5002126	20:5000000	lower_recurrence_exact	moderate_0.2_0.5	systemic_non_neural	6	4	False	0.1207329250526328	11	True	True	True	True	0.9730339681921714	True	True	False	False	False	False	0.0						False	False	False	False	False		0.0	0		False		False		False		False		False		False		False		False		0.0	0
rs7299189	12:56579072	12:56500000	lower_recurrence_exact	moderate_0.2_0.5	neuro_systemic	6	4	False	0.0	0	False	False	False	False	0.0	False	False	False	False	False	False	0.0						False	False	False	False	False		0.0	0		False		False		False		False		False		False		False		False		0.0	0
rs3781252	10:75000873	10:75000000	lower_recurrence_exact	moderate_0.2_0.5	neuro_systemic	6	5	False	0.0	0	False	False	False	False	0.5205351108264787	False	False	False	False	False	False	0.0						False	False	False	False	False		0.0	0		False		False		False		False		False		False		False		False		0.0	0
rs7797689	7:112985786	7:112500000	lower_recurrence_exact	moderate_0.2_0.5	systemic_non_neural	6	4	False	0.0	0	False	False	False	False	0.0	False	False	False	False	False	False	0.0						False	False	False	False	False		0.0	0		False		False		False		False		False		False		False		False		0.0	0
rs1572641	13:100612379	13:100500000	lower_recurrence_exact	moderate_0.2_0.5	systemic_other	6	4	True	0.0	0	False	False	False	False	0.0	False	False	False	False	False	False	0.0						False	False	False	False	False		0.0	0		False		False		False		False		False		False		False		False		0.0	0
rs896598	15:73744288	15:73500000	lower_recurrence_exact	moderate_0.2_0.5	systemic_non_neural	6	4	False	0.0	0	False	False	False	False	0.0	False	False	False	False	False	False	0.0						False	False	False	False	False		0.0	0		False		False		False		False		False		False		False		False		0.0	0
rs9906415	17:74393143	17:74000000	lower_recurrence_exact	moderate_0.2_0.5	systemic_non_neural	6	4	True	0.0	0	False	False	False	False	0.0	False	False	False	False	False	False	0.0						False	False	False	False	True	GPRC5C	0.6455050378635433	1	intergenic	True	GPRC5C	True	GPRC5C	False		False		False		False		False		False		0.0	0
rs4777505	15:72376198	15:72000000	lower_recurrence_exact	moderate_0.2_0.5	systemic_non_neural	6	6	False	0.0125377919096416	1	True	True	False	False	0.9260618539513344	True	True	False	False	False	False	0.0						False	False	False	False	False		0.0	0		False		False		False		False		False		False		False		False		0.0	0
rs11711953	3:47998793	3:47500000	lower_recurrence_exact	moderate_0.2_0.5	systemic_non_neural	6	4	True	0.1321012805674202	3	True	True	True	True	0.920142691179158	True	True	True	True	False	False	0.8703107833862305	MAP4	MAP4	MAP4			False	False	False	False	False		0.0	0		False		False		False		False		False		False		False		False		0.0	0
rs522381	11:72142196	11:72000000	lower_recurrence_exact	moderate_0.2_0.5	systemic_non_neural	6	5	False	0.0	0	False	False	False	False	0.5743056370821352	False	False	False	False	False	False	0.0						False	False	False	False	False		0.0	0		False		False		False		False		False		False		False		False		0.0	0
rs9921065	16:89000465	16:89000000	lower_recurrence_exact	moderate_0.2_0.5	systemic_non_neural	6	4	False	0.0	0	False	False	False	False	0.0	False	False	False	False	False	False	0.0						False	False	False	False	False		0.0	0		False		False		False		False		False		False		False		False		0.0	0
rs2300217	20:3957928	20:3500000	lower_recurrence_exact	moderate_0.2_0.5	neuro_systemic	6	5	True	0.0	0	False	False	False	False	0.0	False	False	False	False	False	False	0.0						False	False	False	False	False		0.0	0		False		False		False		False		False		False		False		False		0.0	0
rs1894111	11:67271141	11:67000000	lower_recurrence_exact	moderate_0.2_0.5	systemic_non_neural	6	4	True	0.0	0	False	False	False	False	0.0	False	False	False	False	False	False	0.0						False	False	False	False	True	ANKRD13D;SSH3	0.8623310293892174	13	genic	False		False		False		False		False		False		False		False		0.0	0
rs11203414	1:17503460	1:17500000	lower_recurrence_exact	moderate_0.2_0.5	neuro_systemic	6	5	False	0.0	0	False	False	False	False	0.0	False	False	False	False	False	False	0.0						False	False	False	False	False		0.0	0		False		False		False		False		False		False		False		False		0.0	0
rs7338545	13:95623297	13:95500000	lower_recurrence_exact	moderate_0.2_0.5	systemic_non_neural	6	4	False	0.0	0	False	False	False	False	0.0	False	False	False	False	False	False	0.0						False	False	False	False	False		0.0	0		False		False		False		False		False		False		False		False		0.0	0
rs4877501	9:79688411	9:79500000	lower_recurrence_exact	moderate_0.2_0.5	neuro_systemic	6	4	True	0.0354752693108764	10	True	True	False	False	0.88950382745368	True	True	True	True	True	True	0.8772684931755066	TLE4	TLE4	TLE4	TLE4	TLE4	True	True	True	True	False		0.0	0		False		False		True	TLE4	False		False		False		False		False		0.0	0
rs11641683	16:70496644	16:70000000	lower_recurrence_exact	moderate_0.2_0.5	systemic_non_neural	6	5	True	0.0089157279791905	1	True	False	False	False	0.6242802788470179	True	False	True	False	True	True	0.1370476931333542	IL34	IL34		IL34	IL34	True	True	True	True	False		0.0	0		False		False		False		False		False		False		False		False		0.0	0
rs2906155	7:2481456	7:2000000	lower_recurrence_exact	moderate_0.2_0.5	systemic_non_neural	6	5	True	0.1689863136061581	18	True	True	True	True	0.9461420036261586	True	True	True	False	True	True	0.153977021574974	LFNG	LFNG		LFNG	LFNG	True	True	True	True	False		0.0	0		False		False		False		False		False		False		False		False		0.0	0
rs190377025	11:62510229	11:62500000	lower_recurrence_exact	moderate_0.2_0.5	neuro_systemic	6	4	False	0.0006803961030177	1	True	False	False	False	0.0	False	False	False	False	False	False	0.0						False	False	False	False	False		0.0	0		False		False		False		False		False		False		False		False		0.0	0
rs2031993	13:51931912	13:51500000	lower_recurrence_exact	moderate_0.2_0.5	systemic_non_neural	6	4	True	0.0	0	False	False	False	False	0.0	False	False	False	False	False	False	0.0						False	False	False	False	False		0.0	0		False		False		False		False		False		False		False		False		0.0	0
rs2301151	19:35352183	19:35000000	lower_recurrence_exact	moderate_0.2_0.5	systemic_other	6	4	True	0.0	0	False	False	False	False	0.0	False	False	False	False	False	False	0.0						False	False	False	False	True	CD22	0.805437106183493	3	genic	False		False		False		False		False		False		False		False		0.0	0
rs16834996	1:32490324	1:32000000	lower_recurrence_exact	moderate_0.2_0.5	systemic_other	6	4	False	0.0	0	False	False	False	False	0.0	False	False	False	False	False	False	0.0						False	False	False	False	False		0.0	0		False		False		False		False		False		False		False		False		0.0	0
rs611018	11:108315222	11:108000000	lower_recurrence_exact	moderate_0.2_0.5	neuro_systemic	6	5	False	0.0	0	False	False	False	False	0.0	False	False	False	False	False	False	0.0						False	False	False	False	False		0.0	0		False		False		False		False		False		False		False		False		0.0	0
rs1545035	5:139268725	5:139000000	lower_recurrence_exact	moderate_0.2_0.5	systemic_non_neural	6	4	False	0.0	0	False	False	False	False	0.0	False	False	False	False	False	False	0.0						False	False	False	False	False		0.0	0		False		False		False		False		False		False		False		False		0.0	0
rs4636400	1:145990515	1:145500000	lower_recurrence_exact	moderate_0.2_0.5	neural_enriched	6	5	True	0.0	0	False	False	False	False	0.0	False	False	False	False	False	False	0.0						False	False	False	False	False		0.0	0		False		False		True	RBM8A	True	RBM8A	True	RBM8A	False		False		False		0.0	0
rs2858908	22:23953589	22:23500000	lower_recurrence_exact	moderate_0.2_0.5	systemic_non_neural	6	4	True	0.0	0	False	False	False	False	0.0	False	False	False	False	False	False	0.0						False	False	False	False	False		0.0	0		False		False		False		False		False		False		False		False		0.0	0
rs6894757	5:789895	5:500000	lower_recurrence_exact	moderate_0.2_0.5	systemic_non_neural	6	4	True	0.0	0	False	False	False	False	0.5808380996835429	False	False	False	False	False	False	0.0						False	False	False	False	False		0.0	0		False		False		False		False		False		False		False		False		0.0	0
rs2899713	15:65824996	15:65500000	lower_recurrence_exact	moderate_0.2_0.5	systemic_non_neural	6	5	True	0.0	0	False	False	False	False	0.7403418411292336	True	False	False	False	False	False	0.0						False	False	False	False	True	DENND4A	0.6619584848244016	1	intergenic	False		False		False		False		False		False		False		False		0.0	0
rs6924483	6:43507736	6:43500000	lower_recurrence_exact	moderate_0.2_0.5	neuro_systemic	6	4	True	0.0086697410474637	1	True	False	False	False	0.8232022398932382	True	True	True	False	True	True	0.0594586282968521	POLR1C;TJAP1	POLR1C;TJAP1		TJAP1	POLR1C;TJAP1	True	True	True	True	False		0.0	0		False		False		False		False		False		False		False		False		0.0	0
rs4290576	19:34394553	19:34000000	lower_recurrence_exact	moderate_0.2_0.5	systemic_non_neural	6	4	False	0.0	0	False	False	False	False	0.5846639260210564	False	False	False	False	False	False	0.0						False	False	False	False	False		0.0	0		False		False		False		False		False		False		False		False		0.0	0
rs5022415	17:64992826	17:64500000	lower_recurrence_exact	moderate_0.2_0.5	neuro_systemic	6	5	True	0.0153586301309376	1	True	True	False	False	0.7967399450298515	True	False	True	True	False	True	0.269574910402298	GNA13	GNA13	GNA13		GNA13	True	True	True	False	False		0.0	0		False		False		False		False		False		False		False		False		0.0	0
rs2245413	10:43355120	10:43000000	lower_recurrence_exact	moderate_0.2_0.5	systemic_non_neural	6	4	True	0.1030467434928135	3	True	True	True	True	0.9618171241150476	True	True	True	False	False	True	0.0522760190069675	HNRNPF	HNRNPF			HNRNPF	True	True	True	False	False		0.0	0		False		False		False		False		False		False		False		False		0.0	0
rs2164498	12:31206276	12:31000000	lower_recurrence_exact	moderate_0.2_0.5	systemic_non_neural	6	5	False	0.0	0	False	False	False	False	0.0	False	False	False	False	False	False	0.0						False	False	False	False	False		0.0	0		False		False		False		False		False		False		False		False		0.0	0
rs2761407	14:89000456	14:89000000	lower_recurrence_exact	moderate_0.2_0.5	neuro_systemic	6	4	False	0.0	0	False	False	False	False	0.8400150288725274	True	True	False	False	False	False	0.0						False	False	False	False	False		0.0	0		False		False		False		False		False		False		False		False		0.0	0
rs7968557	12:120052572	12:120000000	lower_recurrence_exact	moderate_0.2_0.5	systemic_non_neural	6	4	True	0.0154428346998983	2	True	True	False	False	0.9162367765180048	True	True	True	True	True	True	0.555059552192688	BICDL1	BICDL1	BICDL1	BICDL1	BICDL1	True	True	True	True	False		0.0	0		False		False		True	BICDL1	False		False		False		False		False		0.0	0
rs7224429	17:74477635	17:74000000	lower_recurrence_exact	moderate_0.2_0.5	systemic_non_neural	6	4	False	0.0347817338105505	1	True	True	False	False	0.5129844470630377	False	False	False	False	False	False	0.0						False	False	False	False	False		0.0	0		False		False		False		False		False		False		False		False		0.0	0
rs12323646	14:23519888	14:23500000	lower_recurrence_exact	moderate_0.2_0.5	neural_enriched	6	4	True	0.0	0	False	False	False	False	0.0	False	False	False	False	False	False	0.0						False	False	False	False	False		0.0	0		False		False		False		False		False		False		False		False		0.0	0
rs2735842	7:129206628	7:129000000	lower_recurrence_exact	moderate_0.2_0.5	systemic_non_neural	6	4	False	0.0	0	False	False	False	False	0.0	False	False	False	False	False	False	0.0						False	False	False	False	False		0.0	0		False		False		False		False		False		False		False		False		0.0	0
rs7039678	9:136558591	9:136500000	lower_recurrence_exact	moderate_0.2_0.5	systemic_non_neural	6	6	False	0.0	0	False	False	False	False	0.0	False	False	False	False	False	False	0.0						False	False	False	False	False		0.0	0		False		False		False		False		False		False		False		False		0.0	0
rs515735	11:125520435	11:125500000	lower_recurrence_exact	moderate_0.2_0.5	systemic_non_neural	6	4	False	0.0	0	False	False	False	False	0.0	False	False	False	False	False	False	0.0						False	False	False	False	False		0.0	0		False		False		False		False		False		False		False		False		0.0	0
rs77024306	2:74000361	2:74000000	lower_recurrence_exact	moderate_0.2_0.5	neuro_systemic	6	6	False	0.2924460249641778	2	True	True	True	True	0.0	False	False	False	False	False	False	0.0						False	False	False	False	False		0.0	0		False		False		False		False		False		False		False		False		0.0	0
rs2467950	8:143367021	8:143000000	lower_recurrence_exact	moderate_0.2_0.5	systemic_non_neural	6	4	True	0.0	0	False	False	False	False	0.6231779329157491	True	False	False	False	False	False	0.0						False	False	False	False	True	TOP1MT	0.922191602531633	2	intergenic	False		False		False		False		False		False		False		False		0.0	0
rs1447834	3:78978204	3:78500000	lower_recurrence_exact	moderate_0.2_0.5	systemic_non_neural	6	4	True	0.0	0	False	False	False	False	0.0	False	False	False	False	False	False	0.0						False	False	False	False	False		0.0	0		False		False		False		False		False		False		False		False		0.0	0
rs4660673	1:42835250	1:42500000	lower_recurrence_exact	moderate_0.2_0.5	systemic_non_neural	6	5	True	0.0	0	False	False	False	False	0.0	False	False	False	False	False	False	0.0						False	False	False	False	True	ERMAP	0.9716650758372292	3	genic	False		False		False		False		False		False		False		False		0.0	0
rs4646823	11:67666945	11:67500000	lower_recurrence_exact	moderate_0.2_0.5	systemic_non_neural	6	5	True	0.0	0	False	False	False	False	0.0	False	False	False	False	False	False	0.0						False	False	False	False	False		0.0	0		False		False		True	NUDT8	False		False		False		False		False		0.0	0
rs6071671	20:36608198	20:36500000	lower_recurrence_exact	moderate_0.2_0.5	systemic_non_neural	6	5	False	0.0	0	False	False	False	False	0.0	False	False	False	False	False	False	0.0						False	False	False	False	False		0.0	0		False		False		False		False		False		False		False		False		0.0	0
rs7026115	9:127974598	9:127500000	lower_recurrence_exact	moderate_0.2_0.5	systemic_non_neural	6	5	True	0.0	0	False	False	False	False	0.0	False	False	False	False	False	False	0.0						False	False	False	False	False		0.0	0		False		False		False		False		False		False		False		False		0.0	0
rs7306532	12:58988867	12:58500000	lower_recurrence_exact	moderate_0.2_0.5	systemic_non_neural	6	4	True	0.0237366804183804	3	True	True	False	False	0.9683910248903526	True	True	True	True	True	True	0.9234734177589417	LRIG3	LRIG3	LRIG3	LRIG3	LRIG3	True	True	True	True	False		0.0	0		True	LRIG3	True	LRIG3	False		False		False		False		False		False		0.0	0
rs2196392	7:15515787	7:15500000	lower_recurrence_exact	moderate_0.2_0.5	systemic_non_neural	6	4	True	0.0	0	False	False	False	False	0.0	False	False	False	False	False	False	0.0						False	False	False	False	True	AGMO	0.8959005866808729	5	genic	False		False		False		False		False		False		False		False		0.0	0
rs8015175	14:35245293	14:35000000	lower_recurrence_exact	moderate_0.2_0.5	neuro_systemic	6	4	True	0.0140466663474154	2	True	True	False	False	0.0	False	False	True	False	False	False	0.0909630730748176	PSMA6	PSMA6				True	False	False	False	False		0.0	0		False		False		False		False		False		False		False		False		0.0	0
rs12681370	8:143732072	8:143500000	lower_recurrence_exact	moderate_0.2_0.5	systemic_non_neural	6	5	True	0.0071522782001005	2	True	False	False	False	0.5982306078032968	False	False	False	False	False	False	0.0						False	False	False	False	False		0.0	0		False		False		False		False		False		False		False		False		0.0	0
rs6564412	16:77223352	16:77000000	lower_recurrence_exact	moderate_0.2_0.5	neuro_systemic	6	4	False	0.0	0	False	False	False	False	0.0	False	False	False	False	False	False	0.0						False	False	False	False	False		0.0	0		False		False		False		False		False		False		False		False		0.0	0
rs2215164	7:51251631	7:51000000	lower_recurrence_exact	moderate_0.2_0.5	neuro_systemic	6	5	True	0.0	0	False	False	False	False	0.0	False	False	False	False	False	False	0.0						False	False	False	False	False		0.0	0		False		False		False		False		False		False		False		False		0.0	0
rs9501935	6:3174713	6:3000000	lower_recurrence_exact	moderate_0.2_0.5	systemic_non_neural	6	5	True	0.0	0	False	False	False	False	0.0	False	False	False	False	False	False	0.0						False	False	False	False	False		0.0	0		False		False		False		False		False		False		False		False		0.0	0
rs4317317	5:135740765	5:135500000	lower_recurrence_exact	moderate_0.2_0.5	neuro_systemic	6	4	True	0.0	0	False	False	False	False	0.0	False	False	False	False	False	False	0.0						False	False	False	False	True	SLC25A48	0.6453576950179785	1	intergenic	False		False		False		False		False		False		False		False		0.0	0
rs884171	19:47213090	19:47000000	lower_recurrence_exact	moderate_0.2_0.5	systemic_non_neural	6	4	True	0.1220835254571778	1	True	True	True	True	0.916805467000747	True	True	True	False	True	True	0.0758602693676948	BBC3	BBC3		BBC3	BBC3	True	True	True	True	False		0.0	0		False		False		True	BBC3	True	BBC3	True	BBC3	False		False		False		0.0	0
rs3810255	19:14476048	19:14000000	lower_recurrence_exact	moderate_0.2_0.5	neuro_systemic	6	4	True	0.0	0	False	False	False	False	0.0	False	False	False	False	False	False	0.0						False	False	False	False	False		0.0	0		False		False		False		False		False		False		False		False		0.0	0
rs11955686	5:69444826	5:69000000	lower_recurrence_exact	moderate_0.2_0.5	systemic_non_neural	6	4	True	0.0	0	False	False	False	False	0.541489114389189	False	False	False	False	False	False	0.0						False	False	False	False	True	MARVELD2	0.8861167615393385	3	intergenic	False		False		False		False		False		False		False		False		0.0	0
rs71474198	11:47006618	11:47000000	lower_recurrence_exact	moderate_0.2_0.5	neuro_systemic	6	4	True	0.0	0	False	False	False	False	0.0	False	False	False	False	False	False	0.0						False	False	False	False	False		0.0	0		False		False		False		False		False		False		False		False		0.0	0
rs6576012	14:103933822	14:103500000	lower_recurrence_exact	moderate_0.2_0.5	systemic_non_neural	6	4	False	0.0	0	False	False	False	False	0.0	False	False	False	False	False	False	0.0						False	False	False	False	False		0.0	0		False		False		False		False		False		False		False		False		0.0	0
rs10139869	14:23877220	14:23500000	lower_recurrence_exact	moderate_0.2_0.5	systemic_non_neural	6	4	False	0.0	0	False	False	False	False	0.0	False	False	False	False	False	False	0.0						False	False	False	False	False		0.0	0		False		False		False		False		False		False		False		False		0.0	0
rs10792315	11:61507318	11:61500000	lower_recurrence_exact	moderate_0.2_0.5	neuro_systemic	6	5	True	0.1165565122168467	32	True	True	True	True	0.9842609571539872	True	True	False	False	False	False	0.0						False	False	False	False	False		0.0	0		False		False		False		False		False		False		False		False		0.0	0
rs11080724	18:14173112	18:14000000	lower_recurrence_exact	moderate_0.2_0.5	systemic_non_neural	6	4	False	0.0	0	False	False	False	False	0.0	False	False	False	False	False	False	0.0						False	False	False	False	False		0.0	0		False		False		False		False		False		False		False		False		0.0	0
rs1203548	14:100447329	14:100000000	lower_recurrence_exact	moderate_0.2_0.5	systemic_non_neural	6	5	True	0.0731771108560608	9	True	True	True	False	0.987383417466096	True	True	True	True	True	True	0.721228837966919	WDR25	WDR25	WDR25	WDR25	WDR25	True	True	True	True	True	WDR25	0.6769457037720562	1	genic	False		False		True	WDR25	False		False		False		False		False		0.0	0
rs363618	2:74691987	2:74500000	lower_recurrence_exact	moderate_0.2_0.5	neuro_systemic	6	5	True	0.0499909012275208	11	True	True	False	False	0.932545405718327	True	True	True	False	True	True	0.0684219375252723	TTC31	TTC31		TTC31	TTC31	True	True	True	False	False		0.0	0		False		False		False		False		False		False		False		False		0.0	0
rs1711170	3:136302133	3:136000000	lower_recurrence_exact	moderate_0.2_0.5	systemic_other	6	4	False	0.0	0	False	False	False	False	0.7554165735706093	True	False	False	False	False	False	0.0						False	False	False	False	False		0.0	0		False		False		False		False		False		False		False		False		0.0	0
rs556177	15:65300107	15:65000000	lower_recurrence_exact	moderate_0.2_0.5	systemic_non_neural	6	4	True	0.0	0	False	False	False	False	0.0	False	False	False	False	False	False	0.0						False	False	False	False	True	CILP;PARP16	0.717139019086166	1	intergenic	False		False		False		False		False		False		False		False		0.0	0
rs11829321	12:110426788	12:110000000	lower_recurrence_exact	moderate_0.2_0.5	systemic_non_neural	6	4	True	0.0037060298482075	10	True	False	False	False	0.9248056781689392	True	True	True	True	True	True	0.2176555842161178	ARPC3;ATP2A2	ARPC3;ATP2A2	ATP2A2	ARPC3;ATP2A2	ARPC3;ATP2A2	True	True	True	False	False		0.0	0		False		False		True	ARPC3;ATP2A2	False		False		False		False		False		0.0	0
rs10838530	11:45921444	11:45500000	lower_recurrence_exact	moderate_0.2_0.5	systemic_non_neural	6	4	True	0.0	0	False	False	False	False	0.5843341118198988	False	False	False	False	False	False	0.0						False	False	False	False	False		0.0	0		False		False		False		False		False		True	PHF21A	False		False		0.01988	2
rs224330	20:35434398	20:35000000	lower_recurrence_exact	moderate_0.2_0.5	systemic_non_neural	6	5	True	0.0	0	False	False	False	False	0.0	False	False	False	False	False	False	0.0						False	False	False	False	True	GDF5	0.9862101316423164	73	genic	False		False		False		False		False		False		False		False		0.0	0
rs806594	2:31729099	2:31500000	lower_recurrence_exact	moderate_0.2_0.5	systemic_other	6	4	False	0.0	0	False	False	False	False	0.0	False	False	False	False	False	False	0.0						False	False	False	False	False		0.0	0		False		False		False		False		False		False		False		False		0.0	0
rs6547655	2:85995126	2:85500000	lower_recurrence_exact	moderate_0.2_0.5	systemic_non_neural	6	4	True	0.0	0	False	False	False	False	0.5927231675289374	False	False	False	False	False	False	0.0						False	False	False	False	False		0.0	0		False		False		False		False		False		False		False		False		0.0	0
rs10814208	9:3526374	9:3500000	lower_recurrence_exact	moderate_0.2_0.5	systemic_non_neural	6	4	False	3.03476492466268e-05	1	True	False	False	False	0.0	False	False	False	False	False	False	0.0						False	False	False	False	False		0.0	0		False		False		False		False		False		False		False		False		0.0	0
rs4131923	5:7747526	5:7500000	lower_recurrence_exact	moderate_0.2_0.5	systemic_non_neural	6	4	True	0.0	0	False	False	False	False	0.0	False	False	False	False	False	False	0.0						False	False	False	False	True	ADCY2	0.8265531529453647	1	genic	False		False		False		False		False		False		False		False		0.0	0
rs10512491	17:61967934	17:61500000	lower_recurrence_exact	moderate_0.2_0.5	systemic_non_neural	6	4	False	0.0166769436199312	1	True	True	False	False	0.0	False	False	False	False	False	False	0.0						False	False	False	False	False		0.0	0		False		False		False		False		False		False		False		False		0.0	0
rs2769481	12:95402278	12:95000000	lower_recurrence_exact	moderate_0.2_0.5	systemic_other	6	4	False	0.0	0	False	False	False	False	0.0	False	False	False	False	False	False	0.0						False	False	False	False	False		0.0	0		False		False		False		False		False		False		False		False		0.0	0
rs10511969	9:69747242	9:69500000	lower_recurrence_exact	moderate_0.2_0.5	systemic_non_neural	6	4	True	0.0	0	False	False	False	False	0.0	False	False	False	False	False	False	0.0						False	False	False	False	False		0.0	0		False		False		False		False		False		False		False		False		0.0	0
rs7193383	16:21567067	16:21500000	lower_recurrence_exact	moderate_0.2_0.5	neuro_systemic	6	5	False	0.0	0	False	False	False	False	0.0	False	False	False	False	False	False	0.0						False	False	False	False	False		0.0	0		False		False		False		False		False		False		False		False		0.0	0
rs3814475	7:108004512	7:108000000	lower_recurrence_exact	moderate_0.2_0.5	neuro_systemic	6	4	False	0.0	0	False	False	False	False	0.0	False	False	False	False	False	False	0.0						False	False	False	False	False		0.0	0		False		False		False		False		False		False		False		False		0.0	0
rs750667	12:55834720	12:55500000	lower_recurrence_exact	moderate_0.2_0.5	systemic_non_neural	6	4	False	0.0	0	False	False	False	False	0.5486649261619454	False	False	False	False	False	False	0.0						False	False	False	False	False		0.0	0		False		False		False		False		False		False		False		False		0.0	0
rs2358619	3:53309906	3:53000000	lower_recurrence_exact	moderate_0.2_0.5	systemic_non_neural	6	5	True	0.0029946481199675	1	True	False	False	False	0.5618467583474015	False	False	True	True	False	False	0.185633584856987	DCP1A	DCP1A	DCP1A			False	False	False	False	False		0.0	0		False		False		True	DCP1A	False		False		False		False		False		0.0	0
rs12911272	15:63979555	15:63500000	lower_recurrence_exact	moderate_0.2_0.5	systemic_non_neural	6	4	True	0.0	0	False	False	False	False	0.0	False	False	False	False	False	False	0.0						False	False	False	False	True	DAPK2	0.9128848443028664	5	genic	False		False		False		False		False		False		False		False		0.0	0
rs12451081	17:28500477	17:28500000	lower_recurrence_exact	moderate_0.2_0.5	neuro_systemic	6	5	False	0.0	0	False	False	False	False	0.0	False	False	False	False	False	False	0.0						False	False	False	False	False		0.0	0		False		False		False		False		False		False		False		False		0.0	0
rs567442	5:176826284	5:176500000	lower_recurrence_exact	moderate_0.2_0.5	systemic_non_neural	6	4	False	0.0	0	False	False	False	False	0.0	False	False	False	False	False	False	0.0						False	False	False	False	False		0.0	0		False		False		False		False		False		False		False		False		0.0	0
rs7948821	11:71941439	11:71500000	lower_recurrence_exact	moderate_0.2_0.5	systemic_non_neural	6	6	False	0.0050853360282121	1	True	False	False	False	0.9871303360204058	True	True	False	False	False	False	0.0						False	False	False	False	False		0.0	0		False		False		False		False		False		False		False		False		0.0	0
rs4563342	22:39833230	22:39500000	lower_recurrence_exact	moderate_0.2_0.5	systemic_non_neural	6	5	False	0.0	0	False	False	False	False	0.0	False	False	False	False	False	False	0.0						False	False	False	False	False		0.0	0		False		False		False		False		False		False		False		False		0.0	0
rs7616886	3:197802712	3:197500000	lower_recurrence_exact	moderate_0.2_0.5	systemic_non_neural	6	5	True	0.0	0	False	False	False	False	0.0	False	False	False	False	False	False	0.0						False	False	False	False	False		0.0	0		False		False		True	FYTTD1	False		False		False		False		False		0.0	0
rs2117511	2:135705091	2:135500000	lower_recurrence_exact	moderate_0.2_0.5	systemic_non_neural	6	5	True	0.00126017061046	3	True	False	False	False	0.6683533597089522	True	False	False	False	False	False	0.0						True	True	True	False	False		0.0	0		False		False		False		False		False		False		False		False		0.0	0
rs72682991	8:85556125	8:85500000	lower_recurrence_exact	moderate_0.2_0.5	neuro_systemic	6	5	True	0.0	0	False	False	False	False	0.0	False	False	False	False	False	False	0.0						False	False	False	False	False		0.0	0		False		False		False		False		False		False		False		False		0.0	0
rs6682175	1:2003208	1:2000000	lower_recurrence_exact	moderate_0.2_0.5	neural_enriched	6	4	False	0.0	0	False	False	False	False	0.0	False	False	False	False	False	False	0.0						False	False	False	False	False		0.0	0		False		False		False		False		False		False		False		False		0.0	0
rs4509442	9:129624556	9:129500000	lower_recurrence_exact	moderate_0.2_0.5	systemic_non_neural	6	4	True	0.0	0	False	False	False	False	0.0	False	False	False	False	False	False	0.0						False	False	False	False	True	NTMT1	0.9999689978105852	90	intergenic;promoter	False		False		False		False		False		False		False		False		0.0	0
rs312799	17:77493561	17:77000000	lower_recurrence_exact	moderate_0.2_0.5	systemic_non_neural	6	4	False	0.0	0	False	False	False	False	0.0	False	False	False	False	False	False	0.0						False	False	False	False	False		0.0	0		False		False		False		False		False		False		False		False		0.0	0
rs17076802	5:174064297	5:174000000	lower_recurrence_exact	moderate_0.2_0.5	systemic_other	6	4	False	0.0	0	False	False	False	False	0.0	False	False	False	False	False	False	0.0						False	False	False	False	False		0.0	0		False		False		False		False		False		False		False		False		0.0	0
rs202825	20:21309996	20:21000000	lower_recurrence_exact	moderate_0.2_0.5	systemic_non_neural	6	4	False	0.0	0	False	False	False	False	0.0	False	False	False	False	False	False	0.0						False	False	False	False	False		0.0	0		False		False		False		False		False		False		False		False		0.0	0
rs4967621	16:46907700	16:46500000	lower_recurrence_exact	moderate_0.2_0.5	neuro_systemic	6	4	True	0.0	0	False	False	False	False	0.0	False	False	False	False	False	False	0.0						False	False	False	False	True	GPT2	0.6321156080860821	1	genic	False		False		True	GPT2	False		False		False		False		False		0.0	0
rs1303567	20:38477514	20:38000000	lower_recurrence_exact	moderate_0.2_0.5	systemic_non_neural	6	4	False	0.0	0	False	False	False	False	0.0	False	False	False	False	False	False	0.0						False	False	False	False	False		0.0	0		False		False		False		False		False		False		False		False		0.0	0
rs74647883	17:42001946	17:42000000	lower_recurrence_exact	moderate_0.2_0.5	systemic_non_neural	6	4	False	0.0087080762257755	2	True	False	False	False	0.7193811533646026	True	False	False	False	False	False	0.0						False	False	False	False	False		0.0	0		False		False		False		False		False		False		False		False		0.0	0
rs4654023	1:224330441	1:224000000	lower_recurrence_exact	moderate_0.2_0.5	systemic_non_neural	6	4	True	0.0	0	False	False	False	False	0.0	False	False	False	False	False	False	0.0						False	False	False	False	False		0.0	0		False		False		False		False		False		False		False		False		0.0	0
rs759071	19:2728579	19:2500000	lower_recurrence_exact	moderate_0.2_0.5	systemic_other	6	4	True	0.0985371643334708	2	True	True	True	False	0.0	False	False	True	True	True	True	0.2302300781011581	SLC39A3	SLC39A3	SLC39A3	SLC39A3	SLC39A3	True	True	True	True	False		0.0	0		False		False		False		False		False		False		False		False		0.0	0
rs896213	2:46590505	2:46500000	lower_recurrence_exact	moderate_0.2_0.5	neuro_systemic	6	4	True	0.0	0	False	False	False	False	0.0	False	False	False	False	False	False	0.0						False	False	False	False	False		0.0	0		False		False		False		False		False		False		False		False		0.0	0
rs13332786	16:47377292	16:47000000	lower_recurrence_exact	moderate_0.2_0.5	systemic_non_neural	6	4	False	0.0	0	False	False	False	False	0.0	False	False	False	False	False	False	0.0						False	False	False	False	False		0.0	0		False		False		False		False		False		False		False		False		0.0	0
rs7030498	9:71984735	9:71500000	lower_recurrence_exact	moderate_0.2_0.5	systemic_non_neural	6	4	True	0.0	0	False	False	False	False	0.0	False	False	False	False	False	False	0.0						False	False	False	False	False		0.0	0		False		False		False		False		False		False		False		False		0.0	0
rs2145134	20:47859843	20:47500000	lower_recurrence_exact	moderate_0.2_0.5	neuro_systemic	6	4	True	0.0	0	False	False	False	False	0.0	False	False	False	False	False	False	0.0						False	False	False	False	False		0.0	0		False		False		False		False		False		False		False		False		0.0	0
rs2289068	9:121459989	9:121000000	lower_recurrence_exact	moderate_0.2_0.5	neuro_systemic	6	5	False	0.0	0	False	False	False	False	0.0	False	False	False	False	False	False	0.0						False	False	False	False	False		0.0	0		False		False		False		False		False		False		False		False		0.0	0
rs6560635	9:136562820	9:136500000	lower_recurrence_exact	moderate_0.2_0.5	systemic_non_neural	6	5	False	0.0	0	False	False	False	False	0.0	False	False	False	False	False	False	0.0						False	False	False	False	False		0.0	0		False		False		False		False		False		False		False		False		0.0	0
rs1052669	19:47003512	19:47000000	lower_recurrence_exact	moderate_0.2_0.5	neuro_systemic	6	4	True	0.0345040770884728	2	True	True	False	False	0.930355604919252	True	True	True	True	True	True	0.5883613228797913	ARHGAP35	ARHGAP35	ARHGAP35	ARHGAP35	ARHGAP35	True	True	True	True	False		0.0	0		False		False		False		False		False		False		False		False		0.0	0
rs1589700	3:121981774	3:121500000	lower_recurrence_exact	moderate_0.2_0.5	systemic_non_neural	6	5	False	0.0084139168924241	3	True	False	False	False	0.6238677797154546	True	False	False	False	False	False	0.0						False	False	False	False	False		0.0	0		False		False		False		False		False		False		False		False		0.0	0
rs10446507	4:70900895	4:70500000	lower_recurrence_exact	moderate_0.2_0.5	systemic_non_neural	6	4	True	0.0591841787562788	25	True	True	True	False	0.99405832447856	True	True	True	False	True	True	0.4263893365859985	DCK	DCK		DCK	DCK	True	True	True	True	False		0.0	0		False		False		False		False		False		False		False		False		0.0	0
rs3814473	7:108004148	7:108000000	lower_recurrence_exact	moderate_0.2_0.5	neuro_systemic	6	5	False	0.0	0	False	False	False	False	0.0	False	False	False	False	False	False	0.0						False	False	False	False	False		0.0	0		False		False		False		False		False		False		False		False		0.0	0
rs6702823	1:246591822	1:246500000	lower_recurrence_exact	moderate_0.2_0.5	systemic_other	6	4	True	0.0	0	False	False	False	False	0.0	False	False	False	False	False	False	0.0						False	False	False	False	False		0.0	0		False		False		False		False		False		True	CNST	False		False		0.024521	1
rs11818000	10:70480858	10:70000000	lower_recurrence_exact	moderate_0.2_0.5	systemic_non_neural	6	4	False	0.0	0	False	False	False	False	0.0	False	False	False	False	False	False	0.0						False	False	False	False	False		0.0	0		False		False		False		False		False		False		False		False		0.0	0
rs9662936	1:235085097	1:235000000	lower_recurrence_exact	moderate_0.2_0.5	neuro_systemic	6	4	False	0.0	0	False	False	False	False	0.0	False	False	False	False	False	False	0.0						False	False	False	False	False		0.0	0		False		False		False		False		False		False		False		False		0.0	0
rs114422170	5:177508998	5:177500000	lower_recurrence_exact	moderate_0.2_0.5	neuro_systemic	6	5	True	0.0009275358966701	1	True	False	False	False	0.0	False	False	False	False	False	False	0.0						True	False	False	False	False		0.0	0		False		False		False		False		False		True	TMED9	False		False		0.028066	1
rs301286	5:83307136	5:83000000	lower_recurrence_exact	moderate_0.2_0.5	systemic_non_neural	6	6	True	0.0146053587954175	1	True	True	False	False	0.0	False	False	True	True	False	True	0.7256098389625549	TMEM167A;XRCC4	TMEM167A;XRCC4	XRCC4		XRCC4	True	True	True	True	False		0.0	0		False		False		False		False		False		False		False		False		0.0	0
rs42679	5:14809959	5:14500000	lower_recurrence_exact	moderate_0.2_0.5	neuro_systemic	6	4	True	0.028596469837445	5	True	True	False	False	0.5768154774551147	False	False	True	True	True	True	0.8395031690597534	ANKH	ANKH	ANKH	ANKH	ANKH	True	True	True	True	True	ANKH	0.9574514959814308	97	genic	False		False		True	ANKH	False		False		True	ANKH	True	ANKH	False		0.074258	71
rs9373985	6:96615646	6:96500000	lower_recurrence_exact	moderate_0.2_0.5	neural_enriched	6	4	True	0.0693925505160839	30	True	True	True	False	1.0	True	True	True	True	True	True	0.8784279227256775	FHL5	FHL5	FHL5	FHL5	FHL5	True	True	True	True	False		0.0	0		False		False		False		False		False		False		False		False		0.0	0
rs7977921	12:118138805	12:118000000	lower_recurrence_exact	moderate_0.2_0.5	neuro_systemic	6	5	True	0.0	0	False	False	False	False	0.0	False	False	False	False	False	False	0.0						False	False	False	False	True	VSIG10	0.7537767568355085	5	genic	False		False		False		False		False		False		False		False		0.0	0
rs8111833	19:48950989	19:48500000	lower_recurrence_exact	moderate_0.2_0.5	systemic_non_neural	6	4	True	0.0960482736870102	3	True	True	True	False	0.8730278344071051	True	True	False	False	False	False	0.0						False	False	False	False	False		0.0	0		False		False		False		False		False		False		False		False		0.0	0
rs307935	19:53875373	19:53500000	lower_recurrence_exact	moderate_0.2_0.5	systemic_non_neural	6	5	False	0.0	0	False	False	False	False	0.0	False	False	False	False	False	False	0.0						False	False	False	False	False		0.0	0		False		False		False		False		False		False		False		False		0.0	0
rs10755020	2:202966073	2:202500000	lower_recurrence_exact	moderate_0.2_0.5	systemic_non_neural	6	4	True	0.0	0	False	False	False	False	0.0	False	False	False	False	False	False	0.0						False	False	False	False	False		0.0	0		False		False		True	CARF;NBEAL1	True	CARF	False		False		False		False		0.0	0
rs11607327	11:67074192	11:67000000	lower_recurrence_exact	moderate_0.2_0.5	neuro_systemic	6	5	True	0.0	0	False	False	False	False	0.0	False	False	False	False	False	False	0.0						False	False	False	False	False		0.0	0		False		False		False		False		False		False		False		False		0.0	0
rs901363	6:158757313	6:158500000	lower_recurrence_exact	moderate_0.2_0.5	neuro_systemic	6	4	True	0.0	0	False	False	False	False	0.0	False	False	False	False	False	False	0.0						False	False	False	False	False		0.0	0		False		False		False		False		False		False		False		False		0.0	0
rs4451502	1:54493848	1:54000000	lower_recurrence_exact	moderate_0.2_0.5	systemic_non_neural	6	6	False	0.1215132339946437	1	True	True	True	True	0.7840563466407872	True	False	False	False	False	False	0.0						False	False	False	False	False		0.0	0		False		False		False		False		False		False		False		False		0.0	0
rs2745222	1:19606139	1:19500000	lower_recurrence_exact	moderate_0.2_0.5	neuro_systemic	6	4	False	0.0	0	False	False	False	False	0.0	False	False	False	False	False	False	0.0						False	False	False	False	False		0.0	0		False		False		False		False		False		False		False		False		0.0	0
rs7826539	8:85638247	8:85500000	lower_recurrence_exact	moderate_0.2_0.5	neuro_systemic	6	4	True	0.0	0	False	False	False	False	0.0	False	False	False	False	False	False	0.0						False	False	False	False	False		0.0	0		False		False		False		False		False		False		False		False		0.0	0
rs7792164	7:143503513	7:143500000	lower_recurrence_exact	moderate_0.2_0.5	neuro_systemic	6	5	True	0.0	0	False	False	False	False	0.0	False	False	False	False	False	False	0.0						False	False	False	False	False		0.0	0		False		False		False		False		False		False		False		False		0.0	0
rs6502097	17:82328303	17:82000000	lower_recurrence_exact	moderate_0.2_0.5	systemic_non_neural	6	6	False	0.0	0	False	False	False	False	0.0	False	False	False	False	False	False	0.0						False	False	False	False	False		0.0	0		False		False		False		False		False		False		False		False		0.0	0
rs506728	17:40377328	17:40000000	lower_recurrence_exact	moderate_0.2_0.5	systemic_non_neural	6	4	False	0.0	0	False	False	False	False	0.0	False	False	False	False	False	False	0.0						False	False	False	False	False		0.0	0		False		False		False		False		False		False		False		False		0.0	0
rs7734046	5:16994695	5:16500000	lower_recurrence_exact	moderate_0.2_0.5	neuro_systemic	6	5	True	0.0	0	False	False	False	False	0.0	False	False	False	False	False	False	0.0						False	False	False	False	False		0.0	0		False		False		False		False		False		True	MYO10	False		False		0.036741	2
rs2263205	20:25398271	20:25000000	lower_recurrence_exact	moderate_0.2_0.5	systemic_non_neural	6	4	True	0.0159677236660099	25	True	True	False	False	0.950940054888918	True	True	True	True	True	True	0.5556055307388306	ABHD12;ENTPD6;PYGB	ABHD12;ENTPD6;PYGB	PYGB	ABHD12;ENTPD6;PYGB	ABHD12;ENTPD6;PYGB	True	True	True	True	True	ABHD12	0.9057318323733352	11	intergenic	False		False		True	ABHD12;PYGB	False		False		False		False		False		0.0	0
rs2378081	9:77735627	9:77500000	lower_recurrence_exact	moderate_0.2_0.5	systemic_non_neural	6	4	True	0.0324217484368877	11	True	True	False	False	0.7345914454612239	True	False	True	True	True	False	0.4962717294692993	GNA14	GNA14	GNA14	GNA14		False	False	False	False	True	GNA14	0.9026555682977376	3	genic	False		False		False		False		False		False		False		False		0.0	0
rs174868	11:61603811	11:61500000	lower_recurrence_exact	moderate_0.2_0.5	systemic_non_neural	6	4	True	0.0	0	False	False	False	False	0.0	False	False	False	False	False	False	0.0						False	False	False	False	True	SYT7	0.7398541596161037	1	intergenic	False		False		False		False		False		False		False		False		0.0	0
rs4776697	15:63972841	15:63500000	lower_recurrence_exact	moderate_0.2_0.5	systemic_non_neural	6	4	True	0.0	0	False	False	False	False	0.0	False	False	False	False	False	False	0.0						False	False	False	False	False		0.0	0		False		False		False		False		False		False		False		False		0.0	0
rs4971023	1:151246418	1:151000000	lower_recurrence_exact	moderate_0.2_0.5	systemic_non_neural	6	4	True	0.0490026011368601	20	True	True	False	False	0.9867353161426828	True	True	True	True	True	True	0.1312283873558044	ZNF687	ZNF687	ZNF687	ZNF687	ZNF687	True	True	True	True	False		0.0	0		False		False		False		False		False		False		False		False		0.0	0
rs4312356	17:38337320	17:38000000	lower_recurrence_exact	moderate_0.2_0.5	systemic_non_neural	6	5	False	0.0	0	False	False	False	False	0.0	False	False	False	False	False	False	0.0						False	False	False	False	False		0.0	0		False		False		False		False		False		False		False		False		0.0	0
rs1502880	4:77996432	4:77500000	lower_recurrence_exact	moderate_0.2_0.5	systemic_non_neural	6	4	False	0.01023498930011	1	True	True	False	False	0.0	False	False	False	False	False	False	0.0						False	False	False	False	False		0.0	0		False		False		False		False		False		False		False		False		0.0	0
rs4811449	20:53652626	20:53500000	lower_recurrence_exact	moderate_0.2_0.5	systemic_non_neural	6	6	True	0.0940330397643801	2	True	True	True	False	0.0	False	False	True	True	True	True	0.8209114074707031	ZNF217	ZNF217	ZNF217	ZNF217	ZNF217	True	True	True	True	True	ZNF217	0.7251863922639715	3	intergenic	False		False		False		False		False		False		False		False		0.0	0
rs9332034	13:48504777	13:48500000	lower_recurrence_exact	moderate_0.2_0.5	neuro_systemic	6	4	False	0.0	0	False	False	False	False	0.0	False	False	False	False	False	False	0.0						False	False	False	False	False		0.0	0		False		False		False		False		False		False		False		False		0.0	0
rs4234430	3:43641458	3:43500000	lower_recurrence_exact	moderate_0.2_0.5	neuro_systemic	6	4	False	0.0	0	False	False	False	False	0.0	False	False	False	False	False	False	0.0						False	False	False	False	False		0.0	0		False		False		False		False		False		False		False		False		0.0	0
rs7817301	8:143615483	8:143500000	lower_recurrence_exact	moderate_0.2_0.5	systemic_non_neural	6	4	True	0.0	0	False	False	False	False	0.0	False	False	False	False	False	False	0.0						False	False	False	False	False		0.0	0		False		False		False		False		False		False		False		False		0.0	0
rs3762802	3:131503879	3:131500000	lower_recurrence_exact	moderate_0.2_0.5	systemic_other	6	4	False	0.0	0	False	False	False	False	0.0	False	False	False	False	False	False	0.0						False	False	False	False	False		0.0	0		False		False		False		False		False		False		False		False		0.0	0
rs351381	1:212312265	1:212000000	lower_recurrence_exact	moderate_0.2_0.5	systemic_non_neural	6	5	False	0.0	0	False	False	False	False	0.0	False	False	False	False	False	False	0.0						False	False	False	False	False		0.0	0		False		False		False		False		False		False		False		False		0.0	0
rs720041	2:230008407	2:230000000	lower_recurrence_exact	moderate_0.2_0.5	neural_enriched	6	4	True	0.0001340947546322	1	True	False	False	False	0.6834185601895395	True	False	True	False	False	True	0.1329159885644912	TRIP12	TRIP12			TRIP12	True	True	True	False	False		0.0	0		False		False		True	TRIP12	False		False		False		False		False		0.0	0
rs311358	19:46860134	19:46500000	lower_recurrence_exact	moderate_0.2_0.5	systemic_other	5	4	True	0.0	0	False	False	False	False	0.0	False	False	False	False	False	False	0.0						False	False	False	False	True	ARHGAP35	0.9893976013935928	34	intergenic	False		False		False		False		False		False		False		False		0.0	0
rs2413692	22:42500468	22:42500000	lower_recurrence_exact	moderate_0.2_0.5	neuro_systemic	5	5	True	0.0	0	False	False	False	False	0.0	False	False	False	False	False	False	0.0						False	False	False	False	True	RRP7A;SERHL2	0.8843484420336037	74	intergenic	False		False		True	RRP7A	True	RRP7A	False		False		False		False		0.0	0
rs7477771	10:60595970	10:60500000	lower_recurrence_exact	moderate_0.2_0.5	neural_enriched	5	4	True	0.0061295647168757	1	True	False	False	False	0.0	False	False	True	True	True	True	0.6991472244262695	ANK3	ANK3	ANK3	ANK3	ANK3	True	False	False	False	False		0.0	0		False		False		False		False		False		False		False		False		0.0	0
rs6664857	1:229999173	1:229500000	lower_recurrence_exact	moderate_0.2_0.5	systemic_other	5	4	False	0.0476352806958733	2	True	True	False	False	0.0	False	False	False	False	False	False	0.0						False	False	False	False	False		0.0	0		False		False		False		False		False		False		False		False		0.0	0
rs1377940	4:183140468	4:183000000	lower_recurrence_exact	moderate_0.2_0.5	systemic_other	5	4	True	2.54962372823897e-05	1	True	False	False	False	0.0	False	False	False	False	False	False	0.0						False	False	False	False	False		0.0	0		False		False		False		False		False		False		False		False		0.0	0
rs729121	10:70496884	10:70000000	lower_recurrence_exact	moderate_0.2_0.5	systemic_non_neural	5	4	True	0.0	0	False	False	False	False	0.0	False	False	False	False	False	False	0.0						False	False	False	False	False		0.0	0		False		False		False		False		False		False		False		False		0.0	0
rs7531745	1:202890640	1:202500000	lower_recurrence_exact	moderate_0.2_0.5	neuro_systemic	5	4	True	0.0	0	False	False	False	False	0.0	False	False	False	False	False	False	0.0						False	False	False	False	False		0.0	0		False		False		True	KLHL12	False		False		False		False		False		0.0	0
rs10512271	9:100490113	9:100000000	lower_recurrence_exact	moderate_0.2_0.5	systemic_other	5	4	True	0.0	0	False	False	False	False	0.0	False	False	False	False	False	False	0.0						False	False	False	False	False		0.0	0		False		False		False		False		False		False		False		False		0.0	0
rs7207048	17:3009540	17:3000000	lower_recurrence_exact	moderate_0.2_0.5	systemic_non_neural	5	4	True	0.0	0	False	False	False	False	0.0	False	False	False	False	False	False	0.0						False	False	False	False	False		0.0	0		False		False		False		False		False		False		False		False		0.0	0
rs4653581	1:224332247	1:224000000	lower_recurrence_exact	moderate_0.2_0.5	systemic_non_neural	5	4	True	0.0	0	False	False	False	False	0.0	False	False	False	False	False	False	0.0						False	False	False	False	False		0.0	0		False		False		False		False		False		False		False		False		0.0	0
rs7957299	12:110564506	12:110500000	lower_recurrence_exact	moderate_0.2_0.5	systemic_other	5	4	True	0.154299725657395	5	True	True	True	True	0.988997519424924	True	True	False	False	False	False	0.0						False	False	False	False	False		0.0	0		False		False		False		False		False		False		False		False		0.0	0
rs758020	17:44795211	17:44500000	lower_recurrence_exact	moderate_0.2_0.5	systemic_non_neural	5	5	True	0.0	0	False	False	False	False	0.0	False	False	False	False	False	False	0.0						False	False	False	False	True	GJC1	0.9768712544807524	57	intergenic	False		False		False		False		False		False		False		False		0.0	0
rs13225558	7:2503792	7:2500000	lower_recurrence_exact	moderate_0.2_0.5	neuro_systemic	5	4	False	0.103758664340397	2	True	True	True	True	0.92185617065976	True	True	False	False	False	False	0.0						False	False	False	False	False		0.0	0		False		False		False		False		False		False		False		False		0.0	0
rs7394670	11:472576	11:0	lower_recurrence_exact	moderate_0.2_0.5	systemic_non_neural	5	4	True	0.0	0	False	False	False	False	0.0	False	False	False	False	False	False	0.0						False	False	False	False	False		0.0	0		False		False		True	ANO9	True	ANO9	True	ANO9	False		False		False		0.0	0
rs9442373	1:1127258	1:1000000	lower_recurrence_exact	moderate_0.2_0.5	systemic_other	5	4	False	0.0	0	False	False	False	False	0.0	False	False	False	False	False	False	0.0						False	False	False	False	False		0.0	0		False		False		False		False		False		False		False		False		0.0	0
rs10521309	17:15659006	17:15500000	lower_recurrence_exact	moderate_0.2_0.5	systemic_non_neural	5	4	True	0.0	0	False	False	False	False	0.0	False	False	False	False	False	False	0.0						False	False	False	False	True	ZNF286A	0.6802242581099933	1	genic	False		False		False		False		False		False		False		False		0.0	0
rs7182025	15:80913859	15:80500000	lower_recurrence_exact	moderate_0.2_0.5	systemic_non_neural	5	4	True	0.0	0	False	False	False	False	0.0	False	False	False	False	False	False	0.0						False	False	False	False	False		0.0	0		False		False		False		False		False		False		False		False		0.0	0
rs2841215	14:104852515	14:104500000	lower_recurrence_exact	moderate_0.2_0.5	systemic_other	5	4	True	0.0	0	False	False	False	False	0.0	False	False	False	False	False	False	0.0						False	False	False	False	True	CEP170B	0.6004944193775825	1	intergenic	False		False		False		False		False		False		False		False		0.0	0
rs3019594	11:68838222	11:68500000	lower_recurrence_exact	moderate_0.2_0.5	systemic_non_neural	5	4	True	0.0	0	False	False	False	False	0.0	False	False	False	False	False	False	0.0						False	False	False	False	False		0.0	0		False		False		False		False		False		False		False		False		0.0	0
rs2253233	1:48488804	1:48000000	lower_recurrence_exact	moderate_0.2_0.5	systemic_non_neural	5	4	True	0.0	0	False	False	False	False	0.0	False	False	False	False	False	False	0.0						False	False	False	False	False		0.0	0		False		False		False		False		False		False		False		False		0.0	0
rs6463537	7:6256188	7:6000000	lower_recurrence_exact	moderate_0.2_0.5	systemic_non_neural	5	4	False	0.0	0	False	False	False	False	0.0	False	False	False	False	False	False	0.0						False	False	False	False	False		0.0	0		False		False		False		False		False		False		False		False		0.0	0
rs4078293	10:5502227	10:5500000	lower_recurrence_exact	moderate_0.2_0.5	neuro_systemic	5	5	False	0.0	0	False	False	False	False	0.0	False	False	False	False	False	False	0.0						False	False	False	False	False		0.0	0		False		False		False		False		False		False		False		False		0.0	0
rs7028190	9:127955698	9:127500000	lower_recurrence_exact	moderate_0.2_0.5	systemic_non_neural	5	4	True	0.0320412324334184	27	True	True	False	False	0.9923442574844644	True	True	True	True	True	True	0.5899201035499573	DPM2;PIP5KL1	DPM2;PIP5KL1	DPM2;PIP5KL1	DPM2;PIP5KL1	DPM2;PIP5KL1	True	True	True	True	True	DPM2;PIP5KL1	0.8856034132638516	34	intergenic	False		False		True	DPM2;PIP5KL1	True	DPM2	False		False		False		False		0.0	0
rs11161932	1:87074196	1:87000000	lower_recurrence_exact	moderate_0.2_0.5	systemic_non_neural	5	4	True	0.0	0	False	False	False	False	0.0	False	False	False	False	False	False	0.0						False	False	False	False	False		0.0	0		False		False		True	SH3GLB1	False		False		False		False		False		0.0	0
rs8081734	17:82490657	17:82000000	lower_recurrence_exact	moderate_0.2_0.5	systemic_non_neural	5	4	True	0.0127027204363451	1	True	True	False	False	0.6850991099171779	True	False	True	False	True	True	0.5831274390220642	NARF;OGFOD3	NARF;OGFOD3		NARF;OGFOD3	NARF;OGFOD3	True	True	True	True	False		0.0	0		False		False		True	NARF	False		False		False		False		False		0.0	0
rs894664	17:3007190	17:3000000	lower_recurrence_exact	moderate_0.2_0.5	systemic_non_neural	5	4	True	0.0	0	False	False	False	False	0.0	False	False	False	False	False	False	0.0						False	False	False	False	False		0.0	0		False		False		False		False		False		False		False		False		0.0	0
rs2243457	1:182214489	1:182000000	lower_recurrence_exact	moderate_0.2_0.5	neuro_systemic	5	4	True	0.0	0	False	False	False	False	0.0	False	False	False	False	False	False	0.0						False	False	False	False	False		0.0	0		False		False		False		False		False		False		False		False		0.0	0
rs7897947	10:102397954	10:102000000	lower_recurrence_exact	moderate_0.2_0.5	neuro_systemic	5	4	True	0.0	0	False	False	False	False	0.0	False	False	False	False	False	False	0.0						False	False	False	False	False		0.0	0		False		False		False		False		False		False		False		False		0.0	0
rs10775183	15:62998335	15:62500000	lower_recurrence_exact	moderate_0.2_0.5	neuro_systemic	5	4	True	0.0	0	False	False	False	False	0.0	False	False	False	False	False	False	0.0						False	False	False	False	True	TPM1	0.711736198421574	1	intergenic	False		False		False		False		False		False		False		False		0.0	0
rs13098279	3:37190967	3:37000000	lower_recurrence_exact	moderate_0.2_0.5	systemic_other	5	4	True	0.0996149375030387	2	True	True	True	False	0.921584563308569	True	True	True	True	True	True	0.925005316734314	EPM2AIP1;MLH1	EPM2AIP1;MLH1	EPM2AIP1	EPM2AIP1;MLH1	EPM2AIP1;MLH1	True	True	True	True	False		0.0	0		False		False		True	MLH1	False		False		False		False		False		0.0	0
rs20575	8:23201811	8:23000000	lower_recurrence_exact	moderate_0.2_0.5	systemic_non_neural	5	4	True	0.1901014651485573	7	True	True	True	True	0.0	False	False	False	False	False	False	0.0						True	True	True	True	False		0.0	0		False		False		False		False		False		False		False		False		0.0	0
rs927340	6:3023484	6:3000000	lower_recurrence_exact	moderate_0.2_0.5	systemic_non_neural	5	4	True	0.0	0	False	False	False	False	0.0	False	False	False	False	False	False	0.0						False	False	False	False	True	NQO2	0.8664063277806945	18	intergenic	False		False		True	NQO2	False		False		True	NQO2;RIPK1	True	NQO2;RIPK1	True	NQO2	0.133736	11
rs4522399	15:91479428	15:91000000	lower_recurrence_exact	moderate_0.2_0.5	systemic_non_neural	5	5	False	0.0	0	False	False	False	False	0.0	False	False	False	False	False	False	0.0						False	False	False	False	False		0.0	0		False		False		False		False		False		False		False		False		0.0	0
rs2313982	4:137866906	4:137500000	lower_recurrence_exact	moderate_0.2_0.5	systemic_non_neural	5	4	False	0.0	0	False	False	False	False	0.6061571886232813	True	False	False	False	False	False	0.0						False	False	False	False	False		0.0	0		False		False		False		False		False		False		False		False		0.0	0
rs10916585	1:224315369	1:224000000	lower_recurrence_exact	moderate_0.2_0.5	systemic_non_neural	5	4	True	0.0	0	False	False	False	False	0.0	False	False	False	False	False	False	0.0						False	False	False	False	False		0.0	0		False		False		True	NVL	False		False		False		False		False		0.0	0
rs27064	5:1359823	5:1000000	lower_recurrence_exact	moderate_0.2_0.5	systemic_non_neural	5	4	False	0.0	0	False	False	False	False	0.0	False	False	False	False	False	False	0.0						False	False	False	False	False		0.0	0		False		False		False		False		False		False		False		False		0.0	0
rs1859489	7:44988209	7:44500000	lower_recurrence_exact	moderate_0.2_0.5	systemic_non_neural	5	4	True	0.0447771642611159	54	True	True	False	False	0.9724498668867458	True	True	True	True	True	True	0.4301313757896423	CCM2;NACAD;TBRG4	CCM2;NACAD;TBRG4	CCM2;NACAD	CCM2;NACAD;TBRG4	CCM2;TBRG4	True	True	True	True	False		0.0	0		False		False		True	CCM2	False		False		False		False		False		0.0	0
rs7768961	6:42668092	6:42500000	lower_recurrence_exact	moderate_0.2_0.5	systemic_non_neural	5	4	True	0.0	0	False	False	False	False	0.0	False	False	False	False	False	False	0.0						False	False	False	False	False		0.0	0		False		False		True	PRPH2	False		False		False		False		False		0.0	0
rs10422283	19:42423369	19:42000000	lower_recurrence_exact	moderate_0.2_0.5	systemic_non_neural	5	4	True	0.0	0	False	False	False	False	0.0	False	False	False	False	False	False	0.0						False	False	False	False	True	CEACAM1;CXCL17	0.969528868706082	75	genic	False		False		False		False		False		False		False		False		0.0	0
rs2251507	6:157383193	6:157000000	lower_recurrence_exact	moderate_0.2_0.5	systemic_non_neural	5	4	True	1.62080792468912e-05	1	True	False	False	False	0.7706906343995468	True	False	True	False	False	True	0.0594997517764568	TMEM242	TMEM242			TMEM242	True	False	False	False	False		0.0	0		False		False		False		False		False		False		False		False		0.0	0
rs823530	3:195462268	3:195000000	lower_recurrence_exact	moderate_0.2_0.5	systemic_non_neural	5	4	False	0.0	0	False	False	False	False	0.0	False	False	False	False	False	False	0.0						False	False	False	False	False		0.0	0		False		False		False		False		False		False		False		False		0.0	0
rs7022601	9:136562148	9:136500000	lower_recurrence_exact	moderate_0.2_0.5	systemic_non_neural	5	5	False	0.0	0	False	False	False	False	0.0	False	False	False	False	False	False	0.0						False	False	False	False	False		0.0	0		False		False		False		False		False		False		False		False		0.0	0
rs10735656	9:136563571	9:136500000	lower_recurrence_exact	moderate_0.2_0.5	systemic_non_neural	5	4	True	0.0	0	False	False	False	False	0.0	False	False	False	False	False	False	0.0						False	False	False	False	False		0.0	0		False		False		False		False		False		False		False		False		0.0	0
rs9395195	6:46501757	6:46500000	lower_recurrence_exact	moderate_0.2_0.5	neuro_systemic	5	4	True	0.0209267633273782	1	True	True	False	False	0.8793847896758552	True	True	True	True	True	False	0.8267570734024048	RCAN2	RCAN2	RCAN2	RCAN2		False	False	False	False	False		0.0	0		False		False		False		False		False		False		False		False		0.0	0
rs10781459	9:77763780	9:77500000	lower_recurrence_exact	moderate_0.2_0.5	systemic_non_neural	5	4	True	0.0389377030580187	11	True	True	False	False	0.7314189265101768	True	False	True	True	True	True	0.6456695795059204	GNAQ	GNAQ	GNAQ	GNAQ	GNAQ	True	True	True	True	False		0.0	0		False		False		True	GNAQ	False		False		False		False		False		0.0	0
rs174699	22:19966935	22:19500000	lower_recurrence_exact	moderate_0.2_0.5	systemic_non_neural	5	4	True	0.0	0	False	False	False	False	0.0	False	False	False	False	False	False	0.0						False	False	False	False	False		0.0	0		False		False		False		False		False		False		False		False		0.0	0
rs1409811	1:184078977	1:184000000	lower_recurrence_exact	moderate_0.2_0.5	neuro_systemic	5	5	False	0.0	0	False	False	False	False	0.0	False	False	False	False	False	False	0.0						False	False	False	False	False		0.0	0		False		False		False		False		False		False		False		False		0.0	0
rs9905016	17:64497225	17:64000000	lower_recurrence_exact	moderate_0.2_0.5	systemic_non_neural	5	4	True	0.0	0	False	False	False	False	0.7622373242693763	True	False	False	False	False	False	0.0						False	False	False	False	False		0.0	0		False		False		False		False		False		False		False		False		0.0	0
rs4628755	12:7990870	12:7500000	lower_recurrence_exact	moderate_0.2_0.5	systemic_non_neural	5	4	False	0.077412873804627	20	True	True	True	False	0.9830946099476044	True	True	False	False	False	False	0.0						False	False	False	False	False		0.0	0		False		False		False		False		False		False		False		False		0.0	0
rs9533839	13:44387022	13:44000000	lower_recurrence_exact	moderate_0.2_0.5	neuro_systemic	5	4	True	0.0111787403995277	1	True	True	False	False	0.7690300554162733	True	False	False	False	False	False	0.0						True	True	True	False	False		0.0	0		False		False		True	TSC22D1	False		False		False		False		False		0.0	0
rs12220683	10:123009383	10:123000000	lower_recurrence_exact	moderate_0.2_0.5	neuro_systemic	5	4	False	0.0	0	False	False	False	False	0.0	False	False	False	False	False	False	0.0						False	False	False	False	False		0.0	0		False		False		False		False		False		False		False		False		0.0	0
rs6664745	1:229999014	1:229500000	lower_recurrence_exact	moderate_0.2_0.5	systemic_other	5	4	False	0.0462877447074501	1	True	True	False	False	0.0	False	False	False	False	False	False	0.0						False	False	False	False	False		0.0	0		False		False		False		False		False		False		False		False		0.0	0
rs6132686	20:23988290	20:23500000	lower_recurrence_exact	moderate_0.2_0.5	neural_enriched	5	4	False	0.0	0	False	False	False	False	0.0	False	False	False	False	False	False	0.0						False	False	False	False	False		0.0	0		False		False		False		False		False		False		False		False		0.0	0
rs4410809	7:44322024	7:44000000	lower_recurrence_exact	moderate_0.2_0.5	systemic_non_neural	5	4	True	0.6012975271100071	1	True	True	True	True	0.0	False	False	False	False	False	False	0.0						False	False	False	False	False		0.0	0		False		False		False		False		False		False		False		False		0.0	0
rs1017640	11:68831216	11:68500000	lower_recurrence_exact	moderate_0.2_0.5	systemic_non_neural	5	5	False	0.0	0	False	False	False	False	0.0	False	False	False	False	False	False	0.0						False	False	False	False	False		0.0	0		False		False		False		False		False		False		False		False		0.0	0
rs2282410	13:24512390	13:24500000	lower_recurrence_exact	moderate_0.2_0.5	neuro_systemic	5	5	False	0.0	0	False	False	False	False	0.0	False	False	False	False	False	False	0.0						False	False	False	False	False		0.0	0		False		False		False		False		False		False		False		False		0.0	0
rs6558118	8:29499043	8:29000000	lower_recurrence_exact	moderate_0.2_0.5	systemic_other	5	5	True	0.0	0	False	False	False	False	0.0	False	False	False	False	False	False	0.0						False	False	False	False	False		0.0	0		False		False		False		False		False		False		False		False		0.0	0
rs75043106	5:140002663	5:140000000	lower_recurrence_exact	moderate_0.2_0.5	neuro_systemic	5	5	False	0.309072912272349	1	True	True	True	True	0.0	False	False	False	False	False	False	0.0						False	False	False	False	False		0.0	0		False		False		False		False		False		False		False		False		0.0	0
rs9808444	2:72575089	2:72500000	lower_recurrence_exact	moderate_0.2_0.5	neuro_systemic	5	4	True	0.0	0	False	False	False	False	0.0	False	False	False	False	False	False	0.0						False	False	False	False	False		0.0	0		False		False		False		False		False		False		False		False		0.0	0
rs3935674	17:75477378	17:75000000	lower_recurrence_exact	moderate_0.2_0.5	systemic_non_neural	5	4	True	0.0142399825901897	6	True	True	False	False	0.88348854395617	True	True	True	True	True	True	0.6560090184211731	CASKIN2;TMEM94;TSEN54	CASKIN2;TMEM94;TSEN54	CASKIN2;TMEM94	CASKIN2;TMEM94;TSEN54	CASKIN2;TMEM94;TSEN54	True	True	True	True	True	CASKIN2;TMEM94	0.868228264978179	8	genic	False		False		True	TSEN54	False		False		False		False		False		0.0	0
rs8100922	19:55505235	19:55500000	lower_recurrence_exact	moderate_0.2_0.5	systemic_non_neural	5	4	True	0.0	0	False	False	False	False	0.0	False	False	False	False	False	False	0.0						False	False	False	False	False		0.0	0		False		False		False		False		False		False		False		False		0.0	0
rs7094132	10:86443311	10:86000000	lower_recurrence_exact	moderate_0.2_0.5	systemic_non_neural	5	4	True	0.0087762274575443	1	True	False	False	False	0.0	False	False	True	True	True	True	0.8619890809059143	WAPL	WAPL	WAPL	WAPL	WAPL	True	True	True	False	False		0.0	0		False		False		False		False		False		False		False		False		0.0	0
rs12043212	1:155994907	1:155500000	lower_recurrence_exact	moderate_0.2_0.5	systemic_non_neural	5	4	True	0.0390404191049257	10	True	True	False	False	0.92221547742191	True	True	True	True	True	True	0.3351908922195434	ARHGEF2	ARHGEF2	ARHGEF2	ARHGEF2	ARHGEF2	True	True	True	True	False		0.0	0		False		False		False		False		False		False		False		False		0.0	0
rs12549368	8:97439202	8:97000000	lower_recurrence_exact	moderate_0.2_0.5	systemic_other	5	4	False	0.0	0	False	False	False	False	0.0	False	False	False	False	False	False	0.0						False	False	False	False	False		0.0	0		False		False		False		False		False		False		False		False		0.0	0
rs8071344	17:57996536	17:57500000	lower_recurrence_exact	moderate_0.2_0.5	systemic_non_neural	5	4	True	0.0059880131393193	1	True	False	False	False	0.0	False	False	False	False	False	False	0.0						False	False	False	False	False		0.0	0		False		False		False		False		False		False		False		False		0.0	0
rs1901187	17:40489895	17:40000000	lower_recurrence_exact	moderate_0.2_0.5	systemic_non_neural	5	4	True	0.0	0	False	False	False	False	0.0	False	False	False	False	False	False	0.0						False	False	False	False	True	TNS4	0.9838531920867468	36	genic	False		False		False		False		False		False		False		False		0.0	0
rs1190621	11:66322836	11:66000000	lower_recurrence_exact	moderate_0.2_0.5	systemic_non_neural	5	5	True	0.0484810670324689	6	True	True	False	False	0.0	False	False	True	True	True	True	0.7071268558502197	BRMS1;RIN1	BRMS1;RIN1	RIN1	BRMS1;RIN1	BRMS1;RIN1	True	True	True	True	True	RIN1	0.7194426153235394	6	intergenic	False		False		True	RIN1	False		False		False		False		False		0.0	0
rs10841893	12:21757861	12:21500000	lower_recurrence_exact	moderate_0.2_0.5	neuro_systemic	5	4	False	0.0530236980380449	5	True	True	True	False	0.940241131145886	True	True	False	False	False	False	0.0						False	False	False	False	False		0.0	0		False		False		False		False		False		False		False		False		0.0	0
rs1522983	3:168794155	3:168500000	lower_recurrence_exact	moderate_0.2_0.5	systemic_non_neural	5	4	False	0.0	0	False	False	False	False	0.0	False	False	False	False	False	False	0.0						False	False	False	False	False		0.0	0		False		False		False		False		False		False		False		False		0.0	0
rs541667	1:70978951	1:70500000	lower_recurrence_exact	moderate_0.2_0.5	neuro_systemic	5	4	True	0.0357608053010507	1	True	True	False	False	0.867762727754294	True	True	True	True	True	True	0.5018827319145203	PTGER3	PTGER3	PTGER3	PTGER3	PTGER3	True	True	True	True	False		0.0	0		False		False		False		False		False		False		False		False		0.0	0
rs11631951	15:77978742	15:77500000	lower_recurrence_exact	moderate_0.2_0.5	systemic_non_neural	5	4	False	0.0023682753343142	1	True	False	False	False	0.0	False	False	False	False	False	False	0.0						False	False	False	False	False		0.0	0		False		False		False		False		False		False		False		False		0.0	0
rs2725772	4:139516879	4:139500000	lower_recurrence_exact	moderate_0.2_0.5	systemic_non_neural	5	4	True	0.0	0	False	False	False	False	0.0	False	False	False	False	False	False	0.0						False	False	False	False	False		0.0	0		False		False		False		False		False		False		False		False		0.0	0
rs12661262	6:43515140	6:43500000	lower_recurrence_exact	moderate_0.2_0.5	neuro_systemic	5	4	True	0.0	0	False	False	False	False	0.793644620047098	True	False	False	False	False	False	0.0						False	False	False	False	False		0.0	0		False		False		False		False		False		True	POLH	False		False		0.019739	3
rs11264126	1:34876494	1:34500000	lower_recurrence_exact	moderate_0.2_0.5	neuro_systemic	5	4	False	0.0	0	False	False	False	False	0.0	False	False	False	False	False	False	0.0						False	False	False	False	False		0.0	0		False		False		False		False		False		False		False		False		0.0	0
rs34024596	2:182018319	2:182000000	lower_recurrence_exact	moderate_0.2_0.5	neural_enriched	5	4	False	0.489377787060672	2	True	True	True	True	0.0	False	False	False	False	False	False	0.0						False	False	False	False	False		0.0	0		False		False		False		False		False		False		False		False		0.0	0
rs6493639	15:31393924	15:31000000	lower_recurrence_exact	moderate_0.2_0.5	systemic_non_neural	5	4	True	0.0	0	False	False	False	False	0.0	False	False	False	False	False	False	0.0						False	False	False	False	True	KLF13	0.7867097466928071	1	intergenic	False		False		False		False		False		False		False		False		0.0	0
rs267307	5:115262507	5:115000000	lower_recurrence_exact	moderate_0.2_0.5	neuro_systemic	5	4	True	0.0	0	False	False	False	False	0.0	False	False	False	False	False	False	0.0						False	False	False	False	False		0.0	0		False		False		True	CCDC112	True	CCDC112	False		False		False		False		0.0	0
rs10932777	2:218334281	2:218000000	lower_recurrence_exact	moderate_0.2_0.5	systemic_non_neural	5	4	True	0.0	0	False	False	False	False	0.0	False	False	False	False	False	False	0.0						False	False	False	False	True	CATIP	0.7308049099246885	1	genic	False		False		False		False		False		False		False		False		0.0	0
rs6895651	5:119111986	5:119000000	lower_recurrence_exact	moderate_0.2_0.5	systemic_non_neural	5	4	False	0.0	0	False	False	False	False	0.0	False	False	False	False	False	False	0.0						False	False	False	False	False		0.0	0		False		False		False		False		False		False		False		False		0.0	0
rs11632120	15:43123175	15:43000000	lower_recurrence_exact	moderate_0.2_0.5	neuro_systemic	5	4	True	0.1229270480232027	4	True	True	True	True	0.9721912219027664	True	True	True	False	True	True	0.0740305185317993	CCNDBP1;UBR1	CCNDBP1;UBR1		CCNDBP1;UBR1	CCNDBP1;UBR1	True	True	False	False	True	CCNDBP1;UBR1	0.9783907881723424	230	intergenic	False		False		False		False		False		False		False		False		0.0	0
rs1027949	12:109993163	12:109500000	lower_recurrence_exact	moderate_0.2_0.5	systemic_non_neural	5	4	True	0.0436839759921084	1	True	True	False	False	0.9817911200279552	True	True	False	False	False	False	0.0						False	False	False	False	False		0.0	0		False		False		False		False		False		False		False		False		0.0	0
rs1861782	9:129627960	9:129500000	lower_recurrence_exact	moderate_0.2_0.5	systemic_non_neural	5	4	True	0.0	0	False	False	False	False	0.0	False	False	False	False	False	False	0.0						False	False	False	False	True	NTMT1	0.9999678369815972	5	genic;promoter	False		False		False		False		False		False		False		False		0.0	0
rs619540	2:219644361	2:219500000	lower_recurrence_exact	moderate_0.2_0.5	systemic_non_neural	5	4	False	0.0	0	False	False	False	False	0.8870576336142239	True	True	False	False	False	False	0.0						False	False	False	False	False		0.0	0		False		False		False		False		False		False		False		False		0.0	0
rs9865665	3:149781234	3:149500000	lower_recurrence_exact	moderate_0.2_0.5	neuro_systemic	5	4	False	0.0	0	False	False	False	False	0.6839399521681104	True	False	False	False	False	False	0.0						False	False	False	False	False		0.0	0		False		False		False		False		False		False		False		False		0.0	0
rs10417915	19:52891609	19:52500000	lower_recurrence_exact	moderate_0.2_0.5	neuro_systemic	5	4	False	0.0	0	False	False	False	False	0.0	False	False	False	False	False	False	0.0						False	False	False	False	False		0.0	0		False		False		False		False		False		False		False		False		0.0	0
rs2687671	3:99175390	3:99000000	lower_recurrence_exact	moderate_0.2_0.5	systemic_non_neural	5	4	False	0.0	0	False	False	False	False	0.0	False	False	False	False	False	False	0.0						False	False	False	False	False		0.0	0		False		False		False		False		False		False		False		False		0.0	0
rs6504234	17:64491739	17:64000000	lower_recurrence_exact	moderate_0.2_0.5	systemic_non_neural	5	4	True	0.0	0	False	False	False	False	0.7474261903730078	True	False	False	False	False	False	0.0						False	False	False	False	True	MILR1	0.6787172409841161	1	genic	False		False		False		False		False		False		False		False		0.0	0
rs8047140	16:29911667	16:29500000	lower_recurrence_exact	moderate_0.2_0.5	neuro_systemic	5	4	True	0.0	0	False	False	False	False	0.0	False	False	False	False	False	False	0.0						False	False	False	False	False		0.0	0		False		False		True	KCTD13	True	KCTD13	True	KCTD13	False		False		False		0.0	0
rs3754874	2:98586545	2:98500000	lower_recurrence_exact	moderate_0.2_0.5	systemic_non_neural	5	4	True	0.0	0	False	False	False	False	0.0	False	False	False	False	False	False	0.0						False	False	False	False	False		0.0	0		False		False		False		False		False		False		False		False		0.0	0
rs2249351	11:129826137	11:129500000	lower_recurrence_exact	moderate_0.2_0.5	systemic_non_neural	5	4	False	0.0	0	False	False	False	False	0.0	False	False	False	False	False	False	0.0						False	False	False	False	False		0.0	0		False		False		False		False		False		False		False		False		0.0	0
rs4384335	10:75466750	10:75000000	lower_recurrence_exact	moderate_0.2_0.5	systemic_non_neural	5	5	False	0.0	0	False	False	False	False	0.0	False	False	False	False	False	False	0.0						False	False	False	False	False		0.0	0		False		False		False		False		False		False		False		False		0.0	0
rs11887934	2:110694239	2:110500000	lower_recurrence_exact	moderate_0.2_0.5	systemic_other	5	4	False	0.0	0	False	False	False	False	0.0	False	False	False	False	False	False	0.0						False	False	False	False	False		0.0	0		False		False		False		False		False		False		False		False		0.0	0
rs10850133	12:113245312	12:113000000	lower_recurrence_exact	moderate_0.2_0.5	systemic_other	5	4	True	0.0	0	False	False	False	False	0.0	False	False	False	False	False	False	0.0						False	False	False	False	True	SLC8B1	0.6193696016013782	1	genic	False		False		False		False		False		False		False		False		0.0	0
rs77226682	17:28033843	17:28000000	lower_recurrence_exact	moderate_0.2_0.5	neuro_systemic	5	4	True	0.0	0	False	False	False	False	0.0	False	False	False	False	False	False	0.0						False	False	False	False	False		0.0	0		False		False		False		False		False		False		False		False		0.0	0
rs2749663	6:157380715	6:157000000	lower_recurrence_exact	moderate_0.2_0.5	systemic_non_neural	5	4	True	0.0332885325466435	1	True	True	False	False	0.8678167658865975	True	True	True	False	True	False	0.1144926100969314	TMEM242	TMEM242		TMEM242		False	False	False	False	True	TMEM242	0.8558134527455424	28	intergenic	False		False		False		False		False		False		False		False		0.0	0
rs7103210	11:71937920	11:71500000	lower_recurrence_exact	moderate_0.2_0.5	systemic_non_neural	5	4	False	0.0040690911417933	1	True	False	False	False	0.9765732936730236	True	True	False	False	False	False	0.0						False	False	False	False	False		0.0	0		False		False		False		False		False		False		False		False		0.0	0
rs7010208	8:81571357	8:81500000	lower_recurrence_exact	moderate_0.2_0.5	neuro_systemic	5	4	False	0.0	0	False	False	False	False	0.0	False	False	False	False	False	False	0.0						False	False	False	False	False		0.0	0		False		False		False		False		False		False		False		False		0.0	0
rs113593662	11:73003738	11:73000000	lower_recurrence_exact	moderate_0.2_0.5	neuro_systemic	5	4	False	0.0	0	False	False	False	False	0.0	False	False	False	False	False	False	0.0						False	False	False	False	False		0.0	0		False		False		False		False		False		False		False		False		0.0	0
rs6010041	22:50448128	22:50000000	lower_recurrence_exact	moderate_0.2_0.5	systemic_other	5	4	False	0.1362323158815047	3	True	True	True	True	0.0	False	False	False	False	False	False	0.0						False	False	False	False	False		0.0	0		False		False		False		False		False		False		False		False		0.0	0
rs6962090	7:92576448	7:92500000	lower_recurrence_exact	moderate_0.2_0.5	systemic_non_neural	5	4	False	0.0	0	False	False	False	False	0.0	False	False	False	False	False	False	0.0						False	False	False	False	False		0.0	0		False		False		False		False		False		False		False		False		0.0	0
rs10942685	5:73691585	5:73500000	lower_recurrence_exact	moderate_0.2_0.5	neural_enriched	5	4	True	0.0208234442522133	10	True	True	False	False	0.8450324869896103	True	True	True	True	True	True	0.8780990839004517	ARHGEF28	ARHGEF28	ARHGEF28	ARHGEF28	ARHGEF28	True	True	True	True	True	ARHGEF28	0.7270814669102534	2	genic	False		False		False		False		False		True	ARHGEF28	False		False		0.019421	2
rs1545189	15:93017101	15:93000000	lower_recurrence_exact	moderate_0.2_0.5	systemic_non_neural	5	5	True	0.0	0	False	False	False	False	0.0	False	False	False	False	False	False	0.0						False	False	False	False	False		0.0	0		False		False		False		False		False		False		False		False		0.0	0
rs114593068	2:210005571	2:210000000	lower_recurrence_exact	moderate_0.2_0.5	neuro_systemic	5	4	True	0.0	0	False	False	False	False	0.0	False	False	False	False	False	False	0.0						False	False	False	False	False		0.0	0		False		False		False		False		False		False		False		False		0.0	0
rs2749664	6:157381015	6:157000000	lower_recurrence_exact	moderate_0.2_0.5	systemic_non_neural	5	4	True	1.75478896387026e-05	1	True	False	False	False	0.7539878099692031	True	False	True	False	False	True	0.0594997517764568	TMEM242	TMEM242			TMEM242	True	False	False	False	False		0.0	0		False		False		False		False		False		False		False		False		0.0	0
rs1239274	5:39010107	5:39000000	lower_recurrence_exact	moderate_0.2_0.5	neuro_systemic	5	4	True	0.1660771133491199	17	True	True	True	True	0.9226701838990176	True	True	True	True	True	True	0.8854724168777466	OSMR;RICTOR	OSMR;RICTOR	RICTOR	OSMR;RICTOR	OSMR;RICTOR	True	True	True	True	False		0.0	0		False		False		False		False		False		False		False		False		0.0	0
rs2020394	8:43379051	8:43000000	lower_recurrence_exact	moderate_0.2_0.5	systemic_non_neural	5	5	True	0.0	0	False	False	False	False	0.0	False	False	False	False	False	False	0.0						False	False	False	False	False		0.0	0		False		False		False		False		False		False		False		False		0.0	0
rs6004014	22:23997244	22:23500000	lower_recurrence_exact	moderate_0.2_0.5	systemic_other	5	4	True	0.0399906406134754	8	True	True	False	False	0.9451657223024992	True	True	True	False	True	False	0.0588393211364746	CABIN1	CABIN1		CABIN1		False	False	False	False	False		0.0	0		False		False		False		False		False		False		False		False		0.0	0
rs4715451	6:13638752	6:13500000	lower_recurrence_exact	moderate_0.2_0.5	neuro_systemic	5	5	True	0.0	0	False	False	False	False	0.5205339544413384	False	False	False	False	False	False	0.0						False	False	False	False	False		0.0	0		False		False		True	RANBP9	True	RANBP9	False		False		False		False		0.0	0
rs4795309	17:38675699	17:38500000	lower_recurrence_exact	moderate_0.2_0.5	systemic_non_neural	5	4	True	0.0	0	False	False	False	False	0.0	False	False	False	False	False	False	0.0						False	False	False	False	False		0.0	0		False		False		False		False		False		False		False		False		0.0	0
rs7042742	9:136571182	9:136500000	lower_recurrence_exact	moderate_0.2_0.5	systemic_non_neural	5	5	False	0.0	0	False	False	False	False	0.0	False	False	False	False	False	False	0.0						False	False	False	False	False		0.0	0		False		False		False		False		False		False		False		False		0.0	0
rs3019188	11:61486904	11:61000000	lower_recurrence_exact	moderate_0.2_0.5	systemic_non_neural	5	4	True	0.0	0	False	False	False	False	0.6226282123857718	True	False	False	False	False	False	0.0						False	False	False	False	False		0.0	0		False		False		False		False		False		False		False		False		0.0	0
rs934363	2:23489308	2:23000000	lower_recurrence_exact	moderate_0.2_0.5	neuro_systemic	5	4	False	0.0	0	False	False	False	False	0.0	False	False	False	False	False	False	0.0						False	False	False	False	False		0.0	0		False		False		False		False		False		False		False		False		0.0	0
rs219086	2:33067561	2:33000000	lower_recurrence_exact	moderate_0.2_0.5	neural_enriched	5	4	False	0.0	0	False	False	False	False	0.0	False	False	False	False	False	False	0.0						False	False	False	False	False		0.0	0		False		False		False		False		False		False		False		False		0.0	0
rs17704459	12:113477706	12:113000000	lower_recurrence_exact	moderate_0.2_0.5	neuro_systemic	5	5	False	0.0045224585061677	2	True	False	False	False	0.8010034609942915	True	True	False	False	False	False	0.0						False	False	False	False	False		0.0	0		False		False		False		False		False		False		False		False		0.0	0
rs11668599	19:42450984	19:42000000	lower_recurrence_exact	moderate_0.2_0.5	neural_enriched	4	3	True	0.0	0	False	False	False	False	0.0	False	False	False	False	False	False	0.0						False	False	False	False	True	CEACAM1	0.8787003572144516	26	intergenic	False		False		False		False		False		False		False		False		0.0	0
rs6952433	7:2357003	7:2000000	lower_recurrence_exact	moderate_0.2_0.5	neural_enriched	4	3	True	0.0271904941469547	2	True	True	False	False	0.9591540635489968	True	True	True	False	True	True	0.1393101662397384	CHST12	CHST12		CHST12	CHST12	True	True	True	True	False		0.0	0		False		False		False		False		False		False		False		False		0.0	0
rs138435	22:38481913	22:38000000	lower_recurrence_exact	moderate_0.2_0.5	systemic_other	4	3	False	0.0219123749759411	3	True	True	False	False	0.8780414545620521	True	True	False	False	False	False	0.0						False	False	False	False	False		0.0	0		False		False		False		False		False		False		False		False		0.0	0
rs10252442	7:55894288	7:55500000	lower_recurrence_exact	moderate_0.2_0.5	systemic_other	4	3	True	0.0446502374364931	9	True	True	False	False	0.9561176359043608	True	True	True	False	True	True	0.1923040002584457	SUMF2	SUMF2		SUMF2	SUMF2	True	True	True	True	False		0.0	0		False		False		False		False		False		False		False		False		0.0	0
rs17127128	10:110149493	10:110000000	lower_recurrence_exact	moderate_0.2_0.5	systemic_other	4	3	False	0.0336982400588514	10	True	True	False	False	0.9272644066292072	True	True	False	False	False	False	0.0						False	False	False	False	False		0.0	0		False		False		False		False		False		False		False		False		0.0	0
rs1291697	16:4397969	16:4000000	lower_recurrence_exact	moderate_0.2_0.5	systemic_other	4	3	False	0.065578272343459	1	True	True	True	False	0.798562412854669	True	False	False	False	False	False	0.0						False	False	False	False	False		0.0	0		False		False		False		False		False		False		False		False		0.0	0
rs8572	14:22767315	14:22500000	lower_recurrence_exact	moderate_0.2_0.5	systemic_other	4	3	False	0.0	0	False	False	False	False	0.0	False	False	False	False	False	False	0.0						False	False	False	False	False		0.0	0		False		False		False		False		False		False		False		False		0.0	0
rs588163	18:3585919	18:3500000	lower_recurrence_exact	moderate_0.2_0.5	systemic_other	4	3	False	0.0	0	False	False	False	False	0.0	False	False	False	False	False	False	0.0						False	False	False	False	False		0.0	0		False		False		False		False		False		False		False		False		0.0	0
rs1274495	12:56222583	12:56000000	lower_recurrence_exact	moderate_0.2_0.5	systemic_other	4	3	True	0.0	0	False	False	False	False	0.0	False	False	False	False	False	False	0.0						False	False	False	False	False		0.0	0		False		False		False		False		False		False		False		False		0.0	0
rs7039182	9:6566602	9:6500000	lower_recurrence_exact	moderate_0.2_0.5	systemic_other	4	3	True	0.0	0	False	False	False	False	0.0	False	False	False	False	False	False	0.0						False	False	False	False	True	UHRF2	0.9186269603148788	10	genic	False		False		False		False		False		True	UHRF2	True	UHRF2	True	UHRF2	0.103129	26
rs4979110	9:112379854	9:112000000	lower_recurrence_exact	moderate_0.2_0.5	systemic_other	4	3	True	0.0496531263644695	2	True	True	False	False	0.9897455981681682	True	True	True	False	False	False	0.0632966980338096	PTBP3	PTBP3				False	False	False	False	False		0.0	0		False		False		False		False		False		False		False		False		0.0	0
rs10897533	11:64855397	11:64500000	lower_recurrence_exact	moderate_0.2_0.5	systemic_other	4	3	True	0.0	0	False	False	False	False	0.0	False	False	False	False	False	False	0.0						False	False	False	False	True	CDC42BPG;EHD1	0.9616134764587528	97	genic	False		False		True	EHD1	True	EHD1	True	EHD1	False		False		False		0.0	0
rs3763549	8:17003674	8:17000000	lower_recurrence_exact	moderate_0.2_0.5	systemic_non_neural	4	4	False	0.0	0	False	False	False	False	0.0	False	False	False	False	False	False	0.0						False	False	False	False	False		0.0	0		False		False		False		False		False		False		False		False		0.0	0
rs1966751	12:68591425	12:68500000	lower_recurrence_exact	moderate_0.2_0.5	neural_enriched	4	3	True	0.0	0	False	False	False	False	0.0	False	False	False	False	False	False	0.0						False	False	False	False	True	RAP1B	0.8725396810263049	2	intergenic	False		False		False		False		False		False		False		False		0.0	0
rs3168880	14:21499294	14:21000000	lower_recurrence_exact	moderate_0.2_0.5	systemic_other	4	3	True	0.0	0	False	False	False	False	0.0	False	False	False	False	False	False	0.0						False	False	False	False	False		0.0	0		False		False		True	METTL3;RAB2B;TOX4	False		False		False		False		False		0.0	0
rs17752436	8:97700960	8:97500000	lower_recurrence_exact	moderate_0.2_0.5	systemic_other	4	3	False	0.0	0	False	False	False	False	0.0	False	False	False	False	False	False	0.0						False	False	False	False	False		0.0	0		False		False		False		False		False		False		False		False		0.0	0
rs10081509	8:60237690	8:60000000	lower_recurrence_exact	moderate_0.2_0.5	systemic_non_neural	4	4	False	0.0	0	False	False	False	False	0.0	False	False	False	False	False	False	0.0						False	False	False	False	False		0.0	0		False		False		False		False		False		False		False		False		0.0	0
rs12568511	1:248707520	1:248500000	lower_recurrence_exact	moderate_0.2_0.5	systemic_other	4	3	False	0.0034817901067117	1	True	False	False	False	0.8865618772765425	True	True	False	False	False	False	0.0						False	False	False	False	False		0.0	0		False		False		False		False		False		False		False		False		0.0	0
rs12401309	1:161081768	1:161000000	lower_recurrence_exact	moderate_0.2_0.5	systemic_other	4	3	True	0.0	0	False	False	False	False	0.0	False	False	False	False	False	False	0.0						False	False	False	False	False		0.0	0		False		False		False		False		False		False		False		False		0.0	0
rs9450284	6:85489611	6:85000000	lower_recurrence_exact	moderate_0.2_0.5	neural_enriched	4	3	False	0.0	0	False	False	False	False	0.6468377118265697	True	False	False	False	False	False	0.0						False	False	False	False	False		0.0	0		False		False		False		False		False		False		False		False		0.0	0
rs414340	17:77489877	17:77000000	lower_recurrence_exact	moderate_0.2_0.5	systemic_other	4	3	False	0.0	0	False	False	False	False	0.0	False	False	False	False	False	False	0.0						False	False	False	False	False		0.0	0		False		False		False		False		False		False		False		False		0.0	0
rs16971620	17:35875664	17:35500000	lower_recurrence_exact	moderate_0.2_0.5	systemic_other	4	3	False	0.0286787948226338	3	True	True	False	False	0.9757776492495386	True	True	False	False	False	False	0.0						False	False	False	False	False		0.0	0		False		False		False		False		False		False		False		False		0.0	0
rs5030414	11:36511415	11:36500000	lower_recurrence_exact	moderate_0.2_0.5	neuro_systemic	4	4	False	0.0	0	False	False	False	False	0.0	False	False	False	False	False	False	0.0						False	False	False	False	False		0.0	0		False		False		False		False		False		False		False		False		0.0	0
rs1861351	16:53499315	16:53000000	lower_recurrence_exact	moderate_0.2_0.5	systemic_non_neural	4	4	True	0.0295124886409071	17	True	True	False	False	0.9680393453809246	True	True	True	True	True	True	0.783150315284729	RBL2	RBL2	RBL2	RBL2	RBL2	True	True	True	True	False		0.0	0		False		False		True	RBL2	False		False		False		False		False		0.0	0
rs7115790	11:45920293	11:45500000	lower_recurrence_exact	moderate_0.2_0.5	systemic_other	4	3	False	0.0	0	False	False	False	False	0.5883433319338304	False	False	False	False	False	False	0.0						False	False	False	False	False		0.0	0		False		False		False		False		False		False		False		False		0.0	0
rs10262841	7:35185906	7:35000000	lower_recurrence_exact	moderate_0.2_0.5	systemic_other	4	3	True	0.0369903465236631	6	True	True	False	False	0.7246418477140721	True	False	True	True	True	True	0.8236314654350281	DPY19L1;TBX20	DPY19L1;TBX20	DPY19L1;TBX20	DPY19L1;TBX20	DPY19L1;TBX20	True	True	True	True	True	TBX20	0.9576065001535544	9	intergenic	False		False		False		False		False		False		False		False		0.0	0
rs6805692	3:15000529	3:15000000	lower_recurrence_exact	moderate_0.2_0.5	neural_enriched	4	3	True	0.0	0	False	False	False	False	0.593170033777607	False	False	False	False	False	False	0.0						False	False	False	False	False		0.0	0		False		False		False		False		False		False		False		False		0.0	0
rs72761965	9:113500045	9:113500000	lower_recurrence_exact	moderate_0.2_0.5	neuro_systemic	4	4	True	0.0485719971689253	9	True	True	False	False	0.9932367323265728	True	True	True	True	True	True	0.8495296239852905	RGS3	RGS3	RGS3	RGS3	RGS3	True	True	True	True	True	RGS3	0.973570469690889	21	intergenic	False		False		False		False		False		False		False		False		0.0	0
rs7176472	15:56737594	15:56500000	lower_recurrence_exact	moderate_0.2_0.5	systemic_other	4	3	True	0.0434091917718576	21	True	True	False	False	0.9631734084454456	True	True	True	True	True	False	0.722930371761322	TCF12	TCF12	TCF12	TCF12		False	False	False	False	False		0.0	0		False		False		False		False		False		False		False		False		0.0	0
rs1458366	12:113234772	12:113000000	lower_recurrence_exact	moderate_0.2_0.5	systemic_other	4	3	True	0.0	0	False	False	False	False	0.5962831908103715	False	False	False	False	False	False	0.0						False	False	False	False	False		0.0	0		False		False		True	TPCN1	False		False		False		False		False		0.0	0
rs1820077	5:115484549	5:115000000	lower_recurrence_exact	moderate_0.2_0.5	systemic_other	4	3	False	0.0838150559412318	3	True	True	True	False	0.0	False	False	False	False	False	False	0.0						False	False	False	False	False		0.0	0		False		False		False		False		False		False		False		False		0.0	0
rs2062228	4:39376026	4:39000000	lower_recurrence_exact	moderate_0.2_0.5	systemic_other	4	3	False	0.1490642994094993	2	True	True	True	True	0.0	False	False	False	False	False	False	0.0						False	False	False	False	False		0.0	0		False		False		False		False		False		False		False		False		0.0	0
rs11073896	15:90007771	15:90000000	lower_recurrence_exact	moderate_0.2_0.5	systemic_other	4	3	False	0.0	0	False	False	False	False	0.0	False	False	False	False	False	False	0.0						False	False	False	False	False		0.0	0		False		False		False		False		False		False		False		False		0.0	0
rs1390156	13:60391348	13:60000000	lower_recurrence_exact	moderate_0.2_0.5	systemic_other	4	3	False	0.0	0	False	False	False	False	0.0	False	False	False	False	False	False	0.0						False	False	False	False	False		0.0	0		False		False		False		False		False		False		False		False		0.0	0
rs1984470	16:53217014	16:53000000	lower_recurrence_exact	moderate_0.2_0.5	systemic_other	4	3	True	0.060565920719749	3	True	True	True	False	0.9720578810105742	True	True	True	True	True	True	0.7148231267929077	CHD9	CHD9	CHD9	CHD9	CHD9	True	True	True	False	False		0.0	0		False		False		False		False		False		False		False		False		0.0	0
rs17099785	1:86998412	1:86500000	lower_recurrence_exact	moderate_0.2_0.5	systemic_other	4	3	True	0.0	0	False	False	False	False	0.6081560283687966	True	False	False	False	False	False	0.0						False	False	False	False	False		0.0	0		False		False		True	SELENOF	False		False		False		False		False		0.0	0
rs61828532	1:212004921	1:212000000	lower_recurrence_exact	moderate_0.2_0.5	neural_enriched	4	4	True	0.0518867511925628	2	True	True	True	False	0.7143776450756002	True	False	True	False	True	False	0.2720513343811035	DTL	DTL		DTL		False	False	False	False	False		0.0	0		False		False		False		False		False		False		False		False		0.0	0
rs9532755	13:41253434	13:41000000	lower_recurrence_exact	moderate_0.2_0.5	systemic_other	4	3	False	0.0	0	False	False	False	False	0.0	False	False	False	False	False	False	0.0						False	False	False	False	False		0.0	0		False		False		False		False		False		False		False		False		0.0	0
rs10818589	9:121746971	9:121500000	lower_recurrence_exact	moderate_0.2_0.5	systemic_other	4	3	False	0.0	0	False	False	False	False	0.0	False	False	False	False	False	False	0.0						False	False	False	False	False		0.0	0		False		False		False		False		False		False		False		False		0.0	0
rs6748701	2:23825313	2:23500000	lower_recurrence_exact	moderate_0.2_0.5	systemic_other	4	3	True	0.0056920241081104	3	True	False	False	False	0.7964975411705334	True	False	False	False	False	False	0.0						False	False	False	False	False		0.0	0		False		False		False		False		False		False		False		False		0.0	0
rs4743461	9:101477419	9:101000000	lower_recurrence_exact	moderate_0.2_0.5	neural_enriched	4	3	False	0.0	0	False	False	False	False	0.0	False	False	False	False	False	False	0.0						False	False	False	False	False		0.0	0		False		False		False		False		False		False		False		False		0.0	0
rs753765	17:61891639	17:61500000	lower_recurrence_exact	moderate_0.2_0.5	systemic_other	4	3	False	0.0	0	False	False	False	False	0.0	False	False	False	False	False	False	0.0						False	False	False	False	False		0.0	0		False		False		False		False		False		False		False		False		0.0	0
rs2949752	7:143505171	7:143500000	lower_recurrence_exact	moderate_0.2_0.5	neuro_systemic	4	4	True	0.0	0	False	False	False	False	0.0	False	False	False	False	False	False	0.0						False	False	False	False	False		0.0	0		False		False		True	ZYX	False		False		False		False		False		0.0	0
rs7642940	3:146109277	3:146000000	lower_recurrence_exact	moderate_0.2_0.5	neural_enriched	4	3	True	0.0	0	False	False	False	False	0.0	False	False	False	False	False	False	0.0						False	False	False	False	False		0.0	0		False		False		True	PLOD2	False		False		False		False		False		0.0	0
rs2677778	4:16001552	4:16000000	lower_recurrence_exact	moderate_0.2_0.5	neuro_systemic	4	4	False	0.0	0	False	False	False	False	0.0	False	False	False	False	False	False	0.0						False	False	False	False	False		0.0	0		False		False		False		False		False		False		False		False		0.0	0
rs7506297	18:966480	18:500000	lower_recurrence_exact	moderate_0.2_0.5	systemic_other	4	3	True	0.0	0	False	False	False	False	0.0	False	False	False	False	False	False	0.0						False	False	False	False	True	ADCYAP1	0.9337305215231284	4	intergenic	False		False		False		False		False		False		False		False		0.0	0
rs8016365	14:74257557	14:74000000	lower_recurrence_exact	moderate_0.2_0.5	systemic_other	4	3	True	0.0	0	False	False	False	False	0.0	False	False	False	False	False	False	0.0						False	False	False	False	True	ABCD4	0.83046719018665	28	genic	False		False		True	ABCD4	False		False		False		False		False		0.0	0
rs4944865	11:73745459	11:73500000	lower_recurrence_exact	moderate_0.2_0.5	systemic_non_neural	4	4	False	0.0	0	False	False	False	False	0.0	False	False	False	False	False	False	0.0						False	False	False	False	False		0.0	0		False		False		False		False		False		False		False		False		0.0	0
rs7397991	12:57281420	12:57000000	lower_recurrence_exact	moderate_0.2_0.5	systemic_other	4	3	False	0.0	0	False	False	False	False	0.0	False	False	False	False	False	False	0.0						False	False	False	False	False		0.0	0		False		False		False		False		False		False		False		False		0.0	0
rs9562202	13:114339973	13:114000000	lower_recurrence_exact	moderate_0.2_0.5	systemic_other	4	3	True	0.0	0	False	False	False	False	0.52420507742495	False	False	False	False	False	False	0.0						False	False	False	False	False		0.0	0		False		False		True	UPF3A	False		False		False		False		False		0.0	0
rs10861754	12:107555230	12:107500000	lower_recurrence_exact	moderate_0.2_0.5	systemic_other	4	3	True	0.0	0	False	False	False	False	0.0	False	False	False	False	False	False	0.0						False	False	False	False	False		0.0	0		False		False		False		False		False		False		False		False		0.0	0
rs118161478	16:67525433	16:67500000	lower_recurrence_exact	moderate_0.2_0.5	neural_enriched	4	3	False	0.556301101583743	4	True	True	True	True	0.7770978568381223	True	False	False	False	False	False	0.0						False	False	False	False	False		0.0	0		False		False		False		False		False		False		False		False		0.0	0
rs1876223	3:44761331	3:44500000	lower_recurrence_exact	moderate_0.2_0.5	systemic_non_neural	4	4	True	0.0016830251079745	1	True	False	False	False	0.7057978463331702	True	False	True	True	True	True	0.3856635093688965	TMEM42;ZNF501;ZNF502	TMEM42;ZNF501;ZNF502	TMEM42	TMEM42;ZNF501;ZNF502	TMEM42;ZNF501;ZNF502	True	True	True	True	False		0.0	0		False		False		True	ZNF502;ZNF852	False		False		False		False		False		0.0	0
rs4373782	1:27523427	1:27500000	lower_recurrence_exact	moderate_0.2_0.5	neuro_systemic	4	4	False	0.0	0	False	False	False	False	0.0	False	False	False	False	False	False	0.0						False	False	False	False	False		0.0	0		False		False		False		False		False		False		False		False		0.0	0
rs632806	11:104918779	11:104500000	lower_recurrence_exact	moderate_0.2_0.5	neural_enriched	4	3	True	0.0197785658104564	1	True	True	False	False	0.9827963786800898	True	True	True	True	True	True	0.7403197884559631	CASP4	CASP4	CASP4	CASP4	CASP4	True	True	True	True	True	CASP4	0.8166003031884956	7	intergenic	False		False		True	CASP4	False		False		False		False		False		0.0	0
rs11590118	1:227999495	1:227500000	lower_recurrence_exact	moderate_0.2_0.5	systemic_other	4	3	True	0.0099549097629181	7	True	False	False	False	0.7448326232959066	True	False	True	False	True	False	0.1046273708343505	ARF1	ARF1		ARF1		True	True	True	False	False		0.0	0		False		False		False		False		False		False		False		False		0.0	0
rs3735887	8:98193384	8:98000000	lower_recurrence_exact	moderate_0.2_0.5	systemic_other	4	3	True	0.0	0	False	False	False	False	0.0	False	False	False	False	False	False	0.0						False	False	False	False	False		0.0	0		False		False		True	NIPAL2	True	NIPAL2	True	NIPAL2	False		False		False		0.0	0
rs4366866	2:187592552	2:187500000	lower_recurrence_exact	moderate_0.2_0.5	neural_enriched	4	3	False	0.012829643667583	1	True	True	False	False	0.0	False	False	False	False	False	False	0.0						False	False	False	False	False		0.0	0		False		False		False		False		False		False		False		False		0.0	0
rs9909751	17:4395961	17:4000000	lower_recurrence_exact	moderate_0.2_0.5	systemic_other	4	3	True	0.0	0	False	False	False	False	0.0	False	False	False	False	False	False	0.0						False	False	False	False	False		0.0	0		False		False		True	UBE2G1	False		False		False		False		False		0.0	0
rs11684091	2:238160439	2:238000000	lower_recurrence_exact	moderate_0.2_0.5	neural_enriched	4	3	True	0.0	0	False	False	False	False	0.6487587016061699	True	False	False	False	False	False	0.0						False	False	False	False	False		0.0	0		False		False		False		False		False		False		False		False		0.0	0
rs4681079	3:25830785	3:25500000	lower_recurrence_exact	moderate_0.2_0.5	systemic_non_neural	4	4	True	0.0	0	False	False	False	False	0.0	False	False	False	False	False	False	0.0						False	False	False	False	True	OXSM	0.9230579829446526	3	intergenic	False		False		True	NGLY1	False		False		False		False		False		0.0	0
rs2140626	5:112349635	5:112000000	lower_recurrence_exact	moderate_0.2_0.5	neural_enriched	4	3	True	0.0	0	False	False	False	False	0.0	False	False	False	False	False	False	0.0						False	False	False	False	False		0.0	0		False		False		False		False		False		False		False		False		0.0	0
rs6718184	2:74646178	2:74500000	lower_recurrence_exact	moderate_0.2_0.5	neural_enriched	4	3	False	0.0267226330862429	4	True	True	False	False	0.8941097715873073	True	True	False	False	False	False	0.0						False	False	False	False	False		0.0	0		False		False		False		False		False		False		False		False		0.0	0
rs7139068	12:53203308	12:53000000	lower_recurrence_exact	moderate_0.2_0.5	systemic_other	4	3	True	0.0	0	False	False	False	False	0.5152217261197163	False	False	False	False	False	False	0.0						False	False	False	False	False		0.0	0		False		False		False		False		False		False		False		False		0.0	0
rs6477616	9:96681230	9:96500000	lower_recurrence_exact	moderate_0.2_0.5	systemic_other	4	3	False	0.0	0	False	False	False	False	0.0	False	False	False	False	False	False	0.0						False	False	False	False	False		0.0	0		False		False		False		False		False		False		False		False		0.0	0
rs2015819	22:37499908	22:37000000	lower_recurrence_exact	moderate_0.2_0.5	systemic_other	4	3	True	0.0	0	False	False	False	False	0.0	False	False	False	False	False	False	0.0						False	False	False	False	True	MFNG	0.7660636296033332	2	genic	False		False		False		False		False		False		False		False		0.0	0
rs7990050	13:75415254	13:75000000	lower_recurrence_exact	moderate_0.2_0.5	systemic_other	4	3	False	0.0	0	False	False	False	False	0.0	False	False	False	False	False	False	0.0						False	False	False	False	False		0.0	0		False		False		False		False		False		False		False		False		0.0	0
rs9304882	19:1189483	19:1000000	lower_recurrence_exact	moderate_0.2_0.5	neural_enriched	4	3	True	0.0	0	False	False	False	False	0.0	False	False	False	False	False	False	0.0						False	False	False	False	False		0.0	0		False		False		False		False		False		True	SBNO2	False		False		0.017027	1
rs1672535	10:581271	10:500000	lower_recurrence_exact	moderate_0.2_0.5	systemic_other	4	3	True	0.0	0	False	False	False	False	0.0	False	False	False	False	False	False	0.0						False	False	False	False	False		0.0	0		False		False		True	DIP2C	False		False		False		False		False		0.0	0
rs10518981	15:44529993	15:44500000	lower_recurrence_exact	moderate_0.2_0.5	neural_enriched	4	3	False	0.0163408429172127	1	True	True	False	False	0.7771922826149528	True	False	False	False	False	False	0.0						False	False	False	False	False		0.0	0		False		False		False		False		False		False		False		False		0.0	0
rs7741260	6:36431343	6:36000000	lower_recurrence_exact	moderate_0.2_0.5	systemic_other	4	3	True	0.0896024341090535	3	True	True	True	False	0.9351057671600106	True	True	True	True	True	True	0.1902550905942917	KCTD20	KCTD20	KCTD20	KCTD20	KCTD20	True	True	True	False	False		0.0	0		False		False		True	STK38	False		False		False		False		False		0.0	0
rs76281393	4:103011818	4:103000000	lower_recurrence_exact	moderate_0.2_0.5	neural_enriched	4	3	True	0.1166966350910353	1	True	True	True	True	0.0	False	False	True	False	True	True	0.2807129621505737	CISD2;UBE2D3	CISD2;UBE2D3		CISD2;UBE2D3	CISD2;UBE2D3	True	True	True	True	False		0.0	0		False		False		True	UBE2D3	False		False		False		False		False		0.0	0
rs2249409	1:160975095	1:160500000	lower_recurrence_exact	moderate_0.2_0.5	systemic_other	4	3	True	0.0	0	False	False	False	False	0.0	False	False	False	False	False	False	0.0						False	False	False	False	False		0.0	0		False		False		False		False		False		False		False		False		0.0	0
rs254051	5:134224006	5:134000000	lower_recurrence_exact	moderate_0.2_0.5	systemic_other	4	3	True	0.0089137727016535	1	True	False	False	False	0.944827052585434	True	True	False	False	False	False	0.0						False	False	False	False	False		0.0	0		False		False		False		False		False		False		False		False		0.0	0
rs7970670	12:95079382	12:95000000	lower_recurrence_exact	moderate_0.2_0.5	systemic_other	4	3	False	0.0	0	False	False	False	False	0.6045323054619922	True	False	False	False	False	False	0.0						False	False	False	False	False		0.0	0		False		False		False		False		False		False		False		False		0.0	0
rs1730768	4:3407632	4:3000000	lower_recurrence_exact	moderate_0.2_0.5	systemic_non_neural	4	4	False	0.0	0	False	False	False	False	0.0	False	False	False	False	False	False	0.0						False	False	False	False	False		0.0	0		False		False		False		False		False		False		False		False		0.0	0
rs4712827	6:10685828	6:10500000	lower_recurrence_exact	moderate_0.2_0.5	systemic_non_neural	4	4	False	0.0	0	False	False	False	False	0.0	False	False	False	False	False	False	0.0						False	False	False	False	False		0.0	0		False		False		False		False		False		False		False		False		0.0	0
rs10504814	8:85636122	8:85500000	lower_recurrence_exact	moderate_0.2_0.5	neuro_systemic	4	4	True	0.0	0	False	False	False	False	0.0	False	False	False	False	False	False	0.0						False	False	False	False	True	CA2	0.7040577146353276	2	intergenic	False		False		False		False		False		False		False		False		0.0	0
rs6094723	20:47512735	20:47500000	lower_recurrence_exact	moderate_0.2_0.5	systemic_other	4	3	True	0.0	0	False	False	False	False	0.0	False	False	False	False	False	False	0.0						False	False	False	False	False		0.0	0		False		False		False		False		False		False		False		False		0.0	0
rs78604943	11:74010163	11:74000000	lower_recurrence_exact	moderate_0.2_0.5	neural_enriched	4	3	True	0.0	0	False	False	False	False	0.0	False	False	False	False	False	False	0.0						False	False	False	False	False		0.0	0		False		False		False		False		False		False		False		False		0.0	0
rs10869073	9:71985601	9:71500000	lower_recurrence_exact	moderate_0.2_0.5	systemic_other	4	3	True	0.0	0	False	False	False	False	0.0	False	False	False	False	False	False	0.0						False	False	False	False	False		0.0	0		False		False		True	C9ORF85	True	C9ORF85	True	C9ORF85	False		False		False		0.0	0
rs2232228	16:69109674	16:69000000	lower_recurrence_exact	moderate_0.2_0.5	neural_enriched	4	3	True	0.0010662041068205	1	True	False	False	False	0.0	False	False	True	True	True	True	0.1247561573982238	CHTF8	CHTF8	CHTF8	CHTF8	CHTF8	True	True	True	False	False		0.0	0		False		False		False		False		False		False		False		False		0.0	0
rs1898357	10:117074790	10:117000000	lower_recurrence_exact	moderate_0.2_0.5	systemic_other	4	3	True	0.0207948300174605	24	True	True	False	False	0.9913378827222388	True	True	True	True	True	True	0.7913773655891418	SHTN1	SHTN1	SHTN1	SHTN1	SHTN1	True	True	True	True	False		0.0	0		False		False		False		False		False		False		False		False		0.0	0
rs741695	16:4787361	16:4500000	lower_recurrence_exact	moderate_0.2_0.5	systemic_other	4	3	True	0.0196980393604927	1	True	True	False	False	0.7654169632083637	True	False	False	False	False	False	0.0						True	True	True	False	False		0.0	0		False		False		False		False		False		False		False		False		0.0	0
rs7217798	17:36486103	17:36000000	lower_recurrence_exact	moderate_0.2_0.5	systemic_other	4	3	True	0.0016274249247172	1	True	False	False	False	0.0	False	False	True	True	True	True	0.1223135292530059	DHRS11;GGNBP2;MRM1	DHRS11;GGNBP2;MRM1	GGNBP2	DHRS11;GGNBP2;MRM1	DHRS11;MRM1	True	True	True	True	False		0.0	0		False		False		False		False		False		False		False		False		0.0	0
rs659712	1:183262923	1:183000000	lower_recurrence_exact	moderate_0.2_0.5	systemic_other	4	3	False	0.0035135489194512	1	True	False	False	False	0.8353450852343873	True	True	False	False	False	False	0.0						False	False	False	False	False		0.0	0		False		False		False		False		False		False		False		False		0.0	0
rs1531795	17:78876003	17:78500000	lower_recurrence_exact	moderate_0.2_0.5	systemic_other	4	3	True	0.027587455424692	1	True	True	False	False	0.5433800648485366	False	False	True	True	True	True	0.5275580286979675	TIMP2	TIMP2	TIMP2	TIMP2	TIMP2	True	True	True	True	False		0.0	0		False		False		True	TIMP2	False		False		False		False		False		0.0	0
rs2300065	5:134174693	5:134000000	lower_recurrence_exact	moderate_0.2_0.5	systemic_other	4	3	True	0.0	0	False	False	False	False	0.6430473296341159	True	False	False	False	False	False	0.0						False	False	False	False	False		0.0	0		False		False		False		False		False		False		False		False		0.0	0
rs9361468	6:78911497	6:78500000	lower_recurrence_exact	moderate_0.2_0.5	systemic_other	4	3	True	0.0283640712064006	17	True	True	False	False	0.9827926624314524	True	True	True	True	True	True	0.743018627166748	IRAK1BP1	IRAK1BP1	IRAK1BP1	IRAK1BP1	IRAK1BP1	True	True	True	True	True	IRAK1BP1	0.8885617226394656	5	intergenic	False		False		True	IRAK1BP1	False		False		False		False		False		0.0	0
rs10413706	19:51351047	19:51000000	lower_recurrence_exact	moderate_0.2_0.5	systemic_other	4	3	True	0.0	0	False	False	False	False	0.0	False	False	False	False	False	False	0.0						False	False	False	False	False		0.0	0		False		False		False		False		False		False		False		False		0.0	0
rs1571141	9:127979614	9:127500000	lower_recurrence_exact	moderate_0.2_0.5	systemic_other	4	3	True	0.0605778509625425	25	True	True	True	False	0.9860982672686488	True	True	True	True	True	True	0.508278489112854	DPM2;PIP5KL1	DPM2;PIP5KL1	DPM2;PIP5KL1	DPM2;PIP5KL1	DPM2;PIP5KL1	True	True	True	True	True	DPM2;PIP5KL1	0.9460700896891816	56	intergenic	False		False		True	DPM2	False		False		False		False		False		0.0	0
rs387002	5:83307025	5:83000000	lower_recurrence_exact	moderate_0.2_0.5	neuro_systemic	4	4	True	0.0078810581605502	1	True	False	False	False	0.0	False	False	True	True	False	True	0.7256098389625549	XRCC4	XRCC4	XRCC4		XRCC4	True	True	True	True	False		0.0	0		False		False		False		False		False		False		False		False		0.0	0
rs2821040	1:3490227	1:3000000	lower_recurrence_exact	moderate_0.2_0.5	systemic_other	4	3	True	0.0	0	False	False	False	False	0.0	False	False	False	False	False	False	0.0						False	False	False	False	True	ARHGEF16;MEGF6	0.8519863283514375	9	genic	False		False		False		False		False		False		False		False		0.0	0
rs72614663	8:53959197	8:53500000	lower_recurrence_exact	moderate_0.2_0.5	neural_enriched	4	3	False	0.0	0	False	False	False	False	0.0	False	False	False	False	False	False	0.0						False	False	False	False	False		0.0	0		False		False		False		False		False		False		False		False		0.0	0
rs4906329	14:103476332	14:103000000	lower_recurrence_exact	moderate_0.2_0.5	systemic_other	4	3	False	0.0172556876006765	59	True	True	False	False	0.9848841060099824	True	True	False	False	False	False	0.0						False	False	False	False	False		0.0	0		False		False		False		False		False		False		False		False		0.0	0
rs941952	14:104093286	14:104000000	lower_recurrence_exact	moderate_0.2_0.5	neural_enriched	4	3	False	0.999999999998522	8	True	True	True	True	0.9150116398965892	True	True	False	False	False	False	0.0						False	False	False	False	False		0.0	0		False		False		False		False		False		False		False		False		0.0	0
rs2228617	7:129206487	7:129000000	lower_recurrence_exact	moderate_0.2_0.5	systemic_other	4	3	False	0.0	0	False	False	False	False	0.0	False	False	False	False	False	False	0.0						False	False	False	False	False		0.0	0		False		False		False		False		False		False		False		False		0.0	0
rs11882442	19:752878	19:500000	lower_recurrence_exact	moderate_0.2_0.5	systemic_other	4	3	False	0.0	0	False	False	False	False	0.0	False	False	False	False	False	False	0.0						False	False	False	False	False		0.0	0		False		False		False		False		False		False		False		False		0.0	0
rs216365	9:33818743	9:33500000	lower_recurrence_exact	moderate_0.2_0.5	systemic_other	4	3	True	0.0	0	False	False	False	False	0.0	False	False	False	False	False	False	0.0						False	False	False	False	True	PRSS3	0.7689098399831873	1	genic	False		False		False		False		False		True	PRSS3	False		False		0.019215	1
rs1548057	14:31568956	14:31500000	lower_recurrence_exact	moderate_0.2_0.5	neural_enriched	4	3	True	0.002244091248714	2	True	False	False	False	0.9381146447210492	True	True	False	False	False	False	0.0						False	False	False	False	False		0.0	0		False		False		False		False		False		False		False		False		0.0	0
rs9839371	3:170270048	3:170000000	lower_recurrence_exact	moderate_0.2_0.5	systemic_other	4	3	False	0.0048296088222764	1	True	False	False	False	0.0	False	False	False	False	False	False	0.0						False	False	False	False	False		0.0	0		False		False		False		False		False		False		False		False		0.0	0
rs10774689	12:113314285	12:113000000	lower_recurrence_exact	moderate_0.2_0.5	systemic_non_neural	4	4	True	0.999999999998522	1	True	True	True	True	0.0	False	False	False	False	False	False	0.0						False	False	False	False	False		0.0	0		False		False		False		False		False		False		False		False		0.0	0
rs990482	6:90097116	6:90000000	lower_recurrence_exact	moderate_0.2_0.5	neuro_systemic	4	4	False	0.0812963446009925	1	True	True	True	False	0.0	False	False	False	False	False	False	0.0						False	False	False	False	False		0.0	0		False		False		False		False		False		False		False		False		0.0	0
rs10865934	3:44344813	3:44000000	lower_recurrence_exact	moderate_0.2_0.5	systemic_non_neural	4	4	True	0.0	0	False	False	False	False	0.0	False	False	False	False	False	False	0.0						False	False	False	False	False		0.0	0		False		False		False		False		False		False		False		False		0.0	0
rs4961653	9:18494534	9:18000000	lower_recurrence_exact	moderate_0.2_0.5	systemic_other	4	3	False	0.0	0	False	False	False	False	0.6763986952903117	True	False	False	False	False	False	0.0						False	False	False	False	False		0.0	0		False		False		False		False		False		False		False		False		0.0	0
rs850818	15:23648164	15:23500000	lower_recurrence_exact	moderate_0.2_0.5	neural_enriched	4	3	False	0.0	0	False	False	False	False	0.0	False	False	False	False	False	False	0.0						False	False	False	False	False		0.0	0		False		False		False		False		False		False		False		False		0.0	0
rs6725821	2:95232019	2:95000000	lower_recurrence_exact	moderate_0.2_0.5	systemic_other	4	3	True	0.0013155397643996	2	True	False	False	False	0.5289932316728067	False	False	True	True	True	True	0.5160990953445435	KCNIP3;PROM2	KCNIP3;PROM2	PROM2	KCNIP3;PROM2	KCNIP3;PROM2	True	True	True	True	True	KCNIP3;PROM2	0.8775525843110801	18	intergenic	False		False		False		False		False		False		False		False		0.0	0
rs8065886	17:35059842	17:35000000	lower_recurrence_exact	moderate_0.2_0.5	systemic_other	4	3	True	0.0	0	False	False	False	False	0.0	False	False	False	False	False	False	0.0						False	False	False	False	True	RFFL	0.9142813401016342	1	genic	False		False		True	RFFL	False		False		False		False		False		0.0	0
rs76643428	12:111052849	12:111000000	lower_recurrence_exact	moderate_0.2_0.5	neural_enriched	4	3	False	1.0	3	True	True	True	True	0.0	False	False	False	False	False	False	0.0						False	False	False	False	False		0.0	0		False		False		False		False		False		False		False		False		0.0	0
rs766968	3:112573031	3:112500000	lower_recurrence_exact	moderate_0.2_0.5	systemic_non_neural	4	4	True	0.0	0	False	False	False	False	0.0	False	False	False	False	False	False	0.0						False	False	False	False	False		0.0	0		False		False		True	SLC35A5	False		False		False		False		False		0.0	0
rs487215	6:150987578	6:150500000	lower_recurrence_exact	moderate_0.2_0.5	neural_enriched	4	3	False	0.002388205081723	2	True	False	False	False	0.7200099871605202	True	False	False	False	False	False	0.0						False	False	False	False	False		0.0	0		False		False		False		False		False		False		False		False		0.0	0
rs2257020	17:76080334	17:76000000	lower_recurrence_exact	moderate_0.2_0.5	systemic_other	4	3	True	0.0944786571610761	1	True	True	True	False	0.0	False	False	True	False	False	True	0.0954527705907821	EXOC7	EXOC7			EXOC7	True	True	True	True	False		0.0	0		False		False		True	EXOC7	True	EXOC7	False		False		False		False		0.0	0
rs6947788	7:143334434	7:143000000	lower_recurrence_exact	moderate_0.2_0.5	systemic_other	4	3	False	0.0	0	False	False	False	False	0.0	False	False	False	False	False	False	0.0						False	False	False	False	False		0.0	0		False		False		False		False		False		False		False		False		0.0	0
rs897277	10:124677444	10:124500000	lower_recurrence_exact	moderate_0.2_0.5	systemic_other	4	3	False	0.0	0	False	False	False	False	0.5774746722724485	False	False	False	False	False	False	0.0						False	False	False	False	False		0.0	0		False		False		False		False		False		False		False		False		0.0	0
rs4752761	11:1803377	11:1500000	lower_recurrence_exact	moderate_0.2_0.5	systemic_other	4	3	True	0.0	0	False	False	False	False	0.0	False	False	False	False	False	False	0.0						False	False	False	False	False		0.0	0		False		False		False		False		False		True	SYT8	False		False		0.039605	2
rs7492357	14:105496322	14:105000000	lower_recurrence_exact	moderate_0.2_0.5	systemic_other	4	3	False	0.0	0	False	False	False	False	0.0	False	False	False	False	False	False	0.0						False	False	False	False	False		0.0	0		False		False		False		False		False		False		False		False		0.0	0
rs12711032	4:78662548	4:78500000	lower_recurrence_exact	moderate_0.2_0.5	neural_enriched	4	3	True	0.0231314831743108	12	True	True	False	False	0.982446720422914	True	True	True	True	True	True	0.4468251466751098	BMP2K;PAQR3	BMP2K;PAQR3	BMP2K	BMP2K	BMP2K;PAQR3	True	True	True	True	True	BMP2K	0.6699173243836459	1	genic	False		False		False		False		False		False		False		False		0.0	0
rs10760398	9:125446648	9:125000000	lower_recurrence_exact	moderate_0.2_0.5	systemic_other	4	3	True	0.0	0	False	False	False	False	0.0	False	False	False	False	False	False	0.0						False	False	False	False	False		0.0	0		False		False		False		False		False		False		False		False		0.0	0
rs493096	4:175254975	4:175000000	lower_recurrence_exact	moderate_0.2_0.5	systemic_non_neural	4	4	True	0.0	0	False	False	False	False	0.0	False	False	False	False	False	False	0.0						False	False	False	False	False		0.0	0		False		False		False		False		False		False		False		False		0.0	0
rs919276	19:50727811	19:50500000	lower_recurrence_exact	moderate_0.2_0.5	systemic_other	4	3	True	0.0	0	False	False	False	False	0.0	False	False	False	False	False	False	0.0						False	False	False	False	True	SHANK1	0.7912864895656737	1	intergenic	False		False		False		False		False		False		False		False		0.0	0
rs3736747	14:44899025	14:44500000	lower_recurrence_exact	moderate_0.2_0.5	systemic_other	4	3	True	0.0	0	False	False	False	False	0.0	False	False	False	False	False	False	0.0						False	False	False	False	False		0.0	0		False		False		False		False		False		False		False		False		0.0	0
rs2296262	9:114503126	9:114500000	lower_recurrence_exact	moderate_0.2_0.5	neuro_systemic	4	4	False	0.0	0	False	False	False	False	0.0	False	False	False	False	False	False	0.0						False	False	False	False	False		0.0	0		False		False		False		False		False		False		False		False		0.0	0
rs12074459	1:51296415	1:51000000	lower_recurrence_exact	moderate_0.2_0.5	systemic_other	4	3	True	0.0	0	False	False	False	False	0.0	False	False	False	False	False	False	0.0						False	False	False	False	True	RNF11	0.9150969065060248	48	genic	False		False		False		False		False		False		False		False		0.0	0
rs751355	18:9428422	18:9000000	lower_recurrence_exact	moderate_0.2_0.5	systemic_other	4	3	True	0.0	0	False	False	False	False	0.0	False	False	False	False	False	False	0.0						False	False	False	False	False		0.0	0		False		False		False		False		False		True	RALBP1;TWSG1	False		False		0.022294	1
rs12423126	12:111991665	12:111500000	lower_recurrence_exact	moderate_0.2_0.5	systemic_other	4	3	True	0.9629270858536584	76	True	True	True	True	0.9818608543025088	True	True	True	True	True	True	0.7388715147972107	MAPKAPK5;TMEM116	MAPKAPK5;TMEM116	MAPKAPK5;TMEM116	MAPKAPK5;TMEM116	MAPKAPK5;TMEM116	True	True	True	True	False		0.0	0		False		False		True	TMEM116	False		False		False		False		False		0.0	0
rs1034588	22:31220315	22:31000000	lower_recurrence_exact	moderate_0.2_0.5	neural_enriched	4	3	True	0.0140119921177449	61	True	True	False	False	0.9829935837370974	True	True	True	True	True	True	0.3259079158306122	DEPDC5;LIMK2;PRR14L	DEPDC5;LIMK2;PRR14L	LIMK2;PRR14L	LIMK2	DEPDC5;LIMK2;PRR14L	True	True	True	True	True	LIMK2	0.9106296142098412	5	intergenic	False		False		True	LIMK2	True	LIMK2	False		False		False		False		0.0	0
rs10839479	11:6094431	11:6000000	lower_recurrence_exact	moderate_0.2_0.5	neural_enriched	4	3	False	0.0	0	False	False	False	False	0.0	False	False	False	False	False	False	0.0						False	False	False	False	False		0.0	0		False		False		False		False		False		False		False		False		0.0	0
rs2036880	4:143907834	4:143500000	lower_recurrence_exact	moderate_0.2_0.5	systemic_non_neural	4	4	True	0.0022631136847473	38	True	False	False	False	0.9570612585853602	True	True	True	True	True	False	0.8288842439651489	GYPB	GYPB	GYPB	GYPB		False	False	False	False	False		0.0	0		False		False		True	GYPB	False		False		False		False		False		0.0	0
rs7172012	15:64450471	15:64000000	lower_recurrence_exact	moderate_0.2_0.5	systemic_other	4	3	False	0.0513469889263483	7	True	True	True	False	0.9534045502700108	True	True	False	False	False	False	0.0						False	False	False	False	False		0.0	0		False		False		False		False		False		False		False		False		0.0	0
rs35739	12:100554737	12:100500000	lower_recurrence_exact	moderate_0.2_0.5	systemic_other	4	3	False	0.0	0	False	False	False	False	0.0	False	False	False	False	False	False	0.0						False	False	False	False	False		0.0	0		False		False		False		False		False		False		False		False		0.0	0
rs11170880	12:54353322	12:54000000	lower_recurrence_exact	moderate_0.2_0.5	systemic_other	4	3	True	0.0375725792868927	1	True	True	False	False	0.8888906811312547	True	True	True	False	False	True	0.1669737547636032	COPZ1	COPZ1			COPZ1	True	True	True	True	False		0.0	0		False		False		True	COPZ1	True	COPZ1	False		False		False		False		0.0	0
rs10745335	1:112795794	1:112500000	lower_recurrence_exact	moderate_0.2_0.5	systemic_other	4	3	False	0.0	0	False	False	False	False	0.0	False	False	False	False	False	False	0.0						False	False	False	False	False		0.0	0		False		False		False		False		False		False		False		False		0.0	0
rs4286505	4:8310431	4:8000000	lower_recurrence_exact	moderate_0.2_0.5	systemic_other	4	3	False	0.0	0	False	False	False	False	0.0	False	False	False	False	False	False	0.0						False	False	False	False	False		0.0	0		False		False		False		False		False		False		False		False		0.0	0
rs12238250	9:137152230	9:137000000	lower_recurrence_exact	moderate_0.2_0.5	systemic_other	4	3	True	0.0	0	False	False	False	False	0.0	False	False	False	False	False	False	0.0						False	False	False	False	False		0.0	0		False		False		False		False		False		False		False		False		0.0	0
rs2399974	10:13517929	10:13500000	lower_recurrence_exact	moderate_0.2_0.5	neuro_systemic	4	4	False	0.0296082020055194	3	True	True	False	False	0.9794690418592727	True	True	False	False	False	False	0.0						False	False	False	False	False		0.0	0		False		False		False		False		False		False		False		False		0.0	0
rs11466164	17:49513657	17:49500000	lower_recurrence_exact	moderate_0.2_0.5	neural_enriched	4	3	True	0.0	0	False	False	False	False	0.0	False	False	False	False	False	False	0.0						False	False	False	False	True	NGFR	0.9008597151532072	7	genic	False		False		False		False		False		False		False		False		0.0	0
rs1674159	19:5886721	19:5500000	lower_recurrence_exact	moderate_0.2_0.5	systemic_other	4	3	True	0.0963471953048004	1	True	True	True	False	0.0	False	False	False	False	False	False	0.0						False	False	False	False	False		0.0	0		False		False		True	NDUFA11	True	NDUFA11	False		False		False		False		0.0	0
rs11075084	16:8983079	16:8500000	lower_recurrence_exact	moderate_0.2_0.5	neural_enriched	4	3	True	0.0435822788902703	2	True	True	False	False	0.7585246622496391	True	False	True	True	False	False	0.6076791882514954	USP7	USP7	USP7			False	False	False	False	False		0.0	0		False		False		False		False		False		False		False		False		0.0	0
rs12915829	15:41585762	15:41500000	lower_recurrence_exact	moderate_0.2_0.5	neural_enriched	4	3	True	0.0502540622024176	1	True	True	True	False	0.9084368491303964	True	True	False	False	False	False	0.0						True	True	True	True	False		0.0	0		False		False		False		False		False		False		False		False		0.0	0
rs4546744	9:136800069	9:136500000	lower_recurrence_exact	moderate_0.2_0.5	systemic_other	4	3	True	0.0	0	False	False	False	False	0.0	False	False	False	False	False	False	0.0						False	False	False	False	True	LCN15;LCN8;TMEM141	0.854039234974781	36	genic	False		False		False		False		False		False		False		False		0.0	0
rs318542	4:128914539	4:128500000	lower_recurrence_exact	moderate_0.2_0.5	neural_enriched	4	3	True	0.0047925929071431	1	True	False	False	False	0.0	False	False	True	True	False	True	0.7739171385765076	C4ORF33;SCLT1	C4ORF33;SCLT1	SCLT1		C4ORF33;SCLT1	True	True	True	True	False		0.0	0		False		False		True	SCLT1	False		False		False		False		False		0.0	0
rs2239679	11:63511149	11:63500000	lower_recurrence_exact	moderate_0.2_0.5	systemic_other	4	3	False	0.0	0	False	False	False	False	0.0	False	False	False	False	False	False	0.0						False	False	False	False	False		0.0	0		False		False		False		False		False		False		False		False		0.0	0
rs8011795	14:34484221	14:34000000	lower_recurrence_exact	moderate_0.2_0.5	systemic_other	4	3	True	0.0	0	False	False	False	False	0.0	False	False	False	False	False	False	0.0						False	False	False	False	False		0.0	0		False		False		False		False		False		False		False		False		0.0	0
rs4573815	13:81015837	13:81000000	lower_recurrence_exact	moderate_0.2_0.5	neural_enriched	4	3	False	0.0	0	False	False	False	False	0.0	False	False	False	False	False	False	0.0						False	False	False	False	False		0.0	0		False		False		False		False		False		False		False		False		0.0	0
rs4796817	17:78806566	17:78500000	lower_recurrence_exact	moderate_0.2_0.5	systemic_other	4	3	True	0.0	0	False	False	False	False	0.0	False	False	False	False	False	False	0.0						False	False	False	False	False		0.0	0		False		False		True	USP36	True	USP36	True	USP36	False		False		False		0.0	0
rs1429554	11:44555918	11:44500000	lower_recurrence_exact	moderate_0.2_0.5	neural_enriched	4	3	True	0.0	0	False	False	False	False	0.6647140078515685	True	False	False	False	False	False	0.0						False	False	False	False	False		0.0	0		False		False		False		False		False		False		False		False		0.0	0
rs17545644	7:117495158	7:117000000	lower_recurrence_exact	moderate_0.2_0.5	systemic_other	4	3	True	0.009838532600118	2	True	False	False	False	0.0	False	False	True	True	True	True	0.8365253806114197	CFTR	CFTR	CFTR	CFTR	CFTR	True	True	False	False	True	CFTR	0.8952251187241451	13	genic	False		False		False		False		False		False		False		False		0.0	0
rs10754988	2:177413760	2:177000000	lower_recurrence_exact	moderate_0.2_0.5	systemic_other	4	3	True	0.0153734266375688	16	True	True	False	False	0.8300496188236028	True	True	True	True	True	True	0.7828343510627747	AGPS	AGPS	AGPS	AGPS	AGPS	True	True	True	True	False		0.0	0		False		False		False		False		False		False		False		False		0.0	0
rs2754210	4:2068247	4:2000000	lower_recurrence_exact	moderate_0.2_0.5	systemic_other	4	3	True	0.0	0	False	False	False	False	0.0	False	False	False	False	False	False	0.0						False	False	False	False	False		0.0	0		False		False		False		False		False		False		False		False		0.0	0
rs7096293	10:4199355	10:4000000	lower_recurrence_exact	moderate_0.2_0.5	systemic_other	4	3	False	0.0	0	False	False	False	False	0.0	False	False	False	False	False	False	0.0						False	False	False	False	False		0.0	0		False		False		False		False		False		False		False		False		0.0	0
rs11656629	17:18004454	17:18000000	lower_recurrence_exact	moderate_0.2_0.5	neural_enriched	4	3	True	0.1661022428835862	1	True	True	True	True	0.0	False	False	True	False	False	True	0.3780832588672638	ATPAF2	ATPAF2			ATPAF2	True	True	True	True	False		0.0	0		False		False		True	ATPAF2	True	ATPAF2	False		False		False		False		0.0	0
rs1418651	1:147700593	1:147500000	lower_recurrence_exact	moderate_0.2_0.5	neural_enriched	4	3	False	0.0	0	False	False	False	False	0.0	False	False	False	False	False	False	0.0						False	False	False	False	False		0.0	0		False		False		False		False		False		False		False		False		0.0	0
rs443540	16:3124544	16:3000000	lower_recurrence_exact	moderate_0.2_0.5	systemic_other	4	3	True	0.0529999406080951	1	True	True	True	False	0.8530462761295109	True	True	True	True	True	True	0.2143954485654831	ZNF205;ZNF213	ZNF205;ZNF213	ZNF213	ZNF205;ZNF213	ZNF213	True	True	True	True	True	IL32;ZNF205;ZNF213	0.978840959752192	311	intergenic	False		False		True	ZNF205;ZNF213	True	ZNF213	False		True	IL32;ZNF205;ZNF213	True	IL32	True	IL32	0.131999	5
rs309455	9:37432267	9:37000000	lower_recurrence_exact	moderate_0.2_0.5	systemic_other	4	3	True	0.0	0	False	False	False	False	0.0	False	False	False	False	False	False	0.0						False	False	False	False	False		0.0	0		False		False		True	GRHPR	True	GRHPR	False		True	GRHPR	False		False		0.019641	1
rs10868772	9:88397568	9:88000000	lower_recurrence_exact	moderate_0.2_0.5	systemic_other	4	3	True	0.0045879677780863	8	True	False	False	False	0.9266155402062884	True	True	True	False	True	True	0.0778122618794441	NXNL2	NXNL2		NXNL2	NXNL2	True	True	True	False	False		0.0	0		False		False		False		False		False		False		False		False		0.0	0
rs2304207	19:49664469	19:49500000	lower_recurrence_exact	moderate_0.2_0.5	systemic_other	4	3	True	0.4596994717348273	1	True	True	True	True	0.5552155939500623	False	False	False	False	False	False	0.0						False	False	False	False	False		0.0	0		False		False		False		False		False		False		False		False		0.0	0
rs4887122	15:73742907	15:73500000	lower_recurrence_exact	moderate_0.2_0.5	systemic_non_neural	4	4	False	0.0	0	False	False	False	False	0.0	False	False	False	False	False	False	0.0						False	False	False	False	False		0.0	0		False		False		False		False		False		False		False		False		0.0	0
rs138177811	2:65171134	2:65000000	lower_recurrence_exact	moderate_0.2_0.5	systemic_other	4	3	True	0.0	0	False	False	False	False	0.0	False	False	False	False	False	False	0.0						False	False	False	False	False		0.0	0		False		False		False		False		False		True	CEP68	False		False		0.017135	1
rs9974294	21:44991969	21:44500000	lower_recurrence_exact	moderate_0.2_0.5	systemic_other	4	3	False	0.0	0	False	False	False	False	0.0	False	False	False	False	False	False	0.0						False	False	False	False	False		0.0	0		False		False		False		False		False		False		False		False		0.0	0
rs11850202	14:102184599	14:102000000	lower_recurrence_exact	moderate_0.2_0.5	systemic_other	4	3	True	0.0050070182203948	1	True	False	False	False	0.7904451010858198	True	False	False	False	False	False	0.0						True	True	True	True	False		0.0	0		False		False		False		False		False		False		False		False		0.0	0
rs2250304	1:160982919	1:160500000	lower_recurrence_exact	moderate_0.2_0.5	systemic_other	4	3	False	0.0	0	False	False	False	False	0.0	False	False	False	False	False	False	0.0						False	False	False	False	False		0.0	0		False		False		False		False		False		False		False		False		0.0	0
rs16999764	20:54554257	20:54500000	lower_recurrence_exact	moderate_0.2_0.5	systemic_other	4	3	False	0.0	0	False	False	False	False	0.0	False	False	False	False	False	False	0.0						False	False	False	False	False		0.0	0		False		False		False		False		False		False		False		False		0.0	0
rs7923004	10:110918333	10:110500000	lower_recurrence_exact	moderate_0.2_0.5	systemic_non_neural	4	4	True	0.0	0	False	False	False	False	0.0	False	False	False	False	False	False	0.0						False	False	False	False	False		0.0	0		False		False		False		False		False		False		False		False		0.0	0
rs4619692	20:62573201	20:62500000	lower_recurrence_exact	moderate_0.2_0.5	neural_enriched	4	3	False	0.0	0	False	False	False	False	0.0	False	False	False	False	False	False	0.0						False	False	False	False	False		0.0	0		False		False		False		False		False		False		False		False		0.0	0
rs2422615	20:1561586	20:1500000	lower_recurrence_exact	moderate_0.2_0.5	neuro_systemic	4	4	True	0.0	0	False	False	False	False	0.0	False	False	False	False	False	False	0.0						False	False	False	False	False		0.0	0		False		False		True	SIRPB1	False		False		False		False		False		0.0	0
rs3756711	5:485814	5:0	lower_recurrence_exact	moderate_0.2_0.5	systemic_other	4	3	False	0.0	0	False	False	False	False	0.0	False	False	False	False	False	False	0.0						False	False	False	False	False		0.0	0		False		False		False		False		False		False		False		False		0.0	0
rs16940760	12:109991827	12:109500000	lower_recurrence_exact	moderate_0.2_0.5	systemic_non_neural	4	4	True	0.0	0	False	False	False	False	0.0	False	False	False	False	False	False	0.0						False	False	False	False	False		0.0	0		False		False		False		False		False		False		False		False		0.0	0
rs9383281	6:17388498	6:17000000	lower_recurrence_exact	moderate_0.2_0.5	systemic_other	4	3	False	8.91957812106223e-05	1	True	False	False	False	0.0	False	False	False	False	False	False	0.0						False	False	False	False	False		0.0	0		False		False		False		False		False		False		False		False		0.0	0
rs17164171	7:143264037	7:143000000	lower_recurrence_exact	moderate_0.2_0.5	systemic_non_neural	4	4	False	0.0	0	False	False	False	False	0.0	False	False	False	False	False	False	0.0						False	False	False	False	False		0.0	0		False		False		False		False		False		False		False		False		0.0	0
rs149552861	15:48500257	15:48500000	lower_recurrence_exact	moderate_0.2_0.5	systemic_other	4	3	False	0.0	0	False	False	False	False	0.0	False	False	False	False	False	False	0.0						False	False	False	False	False		0.0	0		False		False		False		False		False		False		False		False		0.0	0
rs10501411	11:73581040	11:73500000	lower_recurrence_exact	moderate_0.2_0.5	systemic_other	4	3	True	0.0073473798072568	9	True	False	False	False	0.877765656765424	True	True	True	False	True	True	0.1483341008424759	FAM168A	FAM168A		FAM168A	FAM168A	True	True	True	False	False		0.0	0		False		False		False		False		False		False		False		False		0.0	0
rs1676890	11:75278232	11:75000000	lower_recurrence_exact	moderate_0.2_0.5	systemic_other	4	3	True	1.63130026254407e-05	1	True	False	False	False	0.0	False	False	False	False	False	False	0.0						True	False	False	False	False		0.0	0		False		False		True	ARRB1	False		False		False		False		False		0.0	0
rs940652	1:204146349	1:204000000	lower_recurrence_exact	moderate_0.2_0.5	systemic_other	4	3	False	0.0	0	False	False	False	False	0.0	False	False	False	False	False	False	0.0						False	False	False	False	False		0.0	0		False		False		False		False		False		False		False		False		0.0	0
rs10274145	7:1574625	7:1500000	lower_recurrence_exact	moderate_0.2_0.5	systemic_other	4	3	False	0.0	0	False	False	False	False	0.0	False	False	False	False	False	False	0.0						False	False	False	False	False		0.0	0		False		False		False		False		False		False		False		False		0.0	0
rs914746	9:136644302	9:136500000	lower_recurrence_exact	moderate_0.2_0.5	neural_enriched	4	3	False	0.0	0	False	False	False	False	0.0	False	False	False	False	False	False	0.0						False	False	False	False	False		0.0	0		False		False		False		False		False		False		False		False		0.0	0
rs873286	19:46660517	19:46500000	lower_recurrence_exact	moderate_0.2_0.5	neural_enriched	4	3	True	0.0	0	False	False	False	False	0.0	False	False	False	False	False	False	0.0						False	False	False	False	False		0.0	0		False		False		True	PRKD2	True	PRKD2	False		False		False		False		0.0	0
rs2490255	1:207397698	1:207000000	lower_recurrence_exact	moderate_0.2_0.5	neuro_systemic	4	4	False	0.9015548407340532	1	True	True	True	True	0.0	False	False	False	False	False	False	0.0						False	False	False	False	False		0.0	0		False		False		False		False		False		False		False		False		0.0	0
rs7140561	14:39267476	14:39000000	lower_recurrence_exact	moderate_0.2_0.5	systemic_other	4	3	True	0.0	0	False	False	False	False	0.0	False	False	False	False	False	False	0.0						False	False	False	False	False		0.0	0		False		False		False		False		False		False		False		False		0.0	0
rs7200732	16:85482310	16:85000000	lower_recurrence_exact	moderate_0.2_0.5	systemic_other	4	3	False	0.0	0	False	False	False	False	0.0	False	False	False	False	False	False	0.0						False	False	False	False	False		0.0	0		False		False		False		False		False		False		False		False		0.0	0
rs3824425	9:36489164	9:36000000	lower_recurrence_exact	moderate_0.2_0.5	systemic_other	4	3	False	0.0	0	False	False	False	False	0.0	False	False	False	False	False	False	0.0						False	False	False	False	False		0.0	0		False		False		False		False		False		False		False		False		0.0	0
rs11584340	1:152313454	1:152000000	lower_recurrence_exact	moderate_0.2_0.5	neural_enriched	4	3	True	0.0020190678306779	3	True	False	False	False	0.8207293580618545	True	True	True	False	True	True	0.1524291187524795	HRNR	HRNR		HRNR	HRNR	True	False	False	False	False		0.0	0		False		False		False		False		False		False		False		False		0.0	0
rs3863435	16:74431498	16:74000000	lower_recurrence_exact	moderate_0.2_0.5	neural_enriched	4	3	True	0.0	0	False	False	False	False	0.0	False	False	False	False	False	False	0.0						False	False	False	False	False		0.0	0		False		False		False		False		False		False		False		False		0.0	0
rs885565	10:125998228	10:125500000	lower_recurrence_exact	moderate_0.2_0.5	systemic_other	4	3	False	0.0214945231334407	5	True	True	False	False	0.9722704236007216	True	True	False	False	False	False	0.0						False	False	False	False	False		0.0	0		False		False		False		False		False		False		False		False		0.0	0
rs1451874	2:186485514	2:186000000	lower_recurrence_exact	moderate_0.2_0.5	systemic_non_neural	4	4	True	0.0	0	False	False	False	False	0.0	False	False	False	False	False	False	0.0						False	False	False	False	False		0.0	0		False		False		False		False		False		False		False		False		0.0	0
rs9372365	6:113492666	6:113000000	lower_recurrence_exact	moderate_0.2_0.5	neural_enriched	4	3	False	0.0	0	False	False	False	False	0.0	False	False	False	False	False	False	0.0						False	False	False	False	False		0.0	0		False		False		False		False		False		False		False		False		0.0	0
rs57361338	3:50501564	3:50500000	lower_recurrence_exact	moderate_0.2_0.5	neural_enriched	4	3	True	0.0841636332391322	47	True	True	True	False	0.9131908905836782	True	True	True	False	True	True	0.1594368815422058	MAPKAPK3	MAPKAPK3		MAPKAPK3	MAPKAPK3	True	True	True	True	False		0.0	0		False		False		False		False		False		False		False		False		0.0	0
rs2070953	1:23868372	1:23500000	lower_recurrence_exact	moderate_0.2_0.5	systemic_other	4	3	True	0.0392771128744905	11	True	True	False	False	0.9873785416976908	True	True	True	False	True	False	0.3043430745601654	CNR2	CNR2		CNR2		False	False	False	False	False		0.0	0		False		False		False		False		False		False		False		False		0.0	0
rs9667649	11:111418592	11:111000000	lower_recurrence_exact	moderate_0.2_0.5	systemic_non_neural	4	4	False	0.0	0	False	False	False	False	0.0	False	False	False	False	False	False	0.0						False	False	False	False	False		0.0	0		False		False		False		False		False		False		False		False		0.0	0
rs1188933	1:90839568	1:90500000	lower_recurrence_exact	moderate_0.2_0.5	systemic_other	4	3	False	0.0	0	False	False	False	False	0.0	False	False	False	False	False	False	0.0						False	False	False	False	False		0.0	0		False		False		False		False		False		False		False		False		0.0	0
rs4940731	18:58612753	18:58500000	lower_recurrence_exact	moderate_0.2_0.5	systemic_other	4	3	True	0.0	0	False	False	False	False	0.0	False	False	False	False	False	False	0.0						False	False	False	False	False		0.0	0		False		False		False		False		False		False		False		False		0.0	0
rs2705901	4:184638333	4:184500000	lower_recurrence_exact	moderate_0.2_0.5	neural_enriched	4	3	True	0.0	0	False	False	False	False	0.0	False	False	False	False	False	False	0.0						False	False	False	False	False		0.0	0		False		False		False		False		False		False		False		False		0.0	0
rs4941716	13:51966954	13:51500000	lower_recurrence_exact	moderate_0.2_0.5	systemic_non_neural	4	4	True	0.0	0	False	False	False	False	0.0	False	False	False	False	False	False	0.0						False	False	False	False	False		0.0	0		False		False		False		False		False		False		False		False		0.0	0
rs273476	19:18117521	19:18000000	lower_recurrence_exact	moderate_0.2_0.5	systemic_other	4	3	True	0.0	0	False	False	False	False	0.0	False	False	False	False	False	False	0.0						False	False	False	False	True	MAST3	0.9650682041500394	60	genic	False		False		False		False		False		False		False		False		0.0	0
rs7172715	15:74995034	15:74500000	lower_recurrence_exact	moderate_0.2_0.5	systemic_other	4	3	True	0.0042316857395104	1	True	False	False	False	0.713616395949469	True	False	True	True	True	True	0.3619290590286255	PPCDC	PPCDC	PPCDC	PPCDC	PPCDC	True	True	True	True	False		0.0	0		True	PPCDC	False		True	PPCDC	False		False		False		False		False		0.0	0
rs11901442	2:148981618	2:148500000	lower_recurrence_exact	moderate_0.2_0.5	systemic_other	4	3	False	0.0	0	False	False	False	False	0.0	False	False	False	False	False	False	0.0						False	False	False	False	False		0.0	0		False		False		False		False		False		False		False		False		0.0	0
rs2273086	20:49656637	20:49500000	lower_recurrence_exact	moderate_0.2_0.5	systemic_other	4	3	True	0.0	0	False	False	False	False	0.0	False	False	False	False	False	False	0.0						False	False	False	False	False		0.0	0		False		False		False		False		False		False		False		False		0.0	0
rs61018691	3:50501169	3:50500000	lower_recurrence_exact	moderate_0.2_0.5	neural_enriched	4	3	True	0.0810529879866595	46	True	True	True	False	0.910044870115316	True	True	True	False	True	True	0.1594368815422058	MAPKAPK3	MAPKAPK3		MAPKAPK3	MAPKAPK3	True	True	True	True	False		0.0	0		False		False		False		False		False		False		False		False		0.0	0
rs4971047	1:151457575	1:151000000	lower_recurrence_exact	moderate_0.2_0.5	systemic_other	4	3	True	0.0243030496045012	7	True	True	False	False	0.9814395783443708	True	True	True	True	True	True	0.3241265714168548	PSMB4	PSMB4	PSMB4	PSMB4	PSMB4	True	True	True	True	False		0.0	0		False		False		False		False		False		False		False		False		0.0	0
rs459289	3:5184088	3:5000000	lower_recurrence_exact	moderate_0.2_0.5	systemic_other	4	3	False	0.0	0	False	False	False	False	0.0	False	False	False	False	False	False	0.0						False	False	False	False	False		0.0	0		False		False		False		False		False		False		False		False		0.0	0
rs7584150	2:132147104	2:132000000	lower_recurrence_exact	moderate_0.2_0.5	systemic_non_neural	4	4	False	0.0	0	False	False	False	False	0.0	False	False	False	False	False	False	0.0						False	False	False	False	False		0.0	0		False		False		False		False		False		False		False		False		0.0	0
rs6603781	1:1223251	1:1000000	lower_recurrence_exact	moderate_0.2_0.5	systemic_other	4	3	False	0.0	0	False	False	False	False	0.0	False	False	False	False	False	False	0.0						False	False	False	False	False		0.0	0		False		False		False		False		False		False		False		False		0.0	0
rs480269	11:30150292	11:30000000	lower_recurrence_exact	moderate_0.2_0.5	systemic_other	4	3	True	0.0945621211539028	1	True	True	True	False	0.9192933588463078	True	True	True	False	False	True	0.1283928304910659	ARL14EP	ARL14EP			ARL14EP	True	True	True	True	False		0.0	0		False		False		False		False		False		False		False		False		0.0	0
rs12088087	1:44704340	1:44500000	lower_recurrence_exact	moderate_0.2_0.5	neural_enriched	4	3	False	0.0	0	False	False	False	False	0.0	False	False	False	False	False	False	0.0						False	False	False	False	False		0.0	0		False		False		False		False		False		False		False		False		0.0	0
rs2074284	17:41308484	17:41000000	lower_recurrence_exact	moderate_0.2_0.5	neural_enriched	4	3	True	0.0	0	False	False	False	False	0.5731524420125772	False	False	False	False	False	False	0.0						False	False	False	False	False		0.0	0		False		False		False		False		False		False		False		False		0.0	0
rs4797135	18:3993902	18:3500000	lower_recurrence_exact	moderate_0.2_0.5	systemic_other	4	3	False	0.0308937850931967	1	True	True	False	False	0.8011136859701845	True	True	False	False	False	False	0.0						False	False	False	False	False		0.0	0		False		False		False		False		False		False		False		False		0.0	0
rs1015011	22:24497053	22:24000000	lower_recurrence_exact	moderate_0.2_0.5	systemic_other	4	3	True	0.0	0	False	False	False	False	0.0	False	False	False	False	False	False	0.0						False	False	False	False	False		0.0	0		False		False		False		False		False		False		False		False		0.0	0
rs2800447	6:157376563	6:157000000	lower_recurrence_exact	moderate_0.2_0.5	systemic_other	4	3	False	0.1260731012571172	1	True	True	True	True	0.9438480038342024	True	True	False	False	False	False	0.0						False	False	False	False	False		0.0	0		False		False		False		False		False		False		False		False		0.0	0
rs10676431	3:138780642	3:138500000	lower_recurrence_exact	moderate_0.2_0.5	neural_enriched	4	3	True	0.0	0	False	False	False	False	0.6986712356445225	True	False	False	False	False	False	0.0						False	False	False	False	True	PIK3CB	0.9529829279748248	2	intergenic	False		False		False		False		False		False		False		False		0.0	0
rs78225763	16:28508372	16:28500000	lower_recurrence_exact	moderate_0.2_0.5	neural_enriched	4	3	False	0.5397727439813725	3	True	True	True	True	0.981560592296642	True	True	False	False	False	False	0.0						False	False	False	False	False		0.0	0		False		False		False		False		False		False		False		False		0.0	0
rs237969	17:60248507	17:60000000	lower_recurrence_exact	moderate_0.2_0.5	systemic_other	4	3	False	0.0957652676236011	5	True	True	True	False	0.9623578911609976	True	True	False	False	False	False	0.0						False	False	False	False	False		0.0	0		False		False		False		False		False		False		False		False		0.0	0
rs2395814	7:108005048	7:108000000	lower_recurrence_exact	moderate_0.2_0.5	neural_enriched	4	4	False	0.0	0	False	False	False	False	0.0	False	False	False	False	False	False	0.0						False	False	False	False	False		0.0	0		False		False		False		False		False		False		False		False		0.0	0
rs78839578	8:47561234	8:47500000	lower_recurrence_exact	moderate_0.2_0.5	neural_enriched	4	3	False	0.0302092233577744	2	True	True	False	False	0.0	False	False	False	False	False	False	0.0						False	False	False	False	False		0.0	0		False		False		False		False		False		False		False		False		0.0	0
rs3759382	12:110451678	12:110000000	lower_recurrence_exact	moderate_0.2_0.5	systemic_other	4	3	True	0.0036973090000212	9	True	False	False	False	0.9245678275584284	True	True	True	True	True	True	0.3799511790275574	ANAPC7;ATP2A2;FAM216A;GPN3;PPP1CC;PPTC7;RAD9B;VPS29	ANAPC7;ATP2A2;FAM216A;GPN3;PPP1CC;PPTC7;RAD9B;VPS29	ANAPC7;ATP2A2;PPP1CC	ANAPC7;ATP2A2;FAM216A;GPN3;PPP1CC;PPTC7;RAD9B;VPS29	ANAPC7;ATP2A2;FAM216A;PPP1CC;PPTC7;RAD9B;VPS29	True	True	True	True	False		0.0	0		False		False		True	ATP2A2;FAM216A;PPTC7;RAD9B;VPS29	False		False		False		False		False		0.0	0
rs4302839	8:84625744	8:84500000	lower_recurrence_exact	moderate_0.2_0.5	systemic_other	4	3	False	0.0068635142711691	46	True	False	False	False	0.9536082141841468	True	True	False	False	False	False	0.0						False	False	False	False	False		0.0	0		False		False		False		False		False		False		False		False		0.0	0
rs2430464	6:107318210	6:107000000	lower_recurrence_exact	moderate_0.2_0.5	systemic_other	4	3	True	0.0	0	False	False	False	False	0.5203475474566759	False	False	False	False	False	False	0.0						False	False	False	False	False		0.0	0		False		False		False		False		False		False		False		False		0.0	0
rs2145040	20:41512656	20:41500000	lower_recurrence_exact	moderate_0.2_0.5	systemic_other	4	3	True	0.024366971896243	25	True	True	False	False	0.9849569842298582	True	True	True	True	True	True	0.8372239470481873	CHD6	CHD6	CHD6	CHD6	CHD6	True	True	True	True	False		0.0	0		False		False		False		False		False		False		False		False		0.0	0
rs11651296	17:81379355	17:81000000	lower_recurrence_exact	moderate_0.2_0.5	systemic_other	4	3	False	0.9971913465173988	4	True	True	True	True	0.6544053868071339	True	False	False	False	False	False	0.0						False	False	False	False	False		0.0	0		False		False		False		False		False		False		False		False		0.0	0
rs4745182	9:72292681	9:72000000	lower_recurrence_exact	moderate_0.2_0.5	neural_enriched	4	3	False	0.9467615654323612	2	True	True	True	True	1.0	True	True	False	False	False	False	0.0						False	False	False	False	False		0.0	0		False		False		False		False		False		False		False		False		0.0	0
rs8043788	16:89483154	16:89000000	lower_recurrence_exact	moderate_0.2_0.5	systemic_other	4	3	True	0.9999999996648796	6	True	True	True	True	0.6835135806084734	True	False	True	True	True	True	0.8583587408065796	ANKRD11;SPG7	ANKRD11;SPG7	ANKRD11;SPG7	ANKRD11;SPG7	ANKRD11;SPG7	True	True	True	True	False		0.0	0		False		False		True	ANKRD11;SPG7	False		False		False		False		False		0.0	0
rs11548674	19:47003095	19:47000000	lower_recurrence_exact	moderate_0.2_0.5	neural_enriched	4	3	True	0.0432766769701958	2	True	True	False	False	0.9790719389548436	True	True	True	True	True	True	0.5883613228797913	ARHGAP35;NPAS1	ARHGAP35;NPAS1	ARHGAP35	ARHGAP35;NPAS1	ARHGAP35	True	True	True	True	True	NPAS1	0.8967217134531642	34	genic	False		False		False		False		False		False		False		False		0.0	0
rs1044503	14:102499659	14:102000000	lower_recurrence_exact	moderate_0.2_0.5	systemic_other	4	3	True	0.0957153200533013	31	True	True	True	False	0.9758618858462084	True	True	True	True	True	True	0.93528014421463	ANKRD9	ANKRD9	ANKRD9	ANKRD9	ANKRD9	True	True	True	True	True	ANKRD9	0.991039416274651	31	genic	False		False		True	ANKRD9	False		False		False		False		False		0.0	0
rs9857189	3:197179062	3:197000000	lower_recurrence_exact	moderate_0.2_0.5	systemic_non_neural	4	4	True	0.0031801112020448	1	True	False	False	False	0.8096058909795164	True	True	False	False	False	False	0.0						True	True	False	False	False		0.0	0		False		False		False		False		False		False		False		False		0.0	0
rs6672056	1:31215264	1:31000000	lower_recurrence_exact	moderate_0.2_0.5	neural_enriched	4	3	True	0.0	0	False	False	False	False	0.0	False	False	False	False	False	False	0.0						False	False	False	False	False		0.0	0		False		False		False		False		False		False		False		False		0.0	0
rs2074624	7:103344764	7:103000000	lower_recurrence_exact	moderate_0.2_0.5	systemic_other	4	3	True	0.0	0	False	False	False	False	0.0	False	False	False	False	False	False	0.0						False	False	False	False	False		0.0	0		False		False		False		False		False		False		False		False		0.0	0
rs1860265	7:144517829	7:144500000	lower_recurrence_exact	moderate_0.2_0.5	systemic_other	4	3	False	0.0354701922443113	2	True	True	False	False	0.9568524683680868	True	True	False	False	False	False	0.0						False	False	False	False	False		0.0	0		False		False		False		False		False		False		False		False		0.0	0
rs7775814	6:127464749	6:127000000	lower_recurrence_exact	moderate_0.2_0.5	systemic_other	4	3	True	0.1562420678810316	4	True	True	True	True	0.5799854267138371	False	False	True	False	True	True	0.0686663910746574	ECHDC1	ECHDC1		ECHDC1	ECHDC1	True	True	True	True	False		0.0	0		False		False		False		False		False		False		False		False		0.0	0
rs7676066	4:3942299	4:3500000	lower_recurrence_exact	moderate_0.2_0.5	systemic_other	4	3	False	0.0	0	False	False	False	False	0.0	False	False	False	False	False	False	0.0						False	False	False	False	False		0.0	0		False		False		False		False		False		False		False		False		0.0	0
rs10746244	12:82383993	12:82000000	lower_recurrence_exact	moderate_0.2_0.5	systemic_other	4	3	True	0.0	0	False	False	False	False	0.668881773385437	True	False	False	False	False	False	0.0						False	False	False	False	False		0.0	0		False		False		True	METTL25	False		False		False		False		False		0.0	0
rs4128539	2:189110232	2:189000000	lower_recurrence_exact	moderate_0.2_0.5	systemic_other	4	3	True	0.0	0	False	False	False	False	0.0	False	False	False	False	False	False	0.0						False	False	False	False	True	COL5A2	0.8588052704865772	2	genic	False		False		False		False		False		False		False		False		0.0	0
rs1253752	10:44511683	10:44500000	lower_recurrence_exact	moderate_0.2_0.5	systemic_other	4	3	True	0.0	0	False	False	False	False	0.0	False	False	False	False	False	False	0.0						False	False	False	False	True	CXCL12	0.7001403635726018	1	intergenic	False		False		False		False		False		False		False		False		0.0	0
rs6784382	3:134709286	3:134500000	lower_recurrence_exact	moderate_0.2_0.5	systemic_non_neural	4	4	False	0.0	0	False	False	False	False	0.0	False	False	False	False	False	False	0.0						False	False	False	False	False		0.0	0		False		False		False		False		False		False		False		False		0.0	0
rs12117523	1:233801273	1:233500000	lower_recurrence_exact	moderate_0.2_0.5	systemic_other	4	3	False	0.0	0	False	False	False	False	0.0	False	False	False	False	False	False	0.0						False	False	False	False	False		0.0	0		False		False		False		False		False		False		False		False		0.0	0
rs7938514	11:102278672	11:102000000	lower_recurrence_exact	moderate_0.2_0.5	systemic_non_neural	4	4	False	0.0	0	False	False	False	False	0.0	False	False	False	False	False	False	0.0						False	False	False	False	False		0.0	0		False		False		False		False		False		False		False		False		0.0	0
rs1378812	3:123759579	3:123500000	lower_recurrence_exact	moderate_0.2_0.5	neural_enriched	4	3	True	0.2388441175734461	1	True	True	True	True	0.9915781197450708	True	True	False	False	False	False	0.0						False	False	False	False	False		0.0	0		False		False		False		False		False		False		False		False		0.0	0
rs7932636	11:67075879	11:67000000	lower_recurrence_exact	moderate_0.2_0.5	neural_enriched	4	3	True	0.0	0	False	False	False	False	0.0	False	False	False	False	False	False	0.0						False	False	False	False	False		0.0	0		False		False		False		False		False		False		False		False		0.0	0
rs8064596	17:4368497	17:4000000	lower_recurrence_exact	moderate_0.2_0.5	systemic_other	4	3	True	0.0042636598561514	5	True	False	False	False	0.6873505990304803	True	False	True	True	True	True	0.6171234250068665	ANKFY1;CYB5D2;ZZEF1	ANKFY1;CYB5D2;ZZEF1	ANKFY1;ZZEF1	ANKFY1;CYB5D2;ZZEF1	ANKFY1;CYB5D2;ZZEF1	True	True	True	True	False		0.0	0		False		False		False		False		False		False		False		False		0.0	0
rs645571	11:65985381	11:65500000	lower_recurrence_exact	moderate_0.2_0.5	systemic_other	4	3	True	0.0123577610723336	1	True	True	False	False	0.0	False	False	True	False	True	True	0.2955348193645477	BANF1;EIF1AD	BANF1;EIF1AD		BANF1;EIF1AD	BANF1;EIF1AD	True	True	True	True	False		0.0	0		False		False		True	BANF1	False		False		False		False		False		0.0	0
rs2331096	7:55898655	7:55500000	lower_recurrence_exact	moderate_0.2_0.5	systemic_other	4	3	True	0.0183195473253536	6	True	True	False	False	0.8887180995192974	True	True	True	False	True	True	0.1085404902696609	CHCHD2	CHCHD2		CHCHD2	CHCHD2	True	True	True	True	False		0.0	0		False		False		True	CHCHD2	False		False		False		False		False		0.0	0
rs1676222	19:42330599	19:42000000	lower_recurrence_exact	moderate_0.2_0.5	systemic_other	4	3	False	0.0	0	False	False	False	False	0.5663050757728934	False	False	False	False	False	False	0.0						False	False	False	False	False		0.0	0		False		False		False		False		False		False		False		False		0.0	0
rs4950875	1:203052562	1:203000000	lower_recurrence_exact	moderate_0.2_0.5	systemic_non_neural	4	4	False	0.0	0	False	False	False	False	0.0	False	False	False	False	False	False	0.0						False	False	False	False	False		0.0	0		False		False		False		False		False		False		False		False		0.0	0
rs2305684	18:21663703	18:21500000	lower_recurrence_exact	moderate_0.2_0.5	systemic_other	4	3	False	0.0	0	False	False	False	False	0.0	False	False	False	False	False	False	0.0						False	False	False	False	False		0.0	0		False		False		False		False		False		False		False		False		0.0	0
rs12041371	1:33296061	1:33000000	lower_recurrence_exact	moderate_0.2_0.5	neural_enriched	4	3	True	0.045814443046157	6	True	True	False	False	0.9370381721804004	True	True	True	True	True	True	0.3531222939491272	A3GALT2;PHC2	A3GALT2;PHC2	A3GALT2;PHC2	A3GALT2;PHC2	PHC2	True	True	True	True	True	A3GALT2	0.9730917859675586	13	genic	False		False		False		False		False		False		False		False		0.0	0
rs12989245	2:39665233	2:39500000	lower_recurrence_exact	moderate_0.2_0.5	neural_enriched	4	3	True	0.0	0	False	False	False	False	0.0	False	False	False	False	False	False	0.0						False	False	False	False	False		0.0	0		False		False		True	THUMPD2	False		False		False		False		False		0.0	0
rs12589873	14:24011912	14:24000000	lower_recurrence_exact	moderate_0.2_0.5	systemic_other	4	3	True	0.0	0	False	False	False	False	0.0	False	False	False	False	False	False	0.0						False	False	False	False	False		0.0	0		False		False		True	DHRS4	False		False		False		False		False		0.0	0
rs11596204	10:122022898	10:122000000	lower_recurrence_exact	moderate_0.2_0.5	systemic_other	4	3	False	0.0	0	False	False	False	False	0.0	False	False	False	False	False	False	0.0						False	False	False	False	False		0.0	0		False		False		False		False		False		False		False		False		0.0	0
rs7294894	12:7994770	12:7500000	lower_recurrence_exact	moderate_0.2_0.5	systemic_other	4	3	False	0.1600059105766442	31	True	True	True	True	0.9700100764474814	True	True	False	False	False	False	0.0						False	False	False	False	False		0.0	0		False		False		False		False		False		False		False		False		0.0	0
rs17310374	11:73563829	11:73500000	lower_recurrence_exact	moderate_0.2_0.5	systemic_other	4	3	True	0.0074728021246048	12	True	False	False	False	0.8793174698309615	True	True	True	False	True	True	0.1483341008424759	FAM168A	FAM168A		FAM168A	FAM168A	True	True	True	False	False		0.0	0		False		False		False		False		False		False		False		False		0.0	0
rs10759342	9:109415675	9:109000000	lower_recurrence_exact	moderate_0.2_0.5	systemic_non_neural	4	4	False	0.0592100637398657	1	True	True	True	False	0.922792302509619	True	True	False	False	False	False	0.0						False	False	False	False	False		0.0	0		False		False		False		False		False		False		False		False		0.0	0
rs3812004	5:151775322	5:151500000	lower_recurrence_exact	moderate_0.2_0.5	neural_enriched	4	3	True	0.0	0	False	False	False	False	0.0	False	False	False	False	False	False	0.0						False	False	False	False	False		0.0	0		False		False		False		False		False		False		False		False		0.0	0
rs12149967	17:38296938	17:38000000	lower_recurrence_exact	moderate_0.2_0.5	systemic_other	4	3	False	0.0	0	False	False	False	False	0.0	False	False	False	False	False	False	0.0						False	False	False	False	False		0.0	0		False		False		False		False		False		False		False		False		0.0	0
rs1567869	2:218262012	2:218000000	lower_recurrence_exact	moderate_0.2_0.5	neuro_systemic	4	4	True	0.0	0	False	False	False	False	0.0	False	False	False	False	False	False	0.0						False	False	False	False	False		0.0	0		False		False		False		False		False		False		False		False		0.0	0
rs2019107	19:1181718	19:1000000	lower_recurrence_exact	moderate_0.2_0.5	systemic_non_neural	4	4	True	0.0512109301913791	1	True	True	True	False	0.9238323007819071	True	True	True	True	True	True	0.5023095011711121	SBNO2	SBNO2	SBNO2	SBNO2	SBNO2	True	True	True	True	True	SBNO2	0.90583955285703	10	intergenic	False		False		True	SBNO2	True	SBNO2	False		True	SBNO2	True	SBNO2	False		0.051741	2
rs10412065	19:9982352	19:9500000	lower_recurrence_exact	moderate_0.2_0.5	systemic_other	4	3	False	0.0	0	False	False	False	False	0.0	False	False	False	False	False	False	0.0						False	False	False	False	False		0.0	0		False		False		False		False		False		False		False		False		0.0	0
rs2116030	2:31992337	2:31500000	lower_recurrence_exact	moderate_0.2_0.5	systemic_other	4	3	False	0.0	0	False	False	False	False	0.0	False	False	False	False	False	False	0.0						False	False	False	False	False		0.0	0		False		False		False		False		False		False		False		False		0.0	0
rs11787419	8:66642122	8:66500000	lower_recurrence_exact	moderate_0.2_0.5	neural_enriched	4	3	True	0.0	0	False	False	False	False	0.0	False	False	False	False	False	False	0.0						False	False	False	False	False		0.0	0		False		False		False		False		False		False		False		False		0.0	0
rs2267437	22:41620695	22:41500000	lower_recurrence_exact	moderate_0.2_0.5	neural_enriched	3	3	True	0.1467721809637951	7	True	True	True	True	1.0	True	True	True	True	True	True	0.3959097862243652	CCDC134;CSDC2;PMM1;POLR3H;SNU13	CCDC134;CSDC2;PMM1;POLR3H;SNU13	CCDC134;CSDC2	CCDC134;CSDC2;PMM1	CCDC134;CSDC2;POLR3H;SNU13	True	True	True	True	False		0.0	0		False		False		True	CCDC134;SNU13	True	SNU13	False		False		False		False		0.0	0
rs2963669	5:176496353	5:176000000	lower_recurrence_exact	moderate_0.2_0.5	systemic_other	3	3	True	0.0	0	False	False	False	False	0.0	False	False	False	False	False	False	0.0						False	False	False	False	False		0.0	0		False		False		True	FAF2	False		False		False		False		False		0.0	0
rs4660654	1:42675394	1:42500000	lower_recurrence_exact	moderate_0.2_0.5	systemic_other	3	3	True	0.0524154136267323	1	True	True	True	False	0.8592078060440484	True	True	True	False	False	True	0.0776031985878944	P3H1	P3H1			P3H1	True	True	True	True	False		0.0	0		False		False		False		False		False		True	PPIH	False		False		0.015864	1
rs344048	3:156761295	3:156500000	lower_recurrence_exact	moderate_0.2_0.5	systemic_other	3	3	True	0.0031954348995943	1	True	False	False	False	0.5627430901057412	False	False	True	True	True	False	0.2223512977361679	LEKR1	LEKR1	LEKR1	LEKR1		False	False	False	False	False		0.0	0		False		False		False		False		False		False		False		False		0.0	0
rs6764337	3:150227058	3:150000000	lower_recurrence_exact	moderate_0.2_0.5	systemic_other	3	3	False	0.0024223591577775	1	True	False	False	False	0.0	False	False	False	False	False	False	0.0						False	False	False	False	False		0.0	0		False		False		False		False		False		False		False		False		0.0	0
rs1647553	18:11823395	18:11500000	lower_recurrence_exact	moderate_0.2_0.5	systemic_other	3	3	True	0.0	0	False	False	False	False	0.0	False	False	False	False	False	False	0.0						False	False	False	False	True	GNAL	0.9085835915670184	1	genic	False		False		False		False		False		True	GNAL	True	GNAL	False		0.059582	1
rs3986364	4:53372252	4:53000000	lower_recurrence_exact	moderate_0.2_0.5	neural_enriched	3	3	False	0.0258836165868917	47	True	True	False	False	0.9845521665795914	True	True	False	False	False	False	0.0						False	False	False	False	False		0.0	0		False		False		False		False		False		False		False		False		0.0	0
rs490980	11:64757992	11:64500000	lower_recurrence_exact	moderate_0.2_0.5	neural_enriched	3	3	True	0.0201008027067391	19	True	True	False	False	0.9285144967351516	True	True	True	True	True	True	0.6308189630508423	RASGRP2	RASGRP2	RASGRP2	RASGRP2	RASGRP2	True	True	True	True	False		0.0	0		False		False		True	RASGRP2	True	RASGRP2	False		False		False		False		0.0	0
rs11832936	12:110111728	12:110000000	lower_recurrence_exact	moderate_0.2_0.5	systemic_other	3	3	True	0.2798893936603089	36	True	True	True	True	0.8881277037858889	True	True	True	True	True	False	0.8806923031806946	IFT81	IFT81	IFT81	IFT81		True	True	False	False	True	IFT81	0.9577748631031412	2	intergenic	False		False		False		False		False		False		False		False		0.0	0
rs138330	22:40819733	22:40500000	lower_recurrence_exact	moderate_0.2_0.5	systemic_other	3	3	True	0.0	0	False	False	False	False	0.0	False	False	False	False	False	False	0.0						False	False	False	False	False		0.0	0		False		False		False		False		False		False		False		False		0.0	0
rs2981614	17:16516111	17:16500000	lower_recurrence_exact	moderate_0.2_0.5	systemic_other	3	3	False	0.0	0	False	False	False	False	0.0	False	False	False	False	False	False	0.0						False	False	False	False	False		0.0	0		False		False		False		False		False		False		False		False		0.0	0
rs2409488	21:33316609	21:33000000	lower_recurrence_exact	moderate_0.2_0.5	neural_enriched	3	3	True	0.0392951690270183	1	True	True	False	False	0.9890599546013692	True	True	False	False	False	False	0.0						True	True	True	True	False		0.0	0		False		False		True	IL10RB	False		False		False		False		False		0.0	0
rs1275533	2:27212382	2:27000000	lower_recurrence_exact	moderate_0.2_0.5	systemic_other	3	3	True	0.0	0	False	False	False	False	0.0	False	False	False	False	False	False	0.0						False	False	False	False	False		0.0	0		False		False		False		False		False		False		False		False		0.0	0
rs3751498	14:23006817	14:23000000	lower_recurrence_exact	moderate_0.2_0.5	neural_enriched	3	3	True	0.0206295001880129	1	True	True	False	False	0.6563461020889766	True	False	True	True	True	True	0.2330938875675201	AJUBA;HAUS4;RBM23	AJUBA;HAUS4;RBM23	AJUBA	AJUBA;HAUS4;RBM23	AJUBA;HAUS4;RBM23	True	True	True	True	True	AJUBA;HAUS4;PSMB11	0.9869135435791534	142	genic	False		False		True	AJUBA;HAUS4;RBM23	False		False		False		False		False		0.0	0
rs11967873	6:158553781	6:158500000	lower_recurrence_exact	moderate_0.2_0.5	neural_enriched	3	3	True	0.0	0	False	False	False	False	0.0	False	False	False	False	False	False	0.0						False	False	False	False	False		0.0	0		False		False		False		False		False		False		False		False		0.0	0
rs770883	1:92979213	1:92500000	lower_recurrence_exact	moderate_0.2_0.5	systemic_other	3	3	False	0.0900913167551146	25	True	True	True	False	0.97638142545677	True	True	False	False	False	False	0.0						False	False	False	False	False		0.0	0		False		False		False		False		False		False		False		False		0.0	0
rs12913112	15:43104639	15:43000000	lower_recurrence_exact	moderate_0.2_0.5	systemic_other	3	3	True	0.0144744184714393	4	True	True	False	False	0.7422535871411569	True	False	False	False	False	False	0.0						True	True	True	False	False		0.0	0		False		False		False		False		False		False		False		False		0.0	0
rs11006956	10:28254787	10:28000000	lower_recurrence_exact	moderate_0.2_0.5	neural_enriched	3	3	True	0.0	0	False	False	False	False	0.5652567387040479	False	False	False	False	False	False	0.0						False	False	False	False	False		0.0	0		False		False		True	MPP7	False		False		False		False		False		0.0	0
rs9600483	13:75514083	13:75500000	lower_recurrence_exact	moderate_0.2_0.5	systemic_other	3	3	True	0.3421423336188163	2	True	True	True	True	0.0	False	False	True	True	False	True	0.8185592889785767	COMMD6;UCHL3	COMMD6;UCHL3	COMMD6		COMMD6;UCHL3	True	True	True	True	False		0.0	0		False		False		False		False		False		False		False		False		0.0	0
rs7046156	9:136578162	9:136500000	lower_recurrence_exact	moderate_0.2_0.5	systemic_other	3	3	False	0.0	0	False	False	False	False	0.0	False	False	False	False	False	False	0.0						False	False	False	False	False		0.0	0		False		False		False		False		False		False		False		False		0.0	0
rs1026677	4:70885378	4:70500000	lower_recurrence_exact	moderate_0.2_0.5	systemic_other	3	3	True	0.0957360435309053	30	True	True	True	False	1.0	True	True	True	True	True	True	0.8353037238121033	DCK;MOB1B	DCK;MOB1B	MOB1B	DCK;MOB1B	DCK;MOB1B	True	True	True	True	False		0.0	0		False		False		False		False		False		False		False		False		0.0	0
rs1778523	1:145737064	1:145500000	lower_recurrence_exact	moderate_0.2_0.5	systemic_other	3	3	True	0.0240964386982094	7	True	True	False	False	0.9824812599207552	True	True	True	True	True	True	0.6091794967651367	CD160;NUDT17;POLR3C;RNF115	CD160;NUDT17;POLR3C;RNF115	NUDT17;RNF115	CD160;NUDT17;POLR3C;RNF115	NUDT17;POLR3C;RNF115	True	True	True	True	True	CD160	0.9031041616120582	11	genic	False		False		False		False		False		False		False		False		0.0	0
rs2245122	1:47180323	1:47000000	lower_recurrence_exact	moderate_0.2_0.5	systemic_other	3	3	True	0.0	0	False	False	False	False	0.0	False	False	False	False	False	False	0.0						False	False	False	False	True	PDZK1IP1	0.993301629642896	3	intergenic	False		False		False		False		False		False		False		False		0.0	0
rs7604223	2:201060009	2:201000000	lower_recurrence_exact	moderate_0.2_0.5	systemic_other	3	3	True	0.0	0	False	False	False	False	0.5908071789369423	False	False	False	False	False	False	0.0						False	False	False	False	False		0.0	0		False		False		False		False		False		False		False		False		0.0	0
rs231193	4:2003204	4:2000000	lower_recurrence_exact	moderate_0.2_0.5	neural_enriched	3	3	False	0.0	0	False	False	False	False	0.5231516792733354	False	False	False	False	False	False	0.0						False	False	False	False	False		0.0	0		False		False		False		False		False		False		False		False		0.0	0
rs4780426	16:9473636	16:9000000	lower_recurrence_exact	moderate_0.2_0.5	neural_enriched	3	3	False	0.0	0	False	False	False	False	0.0	False	False	False	False	False	False	0.0						False	False	False	False	False		0.0	0		False		False		False		False		False		False		False		False		0.0	0
rs836882	2:178293219	2:178000000	lower_recurrence_exact	moderate_0.2_0.5	systemic_other	3	3	False	0.0	0	False	False	False	False	0.0	False	False	False	False	False	False	0.0						False	False	False	False	False		0.0	0		False		False		False		False		False		False		False		False		0.0	0
rs3762270	1:153568097	1:153500000	lower_recurrence_exact	moderate_0.2_0.5	systemic_other	3	3	False	0.0	0	False	False	False	False	0.0	False	False	False	False	False	False	0.0						False	False	False	False	False		0.0	0		False		False		False		False		False		False		False		False		0.0	0
rs9389547	6:138009489	6:138000000	lower_recurrence_exact	moderate_0.2_0.5	systemic_other	3	3	True	0.0	0	False	False	False	False	0.0	False	False	False	False	False	False	0.0						False	False	False	False	False		0.0	0		False		False		False		False		False		False		False		False		0.0	0
rs2043306	19:10587658	19:10500000	lower_recurrence_exact	moderate_0.2_0.5	systemic_other	3	3	False	0.151316310706778	25	True	True	True	True	0.9818845613714836	True	True	False	False	False	False	0.0						False	False	False	False	False		0.0	0		False		False		False		False		False		False		False		False		0.0	0
12_92394861_G_C	12:92001085	12:92000000	lower_recurrence_exact	moderate_0.2_0.5	systemic_other	3	3	True	0.0	0	False	False	False	False	0.0	False	False	False	False	False	False	0.0						False	False	False	False	False		0.0	0		False		False		False		False		False		False		False		False		0.0	0
rs13140786	4:26589364	4:26500000	lower_recurrence_exact	moderate_0.2_0.5	systemic_other	3	3	False	0.0054130803749959	2	True	False	False	False	0.7843179950631453	True	False	False	False	False	False	0.0						False	False	False	False	False		0.0	0		False		False		False		False		False		False		False		False		0.0	0
rs17307197	21:15850174	21:15500000	lower_recurrence_exact	moderate_0.2_0.5	systemic_other	3	3	True	0.0009315498595807	1	True	False	False	False	0.6602574885396504	True	False	True	True	True	True	0.8504067063331604	USP25	USP25	USP25	USP25	USP25	True	True	True	True	False		0.0	0		False		False		True	USP25	False		False		False		False		False		0.0	0
rs4569819	4:118112339	4:118000000	lower_recurrence_exact	moderate_0.2_0.5	neural_enriched	3	3	False	0.0	0	False	False	False	False	0.0	False	False	False	False	False	False	0.0						False	False	False	False	False		0.0	0		False		False		False		False		False		False		False		False		0.0	0
rs9295690	6:26455841	6:26000000	lower_recurrence_exact	moderate_0.2_0.5	neural_enriched	3	3	True	0.0	0	False	False	False	False	0.0	False	False	False	False	False	False	0.0						False	False	False	False	False		0.0	0		False		False		True	BTN3A1	False		False		False		False		False		0.0	0
rs11794817	9:100503479	9:100500000	lower_recurrence_exact	moderate_0.2_0.5	systemic_other	3	3	False	0.0	0	False	False	False	False	0.0	False	False	False	False	False	False	0.0						False	False	False	False	False		0.0	0		False		False		False		False		False		False		False		False		0.0	0
rs476826	7:143209341	7:143000000	lower_recurrence_exact	moderate_0.2_0.5	systemic_other	3	3	True	0.0	0	False	False	False	False	0.0	False	False	False	False	False	False	0.0						False	False	False	False	False		0.0	0		False		False		False		False		False		False		False		False		0.0	0
rs1093298	12:117499144	12:117000000	lower_recurrence_exact	moderate_0.2_0.5	systemic_other	3	3	True	0.0	0	False	False	False	False	0.0	False	False	False	False	False	False	0.0						False	False	False	False	False		0.0	0		False		False		False		False		False		False		False		False		0.0	0
rs2305465	11:61345330	11:61000000	lower_recurrence_exact	moderate_0.2_0.5	systemic_other	3	3	True	0.0	0	False	False	False	False	0.0	False	False	False	False	False	False	0.0						False	False	False	False	False		0.0	0		False		False		False		False		False		False		False		False		0.0	0
rs6743642	2:218257743	2:218000000	lower_recurrence_exact	moderate_0.2_0.5	neural_enriched	3	3	True	0.0	0	False	False	False	False	0.0	False	False	False	False	False	False	0.0						False	False	False	False	False		0.0	0		False		False		False		False		False		False		False		False		0.0	0
rs6660238	1:151574455	1:151500000	lower_recurrence_exact	moderate_0.2_0.5	systemic_other	3	3	True	0.0	0	False	False	False	False	0.0	False	False	False	False	False	False	0.0						False	False	False	False	False		0.0	0		False		False		False		False		False		False		False		False		0.0	0
rs6675370	1:31818647	1:31500000	lower_recurrence_exact	moderate_0.2_0.5	systemic_other	3	3	True	0.0	0	False	False	False	False	0.0	False	False	False	False	False	False	0.0						False	False	False	False	True	SPOCD1	0.7423067490557105	4	intergenic	False		False		True	SPOCD1	True	SPOCD1	False		False		False		False		0.0	0
rs702838	1:32716437	1:32500000	lower_recurrence_exact	moderate_0.2_0.5	systemic_other	3	3	False	0.0370752400447667	2	True	True	False	False	0.8694368520718115	True	True	False	False	False	False	0.0						False	False	False	False	False		0.0	0		False		False		False		False		False		False		False		False		0.0	0
rs12819396	12:113476534	12:113000000	lower_recurrence_exact	moderate_0.2_0.5	neural_enriched	3	3	False	0.0	0	False	False	False	False	0.7770066924238624	True	False	False	False	False	False	0.0						False	False	False	False	False		0.0	0		False		False		False		False		False		False		False		False		0.0	0
rs4919812	19:587162	19:500000	lower_recurrence_exact	moderate_0.2_0.5	neural_enriched	3	3	True	0.0127884547155219	1	True	True	False	False	0.0	False	False	True	True	True	True	0.4454924166202545	BSG	BSG	BSG	BSG	BSG	True	True	True	True	False		0.0	0		False		False		True	BSG	True	BSG	False		False		False		False		0.0	0
rs7488577	12:46473172	12:46000000	lower_recurrence_exact	moderate_0.2_0.5	systemic_other	3	3	True	0.0263067211745059	14	True	True	False	False	0.9806705440271242	True	True	True	False	True	True	0.0941998586058616	SLC38A1	SLC38A1		SLC38A1	SLC38A1	True	True	False	False	False		0.0	0		False		False		False		False		False		False		False		False		0.0	0
rs1472454	17:73248027	17:73000000	lower_recurrence_exact	moderate_0.2_0.5	systemic_other	3	3	True	0.0	0	False	False	False	False	0.5647790338361618	False	False	False	False	False	False	0.0						False	False	False	False	False		0.0	0		False		False		False		False		False		False		False		False		0.0	0
rs2867696	4:80152122	4:80000000	lower_recurrence_exact	moderate_0.2_0.5	systemic_other	3	3	True	0.0	0	False	False	False	False	0.0	False	False	False	False	False	False	0.0						False	False	False	False	False		0.0	0		False		False		False		False		False		False		False		False		0.0	0
rs3786669	19:49983682	19:49500000	lower_recurrence_exact	moderate_0.2_0.5	systemic_other	3	3	True	0.0	0	False	False	False	False	0.6433392931627098	True	False	False	False	False	False	0.0						False	False	False	False	False		0.0	0		False		False		False		False		False		False		False		False		0.0	0
rs10866	16:2597875	16:2500000	lower_recurrence_exact	moderate_0.2_0.5	neural_enriched	3	3	False	0.0	0	False	False	False	False	0.0	False	False	False	False	False	False	0.0						False	False	False	False	False		0.0	0		False		False		False		False		False		False		False		False		0.0	0
rs7776621	7:39703368	7:39500000	lower_recurrence_exact	moderate_0.2_0.5	neural_enriched	3	3	False	0.0	0	False	False	False	False	0.0	False	False	False	False	False	False	0.0						False	False	False	False	False		0.0	0		False		False		False		False		False		False		False		False		0.0	0
rs2942562	7:4971362	7:4500000	lower_recurrence_exact	moderate_0.2_0.5	systemic_other	3	3	True	3.14175073151729e-05	1	True	False	False	False	0.0	False	False	False	False	False	False	0.0						False	False	False	False	False		0.0	0		False		False		False		False		False		False		False		False		0.0	0
rs7608621	2:96818046	2:96500000	lower_recurrence_exact	moderate_0.2_0.5	systemic_other	3	3	True	0.0138071092763216	4	True	True	False	False	0.5880138762061566	False	False	True	False	True	False	0.0500643216073513	CNNM4	CNNM4		CNNM4		True	True	True	False	False		0.0	0		False		False		False		False		False		True	CIAO1;STARD7	False		False		0.023419	1
rs429215	17:77489398	17:77000000	lower_recurrence_exact	moderate_0.2_0.5	systemic_other	3	3	False	0.0	0	False	False	False	False	0.0	False	False	False	False	False	False	0.0						False	False	False	False	False		0.0	0		False		False		False		False		False		False		False		False		0.0	0
rs2187611	12:6900438	12:6500000	lower_recurrence_exact	moderate_0.2_0.5	systemic_other	3	3	True	0.0	0	False	False	False	False	0.0	False	False	False	False	False	False	0.0						False	False	False	False	True	LRRC23	0.7963219022773333	11	intergenic	False		False		True	C12ORF57;LRRC23;SPSB2;TPI1	False		False		False		False		False		0.0	0
rs8107904	19:14787436	19:14500000	lower_recurrence_exact	moderate_0.2_0.5	systemic_other	3	3	True	0.0	0	False	False	False	False	0.0	False	False	False	False	False	False	0.0						False	False	False	False	True	ADGRE2	0.9905758620490182	6	intergenic	False		False		False		False		False		False		False		False		0.0	0
rs16940902	12:110578825	12:110500000	lower_recurrence_exact	moderate_0.2_0.5	systemic_other	3	3	True	0.2802041310330846	5	True	True	True	True	0.9872343603709196	True	True	True	True	True	True	0.598909854888916	TCTN1	TCTN1	TCTN1	TCTN1	TCTN1	True	True	True	True	True	RAD9B;TCTN1;VPS29	0.8569878569332446	5	genic	False		False		False		False		False		False		False		False		0.0	0
rs299881	1:54502821	1:54500000	lower_recurrence_exact	moderate_0.2_0.5	neural_enriched	3	3	True	0.0	0	False	False	False	False	0.5576722747153927	False	False	False	False	False	False	0.0						False	False	False	False	False		0.0	0		False		False		False		False		False		False		False		False		0.0	0
rs2966343	9:131442607	9:131000000	lower_recurrence_exact	moderate_0.2_0.5	systemic_other	3	3	True	0.0128540713257409	1	True	True	False	False	0.9997257256951874	True	True	True	True	False	True	0.6686521172523499	PRRC2B	PRRC2B	PRRC2B		PRRC2B	True	True	True	False	False		0.0	0		False		False		True	PRRC2B	False		False		False		False		False		0.0	0
rs1186919	5:157893268	5:157500000	lower_recurrence_exact	moderate_0.2_0.5	systemic_other	3	3	True	0.0	0	False	False	False	False	0.0	False	False	False	False	False	False	0.0						False	False	False	False	False		0.0	0		False		False		False		False		False		False		False		False		0.0	0
rs4074196	1:1680556	1:1500000	lower_recurrence_exact	moderate_0.2_0.5	systemic_other	3	3	False	0.0065800935224038	1	True	False	False	False	0.7228907245066467	True	False	False	False	False	False	0.0						False	False	False	False	False		0.0	0		False		False		False		False		False		False		False		False		0.0	0
rs4585383	4:107760663	4:107500000	lower_recurrence_exact	moderate_0.2_0.5	systemic_other	3	3	True	0.0304032342492895	1	True	True	False	False	0.9597259235434068	True	True	True	True	True	False	0.8294702172279358	SGMS2	SGMS2	SGMS2	SGMS2		False	False	False	False	False		0.0	0		False		False		False		False		False		False		False		False		0.0	0
rs12914834	15:48150085	15:48000000	lower_recurrence_exact	moderate_0.2_0.5	systemic_other	3	3	True	0.0	0	False	False	False	False	0.0	False	False	False	False	False	False	0.0						False	False	False	False	True	MYEF2	0.9251747699685808	9	genic	False		False		False		False		False		True	MYEF2	False		False		0.018917	1
rs567026	11:72058906	11:72000000	lower_recurrence_exact	moderate_0.2_0.5	systemic_other	3	3	True	0.0	0	False	False	False	False	0.0	False	False	False	False	False	False	0.0						False	False	False	False	False		0.0	0		False		False		False		False		False		False		False		False		0.0	0
rs4701139	5:179606093	5:179500000	lower_recurrence_exact	moderate_0.2_0.5	systemic_other	3	3	True	0.0	0	False	False	False	False	0.0	False	False	False	False	False	False	0.0						False	False	False	False	False		0.0	0		False		False		True	RUFY1	False		False		False		False		False		0.0	0
rs1360067	4:158254688	4:158000000	lower_recurrence_exact	moderate_0.2_0.5	systemic_other	3	3	False	0.0	0	False	False	False	False	0.0	False	False	False	False	False	False	0.0						False	False	False	False	False		0.0	0		False		False		False		False		False		False		False		False		0.0	0
rs11497278	9:137423974	9:137000000	lower_recurrence_exact	moderate_0.2_0.5	systemic_other	3	3	True	0.0	0	False	False	False	False	0.0	False	False	False	False	False	False	0.0						False	False	False	False	True	ENTPD8	0.6028744385610061	1	genic	False		False		False		False		False		False		False		False		0.0	0
rs4073099	1:51087166	1:51000000	lower_recurrence_exact	moderate_0.2_0.5	systemic_other	3	3	False	0.0488357561391732	13	True	True	False	False	0.9564965888886882	True	True	False	False	False	False	0.0						False	False	False	False	False		0.0	0		False		False		False		False		False		False		False		False		0.0	0
rs7163540	15:85339234	15:85000000	lower_recurrence_exact	moderate_0.2_0.5	systemic_other	3	3	False	0.0	0	False	False	False	False	0.0	False	False	False	False	False	False	0.0						False	False	False	False	False		0.0	0		False		False		False		False		False		False		False		False		0.0	0
rs4865477	4:1814263	4:1500000	lower_recurrence_exact	moderate_0.2_0.5	systemic_other	3	3	False	0.0	0	False	False	False	False	0.0	False	False	False	False	False	False	0.0						False	False	False	False	False		0.0	0		False		False		False		False		False		False		False		False		0.0	0
rs11915953	3:134709946	3:134500000	lower_recurrence_exact	moderate_0.2_0.5	systemic_other	3	3	False	0.0	0	False	False	False	False	0.0	False	False	False	False	False	False	0.0						False	False	False	False	False		0.0	0		False		False		False		False		False		False		False		False		0.0	0
rs12903378	15:55285661	15:55000000	lower_recurrence_exact	moderate_0.2_0.5	systemic_other	3	3	True	0.0	0	False	False	False	False	0.8137270663150599	True	True	False	False	False	False	0.0						False	False	False	False	False		0.0	0		False		False		False		False		False		False		False		False		0.0	0
rs843800	3:55631862	3:55500000	lower_recurrence_exact	moderate_0.2_0.5	systemic_other	3	3	False	0.0	0	False	False	False	False	0.0	False	False	False	False	False	False	0.0						False	False	False	False	False		0.0	0		False		False		False		False		False		False		False		False		0.0	0
rs10438012	14:23322013	14:23000000	lower_recurrence_exact	moderate_0.2_0.5	systemic_other	3	3	True	0.0	0	False	False	False	False	0.0	False	False	False	False	False	False	0.0						False	False	False	False	True	BCL2L2	0.9317038261938436	40	genic	False		False		False		False		False		False		False		False		0.0	0
rs16957159	15:72584182	15:72500000	lower_recurrence_exact	moderate_0.2_0.5	neural_enriched	3	3	False	0.0	0	False	False	False	False	0.7881472030619403	True	False	False	False	False	False	0.0						False	False	False	False	False		0.0	0		False		False		False		False		False		False		False		False		0.0	0
rs1960442	2:65180628	2:65000000	lower_recurrence_exact	moderate_0.2_0.5	neural_enriched	3	3	False	0.153169638606365	1	True	True	True	True	0.9849812072223324	True	True	False	False	False	False	0.0						False	False	False	False	False		0.0	0		False		False		False		False		False		False		False		False		0.0	0
rs9517574	13:99055515	13:99000000	lower_recurrence_exact	moderate_0.2_0.5	systemic_other	3	3	True	0.0060717935132549	1	True	False	False	False	0.766146424133154	True	False	True	True	True	True	0.712181031703949	DOCK9	DOCK9	DOCK9	DOCK9	DOCK9	True	True	True	True	False		0.0	0		False		False		False		False		False		False		False		False		0.0	0
rs12434438	14:61730580	14:61500000	lower_recurrence_exact	moderate_0.2_0.5	systemic_other	3	3	True	0.0	0	False	False	False	False	0.6399616096793611	True	False	False	False	False	False	0.0						False	False	False	False	False		0.0	0		False		False		True	HIF1A	True	HIF1A	False		False		False		False		0.0	0
rs1057547	11:61513815	11:61500000	lower_recurrence_exact	moderate_0.2_0.5	neural_enriched	3	3	False	0.153381986485438	2	True	True	True	True	0.5593980873080239	False	False	False	False	False	False	0.0						False	False	False	False	False		0.0	0		False		False		False		False		False		False		False		False		0.0	0
rs1292081	1:27644991	1:27500000	lower_recurrence_exact	moderate_0.2_0.5	systemic_other	3	3	False	0.0212981633580438	4	True	True	False	False	0.873687556872802	True	True	False	False	False	False	0.0						False	False	False	False	False		0.0	0		False		False		False		False		False		False		False		False		0.0	0
rs1220997	3:151210697	3:151000000	lower_recurrence_exact	moderate_0.2_0.5	systemic_other	3	3	False	0.0	0	False	False	False	False	0.0	False	False	False	False	False	False	0.0						False	False	False	False	False		0.0	0		False		False		False		False		False		False		False		False		0.0	0
rs11599280	10:22504064	10:22500000	lower_recurrence_exact	moderate_0.2_0.5	neural_enriched	3	3	True	0.0103386633237016	2	True	True	False	False	0.694079011627503	True	False	True	True	True	True	0.7571190595626831	PIP4K2A	PIP4K2A	PIP4K2A	PIP4K2A	PIP4K2A	True	True	True	True	False		0.0	0		False		False		False		False		False		False		False		False		0.0	0
rs2026563	1:153486132	1:153000000	lower_recurrence_exact	moderate_0.2_0.5	systemic_other	3	3	False	0.0	0	False	False	False	False	0.5127620296054161	False	False	False	False	False	False	0.0						False	False	False	False	False		0.0	0		False		False		False		False		False		False		False		False		0.0	0
rs422236	1:158185303	1:158000000	lower_recurrence_exact	moderate_0.2_0.5	systemic_other	3	3	False	0.0	0	False	False	False	False	0.0	False	False	False	False	False	False	0.0						False	False	False	False	False		0.0	0		False		False		False		False		False		False		False		False		0.0	0
rs12755149	1:145730169	1:145500000	lower_recurrence_exact	moderate_0.2_0.5	systemic_other	3	3	True	0.018420983424653	6	True	True	False	False	0.965628817507489	True	True	True	True	True	True	0.6091794967651367	NUDT17;POLR3C;RNF115	NUDT17;POLR3C;RNF115	NUDT17;RNF115	NUDT17;POLR3C;RNF115	NUDT17;POLR3C;RNF115	True	True	True	True	False		0.0	0		False		False		False		False		False		False		False		False		0.0	0
rs489755	6:71496094	6:71000000	lower_recurrence_exact	moderate_0.2_0.5	systemic_other	3	3	True	0.2011847896257058	5	True	True	True	True	1.0	True	True	True	True	True	False	0.1936948746442794	OGFRL1	OGFRL1	OGFRL1	OGFRL1		False	False	False	False	False		0.0	0		False		False		False		False		False		False		False		False		0.0	0
rs4471897	2:112258901	2:112000000	lower_recurrence_exact	moderate_0.2_0.5	systemic_other	3	3	True	0.0	0	False	False	False	False	0.0	False	False	False	False	False	False	0.0						False	False	False	False	False		0.0	0		False		False		False		False		False		False		False		False		0.0	0
rs4129757	2:11783292	2:11500000	lower_recurrence_exact	moderate_0.2_0.5	systemic_other	3	3	True	0.0	0	False	False	False	False	0.0	False	False	False	False	False	False	0.0						False	False	False	False	False		0.0	0		False		False		True	LPIN1	True	LPIN1	False		False		False		False		0.0	0
rs749072	3:37054533	3:37000000	lower_recurrence_exact	moderate_0.2_0.5	systemic_other	3	3	True	0.0002781227639617	1	True	False	False	False	0.802369397862371	True	True	False	False	False	False	0.0						True	False	False	False	False		0.0	0		False		False		True	MLH1	True	MLH1	True	MLH1	False		False		False		0.0	0
rs12474540	2:9559184	2:9500000	lower_recurrence_exact	moderate_0.2_0.5	systemic_other	3	3	True	0.0	0	False	False	False	False	0.0	False	False	False	False	False	False	0.0						False	False	False	False	False		0.0	0		False		False		False		False		False		False		False		False		0.0	0
rs328040	5:134438477	5:134000000	lower_recurrence_exact	moderate_0.2_0.5	systemic_other	3	3	True	0.0	0	False	False	False	False	0.6163283466403165	True	False	False	False	False	False	0.0						False	False	False	False	False		0.0	0		False		False		False		False		False		False		False		False		0.0	0
rs555996	9:121634032	9:121500000	lower_recurrence_exact	moderate_0.2_0.5	neural_enriched	3	3	False	0.8926014734244653	1	True	True	True	True	0.0	False	False	False	False	False	False	0.0						False	False	False	False	False		0.0	0		False		False		False		False		False		False		False		False		0.0	0
rs1414280	6:79219013	6:79000000	lower_recurrence_exact	moderate_0.2_0.5	systemic_other	3	3	False	0.0	0	False	False	False	False	0.0	False	False	False	False	False	False	0.0						False	False	False	False	False		0.0	0		False		False		False		False		False		False		False		False		0.0	0
rs11652819	17:18018847	17:18000000	lower_recurrence_exact	moderate_0.2_0.5	neural_enriched	3	3	False	0.0	0	False	False	False	False	0.0	False	False	False	False	False	False	0.0						False	False	False	False	False		0.0	0		False		False		False		False		False		False		False		False		0.0	0
rs1317911	2:96822961	2:96500000	lower_recurrence_exact	moderate_0.2_0.5	systemic_other	3	3	False	0.0183587312202922	3	True	True	False	False	0.584402055394988	False	False	False	False	False	False	0.0						False	False	False	False	False		0.0	0		False		False		False		False		False		False		False		False		0.0	0
rs7502871	17:31413321	17:31000000	lower_recurrence_exact	moderate_0.2_0.5	systemic_other	3	3	True	0.0	0	False	False	False	False	0.0	False	False	False	False	False	False	0.0						False	False	False	False	False		0.0	0		False		False		False		False		False		False		False		False		0.0	0
rs55897814	2:174010861	2:174000000	lower_recurrence_exact	moderate_0.2_0.5	neural_enriched	3	3	True	0.0450482824805173	3	True	True	False	False	0.0	False	False	True	True	False	True	0.7126407027244568	SP3	SP3	SP3		SP3	True	False	False	False	False		0.0	0		False		False		False		False		False		False		False		False		0.0	0
rs519275	2:223909693	2:223500000	lower_recurrence_exact	moderate_0.2_0.5	systemic_other	3	3	True	0.0	0	False	False	False	False	0.0	False	False	False	False	False	False	0.0						False	False	False	False	True	WDFY1	0.8268595291211868	1	genic	False		False		True	WDFY1	False		False		False		False		False		0.0	0
rs3138139	12:55722099	12:55500000	lower_recurrence_exact	moderate_0.2_0.5	neural_enriched	3	3	False	0.0	0	False	False	False	False	0.0	False	False	False	False	False	False	0.0						False	False	False	False	False		0.0	0		False		False		False		False		False		False		False		False		0.0	0
rs4787493	16:30128579	16:30000000	lower_recurrence_exact	moderate_0.2_0.5	systemic_other	3	3	True	0.2038259865674112	67	True	True	True	True	0.9816561235908086	True	True	True	True	True	True	0.5935941338539124	CORO1A;GDPD3;TBX6	CORO1A;GDPD3;TBX6	CORO1A;TBX6	CORO1A;GDPD3;TBX6	CORO1A;GDPD3;TBX6	True	True	True	True	False		0.0	0		False		False		True	GDPD3	False		False		False		False		False		0.0	0
rs582100	8:102999543	8:102500000	lower_recurrence_exact	moderate_0.2_0.5	systemic_other	3	3	False	0.0	0	False	False	False	False	0.0	False	False	False	False	False	False	0.0						False	False	False	False	False		0.0	0		False		False		False		False		False		False		False		False		0.0	0
rs9380501	6:35302802	6:35000000	lower_recurrence_exact	moderate_0.2_0.5	systemic_other	3	3	True	0.0980855312582767	102	True	True	True	False	0.9930218090809084	True	True	True	True	True	True	0.8074071407318115	PPARD;ZNF76	PPARD;ZNF76	ZNF76	PPARD;ZNF76	ZNF76	True	True	True	True	True	PPARD	0.8425957394721069	38	genic	False		False		True	ZNF76	False		False		False		False		False		0.0	0
rs7900701	10:86486285	10:86000000	lower_recurrence_exact	moderate_0.2_0.5	systemic_other	3	3	True	0.0	0	False	False	False	False	0.0	False	False	False	False	False	False	0.0						False	False	False	False	False		0.0	0		False		False		False		False		False		False		False		False		0.0	0
rs12339977	9:88392214	9:88000000	lower_recurrence_exact	moderate_0.2_0.5	systemic_other	3	3	True	0.0198195926441453	11	True	True	False	False	0.982859633223452	True	True	True	False	True	True	0.2285404950380325	NXNL2	NXNL2		NXNL2	NXNL2	True	True	True	False	False		0.0	0		False		False		False		False		False		False		False		False		0.0	0
rs3789553	1:6057111	1:6000000	lower_recurrence_exact	moderate_0.2_0.5	systemic_other	3	3	True	0.0	0	False	False	False	False	0.0	False	False	False	False	False	False	0.0						False	False	False	False	False		0.0	0		False		False		False		False		False		False		False		False		0.0	0
rs2186184	1:89832746	1:89500000	lower_recurrence_exact	moderate_0.2_0.5	neural_enriched	3	3	False	0.0	0	False	False	False	False	0.0	False	False	False	False	False	False	0.0						False	False	False	False	False		0.0	0		False		False		False		False		False		False		False		False		0.0	0
rs10248147	7:143243930	7:143000000	lower_recurrence_exact	moderate_0.2_0.5	systemic_other	3	3	False	0.0	0	False	False	False	False	0.0	False	False	False	False	False	False	0.0						False	False	False	False	False		0.0	0		False		False		False		False		False		False		False		False		0.0	0
rs894151	8:95226180	8:95000000	lower_recurrence_exact	moderate_0.2_0.5	systemic_other	3	3	True	0.0	0	False	False	False	False	0.0	False	False	False	False	False	False	0.0						False	False	False	False	False		0.0	0		False		False		False		False		False		False		False		False		0.0	0
rs3091997	20:47518851	20:47500000	lower_recurrence_exact	moderate_0.2_0.5	systemic_other	3	3	False	0.0056951375946307	1	True	False	False	False	0.8761172317799066	True	True	False	False	False	False	0.0						False	False	False	False	False		0.0	0		False		False		False		False		False		False		False		False		0.0	0
rs2155142	11:71931478	11:71500000	lower_recurrence_exact	moderate_0.2_0.5	systemic_other	3	3	True	0.0	0	False	False	False	False	0.0	False	False	False	False	False	False	0.0						False	False	False	False	False		0.0	0		False		False		False		False		False		False		False		False		0.0	0
rs11801990	1:44727085	1:44500000	lower_recurrence_exact	moderate_0.2_0.5	neural_enriched	3	3	True	0.0	0	False	False	False	False	0.0	False	False	False	False	False	False	0.0						False	False	False	False	False		0.0	0		False		False		False		False		False		False		False		False		0.0	0
rs2687980	4:39481495	4:39000000	lower_recurrence_exact	moderate_0.2_0.5	systemic_other	3	3	False	0.1013809890340894	2	True	True	True	True	0.970352666560412	True	True	False	False	False	False	0.0						False	False	False	False	False		0.0	0		False		False		False		False		False		False		False		False		0.0	0
rs9594979	13:43597359	13:43500000	lower_recurrence_exact	moderate_0.2_0.5	systemic_other	3	3	True	0.0	0	False	False	False	False	0.5295908478698003	False	False	False	False	False	False	0.0						False	False	False	False	False		0.0	0		False		False		False		False		False		False		False		False		0.0	0
rs6698028	1:52003346	1:52000000	lower_recurrence_exact	moderate_0.2_0.5	neural_enriched	3	3	True	0.0	0	False	False	False	False	0.0	False	False	False	False	False	False	0.0						False	False	False	False	False		0.0	0		False		False		False		False		False		False		False		False		0.0	0
rs9877345	3:198082104	3:198000000	lower_recurrence_exact	moderate_0.2_0.5	neural_enriched	3	3	False	0.0	0	False	False	False	False	0.0	False	False	False	False	False	False	0.0						False	False	False	False	False		0.0	0		False		False		False		False		False		False		False		False		0.0	0
rs7533367	1:24803367	1:24500000	lower_recurrence_exact	moderate_0.2_0.5	systemic_other	3	3	False	0.0	0	False	False	False	False	0.0	False	False	False	False	False	False	0.0						False	False	False	False	False		0.0	0		False		False		False		False		False		False		False		False		0.0	0
rs3759878	15:44736389	15:44500000	lower_recurrence_exact	moderate_0.2_0.5	systemic_other	3	3	True	0.0	0	False	False	False	False	0.0	False	False	False	False	False	False	0.0						False	False	False	False	True	TRIM69	0.9999999979113116	154	promoter	False		False		True	PATL2;TRIM69	False		False		False		False		False		0.0	0
rs10947563	6:35685660	6:35500000	lower_recurrence_exact	moderate_0.2_0.5	systemic_other	3	3	True	0.1248368137635612	15	True	True	True	True	0.9080453105179632	True	True	True	True	True	True	0.8529817461967468	ARMC12;FKBP5	ARMC12;FKBP5	FKBP5	ARMC12;FKBP5	FKBP5	True	True	True	True	True	FKBP5	0.8079965973384321	1	genic	True	FKBP5	True	FKBP5	False		False		False		False		False		False		0.0	0
rs551944	18:62944662	18:62500000	lower_recurrence_exact	moderate_0.2_0.5	neural_enriched	3	3	True	0.0240904166788834	1	True	True	False	False	0.0	False	False	True	True	False	True	0.582176923751831	PHLPP1	PHLPP1	PHLPP1		PHLPP1	True	True	True	True	False		0.0	0		False		False		False		False		False		False		False		False		0.0	0
rs9323237	14:53127673	14:53000000	lower_recurrence_exact	moderate_0.2_0.5	systemic_other	3	3	True	0.0029443187291946	7	True	False	False	False	0.878251541406723	True	True	True	True	True	True	0.8158788084983826	DDHD1	DDHD1	DDHD1	DDHD1	DDHD1	True	True	True	True	False		0.0	0		False		False		False		False		False		False		False		False		0.0	0
rs4523300	8:43139740	8:43000000	lower_recurrence_exact	moderate_0.2_0.5	neural_enriched	3	3	True	0.0	0	False	False	False	False	0.0	False	False	False	False	False	False	0.0						False	False	False	False	True	POMK	0.7342076649680523	1	intergenic	False		False		True	FNTA	False		False		False		False		False		0.0	0
rs4245714	1:202839046	1:202500000	lower_recurrence_exact	moderate_0.2_0.5	neural_enriched	3	3	True	0.0	0	False	False	False	False	0.0	False	False	False	False	False	False	0.0						False	False	False	False	False		0.0	0		False		False		False		False		False		False		False		False		0.0	0
rs4409845	11:119712122	11:119500000	lower_recurrence_exact	moderate_0.2_0.5	systemic_other	3	3	False	0.0	0	False	False	False	False	0.0	False	False	False	False	False	False	0.0						False	False	False	False	False		0.0	0		False		False		False		False		False		False		False		False		0.0	0
rs502729	5:179821774	5:179500000	lower_recurrence_exact	moderate_0.2_0.5	systemic_other	3	3	True	0.0	0	False	False	False	False	0.0	False	False	False	False	False	False	0.0						False	False	False	False	True	MGAT4B;TBC1D9B	0.8692797629581708	60	genic	False		False		False		False		False		False		False		False		0.0	0
rs9394889	6:42226702	6:42000000	lower_recurrence_exact	moderate_0.2_0.5	neural_enriched	3	3	True	0.0	0	False	False	False	False	0.0	False	False	False	False	False	False	0.0						False	False	False	False	True	MRPS10	0.7206171292648892	7	genic	False		False		True	MRPS10	False		False		False		False		False		0.0	0
rs10428178	3:114502533	3:114500000	lower_recurrence_exact	moderate_0.2_0.5	systemic_other	3	3	False	0.0	0	False	False	False	False	0.5627448555570763	False	False	False	False	False	False	0.0						False	False	False	False	False		0.0	0		False		False		False		False		False		False		False		False		0.0	0
rs6921660	6:157967795	6:157500000	lower_recurrence_exact	moderate_0.2_0.5	systemic_other	3	3	True	0.0	0	False	False	False	False	0.0	False	False	False	False	False	False	0.0						False	False	False	False	True	SYNJ2	0.8088579198259097	4	intergenic	False		False		False		False		False		False		False		False		0.0	0
rs10779565	1:211636155	1:211500000	lower_recurrence_exact	moderate_0.2_0.5	neural_enriched	3	3	False	0.0313042181782016	4	True	True	False	False	0.8452734347283695	True	True	False	False	False	False	0.0						False	False	False	False	False		0.0	0		False		False		False		False		False		False		False		False		0.0	0
rs11887208	2:171717662	2:171500000	lower_recurrence_exact	moderate_0.2_0.5	systemic_other	3	3	False	0.0	0	False	False	False	False	0.0	False	False	False	False	False	False	0.0						False	False	False	False	False		0.0	0		False		False		False		False		False		False		False		False		0.0	0
rs61985959	14:54503542	14:54500000	lower_recurrence_exact	moderate_0.2_0.5	neural_enriched	3	3	True	0.0	0	False	False	False	False	0.0	False	False	False	False	False	False	0.0						False	False	False	False	False		0.0	0		False		False		False		False		False		False		False		False		0.0	0
rs4932212	15:89174767	15:89000000	lower_recurrence_exact	moderate_0.2_0.5	neural_enriched	3	3	True	0.0	0	False	False	False	False	0.0	False	False	False	False	False	False	0.0						False	False	False	False	False		0.0	0		False		False		False		False		False		False		False		False		0.0	0
rs11663468	18:34707936	18:34500000	lower_recurrence_exact	moderate_0.2_0.5	systemic_other	3	3	True	0.0353637137598287	1	True	True	False	False	0.9667100576547698	True	True	True	True	True	True	0.877092182636261	DTNA	DTNA	DTNA	DTNA	DTNA	True	True	True	True	True	DTNA	0.9826620583193704	45	intergenic	False		False		False		False		False		False		False		False		0.0	0
rs758503	19:495722	19:0	lower_recurrence_exact	moderate_0.2_0.5	systemic_other	3	3	True	0.0	0	False	False	False	False	0.0	False	False	False	False	False	False	0.0						False	False	False	False	False		0.0	0		False		False		False		False		False		False		False		False		0.0	0
rs2279027	4:37902135	4:37500000	lower_recurrence_exact	moderate_0.2_0.5	systemic_other	3	3	True	0.0	0	False	False	False	False	0.0	False	False	False	False	False	False	0.0						False	False	False	False	False		0.0	0		False		False		False		False		False		False		False		False		0.0	0
rs2551188	2:38075651	2:38000000	lower_recurrence_exact	moderate_0.2_0.5	neural_enriched	3	3	True	0.0	0	False	False	False	False	0.0	False	False	False	False	False	False	0.0						False	False	False	False	True	CYP1B1	0.9999998774514316	184	genic;promoter	False		False		False		False		False		False		False		False		0.0	0
rs9939130	16:77183313	16:77000000	lower_recurrence_exact	moderate_0.2_0.5	neural_enriched	3	3	False	0.0295094839562157	4	True	True	False	False	0.9524174220603642	True	True	False	False	False	False	0.0						False	False	False	False	False		0.0	0		False		False		False		False		False		False		False		False		0.0	0
rs12878099	14:77594890	14:77500000	lower_recurrence_exact	moderate_0.2_0.5	systemic_other	3	3	True	0.0	0	False	False	False	False	0.0	False	False	False	False	False	False	0.0						False	False	False	False	False		0.0	0		False		False		False		False		False		False		False		False		0.0	0
rs133274	22:25415004	22:25000000	lower_recurrence_exact	moderate_0.2_0.5	systemic_other	3	3	False	0.0	0	False	False	False	False	0.0	False	False	False	False	False	False	0.0						False	False	False	False	False		0.0	0		False		False		False		False		False		False		False		False		0.0	0
rs16961146	15:35512667	15:35500000	lower_recurrence_exact	moderate_0.2_0.5	systemic_other	3	3	False	0.0	0	False	False	False	False	0.0	False	False	False	False	False	False	0.0						False	False	False	False	False		0.0	0		False		False		False		False		False		False		False		False		0.0	0
rs7172429	15:65056357	15:65000000	lower_recurrence_exact	moderate_0.2_0.5	systemic_other	3	3	True	0.0	0	False	False	False	False	0.0	False	False	False	False	False	False	0.0						False	False	False	False	True	RASL12;SLC51B	0.8856076908471325	6	genic	False		False		False		False		False		False		False		False		0.0	0
rs2179368	6:149485416	6:149000000	lower_recurrence_exact	moderate_0.2_0.5	systemic_other	3	3	True	0.0	0	False	False	False	False	0.0	False	False	False	False	False	False	0.0						False	False	False	False	False		0.0	0		False		False		False		False		False		False		False		False		0.0	0
rs17852421	7:1555432	7:1500000	lower_recurrence_exact	moderate_0.2_0.5	neural_enriched	3	3	True	0.0	0	False	False	False	False	0.0	False	False	False	False	False	False	0.0						False	False	False	False	True	PSMG3	0.7298365661168215	2	genic	False		False		False		False		False		True	PSMG3	False		False		0.019116	2
rs13179557	5:64869516	5:64500000	lower_recurrence_exact	moderate_0.2_0.5	systemic_other	3	3	False	0.016239369371618	7	True	True	False	False	0.0	False	False	False	False	False	False	0.0						False	False	False	False	False		0.0	0		False		False		False		False		False		False		False		False		0.0	0
rs2071002	6:3000069	6:3000000	lower_recurrence_exact	moderate_0.2_0.5	neural_enriched	3	3	False	0.0	0	False	False	False	False	0.0	False	False	False	False	False	False	0.0						False	False	False	False	False		0.0	0		False		False		False		False		False		False		False		False		0.0	0
rs4082828	3:52240726	3:52000000	lower_recurrence_exact	moderate_0.2_0.5	systemic_other	3	3	True	0.0136231967745806	28	True	True	False	False	0.9484631859030928	True	True	True	True	True	True	0.2781223952770233	GLYCTK;SEMA3G;TLR9;WDR82	GLYCTK;SEMA3G;TLR9;WDR82	SEMA3G;TLR9	GLYCTK;SEMA3G;TLR9;WDR82	GLYCTK;SEMA3G	True	True	True	True	True	GLYCTK;TLR9	0.976488194357396	37	intergenic	True	SEMA3G	True	SEMA3G	False		False		False		False		False		False		0.0	0
rs3893749	16:67499395	16:67000000	lower_recurrence_exact	moderate_0.2_0.5	systemic_other	3	3	True	0.0581592866767965	58	True	True	True	False	0.9824061184415832	True	True	True	False	True	True	0.1202938482165336	ATP6V0D1;C16ORF86;DPEP3;PARD6A	ATP6V0D1;C16ORF86;DPEP3;PARD6A		ATP6V0D1;C16ORF86;DPEP3;PARD6A	ATP6V0D1;C16ORF86;DPEP3	True	True	True	True	False		0.0	0		False		False		True	ATP6V0D1	False		False		False		False		False		0.0	0
rs1287644	14:88999190	14:88500000	lower_recurrence_exact	moderate_0.2_0.5	systemic_other	3	3	False	0.0	0	False	False	False	False	0.0	False	False	False	False	False	False	0.0						False	False	False	False	False		0.0	0		False		False		False		False		False		False		False		False		0.0	0
rs10968203	9:2802128	9:2500000	lower_recurrence_exact	moderate_0.2_0.5	systemic_other	3	3	False	0.0	0	False	False	False	False	0.0	False	False	False	False	False	False	0.0						False	False	False	False	False		0.0	0		False		False		False		False		False		False		False		False		0.0	0
rs4072826	11:2166252	11:2000000	lower_recurrence_exact	moderate_0.2_0.5	systemic_other	3	3	False	0.0833066758038358	5	True	True	True	False	0.903963655335802	True	True	False	False	False	False	0.0						False	False	False	False	False		0.0	0		False		False		False		False		False		False		False		False		0.0	0
rs17554993	14:37969051	14:37500000	lower_recurrence_exact	moderate_0.2_0.5	systemic_other	3	3	False	0.004851507288337	1	True	False	False	False	0.7614698008203091	True	False	False	False	False	False	0.0						False	False	False	False	False		0.0	0		False		False		False		False		False		False		False		False		0.0	0
rs2339925	2:23817536	2:23500000	lower_recurrence_exact	moderate_0.2_0.5	systemic_other	3	3	True	0.0050890205399126	3	True	False	False	False	0.7857195136656009	True	False	False	False	False	False	0.0						False	False	False	False	False		0.0	0		False		False		False		False		False		False		False		False		0.0	0
rs221905	14:71131325	14:71000000	lower_recurrence_exact	moderate_0.2_0.5	systemic_other	3	3	False	0.0148462388853384	1	True	True	False	False	0.8328670584202714	True	True	False	False	False	False	0.0						False	False	False	False	False		0.0	0		False		False		False		False		False		False		False		False		0.0	0
rs12609751	19:586822	19:500000	lower_recurrence_exact	moderate_0.2_0.5	neural_enriched	3	3	True	0.0076407492588902	1	True	False	False	False	0.0	False	False	True	True	True	True	0.4454924166202545	BSG	BSG	BSG	BSG	BSG	True	True	True	True	False		0.0	0		False		False		True	BSG	True	BSG	False		False		False		False		0.0	0
rs9298497	8:54023722	8:54000000	lower_recurrence_exact	moderate_0.2_0.5	neural_enriched	3	3	True	0.0	0	False	False	False	False	0.0	False	False	False	False	False	False	0.0						False	False	False	False	False		0.0	0		False		False		True	MRPL15	False		False		False		False		False		0.0	0
rs45467401	8:48009821	8:48000000	lower_recurrence_exact	moderate_0.2_0.5	neural_enriched	3	3	False	0.0	0	False	False	False	False	0.0	False	False	False	False	False	False	0.0						False	False	False	False	False		0.0	0		False		False		False		False		False		False		False		False		0.0	0
rs7038314	9:26893664	9:26500000	lower_recurrence_exact	moderate_0.2_0.5	systemic_other	3	3	False	0.0	0	False	False	False	False	0.0	False	False	False	False	False	False	0.0						False	False	False	False	False		0.0	0		False		False		False		False		False		False		False		False		0.0	0
rs6451706	5:43482713	5:43000000	lower_recurrence_exact	moderate_0.2_0.5	systemic_other	3	3	True	0.0126709815454512	3	True	True	False	False	0.9823321496446128	True	True	True	True	True	True	0.4115496277809143	C5ORF34;CCL28;NNT;PAIP1	C5ORF34;CCL28;NNT;PAIP1	PAIP1	C5ORF34;CCL28;NNT;PAIP1	C5ORF34;CCL28;NNT;PAIP1	True	True	True	False	False		0.0	0		False		False		False		False		False		True	C5ORF34	True	C5ORF34	True	C5ORF34	0.11573	1
rs7016335	8:144351110	8:144000000	lower_recurrence_exact	moderate_0.2_0.5	systemic_other	3	3	True	0.0	0	False	False	False	False	0.0	False	False	False	False	False	False	0.0						False	False	False	False	True	SLC52A2	0.7444444964029325	1	intergenic	False		False		False		False		False		False		False		False		0.0	0
rs523397	11:10942158	11:10500000	lower_recurrence_exact	moderate_0.2_0.5	neural_enriched	3	3	False	0.0	0	False	False	False	False	0.0	False	False	False	False	False	False	0.0						False	False	False	False	False		0.0	0		False		False		False		False		False		False		False		False		0.0	0
rs6695389	1:51732511	1:51500000	lower_recurrence_exact	moderate_0.2_0.5	systemic_other	3	3	True	0.0	0	False	False	False	False	0.0	False	False	False	False	False	False	0.0						False	False	False	False	False		0.0	0		False		False		True	OSBPL9	False		False		False		False		False		0.0	0
