locus_500kb	gene_symbol	SNP	position	source_set	score_band	primary_axis	n_traits	n_families	max_score	candidate_gene_count	ot_gwas_cs_max_pip	ot_l2g_max_score_for_candidate_gene	same_gene_l2g	same_gene_top_l2g	same_gene_e2g	same_gene_l2g_coloc_feature	same_gene_ot_coloc_h4_ge_0_8	same_gene_ot_coloc_clpp_ge_0_01	same_gene_standalone_e2g_interval	standalone_e2g_max_score	same_gene_eqtl_catalogue_pip_ge_0_1	same_gene_eqtl_catalogue_pip_ge_0_5	same_gene_abc_nasser	same_gene_abc_nasser_score_ge_0_05	abc_nasser_max_score	abc_nasser_biosample_count	same_gene_pqtl_h4_ge_0_8	max_coloc_h4	max_coloc_clpp	n_h4_coloc_study_loci	n_h4_coloc_qtl_types	priority_score	candidate_class
2:177000000	NFE2L2	rs2706113	2:177224061	core_exact_n10	moderate_0.2_0.5	neural_enriched	12	6	0.22604898	2	0.0277303972758761	0.8843142986297607	True	True	True	True	True	True	True	0.604185353498782	True	True	False	False	0.0	0	False	0.9892259655756108	0.0762941941056058	38	3	242.9354026420537	low_ambiguity_candidate
19:1000000	SBNO2	rs2019107	19:1181718	lower_recurrence_exact	moderate_0.2_0.5	systemic_non_neural	4	4	0.30367517	1	0.0512109301913791	0.5023095011711121	True	True	True	True	True	True	True	0.90583955285703	True	False	True	True	0.051741	2	False	0.9770261341491496	0.036977841939211	11	2	237.19335635320263	low_ambiguity_candidate
10:124000000	CHST15	rs4929814	10:124084023	core_exact_n10	moderate_0.2_0.5	mixed_trait_axis	19	11	0.26054198	1	0.0172734964840081	0.8867437839508057	True	True	True	True	True	True	True	0.7964858251038396	False	False	False	False	0.0	0	True	0.9716403331978188	0.0299597315516595	10	3	233.48384117148626	low_ambiguity_candidate
5:14500000	ANKH	rs42679	5:14809959	lower_recurrence_exact	moderate_0.2_0.5	neuro_systemic	6	4	0.27056685	1	0.028596469837445	0.8395031690597534	True	True	True	True	True	True	True	0.9574514959814308	False	False	True	True	0.074258	71	False	0.9894785438098724	0.0777485862765394	6	2	230.88981712869625	low_ambiguity_candidate
17:56500000	SCPEP1	rs4793837	17:56994685	core_exact_n10	moderate_0.2_0.5	systemic_non_neural	14	8	0.29950815	1	0.020333150228127	0.90693861246109	True	True	True	True	True	True	True	0.6503441383091434	False	False	False	False	0.0	0	True	0.9921224251626698	0.1012292832871386	9	2	230.39061037623762	low_ambiguity_candidate
9:89500000	SEMA4D	rs11265780	9:89501649	core_exact_n10	hidden_lt0.2	mixed_trait_axis	10	7	0.14201194	1	0.5613516209567793	0.9639504551887512	True	True	True	True	True	True	True	0.8917960441502728	False	False	False	False	0.0	0	True	0.998933607395007	0.4451894066482253	3	3	229.6288406258376	low_ambiguity_candidate
2:177000000	NFE2L2	rs2251139	2:177203431	core_exact_n10	hidden_lt0.2	systemic_other	12	4	0.17461076	2	0.2736063329275223	0.8843142986297607	True	True	True	True	True	True	False	0.0	True	True	False	False	0.0	0	False	0.9892259655756108	0.0762941941056058	38	3	228.9354026420537	low_ambiguity_candidate
17:74000000	GPRC5C	rs2706527	17:74447053	lower_recurrence_exact	moderate_0.2_0.5	systemic_non_neural	9	5	0.23496038	1	0.1093506836809173	0.9683484435081482	True	True	True	True	True	True	True	0.9540334755139386	False	False	False	False	0.0	0	True	0.992929782454291	0.113957788521837	112	4	227.5127822596244	low_ambiguity_candidate
1:112500000	SLC16A1	rs773432	1:112999214	core_exact_n10	moderate_0.2_0.5	systemic_other	13	4	0.27480742	2	0.0885219951283009	0.9310937523841858	True	True	True	True	True	True	True	0.7130461038033533	False	False	False	False	0.0	0	True	0.996720245658183	0.2107043284641854	18	3	226.5781399804237	low_ambiguity_candidate
5:55500000	IL6ST	rs6863337	5:55993318	core_exact_n10	hidden_lt0.2	systemic_other	10	4	0.17777875	1	0.0434517388763161	0.9287698864936828	True	True	True	True	True	True	True	0.99996425440881	False	False	False	False	0.0	0	True	0.9798899388308404	0.0421342223060884	69	4	226.08659825324523	low_ambiguity_candidate
6:35500000	FKBP5	rs10947563	6:35685660	lower_recurrence_exact	moderate_0.2_0.5	systemic_other	3	3	0.2251365	2	0.1248368137635612	0.8529817461967468	True	True	True	True	True	True	True	0.8079965973384321	False	False	False	False	0.0	0	True	0.9983151526063264	0.3360302004548145	30	3	223.81296898803075	low_ambiguity_candidate
2:88500000	EIF2AK3	rs10179543	2:88692973	lower_recurrence_exact	moderate_0.2_0.5	systemic_non_neural	9	4	0.28204352	1	0.0028650717117874	0.6460469365119934	True	True	True	True	True	True	False	0.0	True	False	False	False	0.0	0	True	0.9863637761738392	0.0613505275458675	7	3	221.22410712685834	low_ambiguity_candidate
5:73500000	ARHGEF28	rs10942685	5:73691585	lower_recurrence_exact	moderate_0.2_0.5	neural_enriched	5	4	0.26420644	1	0.0208234442522133	0.8780990839004517	True	True	True	True	True	True	True	0.7270814669102534	False	False	True	False	0.019421	2	False	0.9805159338780582	0.0432565683040625	3	2	221.0861501777851	low_ambiguity_candidate
7:4500000	FOXK1	rs7781456	7:4722512	core_exact_n10	moderate_0.2_0.5	systemic_non_neural	11	5	0.2699898	1	0.0481826234792195	0.8067452311515808	True	True	True	True	True	True	False	0.0	False	False	True	True	0.22318	4	False	0.98154763780065	0.0459239452894424	15	2	219.9829286895223	low_ambiguity_candidate
4:84500000	WDFY3	rs6531779	4:84952298	core_exact_n10	moderate_0.2_0.5	mixed_trait_axis	15	8	0.24599019	2	0.3029410417882088	0.912971556186676	True	True	True	True	True	True	True	0.9796740076223556	False	False	False	False	0.0	0	False	0.9244128350999896	0.0109444283199372	5	2	219.87384391286665	low_ambiguity_candidate
9:113500000	RGS3	rs7857217	9:113503080	lower_recurrence_exact	moderate_0.2_0.5	neuro_systemic	7	7	0.23403314	1	0.0470446824842836	0.8495296239852905	True	True	True	True	True	True	True	0.999979459035297	False	False	False	False	0.0	0	False	0.9838020541223048	0.0516844307397719	69	3	218.03331678107594	low_ambiguity_candidate
11:61000000	LRRC10B	rs2924447	11:61496201	core_exact_n10	moderate_0.2_0.5	systemic_non_neural	12	6	0.24277858	2	0.0537530632042926	0.8651854395866394	True	True	True	True	True	True	True	0.9682231477691404	False	False	False	False	0.0	0	False	0.9950361258043864	0.1530984798379773	2	1	217.80221565391025	low_ambiguity_candidate
3:72500000	SHQ1	rs2679208	3:72738289	core_exact_n10	hidden_lt0.2	systemic_non_neural	11	7	0.17597632	1	0.0071006347416318	0.8181301355361938	True	True	True	True	True	True	True	0.6509396029686135	False	False	False	False	0.0	0	False	0.942685577067685	0.0146173508806713	7	1	217.70815712603877	low_ambiguity_candidate
2:88500000	EIF2AK3	rs335124	2:88752509	core_exact_n10	hidden_lt0.2	neuro_systemic	16	7	0.18651083	1	0.2900219703622524	0.9104745388031006	True	True	True	True	True	True	False	0.0	False	False	False	False	0.0	0	True	0.9863637761738392	0.0613505275458675	7	3	217.5683831497694	low_ambiguity_candidate
4:72500000	ADAMTS3	rs1085952	4:72505983	core_exact_n10	hidden_lt0.2	neuro_systemic	10	6	0.14322874	1	0.0238126613563376	0.9024836421012878	True	True	True	True	True	True	True	0.619787245800438	False	False	False	False	0.0	0	False	0.9522716856287324	0.0177102557406136	2	1	217.5475532773002	low_ambiguity_candidate
7:74000000	GTF2IRD1	rs37616	7:74479252	core_exact_n10	moderate_0.2_0.5	systemic_non_neural	12	6	0.22728527	1	0.2014187755883612	0.8419238924980164	True	True	True	True	True	True	True	0.9750307602311262	False	False	False	False	0.0	0	False	0.9920800219257982	0.1006996427372467	1	1	217.54003914423814	low_ambiguity_candidate
18:55000000	CCDC68	rs72934617	18:55000647	core_exact_n10	hidden_lt0.2	neuro_systemic	10	6	0.18109782	1	0.1105111101249094	0.8629870414733887	True	True	True	True	True	True	True	0.7910674830685588	False	False	False	False	0.0	0	False	0.9789992892198214	0.0401995659844001	70	3	217.4198633069321	low_ambiguity_candidate
17:64500000	SMURF2	rs7225993	17:64712166	core_exact_n10	moderate_0.2_0.5	systemic_non_neural	15	8	0.30526558	1	0.0699500235970971	0.5900432467460632	True	True	True	True	True	True	True	0.728330062552638	False	False	False	False	0.0	0	False	0.9944376995064192	0.1370360555174196	4	2	217.34480946252484	low_ambiguity_candidate
2:210000000	KANSL1L	rs1155845	2:210189875	core_exact_n10	moderate_0.2_0.5	systemic_non_neural	12	7	0.29222918	1	0.0225411430283074	0.7009702920913696	True	True	True	True	True	True	True	0.7456534867538758	False	False	False	False	0.0	0	False	0.9715998737501406	0.0299002120419569	17	2	216.92570165841508	low_ambiguity_candidate
19:8000000	PRAM1	rs7507526	19:8488438	core_exact_n10	moderate_0.2_0.5	systemic_non_neural	11	5	0.42084888	1	0.0191667915177978	0.3108219504356384	True	True	True	True	True	True	True	0.9005639544716499	False	False	True	False	0.040633	6	False	0.9557045849571412	0.0192051760049585	6	2	216.7652653539278	low_ambiguity_candidate
20:53500000	ZNF217	rs4811449	20:53652626	lower_recurrence_exact	moderate_0.2_0.5	systemic_non_neural	6	6	0.22958575	1	0.0940330397643801	0.8209114074707031	True	True	True	True	True	True	True	0.7251863922639715	False	False	False	False	0.0	0	False	0.9875645555335714	0.0697631630250332	1	1	216.68475963004275	low_ambiguity_candidate
11:45500000	LARGE2	rs2959095	11:45983212	core_exact_n10	moderate_0.2_0.5	systemic_non_neural	17	7	0.33036017	2	0.038155277574778	0.5867336392402649	True	True	True	True	True	True	True	0.6795823798654058	False	False	False	False	0.0	0	False	0.9507563052033022	0.0175220598268787	6	2	216.07489944443566	low_ambiguity_candidate
9:87500000	CDK20	rs2947237	9:87951654	lower_recurrence_exact	moderate_0.2_0.5	systemic_non_neural	7	6	0.4174169	1	0.0117282764910027	0.739617109298706	True	True	True	True	True	True	True	0.7224502938761205	False	False	False	False	0.0	0	False	0.9922156056007276	0.1025385019469951	16	2	216.01832714899433	low_ambiguity_candidate
11:27000000	LGR4	rs4617543	11:27460805	lower_recurrence_exact	moderate_0.2_0.5	systemic_non_neural	7	5	0.20149396	1	0.1429709252334	0.8882220387458801	True	True	True	True	True	True	True	0.8931496765437417	False	False	False	False	0.0	0	False	0.930448964952766	0.0124329112356665	1	1	215.88671003698644	low_ambiguity_candidate
1:235500000	LYST	rs6668242	1:235838479	core_exact_n10	moderate_0.2_0.5	neural_enriched	11	6	0.34933478	1	0.0361892743265133	0.8909634351730347	True	True	True	True	True	True	False	0.0	True	False	False	False	0.0	0	False	0.9857173951609276	0.0583059693794336	20	3	215.8668083033396	low_ambiguity_candidate
7:73500000	CLDN4	rs13241921	7:73840482	core_exact_n10	hidden_lt0.2	systemic_non_neural	10	6	0.16873595	2	0.006943842440269	0.6782581210136414	True	True	True	True	True	True	True	0.902465602516345	False	False	False	False	0.0	0	False	0.989682230708276	0.0790750274054947	49	2	215.67940351721919	low_ambiguity_candidate
1:24500000	CLIC4	rs12732115	1:24709190	lower_recurrence_exact	moderate_0.2_0.5	systemic_non_neural	9	4	0.32374272	1	0.0708203373257197	0.8644477725028992	True	True	True	True	True	True	True	0.6016851752165159	False	False	False	False	0.0	0	False	0.9931572120618044	0.1144359095635272	15	2	215.47604984564705	low_ambiguity_candidate
11:66000000	RIN1	rs7941602	11:66318125	core_exact_n10	moderate_0.2_0.5	systemic_non_neural	12	5	0.27216986	2	0.4490041000125483	0.7071268558502197	True	True	True	True	True	True	True	0.8786320209552264	False	False	False	False	0.0	0	False	0.991586549545842	0.0953865337035198	54	3	215.18713405396062	low_ambiguity_candidate
2:86500000	CD8A	rs2271666	2:86770425	core_exact_n10	hidden_lt0.2	neuro_systemic	10	6	0.17630027	1	0.0163652767214566	0.6090187430381775	True	True	True	True	True	True	True	0.6542337087929812	False	False	False	False	0.0	0	False	0.9994085535017726	0.5682699151620869	3	2	215.0842729653995	low_ambiguity_candidate
2:215000000	FN1	rs6725958	2:215397898	lower_recurrence_exact	moderate_0.2_0.5	neuro_systemic	8	4	0.22698067	1	0.0067800434209553	0.8270619511604309	True	True	True	True	True	True	True	0.8254462612399781	False	False	False	False	0.0	0	False	0.988484872311949	0.0714927683645994	5	2	214.9554682347238	low_ambiguity_candidate
9:113500000	RGS3	rs72761965	9:113500045	lower_recurrence_exact	moderate_0.2_0.5	neuro_systemic	4	4	0.24564642	1	0.0485719971689253	0.8495296239852905	True	True	True	True	True	True	True	0.973570469690889	False	False	False	False	0.0	0	False	0.9838020541223048	0.0516844307397719	69	3	214.73331678107596	low_ambiguity_candidate
14:102000000	ANKRD9	rs1044503	14:102499659	lower_recurrence_exact	moderate_0.2_0.5	systemic_other	4	3	0.20688786	1	0.0957153200533013	0.93528014421463	True	True	True	True	True	True	True	0.991039416274651	False	False	False	False	0.0	0	False	0.9975363051256724	0.2622142015878981	32	2	214.72816449340303	low_ambiguity_candidate
14:100000000	WDR25	rs1203548	14:100447329	lower_recurrence_exact	moderate_0.2_0.5	systemic_non_neural	6	5	0.22022884	1	0.0731771108560608	0.721228837966919	True	True	True	True	True	True	True	0.6769457037720562	False	False	False	False	0.0	0	False	0.98595035434704	0.0592322634159096	27	3	214.67179192313958	low_ambiguity_candidate
11:17000000	NUCB2	rs7108861	11:17233454	core_exact_n10	moderate_0.2_0.5	systemic_non_neural	10	5	0.39703804	1	0.0268652469590632	0.8634790778160095	True	True	True	True	True	True	False	0.0	False	False	False	False	0.0	0	True	0.99715878067352	0.2395678590747595	11	2	214.6063785848953	low_ambiguity_candidate
11:66000000	RIN1	rs1190621	11:66322836	lower_recurrence_exact	moderate_0.2_0.5	systemic_non_neural	5	5	0.25179148	2	0.0484810670324689	0.7071268558502197	True	True	True	True	True	True	True	0.7194426153235394	False	False	False	False	0.0	0	False	0.991586549545842	0.0953865337035198	54	3	214.48713405396063	low_ambiguity_candidate
16:57000000	RSPRY1	rs11643790	16:57227234	lower_recurrence_exact	moderate_0.2_0.5	systemic_non_neural	9	6	0.22167702	1	0.0040717041308967	0.1797686964273452	True	True	True	True	True	True	False	0.0	False	False	True	True	0.081072	9	False	0.928481668730152	0.0115937035610861	51	3	213.98250365157497	low_ambiguity_candidate
9:113000000	RGS3	rs7046202	9:113469226	core_exact_n10	hidden_lt0.2	systemic_other	11	3	0.18381692	1	0.0104540509941516	0.8036428689956665	True	True	True	True	True	True	True	0.6909192514401725	False	False	False	False	0.0	0	False	0.9826142668883489	0.0482878714007108	23	2	213.96257135884014	low_ambiguity_candidate
14:69500000	SUSD6	rs1275823	14:69726964	core_exact_n10	moderate_0.2_0.5	neural_enriched	10	3	0.30377632	1	0.0704608276980938	0.8171605467796326	True	True	True	True	True	True	True	0.9259689278848316	False	False	False	False	0.0	0	False	0.9659856031817402	0.024944600535165	1	1	213.83146149961374	low_ambiguity_candidate
14:52500000	FERMT2	rs12588482	14:52844834	core_exact_n10	moderate_0.2_0.5	systemic_other	13	3	0.3152713	1	0.013737822714377	0.814176619052887	True	True	True	True	True	True	True	0.6468913771874492	False	False	False	False	0.0	0	False	0.9320331253018592	0.0122321643100958	8	3	213.76209744354747	low_ambiguity_candidate
17:31000000	NF1	rs4795570	17:31067523	core_exact_n10	hidden_lt0.2	systemic_non_neural	14	5	0.19587635	1	0.0328826854150163	0.5492974519729614	True	True	True	True	True	True	True	0.7708901683911782	False	False	False	False	0.0	0	False	0.9846679029555298	0.0544845621423938	45	3	213.73965354928492	low_ambiguity_candidate
18:34500000	DTNA	rs11663468	18:34707936	lower_recurrence_exact	moderate_0.2_0.5	systemic_other	3	3	0.21248522	1	0.0353637137598287	0.877092182636261	True	True	True	True	True	True	True	0.9826620583193704	False	False	False	False	0.0	0	False	0.9519027939445688	0.0175200844094869	1	1	213.5899497658083	low_ambiguity_candidate
12:58500000	LRIG3	rs7306532	12:58988867	lower_recurrence_exact	moderate_0.2_0.5	systemic_non_neural	6	4	0.23562002	1	0.0237366804183804	0.9234734177589417	True	True	True	True	True	True	False	0.0	False	False	False	False	0.0	0	True	0.9613592607658332	0.0219168481632649	3	2	213.44832678524773	low_ambiguity_candidate
5:126500000	C5ORF63	rs10065302	5:126988743	lower_recurrence_exact	moderate_0.2_0.5	systemic_non_neural	9	4	0.32938537	1	0.02239233904841	0.668976902961731	True	True	True	True	True	True	True	0.6586988600885701	False	False	False	False	0.0	0	False	0.9828425198700208	0.0489262209908274	51	3	213.41819422831753	low_ambiguity_candidate
1:112500000	SLC16A1	rs4839276	1:112982017	lower_recurrence_exact	moderate_0.2_0.5	systemic_non_neural	9	4	0.21111089	1	0.0082450167867485	0.8380902409553528	True	True	True	True	True	True	False	0.0	False	False	False	False	0.0	0	True	0.996720245658183	0.2107043284641854	18	3	213.24810486613535	low_ambiguity_candidate
9:77500000	GNAQ	rs10869964	9:77751343	lower_recurrence_exact	moderate_0.2_0.5	systemic_non_neural	7	4	0.224874	1	0.0331895917225517	0.6456695795059204	True	True	True	True	True	True	True	0.8165387451901924	False	False	False	False	0.0	0	False	0.9663596842054948	0.0252112338769912	13	1	212.82029263711414	low_ambiguity_candidate
6:78500000	IRAK1BP1	rs9361468	6:78911497	lower_recurrence_exact	moderate_0.2_0.5	systemic_other	4	3	0.27635762	1	0.0283640712064006	0.743018627166748	True	True	True	True	True	True	True	0.8885617226394656	False	False	False	False	0.0	0	False	0.9599780459177414	0.0211743289248308	45	4	212.4299667308449	low_ambiguity_candidate
11:104500000	CASP4	rs632806	11:104918779	lower_recurrence_exact	moderate_0.2_0.5	neural_enriched	4	3	0.27464896	1	0.0197785658104564	0.7403197884559631	True	True	True	True	True	True	True	0.8166003031884956	False	False	False	False	0.0	0	False	0.9564255470138427	0.0194675571369949	58	2	212.36745335469806	low_ambiguity_candidate
8:144000000	MROH1	rs12542868	8:144204623	core_exact_n10	moderate_0.2_0.5	neural_enriched	10	6	0.21424608	2	0.0502330257638348	0.540805459022522	True	True	True	True	True	True	False	0.0	True	False	False	False	0.0	0	False	0.992034815573307	0.1011707746424492	40	3	212.3284027459583	low_ambiguity_candidate
17:64500000	GNA13	rs17685439	17:64985215	core_exact_n10	moderate_0.2_0.5	systemic_other	16	4	0.44525373	2	0.0140824992713026	0.4069779217243194	True	True	True	True	True	True	True	0.7692439398725329	False	False	False	False	0.0	0	False	0.9747544544150782	0.0336278953309122	7	1	211.41732376139396	low_ambiguity_candidate
1:35000000	ZMYM1	rs2971408	1:35097364	core_exact_n10	moderate_0.2_0.5	systemic_non_neural	23	12	0.46175954	1	0.0052807478142023	0.7487611770629883	True	True	True	True	True	True	False	0.0	False	False	False	False	0.0	0	False	0.9537934907869996	0.01828691660975	10	2	211.3255466784999	low_ambiguity_candidate
10:10500000	CELF2	rs7904961	10:10831414	core_exact_n10	moderate_0.2_0.5	systemic_other	11	2	0.29036602	1	0.0344377457241242	0.6324496865272522	True	True	True	True	True	True	True	0.9352807525055642	False	False	False	False	0.0	0	False	0.975129933928467	0.034126296835018	1	1	211.17579620455717	low_ambiguity_candidate
17:40000000	RARA	rs12946680	17:40324405	lower_recurrence_exact	moderate_0.2_0.5	systemic_non_neural	9	4	0.2571211	1	0.0436435014104821	0.414129376411438	True	True	True	True	True	True	True	0.9019280672374068	False	False	False	False	0.0	0	False	0.9839917855826033	0.0524924459496618	7	3	210.88121161994042	low_ambiguity_candidate
17:32000000	PSMD11	rs8069868	17:32495386	core_exact_n10	moderate_0.2_0.5	systemic_other	11	4	0.29765162	2	0.0026364765221021	0.3797968626022339	True	True	True	True	True	True	True	0.8900375718811653	False	False	False	False	0.0	0	False	0.9724577200205464	0.0308577201145542	6	2	210.6225458262278	low_ambiguity_candidate
18:12500000	PTPN2	rs637643	18:12857762	lower_recurrence_exact	moderate_0.2_0.5	systemic_non_neural	9	5	0.21136874	1	0.0152846069074468	0.8748263120651245	True	True	True	True	True	True	False	0.0	False	False	True	False	0.034783	3	False	0.9772075747205116	0.0376265547155345	4	3	210.42033886785637	low_ambiguity_candidate
9:127500000	DPM2	rs1571141	9:127979614	lower_recurrence_exact	moderate_0.2_0.5	systemic_other	4	3	0.22931388	2	0.0605778509625425	0.508278489112854	True	True	True	True	True	True	True	0.9460700896891816	False	False	False	False	0.0	0	False	0.9928165108590828	0.1098130769452183	123	4	210.41094999971938	low_ambiguity_candidate
9:127500000	PIP5KL1	rs1571141	9:127979614	lower_recurrence_exact	moderate_0.2_0.5	systemic_other	4	3	0.22931388	2	0.0605778509625425	0.508278489112854	True	True	True	True	True	True	True	0.9460700896891816	False	False	False	False	0.0	0	False	0.9924507019820984	0.1051774755419115	56	2	210.40729191094954	low_ambiguity_candidate
21:39000000	PSMG1	rs2272576	21:39312463	core_exact_n10	hidden_lt0.2	systemic_other	10	4	0.19112293	2	0.0132460617006159	0.3577796816825866	True	True	True	True	True	True	True	0.9519371124214536	False	False	False	False	0.0	0	False	0.9764078817391458	0.0358964098313126	37	3	210.34187563421733	low_ambiguity_candidate
15:75000000	MAN2C1	rs7166737	15:75390172	lower_recurrence_exact	moderate_0.2_0.5	systemic_non_neural	7	4	0.21932945	2	0.0371652261015323	0.55677729845047	True	True	True	True	True	True	False	0.0	True	False	False	False	0.0	0	False	0.9999054535935464	0.8246179772444782	621	4	210.26682752044016	low_ambiguity_candidate
11:64500000	RASGRP2	rs490980	11:64757992	lower_recurrence_exact	moderate_0.2_0.5	neural_enriched	3	3	0.23072553	1	0.0201008027067391	0.6308189630508423	True	True	True	True	True	True	False	0.0	True	False	False	False	0.0	0	False	0.9921043182282536	0.1008636894507137	43	3	209.52923281279098	low_ambiguity_candidate
8:42000000	SMIM19	rs6988483	8:42493793	core_exact_n10	moderate_0.2_0.5	mixed_trait_axis	15	10	0.28348807	2	0.033811108037784	0.7870054841041565	True	True	True	True	True	True	False	0.0	False	False	False	False	0.0	0	False	0.9973088927579138	0.2464266352406305	10	3	209.3431437686207	low_ambiguity_candidate
8:42000000	SLC20A2	rs6988483	8:42493793	core_exact_n10	moderate_0.2_0.5	mixed_trait_axis	15	10	0.28348807	2	0.033811108037784	0.7870054841041565	True	True	True	True	True	True	False	0.0	False	False	False	False	0.0	0	False	0.9875473102887876	0.0663512568553168	82	4	209.24552794392943	low_ambiguity_candidate
4:78500000	BMP2K	rs12711032	4:78662548	lower_recurrence_exact	moderate_0.2_0.5	neural_enriched	4	3	0.3840053	2	0.0231314831743108	0.4468251466751098	True	True	True	True	True	True	True	0.6699173243836459	False	False	False	False	0.0	0	False	0.9316902966826264	0.0121463220863832	5	1	209.18515443357737	low_ambiguity_candidate
19:17000000	BST2	rs2303682	19:17418951	lower_recurrence_exact	moderate_0.2_0.5	systemic_non_neural	8	6	0.2915136	1	0.0053850706891548	0.2183548063039779	True	True	True	True	True	True	False	0.0	False	False	False	False	0.0	0	True	0.9593452198464436	0.0208091054005708	11	3	208.57700026150422	low_ambiguity_candidate
19:500000	BSG	rs4919812	19:587162	lower_recurrence_exact	moderate_0.2_0.5	neural_enriched	3	3	0.37810844	2	0.0127884547155219	0.4454924166202545	True	True	True	True	True	True	False	0.0	True	False	False	False	0.0	0	False	0.997075477584913	0.2296460487251853	37	3	207.72567894205167	low_ambiguity_candidate
19:500000	BSG	rs12609751	19:586822	lower_recurrence_exact	moderate_0.2_0.5	neural_enriched	3	3	0.33651093	2	0.0076407492588902	0.4454924166202545	True	True	True	True	True	True	False	0.0	True	False	False	False	0.0	0	False	0.997075477584913	0.2296460487251853	37	3	207.72567894205167	low_ambiguity_candidate
17:64500000	GNA13	rs4791250	17:64987027	core_exact_n10	moderate_0.2_0.5	neuro_systemic	34	10	0.39438954	2	0.0165767560110902	0.4069779217243194	True	True	True	True	True	True	False	0.0	False	False	False	False	0.0	0	False	0.9747544544150782	0.0336278953309122	7	1	207.21732376139397	low_ambiguity_candidate
1:24500000	CLIC4	rs6604978	1:24763955	core_exact_n10	moderate_0.2_0.5	systemic_non_neural	16	7	0.20239133	1	0.0351788981888919	0.8488609790802002	True	True	True	True	True	True	False	0.0	False	False	False	False	0.0	0	False	0.9931572120618044	0.1144359095635272	15	2	207.02018191142005	low_ambiguity_candidate
13:27000000	USP12	rs3094294	13:27251238	core_exact_n10	hidden_lt0.2	systemic_non_neural	10	8	0.16012786	1	0.0369940737042785	0.81136554479599	True	True	True	True	True	True	False	0.0	False	False	False	False	0.0	0	False	0.9815682316100228	0.0459188346704683	2	1	206.92933776406014	low_ambiguity_candidate
13:27000000	USP12	rs7981153	13:27259230	core_exact_n10	hidden_lt0.2	systemic_non_neural	10	8	0.17107771	1	0.0353054483121171	0.81136554479599	True	True	True	True	True	True	False	0.0	False	False	False	False	0.0	0	False	0.9815682316100228	0.0459188346704683	2	1	206.92933776406014	low_ambiguity_candidate
15:74500000	PPCDC	rs7172715	15:74995034	lower_recurrence_exact	moderate_0.2_0.5	systemic_other	4	3	0.21477643	1	0.0042316857395104	0.3619290590286255	True	True	True	True	True	True	False	0.0	False	False	False	False	0.0	0	True	0.950744628447077	0.0171582536626322	39	3	206.52673687475703	low_ambiguity_candidate
16:15000000	RRN3	rs2457526	16:15143080	core_exact_n10	moderate_0.2_0.5	systemic_non_neural	18	6	0.3799939	1	0.0257104104420845	0.8630907535552979	True	True	True	True	True	True	False	0.0	False	False	False	False	0.0	0	False	0.9990662008676096	0.4667539018831926	79	4	206.42156954422907	low_ambiguity_candidate
1:24500000	CLIC4	rs6692599	1:24768223	core_exact_n10	moderate_0.2_0.5	systemic_non_neural	15	6	0.29125613	1	0.0298660468267439	0.8488609790802002	True	True	True	True	True	True	False	0.0	False	False	False	False	0.0	0	False	0.9931572120618044	0.1144359095635272	15	2	205.92018191142006	low_ambiguity_candidate
15:63500000	DAPK2	rs11639443	15:63996706	core_exact_n10	moderate_0.2_0.5	systemic_non_neural	14	6	0.22261186	1	0.0079684213358377	0.8793659806251526	True	True	True	True	True	True	False	0.0	False	False	False	False	0.0	0	False	0.971707617424862	0.0301390680498247	2	2	205.91073598050016	low_ambiguity_candidate
1:24500000	CLIC4	rs9332415	1:24771754	core_exact_n10	moderate_0.2_0.5	systemic_non_neural	13	6	0.25679725	1	0.0298869591846837	0.8488609790802002	True	True	True	True	True	True	False	0.0	False	False	False	False	0.0	0	False	0.9931572120618044	0.1144359095635272	15	2	205.72018191142007	low_ambiguity_candidate
11:45500000	PHF21A	rs1401421	11:45984278	core_exact_n10	moderate_0.2_0.5	systemic_non_neural	19	6	0.33528262	2	0.038085569308393	0.7346872687339783	True	True	True	True	True	True	False	0.0	False	False	False	False	0.0	0	False	0.9844773529993932	0.0539767398147658	42	3	205.09164621733373	low_ambiguity_candidate
12:89000000	POC1B	rs10858884	12:89499935	core_exact_n10	moderate_0.2_0.5	systemic_non_neural	12	7	0.24462157	2	0.0324708059117854	0.7150627970695496	True	True	True	True	True	True	False	0.0	False	False	False	False	0.0	0	False	0.9668353107717124	0.0255770944280044	15	3	205.0189810784126	low_ambiguity_candidate
17:67500000	BPTF	rs7502578	17:67996073	core_exact_n10	moderate_0.2_0.5	systemic_non_neural	19	8	0.2459374	2	0.026815076919216	0.5158013701438904	True	True	True	True	True	True	False	0.0	False	False	False	False	0.0	0	False	0.9938237099753068	0.1251413091638434	3	1	204.996250801192	low_ambiguity_candidate
9:122500000	RABGAP1	rs2791438	9:122978819	core_exact_n10	hidden_lt0.2	systemic_non_neural	11	6	0.17332315	1	0.0276690399266391	0.7854214310646057	True	True	True	True	True	True	False	0.0	False	False	False	False	0.0	0	False	0.9853155783486728	0.0567977374840674	59	3	204.80737009413278	low_ambiguity_candidate
12:89000000	GALNT4	rs10858884	12:89499935	core_exact_n10	moderate_0.2_0.5	systemic_non_neural	12	7	0.24462157	2	0.0324708059117854	0.7150627970695496	True	True	True	True	True	True	False	0.0	False	False	False	False	0.0	0	False	0.9444034186842456	0.0150958640440174	1	1	204.79466215753794	low_ambiguity_candidate
11:45500000	LARGE2	rs1401421	11:45984278	core_exact_n10	moderate_0.2_0.5	systemic_non_neural	19	6	0.33528262	2	0.038085569308393	0.7346872687339783	True	True	True	True	True	True	False	0.0	False	False	False	False	0.0	0	False	0.9507563052033022	0.0175220598268787	6	2	204.7544357393728	low_ambiguity_candidate
12:50500000	SLC11A2	rs224569	12:50993056	core_exact_n10	moderate_0.2_0.5	systemic_non_neural	12	7	0.22917637	1	0.0365888364526478	0.6642430424690247	True	True	True	True	True	True	False	0.0	False	False	False	False	0.0	0	False	0.9803159046061548	0.0429984236000114	40	3	204.6455894707518	low_ambiguity_candidate
11:45500000	PHF21A	rs2959095	11:45983212	core_exact_n10	moderate_0.2_0.5	systemic_non_neural	17	7	0.33036017	2	0.038155277574778	0.5867336392402649	True	True	True	True	True	True	False	0.6795823798654058	False	False	False	False	0.0	0	False	0.9844773529993932	0.0539767398147658	42	3	204.41210992239658	low_ambiguity_candidate
17:64500000	SMURF2	rs2521880	17:64745971	core_exact_n10	moderate_0.2_0.5	neuro_systemic	18	7	0.21653202	2	0.1387020807488727	0.5578866004943848	True	True	True	True	True	True	False	0.0	False	False	False	False	0.0	0	False	0.9944376995064192	0.1370360555174196	4	2	204.32324300000806	low_ambiguity_candidate
17:64500000	GNA13	rs7212449	17:64976905	core_exact_n10	moderate_0.2_0.5	neuro_systemic	25	8	0.32481235	2	0.0128062628800932	0.4069779217243194	True	True	True	True	True	True	False	0.0	False	False	False	False	0.0	0	False	0.9747544544150782	0.0336278953309122	7	1	204.31732376139396	low_ambiguity_candidate
4:84500000	CDS1	rs6531779	4:84952298	core_exact_n10	moderate_0.2_0.5	mixed_trait_axis	15	8	0.24599019	2	0.3029410417882088	0.912971556186676	True	True	True	True	True	False	True	0.9796740076223556	False	False	False	False	0.0	0	False	0.8596848397048719	0.005503558137035	1	1	204.22656395891548	low_ambiguity_candidate
10:84000000	CCSER2	rs7095983	10:84374498	lower_recurrence_exact	moderate_0.2_0.5	neuro_systemic	9	5	0.25084415	1	0.0037145256906116	0.8289003968238831	True	True	True	True	True	True	False	0.0	False	False	False	False	0.0	0	False	0.9987820429085136	0.4067050975214933	5	1	204.17682439732397	low_ambiguity_candidate
4:25000000	ZCCHC4	rs313567	4:25252373	core_exact_n10	moderate_0.2_0.5	neural_enriched	10	5	0.24058484	2	0.0415251255899735	0.8297362923622131	True	True	True	True	True	True	False	0.0	False	False	False	False	0.0	0	False	0.9867681543366844	0.0626438806216043	23	2	204.16504446698897	low_ambiguity_candidate
3:37000000	MLH1	rs13098279	3:37190967	lower_recurrence_exact	moderate_0.2_0.5	systemic_other	5	4	0.25307688	2	0.0996149375030387	0.925005316734314	True	True	True	True	True	True	False	0.0	False	False	False	False	0.0	0	False	0.9988042538798896	0.4268211795380743	14	2	203.73809570614205	low_ambiguity_candidate
3:37000000	EPM2AIP1	rs13098279	3:37190967	lower_recurrence_exact	moderate_0.2_0.5	systemic_other	5	4	0.25307688	2	0.0996149375030387	0.925005316734314	True	True	True	True	True	True	False	0.0	False	False	False	False	0.0	0	False	0.9985433868953656	0.3814159874718548	3	2	203.7354870362968	low_ambiguity_candidate
7:73500000	ABHD11	rs13241921	7:73840482	core_exact_n10	hidden_lt0.2	systemic_non_neural	10	6	0.16873595	2	0.006943842440269	0.6782581210136414	True	True	True	True	True	True	False	0.902465602516345	False	False	False	False	0.0	0	False	0.9873725351721448	0.065520453948131	44	2	203.65630656185786	low_ambiguity_candidate
14:64000000	ZBTB25	rs11851236	14:64493913	core_exact_n10	moderate_0.2_0.5	systemic_other	10	4	0.21110465	2	0.0301402493268135	0.8647724986076355	True	True	True	True	True	True	False	0.0	False	False	False	False	0.0	0	False	0.9931339854645568	0.1140866591660875	131	3	203.5790648407219	low_ambiguity_candidate
10:117000000	HSPA12A	rs7901788	10:117004075	lower_recurrence_exact	moderate_0.2_0.5	systemic_non_neural	7	4	0.21238507	2	0.2443242123380798	0.8794558644294739	True	True	True	True	True	True	False	0.0	False	False	False	False	0.0	0	False	0.9899749177460164	0.0811609898421091	14	2	203.3943078217549	low_ambiguity_candidate
9:79500000	TLE4	rs4877501	9:79688411	lower_recurrence_exact	moderate_0.2_0.5	neuro_systemic	6	4	0.20433572	1	0.0354752693108764	0.8772684931755066	True	True	True	True	True	True	False	0.0	False	False	False	False	0.0	0	False	0.9955673616271378	0.1655487635316904	29	4	203.32835854802644	low_ambiguity_candidate
14:64000000	ZBTB1	rs11851236	14:64493913	core_exact_n10	moderate_0.2_0.5	systemic_other	10	4	0.21110465	2	0.0301402493268135	0.8647724986076355	True	True	True	True	True	True	False	0.0	False	False	False	False	0.0	0	False	0.9675821779183562	0.0262944179194879	46	3	203.32354676525992	low_ambiguity_candidate
10:117000000	ENO4	rs7901788	10:117004075	lower_recurrence_exact	moderate_0.2_0.5	systemic_non_neural	7	4	0.21238507	2	0.2443242123380798	0.8794558644294739	True	True	True	True	True	True	False	0.0	False	False	False	False	0.0	0	False	0.9816425748722492	0.0458592227067611	3	1	203.3109843930172	low_ambiguity_candidate
5:39000000	OSMR	rs1239274	5:39010107	lower_recurrence_exact	moderate_0.2_0.5	neuro_systemic	5	4	0.20432311	2	0.1660771133491199	0.8854724168777466	True	True	True	True	True	True	False	0.0	False	False	False	False	0.0	0	False	0.9833886132704384	0.0505249832530316	11	3	203.18861030148184	low_ambiguity_candidate
6:96500000	FHL5	rs9373985	6:96615646	lower_recurrence_exact	moderate_0.2_0.5	neural_enriched	6	4	0.3101524	1	0.0693925505160839	0.8784279227256775	True	True	True	True	True	True	False	0.0	False	False	False	False	0.0	0	False	0.971102534849762	0.0293788458475654	25	3	203.0953045757544	low_ambiguity_candidate
18:50500000	ME2	rs686709	18:50891600	core_exact_n10	hidden_lt0.2	systemic_non_neural	10	5	0.19610316	1	0.0423303373359276	0.7309995889663696	True	True	True	True	True	True	False	0.0	False	False	False	False	0.0	0	False	0.9695396257500984	0.0281842113452424	3	1	203.00539214716468	low_ambiguity_candidate
6:17500000	KIF13A	rs1983575	6:17910314	core_exact_n10	moderate_0.2_0.5	neural_enriched	10	3	0.28307772	1	0.0014380882187652	0.8919849991798401	True	True	True	True	True	True	False	0.0	False	False	False	False	0.0	0	False	0.9961589997836412	0.1861100698767525	56	3	202.88143998963483	low_ambiguity_candidate
2:177000000	NFE2L2	rs6433653	2:177187775	core_exact_n10	moderate_0.2_0.5	systemic_non_neural	11	5	0.392781	2	0.036510912007032	0.6841205358505249	True	True	True	True	True	True	False	0.0	False	False	False	False	0.0	0	False	0.9892259655756108	0.0762941941056058	38	3	202.83346501426135	low_ambiguity_candidate
11:9000000	ZNF143	rs729313	11:9480200	core_exact_n10	moderate_0.2_0.5	systemic_non_neural	10	5	0.23954	1	0.0122130467292137	0.7052257657051086	True	True	True	True	True	True	False	0.0	False	False	False	False	0.0	0	False	0.9439357936898666	0.01497649582943	3	1	202.49161559394975	low_ambiguity_candidate
1:21500000	USP48	rs7539759	1:21761185	lower_recurrence_exact	moderate_0.2_0.5	neuro_systemic	8	4	0.37750173	1	0.0448630569301387	0.8095672726631165	True	True	True	True	True	True	False	0.0	False	False	False	False	0.0	0	False	0.9584819207690348	0.0204026201767433	33	3	202.48049193432152	low_ambiguity_candidate
11:66000000	BRMS1	rs1190621	11:66322836	lower_recurrence_exact	moderate_0.2_0.5	systemic_non_neural	5	5	0.25179148	2	0.0484810670324689	0.7071268558502197	True	True	True	True	True	True	False	0.7194426153235394	False	False	False	False	0.0	0	False	0.986865433100156	0.063257882363965	1	1	202.43992288950375	low_ambiguity_candidate
4:185000000	SNX25	rs2692593	4:185299224	lower_recurrence_exact	moderate_0.2_0.5	neuro_systemic	7	4	0.32509223	2	0.0047321319586156	0.7979265451431274	True	True	True	True	True	True	False	0.0	False	False	False	False	0.0	0	False	0.975910611471656	0.0352154487422669	3	1	202.43837156614782	low_ambiguity_candidate
2:135000000	ZRANB3	rs10182977	2:135496849	lower_recurrence_exact	moderate_0.2_0.5	systemic_non_neural	7	4	0.2586552	1	0.0081992561709947	0.7740511894226074	True	True	True	True	True	True	False	0.0	False	False	False	False	0.0	0	False	0.9912292604469674	0.0916423436173416	12	3	202.35280449869575	low_ambiguity_candidate
14:60500000	SIX1	rs767603	14:60631965	lower_recurrence_exact	moderate_0.2_0.5	systemic_non_neural	8	5	0.26905206	1	0.0223006641915957	0.6822240352630615	True	True	True	True	True	True	False	0.0	False	False	False	False	0.0	0	False	0.9698473145346216	0.0281677068878233	1	1	202.32071349797684	low_ambiguity_candidate
2:36500000	STRN	rs45504994	2:36911322	core_exact_n10	moderate_0.2_0.5	neural_enriched	10	3	0.2230603	1	0.0963660414255833	0.835206925868988	True	True	True	True	True	True	False	0.0	False	False	False	False	0.0	0	False	0.9953478915733132	0.1592540402424506	11	2	202.30554817442302	low_ambiguity_candidate
16:53000000	RBL2	rs1861351	16:53499315	lower_recurrence_exact	moderate_0.2_0.5	systemic_non_neural	4	4	0.23038158	1	0.0295124886409071	0.783150315284729	True	True	True	True	True	True	False	0.0	False	False	False	False	0.0	0	False	0.9904474102583408	0.0852148100936722	519	4	202.1359772554307	low_ambiguity_candidate
16:89000000	SPG7	rs8043788	16:89483154	lower_recurrence_exact	moderate_0.2_0.5	systemic_other	4	3	0.21102202	2	0.9999999996648796	0.8583587408065796	True	True	True	True	True	True	False	0.0	False	False	False	False	0.0	0	False	0.9996736379211474	0.7161873196106299	207	4	201.98032378727729	low_ambiguity_candidate
14:75500000	TGFB3	rs8018962	14:75907846	core_exact_n10	moderate_0.2_0.5	neural_enriched	13	5	0.45935357	2	0.0328102354584198	0.5918623208999634	True	True	True	True	True	True	False	0.0	False	False	False	False	0.020528	1	False	0.9718238635510708	0.0301750449262824	15	3	201.93686184451036	low_ambiguity_candidate
14:69000000	DCAF5	rs61980267	14:69190206	core_exact_n10	moderate_0.2_0.5	neural_enriched	11	4	0.34808034	1	0.0222736166728578	0.7055466175079346	True	True	True	True	True	True	False	0.0	False	False	False	False	0.0	0	False	0.9764766239660724	0.0359926154963479	220	3	201.92023241474007	low_ambiguity_candidate
4:109000000	SEC24B	rs13123618	4:109449711	lower_recurrence_exact	moderate_0.2_0.5	systemic_non_neural	8	4	0.26346284	1	0.0054006431193477	0.7837043404579163	True	True	True	True	True	True	False	0.0	False	False	False	False	0.0	0	False	0.9235289009157364	0.0107742978576592	2	1	201.87233241373653	low_ambiguity_candidate
5:179500000	CANX	rs4701197	5:179701234	lower_recurrence_exact	moderate_0.2_0.5	systemic_non_neural	9	4	0.25589523	2	0.0878863580824231	0.6999055743217468	True	True	True	True	True	True	False	0.0	False	False	False	False	0.0	0	False	0.9966211958188478	0.2066964720284274	35	3	201.86526770140594	low_ambiguity_candidate
17:31000000	NF1	rs2905808	17:31166975	core_exact_n10	hidden_lt0.2	neural_enriched	10	5	0.17274138	1	0.11589396966043	0.5972915291786194	True	True	True	True	True	True	False	0.0	False	False	False	False	0.0	0	False	0.9846679029555298	0.0544845621423938	45	3	201.8195943213415	low_ambiguity_candidate
6:37500000	ZFAND3	rs2180514	6:37868275	core_exact_n10	hidden_lt0.2	systemic_non_neural	11	5	0.18028206	1	0.0093693472260706	0.6339944005012512	True	True	True	True	True	True	False	0.0	False	False	False	False	0.0	0	False	0.9327577075949638	0.0123945399811854	6	2	201.76752108096215	low_ambiguity_candidate
2:210000000	KANSL1L	rs6754591	2:210000101	core_exact_n10	moderate_0.2_0.5	neural_enriched	10	4	0.26884335	1	0.2353712721106465	0.7009702920913696	True	True	True	True	True	True	False	0.0	False	False	False	False	0.0	0	False	0.9715998737501406	0.0299002120419569	17	2	201.7257016584151	low_ambiguity_candidate
1:151000000	PSMD4	rs6678528	1:151222856	core_exact_n10	moderate_0.2_0.5	systemic_non_neural	12	6	0.21734987	1	0.0083265654769045	0.4558997452259063	True	True	True	True	True	True	False	0.0	False	False	False	False	0.0	0	False	0.9960395195484544	0.1814695149943027	1	1	201.7193926477436	low_ambiguity_candidate
8:47500000	SPIDR	rs4608108	8:47602961	lower_recurrence_exact	moderate_0.2_0.5	neuro_systemic	9	6	0.22301412	1	0.0286449953283358	0.5236386060714722	True	True	True	True	True	True	False	0.0	False	False	False	False	0.0	0	False	0.9563256024820644	0.019402141058615	2	1	201.69964208553537	low_ambiguity_candidate
15:92500000	CHD2	rs10852181	15:92869548	core_exact_n10	moderate_0.2_0.5	systemic_non_neural	11	5	0.20597163	1	0.0206470385945551	0.5860115885734558	True	True	True	True	True	True	False	0.0	False	False	False	False	0.0	0	False	0.973091512562869	0.0315054223287133	33	3	201.69103101136324	low_ambiguity_candidate
6:35000000	ZNF76	rs9380501	6:35302802	lower_recurrence_exact	moderate_0.2_0.5	systemic_other	3	3	0.22357285	2	0.0980855312582767	0.8074071407318115	True	True	True	True	True	True	False	0.8425957394721069	False	False	False	False	0.0	0	False	0.9959370422265644	0.1778539788289648	24	3	201.33344182958376	low_ambiguity_candidate
10:117000000	SHTN1	rs1898357	10:117074790	lower_recurrence_exact	moderate_0.2_0.5	systemic_other	4	3	0.20524396	1	0.0207948300174605	0.7913773655891418	True	True	True	True	True	True	False	0.0	False	False	False	False	0.0	0	False	0.9946869365267004	0.1423739796071139	56	4	201.26064302115842	low_ambiguity_candidate
10:132000000	INPP5A	rs10747060	10:132471503	core_exact_n10	moderate_0.2_0.5	systemic_non_neural	12	5	0.22927201	1	0.1916489986644766	0.533547580242157	True	True	True	True	True	True	False	0.0	False	False	False	False	0.0	0	False	0.9635174915190317	0.0232785714716401	4	1	201.17065071761186	low_ambiguity_candidate
20:41500000	CHD6	rs2145040	20:41512656	lower_recurrence_exact	moderate_0.2_0.5	systemic_other	4	3	0.20279144	1	0.024366971896243	0.8372239470481873	True	True	True	True	True	True	False	0.0	False	False	False	False	0.0	0	False	0.9387751975275168	0.0136677402502456	1	1	201.15999144575704	low_ambiguity_candidate
21:15500000	USP25	rs17307197	21:15850174	lower_recurrence_exact	moderate_0.2_0.5	systemic_other	3	3	0.22231072	1	0.0009315498595807	0.8504067063331604	True	True	True	True	True	True	False	0.0	False	False	False	False	0.0	0	False	0.9302720098929756	0.011891474536202	2	1	201.10678716226138	low_ambiguity_candidate
4:70500000	MOB1B	rs1026677	4:70885378	lower_recurrence_exact	moderate_0.2_0.5	systemic_other	3	3	0.20895627	2	0.0957360435309053	0.8353037238121033	True	True	True	True	True	True	False	0.0	False	False	False	False	0.0	0	False	0.941617786998775	0.01438056434128	1	1	201.06921510810878	low_ambiguity_candidate
1:37500000	INPP5B	rs2306426	1:37868646	core_exact_n10	moderate_0.2_0.5	systemic_other	10	4	0.28723797	1	0.062822131380055	0.6045558452606201	True	True	True	True	True	True	False	0.0	False	False	False	False	0.0	0	False	0.9978251456023052	0.2844506760200695	401	4	201.02380990862926	low_ambiguity_candidate
2:177000000	AGPS	rs10754988	2:177413760	lower_recurrence_exact	moderate_0.2_0.5	systemic_other	4	3	0.22204313	2	0.0153734266375688	0.7828343510627747	True	True	True	True	True	True	False	0.0	False	False	False	False	0.0	0	False	0.9785351228546952	0.0393762888793695	14	2	201.0136947391747	low_ambiguity_candidate
7:35000000	DPY19L1	rs10262841	7:35185906	lower_recurrence_exact	moderate_0.2_0.5	systemic_other	4	3	0.23433435	2	0.0369903465236631	0.8236314654350281	True	True	True	True	True	True	False	0.9576065001535544	False	False	False	False	0.0	0	False	0.9363336566331876	0.0130827579369253	16	3	200.99965122068215	low_ambiguity_candidate
4:70500000	DCK	rs1026677	4:70885378	lower_recurrence_exact	moderate_0.2_0.5	systemic_other	3	3	0.20895627	2	0.0957360435309053	0.8353037238121033	True	True	True	True	True	True	False	0.0	False	False	False	False	0.0	0	False	0.920578740245776	0.0103446094749388	2	2	200.8588246405788	low_ambiguity_candidate
14:53000000	DDHD1	rs9323237	14:53127673	lower_recurrence_exact	moderate_0.2_0.5	systemic_other	3	3	0.22078991	1	0.0029443187291946	0.8158788084983826	True	True	True	True	True	True	False	0.0	False	False	False	False	0.0	0	False	0.9320273555959216	0.0122228338285061	22	2	200.77906164094304	low_ambiguity_candidate
10:22500000	PIP4K2A	rs11599280	10:22504064	lower_recurrence_exact	moderate_0.2_0.5	neural_enriched	3	3	0.29987118	1	0.0103386633237016	0.7571190595626831	True	True	True	True	True	True	False	0.0	False	False	False	False	0.0	0	False	0.990070039782904	0.0818874318981544	39	1	200.77189099345588	low_ambiguity_candidate
14:50000000	MAP4K5	rs4898660	14:50478110	core_exact_n10	moderate_0.2_0.5	systemic_non_neural	11	6	0.22516881	1	0.014157558918392	0.40370973944664	True	True	True	True	True	True	False	0.0	False	False	False	False	0.0	0	False	0.9555144937485038	0.0189836774326622	9	1	200.69224233195143	low_ambiguity_candidate
9:77500000	GNAQ	rs10781459	9:77763780	lower_recurrence_exact	moderate_0.2_0.5	systemic_non_neural	5	4	0.22684512	1	0.0389377030580187	0.6456695795059204	True	True	True	True	True	True	False	0.0	False	False	False	False	0.0	0	False	0.9663596842054948	0.0252112338769912	13	1	200.62029263711415	low_ambiguity_candidate
12:111500000	TMEM116	rs12423126	12:111991665	lower_recurrence_exact	moderate_0.2_0.5	systemic_other	4	3	0.21743222	2	0.9629270858536584	0.7388715147972107	True	True	True	True	True	True	False	0.0	False	False	False	False	0.0	0	False	0.961648348880711	0.0220793737628933	127	4	200.40519863677923	low_ambiguity_candidate
12:111500000	MAPKAPK5	rs12423126	12:111991665	lower_recurrence_exact	moderate_0.2_0.5	systemic_other	4	3	0.21743222	2	0.9629270858536584	0.7388715147972107	True	True	True	True	True	True	False	0.0	False	False	False	False	0.0	0	False	0.955482148039356	0.0190434777590346	40	3	200.34353662836568	low_ambiguity_candidate
19:47000000	BBC3	rs884171	19:47213090	lower_recurrence_exact	moderate_0.2_0.5	systemic_non_neural	6	4	0.23293474	1	0.1220835254571778	0.0758602693676948	True	False	True	True	True	True	False	0.0	True	True	False	False	0.0	0	False	0.9955432433684264	0.1700511408263169	1	1	200.3140351273612	low_ambiguity_candidate
15:75000000	SIN3A	rs7166737	15:75390172	lower_recurrence_exact	moderate_0.2_0.5	systemic_non_neural	7	4	0.21932945	2	0.0371652261015323	0.55677729845047	True	True	True	True	True	True	False	0.0	False	False	False	False	0.0	0	False	0.99990817719557	0.8266753921156448	24	1	200.2668547564604	low_ambiguity_candidate
19:47000000	ARHGAP35	rs1052669	19:47003512	lower_recurrence_exact	moderate_0.2_0.5	neuro_systemic	6	4	0.2091278	1	0.0345040770884728	0.5883613228797913	True	True	True	True	True	True	False	0.0	False	False	False	False	0.0	0	False	0.976051524767765	0.0353823096389676	21	3	200.24412847647557	low_ambiguity_candidate
13:99000000	DOCK9	rs9517574	13:99055515	lower_recurrence_exact	moderate_0.2_0.5	systemic_other	3	3	0.22045295	1	0.0060717935132549	0.712181031703949	True	True	True	True	True	True	False	0.0	False	False	False	False	0.0	0	False	0.9769390201106344	0.0367226105712707	3	1	200.19120051814585	low_ambiguity_candidate
19:8000000	RAB11B	rs1808536	19:8376973	core_exact_n10	moderate_0.2_0.5	systemic_non_neural	14	5	0.21393882	1	0.999929201514524	0.3732265532016754	True	True	True	True	True	True	False	0.0	False	False	False	False	0.0	0	False	0.9959435605083996	0.1860901486282539	11	2	200.09170113710076	low_ambiguity_candidate
12:56000000	SMARCC2	rs4759218	12:56214143	core_exact_n10	moderate_0.2_0.5	neural_enriched	14	7	0.48160726	1	0.0192401239446113	0.1662078350782394	True	True	True	True	True	True	False	0.0	False	False	False	False	0.0	0	False	0.9758271011156798	0.0351258729790569	2	2	199.8203493619392	low_ambiguity_candidate
2:119500000	EPB41L5	rs7578989	2:119994766	core_exact_n10	hidden_lt0.2	systemic_other	11	5	0.1808661	1	0.00536293813839	0.4425830841064453	True	True	True	True	True	True	False	0.0	False	False	False	False	0.0	0	False	0.928907877695235	0.0116476230926553	5	2	199.8149096180168	low_ambiguity_candidate
12:120000000	BICDL1	rs7968557	12:120052572	lower_recurrence_exact	moderate_0.2_0.5	systemic_non_neural	6	4	0.21099102	1	0.0154428346998983	0.555059552192688	True	True	True	True	True	True	False	0.0	False	False	False	False	0.0	0	False	0.9626575785516032	0.0228030737321102	31	3	199.7771713074429	low_ambiguity_candidate
6:73000000	MTO1	rs658475	6:73485808	core_exact_n10	moderate_0.2_0.5	neural_enriched	13	6	0.30149883	1	0.0211952344421651	0.2757124602794647	True	True	True	True	True	True	False	0.0	False	False	False	False	0.0	0	False	0.968826281737497	0.027219291696591	15	2	199.74538742016964	low_ambiguity_candidate
4:8000000	CPZ	rs2631735	4:8474391	core_exact_n10	moderate_0.2_0.5	neural_enriched	11	4	0.30225375	1	0.0168233510827438	0.282199889421463	True	False	True	True	True	False	True	0.9449323380192628	False	False	True	True	0.073853	3	True	0.8568280349768052	0.0053730611861864	3	3	199.49027924398268	low_ambiguity_candidate
1:70500000	PTGER3	rs541667	1:70978951	lower_recurrence_exact	moderate_0.2_0.5	neuro_systemic	5	4	0.20197919	1	0.0357608053010507	0.5018827319145203	True	True	True	True	True	True	False	0.0	False	False	False	False	0.0	0	False	0.9751797937463232	0.0341458231526502	2	1	199.27062525660844	low_ambiguity_candidate
10:74000000	VCL	rs2270548	10:74082394	lower_recurrence_exact	moderate_0.2_0.5	neuro_systemic	9	4	0.31134105	1	0.1219986741141211	0.8156715631484985	True	True	True	True	True	False	True	0.792981540506222	False	False	False	False	0.0	0	False	0.9001225019357247	0.0080661295716617	46	3	199.05794065084223	low_ambiguity_candidate
19:47000000	ARHGAP35	rs11548674	19:47003095	lower_recurrence_exact	moderate_0.2_0.5	neural_enriched	4	3	0.21198142	2	0.0432766769701958	0.5883613228797913	True	True	True	True	True	True	False	0.8967217134531642	False	False	False	False	0.0	0	False	0.976051524767765	0.0353823096389676	21	3	199.04412847647558	low_ambiguity_candidate
10:99500000	ENTPD7	rs4919382	10:99677148	lower_recurrence_exact	moderate_0.2_0.5	systemic_non_neural	8	4	0.25039488	1	0.0078549998735778	0.8117920756340027	True	True	True	True	True	False	True	0.8672518672640537	False	False	False	False	0.0	0	False	0.8934062757856098	0.0075101804325018	3	1	198.85198351419615	low_ambiguity_candidate
5:154500000	FAXDC2	rs2161128	5:154933864	core_exact_n10	moderate_0.2_0.5	neural_enriched	11	4	0.3439029	2	0.0184026049472296	0.4379608631134033	True	True	True	True	True	True	False	0.0	False	False	False	False	0.0	0	False	0.9226508742114468	0.0106640198902202	5	2	198.7061173732485	low_ambiguity_candidate
11:65000000	POLA2	rs525141	11:65322321	core_exact_n10	moderate_0.2_0.5	systemic_non_neural	11	5	0.28941822	1	0.0622601244782167	0.2676310241222381	True	True	True	True	True	True	False	0.0	False	False	False	False	0.0	0	False	0.987742739984082	0.0677036741282031	27	2	198.6537376410632	low_ambiguity_candidate
12:57000000	SHMT2	rs7956957	12:57209032	lower_recurrence_exact	moderate_0.2_0.5	systemic_non_neural	7	5	0.24440394	1	0.0932055347759803	0.3024777770042419	True	True	True	True	True	True	False	0.0	False	False	False	False	0.0	0	False	0.991159523710356	0.0911191923752774	4	1	198.63637300714598	low_ambiguity_candidate
12:6500000	EMG1	rs16933023	12:6999256	core_exact_n10	moderate_0.2_0.5	systemic_other	10	3	0.30892426	2	0.064420492486609	0.463340014219284	True	True	True	True	True	True	False	0.0	False	False	False	False	0.0	0	False	0.9965384690646686	0.2018388875708228	9	2	198.59878483283953	low_ambiguity_candidate
19:8000000	PRAM1	rs10421511	19:8469041	lower_recurrence_exact	moderate_0.2_0.5	systemic_non_neural	9	5	0.38525072	1	0.0089110133212438	0.3108219504356384	True	True	True	True	True	True	False	0.0	False	False	False	False	0.0	0	False	0.9557045849571412	0.0192051760049585	6	2	198.5652653539278	low_ambiguity_candidate
8:144000000	EXOSC4	rs4977196	8:144108511	core_exact_n10	moderate_0.2_0.5	systemic_non_neural	10	6	0.39817187	2	0.0262345835404581	0.1890797615051269	True	True	True	True	True	True	False	0.0	False	False	False	False	0.0	0	False	0.9532365647349232	0.0180308545837754	2	1	198.4231632624005	low_ambiguity_candidate
12:6500000	LPCAT3	rs16933023	12:6999256	core_exact_n10	moderate_0.2_0.5	systemic_other	10	3	0.30892426	2	0.064420492486609	0.463340014219284	True	True	True	True	True	True	False	0.0	False	False	False	False	0.0	0	False	0.9743678428404702	0.0333122859434368	4	2	198.37707857059755	low_ambiguity_candidate
17:78500000	TIMP2	rs1531795	17:78876003	lower_recurrence_exact	moderate_0.2_0.5	systemic_other	4	3	0.23228762	1	0.027587455424692	0.5275580286979675	True	True	True	True	True	True	False	0.0	False	False	False	False	0.0	0	False	0.9699908084347324	0.0283313868680124	4	1	198.375488371327	low_ambiguity_candidate
17:41500000	DNAJC7	rs4378665	17:41991918	lower_recurrence_exact	moderate_0.2_0.5	systemic_non_neural	7	4	0.23043399	2	0.0969139467678001	0.3565753996372223	True	True	True	True	True	True	False	0.0	False	False	False	False	0.0	0	False	0.9808561493708466	0.0454165523038477	6	2	198.07431549008066	low_ambiguity_candidate
15:44500000	SORD	rs12916850	15:44983500	core_exact_n10	moderate_0.2_0.5	systemic_other	10	3	0.33946154	1	0.0035391493628468	0.4373078942298889	True	True	True	True	True	True	False	0.0	False	False	False	False	0.0	0	False	0.9477550813000852	0.0160855208739693	11	2	197.85062975529974	low_ambiguity_candidate
5:500000	ZDHHC11	rs454805	5:742624	core_exact_n10	moderate_0.2_0.5	systemic_non_neural	10	5	0.28498328	1	0.0169818447306964	0.1982028633356094	True	True	True	True	True	True	False	0.0	False	False	False	False	0.0	0	False	0.9842990586531116	0.0532424434305094	24	3	197.82501921988722	low_ambiguity_candidate
1:155500000	ARHGEF2	rs12043212	1:155994907	lower_recurrence_exact	moderate_0.2_0.5	systemic_non_neural	5	4	0.2153149	1	0.0390404191049257	0.3351908922195434	True	True	True	True	True	True	False	0.0	False	False	False	False	0.0	0	False	0.980949004036842	0.0443875775012551	37	3	197.66139896256385	low_ambiguity_candidate
17:41500000	CNP	rs4378665	17:41991918	lower_recurrence_exact	moderate_0.2_0.5	systemic_non_neural	7	4	0.23043399	2	0.0969139467678001	0.3565753996372223	True	True	True	True	True	True	False	0.0	False	False	False	False	0.0	0	False	0.9385514617036133	0.013647200572029	1	1	197.65126861340835	low_ambiguity_candidate
8:51500000	PXDNL	rs7459977	8:51747403	core_exact_n10	moderate_0.2_0.5	neural_enriched	10	3	0.46570536	1	0.0328967342357768	0.7893872857093811	True	True	True	True	True	False	True	0.900152247702491	False	False	False	False	0.0	0	False	0.8584761937958717	0.0054442099681135	2	1	197.47863479505253	low_ambiguity_candidate
1:33000000	PHC2	rs12041371	1:33296061	lower_recurrence_exact	moderate_0.2_0.5	neural_enriched	4	3	0.21997252	2	0.045814443046157	0.3531222939491272	True	True	True	True	True	True	False	0.9730917859675586	False	False	False	False	0.0	0	False	0.9875411577465888	0.0673799046051575	1	1	196.80663451695716	low_ambiguity_candidate
19:2500000	SLC39A3	rs759071	19:2728579	lower_recurrence_exact	moderate_0.2_0.5	systemic_other	6	4	0.2530192	1	0.0985371643334708	0.2302300781011581	True	True	True	True	True	True	False	0.0	False	False	False	False	0.0	0	False	0.9878815644525468	0.0680886763399413	38	1	196.78111642553705	low_ambiguity_candidate
12:110000000	ARPC3	rs11829321	12:110426788	lower_recurrence_exact	moderate_0.2_0.5	systemic_non_neural	6	4	0.25043666	2	0.0037060298482075	0.2176555842161178	True	True	True	True	True	True	False	0.0	False	False	False	False	0.0	0	False	0.993467971990602	0.1205024818708775	12	3	196.7112355620672	low_ambiguity_candidate
15:66500000	MAP2K1	rs8043062	15:66503642	lower_recurrence_exact	moderate_0.2_0.5	neuro_systemic	6	5	0.34087244	2	0.0121215285415069	0.1387551575899124	True	True	True	True	True	True	False	0.0	False	False	False	False	0.0	0	False	0.960361950431326	0.0214428696433742	9	1	196.59117108021238	low_ambiguity_candidate
9:128000000	SLC25A25	rs10739708	9:128084930	core_exact_n10	moderate_0.2_0.5	neural_enriched	11	4	0.2807361	2	0.0080150332293988	0.1541068106889724	True	True	True	True	True	True	False	0.0	False	False	False	False	0.0	0	False	0.9717998674435908	0.0300922661585956	11	2	196.35906678132562	low_ambiguity_candidate
1:151000000	PSMB4	rs4971047	1:151457575	lower_recurrence_exact	moderate_0.2_0.5	systemic_other	4	3	0.23239449	2	0.0243030496045012	0.3241265714168548	True	True	True	True	True	True	False	0.0	False	False	False	False	0.0	0	False	0.922720058342299	0.010683606110036	4	2	195.86846629759154	low_ambiguity_candidate
1:151000000	ZNF687	rs4971023	1:151246418	lower_recurrence_exact	moderate_0.2_0.5	systemic_non_neural	6	4	0.24141946	1	0.0490026011368601	0.1312283873558044	True	True	True	True	True	True	False	0.0	False	False	False	False	0.0	0	False	0.9734087299136484	0.0319479903149096	1	1	195.64637117269453	low_ambiguity_candidate
2:74500000	LBX2	rs73949689	2:74571602	core_exact_n10	moderate_0.2_0.5	neural_enriched	10	3	0.37746355	2	0.0376647875252913	0.1780756711959839	True	True	True	True	True	True	False	0.0	False	False	False	False	0.0	0	False	0.9361954724761532	0.0130559580623062	33	3	195.14271143672136	low_ambiguity_candidate
4:47500000	CORIN	rs1440227	4:47830875	core_exact_n10	moderate_0.2_0.5	neural_enriched	10	4	0.29628766	2	0.0200823506396173	0.4121773242950439	True	True	True	True	True	False	True	0.9726179965839766	False	False	False	False	0.0	0	False	0.8900680072736245	0.0072494773430985	6	2	195.02245331568668	low_ambiguity_candidate
21:39000000	HMGN1	rs2272576	21:39312463	core_exact_n10	hidden_lt0.2	systemic_other	10	4	0.19112293	2	0.0132460617006159	0.3577796816825866	True	True	True	True	True	False	True	0.9519371124214536	False	False	False	False	0.0	0	False	0.9132497434468604	0.0094274680679966	1	1	194.71029425129447	low_ambiguity_candidate
12:64500000	TBC1D30	rs10784422	12:64818983	lower_recurrence_exact	moderate_0.2_0.5	systemic_non_neural	9	5	0.32026148	1	0.0339297194000705	0.270476758480072	True	True	True	True	True	False	True	0.6739414410432822	False	False	False	False	0.0	0	False	0.9004976056301114	0.0081118483958127	1	1	194.60974364110183	low_ambiguity_candidate
8:47500000	SPIDR	rs4873478	8:47610734	lower_recurrence_exact	moderate_0.2_0.5	systemic_non_neural	9	7	0.2329046	1	0.021698349760073	0.1833321303129196	True	False	True	True	True	True	True	0.861220959929341	False	False	False	False	0.0	0	False	0.9563256024820644	0.019402141058615	2	1	191.29657732794985	low_ambiguity_candidate
17:11500000	ZNF18	rs4450439	17:11987148	core_exact_n10	moderate_0.2_0.5	systemic_other	10	4	0.20322615	2	0.0291557601048984	0.4603008329868316	True	False	True	True	True	True	True	0.8320221380139545	False	False	False	False	0.0	0	False	0.96407990451444	0.0236239143089438	4	2	191.24380737501272	low_ambiguity_candidate
19:1000000	CIRBP	rs8108009	19:1274540	core_exact_n10	moderate_0.2_0.5	systemic_non_neural	10	5	0.21931043	1	0.1274962094521407	0.4272986650466919	True	False	True	True	True	True	False	0.0	True	False	False	False	0.0	0	False	0.9930083890113324	0.114358858214286	12	2	190.20307054058026	low_ambiguity_candidate
5:500000	ZDHHC11	rs6865411	5:761633	lower_recurrence_exact	moderate_0.2_0.5	systemic_non_neural	8	4	0.35045117	2	0.0166044937120873	0.2766919434070587	True	False	True	True	True	True	True	0.9869211270440712	False	False	False	False	0.0	0	False	0.9842990586531116	0.0532424434305094	24	3	189.40991002060173	low_ambiguity_candidate
5:500000	TPPP	rs6865411	5:761633	lower_recurrence_exact	moderate_0.2_0.5	systemic_non_neural	8	4	0.35045117	2	0.0166044937120873	0.2766919434070587	True	False	True	True	True	True	True	0.9869211270440712	False	False	False	False	0.0	0	False	0.9485783459540612	0.0163891676073725	5	1	189.0527028936112	low_ambiguity_candidate
6:38500000	GLO1	rs1739633	6:38649944	lower_recurrence_exact	moderate_0.2_0.5	neuro_systemic	8	5	0.3061127	1	8.84971552251395e-05	0.8056396842002869	True	True	False	True	True	True	False	0.0	False	False	False	False	0.0	0	True	0.9781225731837102	0.0393148947051123	1	1	188.63762257384	low_ambiguity_candidate
8:11000000	FAM167A	rs2618479	8:11498312	lower_recurrence_exact	moderate_0.2_0.5	systemic_non_neural	9	4	0.27014324	2	0.0309101258681741	0.1632943004369735	True	False	True	True	True	True	True	0.6725457822871955	False	False	False	False	0.0	0	False	0.9906996443332104	0.0869013177364089	29	1	188.43993944770185	low_ambiguity_candidate
3:48500000	PRKAR2A	rs9859473	3:48799749	core_exact_n10	moderate_0.2_0.5	systemic_non_neural	11	6	0.2423783	1	0.0361395286905915	0.6325845122337341	True	True	False	True	True	True	False	0.0	False	False	False	False	0.0	0	True	0.9834493337735174	0.0520983432919555	4	2	188.26033846007252	low_ambiguity_candidate
2:208000000	IDH1	rs10202116	2:208244034	lower_recurrence_exact	moderate_0.2_0.5	neuro_systemic	8	6	0.20511453	1	0.1016305120388052	0.789054274559021	True	True	True	True	True	False	False	0.0	False	False	False	False	0.0	0	False	0.8418369270871752	0.0047943196536601	1	1	188.10891201646197	low_ambiguity_candidate
16:23000000	EARS2	rs2040574	16:23499005	core_exact_n10	moderate_0.2_0.5	systemic_non_neural	30	12	0.33601034	2	0.0065707967532678	0.3266774713993072	True	False	False	True	True	True	False	0.0	True	True	False	False	0.0	0	False	0.9566839570292802	0.0195291491290759	98	4	187.8336142842859	low_ambiguity_candidate
3:111000000	NECTIN3	rs6765948	3:111016708	lower_recurrence_exact	moderate_0.2_0.5	neuro_systemic	8	5	0.26225698	1	0.0061215515375224	0.8212538361549377	True	True	True	True	True	False	False	0.0	False	False	False	False	0.0	0	False	0.8728815509331445	0.006159946336869	2	1	187.74135387088083	low_ambiguity_candidate
10:86000000	WAPL	rs7094132	10:86443311	lower_recurrence_exact	moderate_0.2_0.5	systemic_non_neural	5	4	0.21470177	1	0.0087762274575443	0.8619890809059143	True	True	True	True	True	False	False	0.0	False	False	False	False	0.0	0	False	0.9147792503116148	0.0096511213474482	1	1	187.26768331217528	low_ambiguity_candidate
17:45000000	MAP3K14	rs1000354	17:45336085	lower_recurrence_exact	moderate_0.2_0.5	systemic_non_neural	9	5	0.21639639	1	0.8817825434499231	0.7420951128005981	True	True	True	True	True	False	False	0.0	False	False	False	False	0.0	0	False	0.8773940817650451	0.0064838771606293	2	1	187.09489194565643	low_ambiguity_candidate
5:134000000	PPP2CA	rs10051026	5:134195758	core_exact_n10	moderate_0.2_0.5	neural_enriched	10	4	0.24208935	2	0.0092994196178391	0.7823355793952942	True	True	True	True	True	False	False	0.0	False	False	False	False	0.0	0	False	0.9133493303252768	0.0094808931983648	9	2	186.95684909720572	low_ambiguity_candidate
8:51500000	PXDNL	rs12674620	8:51755043	lower_recurrence_exact	moderate_0.2_0.5	neuro_systemic	9	4	0.4090624	1	0.0095569005312154	0.7893872857093811	True	True	True	True	True	False	False	0.0	False	False	False	False	0.0	0	False	0.8584761937958717	0.0054442099681135	2	1	186.37863479505253	low_ambiguity_candidate
7:102000000	PRKRIP1	rs7384178	7:102410192	lower_recurrence_exact	moderate_0.2_0.5	systemic_non_neural	9	4	0.24967447	2	0.0118924634546719	0.1516959071159362	True	False	True	True	True	True	False	0.0	True	False	False	False	0.0	0	False	0.9445979485370976	0.0151880921477882	20	2	185.86293855653034	low_ambiguity_candidate
16:89000000	ANKRD11	rs8043788	16:89483154	lower_recurrence_exact	moderate_0.2_0.5	systemic_other	4	3	0.21102202	2	0.9999999996648796	0.8583587408065796	True	True	True	True	True	False	False	0.0	False	False	False	False	0.0	0	False	0.815220644912689	0.0039660814596979	1	1	185.13579385719268	low_ambiguity_candidate
12:64000000	XPOT	rs6581555	12:64383924	core_exact_n10	moderate_0.2_0.5	mixed_trait_axis	15	7	0.31441027	1	0.0324750355554768	0.6349238157272339	True	False	True	True	True	True	False	0.0	False	False	False	False	0.0	0	False	0.9881674531962112	0.0696241948319652	2	1	184.73091268923446	low_ambiguity_candidate
16:53000000	CHD9	rs1984470	16:53217014	lower_recurrence_exact	moderate_0.2_0.5	systemic_other	4	3	0.21158297	1	0.060565920719749	0.7148231267929077	True	True	True	True	True	False	False	0.0	False	False	False	False	0.0	0	False	0.8767628890891205	0.0063795745769787	3	1	184.3158601588203	low_ambiguity_candidate
16:15000000	RRN3	rs2941266	16:15141783	core_exact_n10	moderate_0.2_0.5	systemic_non_neural	19	10	0.4024217	1	0.0276346033889407	0.1883352398872375	True	False	True	True	True	True	False	0.0	False	False	False	False	0.0	0	False	0.9990662008676096	0.4667539018831926	79	4	183.77401440754846	low_ambiguity_candidate
5:154500000	CNOT8	rs2161128	5:154933864	core_exact_n10	moderate_0.2_0.5	neural_enriched	11	4	0.3439029	2	0.0184026049472296	0.4379608631134033	True	True	True	True	True	False	False	0.0	False	False	False	False	0.0	0	False	0.906802045842439	0.0087174538728864	1	1	183.54762908955843	low_ambiguity_candidate
12:122500000	ABCB9	rs1037593	12:122884582	core_exact_n10	moderate_0.2_0.5	systemic_non_neural	10	5	0.22516997	1	0.0010883431628791	0.1661308109760284	True	False	True	True	True	True	False	0.0	False	False	True	False	0.01558	3	False	0.9543532239913224	0.0184841193293774	40	3	183.2048403496735	low_ambiguity_candidate
11:72000000	NUMA1	rs552966	11:72077171	core_exact_n10	moderate_0.2_0.5	neural_enriched	16	6	0.48299378	1	0.0033927598186756	0.1293415129184723	True	True	True	True	True	False	False	0.0	False	False	False	False	0.0	0	False	0.8357624529579544	0.0045743982182128	8	2	182.25103965876426	low_ambiguity_candidate
2:178000000	PRKRA	rs1559908	2:178471620	core_exact_n10	moderate_0.2_0.5	systemic_non_neural	14	6	0.21630341	1	0.0127128738039272	0.4883926510810852	True	False	True	True	True	True	False	0.0	False	False	False	False	0.0	0	False	0.9896038521926402	0.0785524674482495	4	2	182.17996503273727	low_ambiguity_candidate
4:78500000	PAQR3	rs12711032	4:78662548	lower_recurrence_exact	moderate_0.2_0.5	neural_enriched	4	3	0.3840053	2	0.0231314831743108	0.4468251466751098	True	True	True	True	True	False	False	0.6699173243836459	False	False	False	False	0.0	0	False	0.8249953690623986	0.0042429077569491	1	1	181.1182051573751	low_ambiguity_candidate
22:17500000	BID	rs713701	22:17648780	core_exact_n10	moderate_0.2_0.5	neural_enriched	14	3	0.47306693	1	0.117095283607375	0.6382564306259155	True	False	True	True	True	True	False	0.0	False	False	False	False	0.0	0	False	0.9917824130984202	0.0977784875148709	27	2	180.70038843724336	low_ambiguity_candidate
13:20500000	XPO4	rs9579950	13:20773245	core_exact_n10	moderate_0.2_0.5	systemic_other	10	2	0.3491683	2	0.0153654904383634	0.4001063108444214	True	True	True	True	True	False	False	0.0	False	False	False	False	0.0	0	False	0.8652515157749748	0.0057592831395943	6	1	180.65357826619396	low_ambiguity_candidate
2:25500000	RAB10	rs11688934	2:25992165	lower_recurrence_exact	moderate_0.2_0.5	systemic_non_neural	9	4	0.2763776	1	0.0066602308569744	0.5604671239852905	True	False	True	True	True	True	False	0.0	False	False	False	False	0.0	0	False	0.987910733383602	0.0683603648306682	2	1	180.38377857368894	low_ambiguity_candidate
11:8000000	EIF3F	rs11041706	11:8002921	core_exact_n10	hidden_lt0.2	neuro_systemic	18	10	0.17257445	1	0.0059363634366652	0.4088288843631744	True	True	False	True	True	True	False	0.0	False	False	False	False	0.0	0	False	0.9431093407870572	0.0147520226716031	7	2	180.31938225150233	low_ambiguity_candidate
17:82000000	NARF	rs8081734	17:82490657	lower_recurrence_exact	moderate_0.2_0.5	systemic_non_neural	5	4	0.22146802	2	0.0127027204363451	0.5831274390220642	True	False	True	True	True	True	False	0.0	False	False	False	False	0.0	0	False	0.9985366507868478	0.3661569882929257	345	4	180.31664089808913	low_ambiguity_candidate
16:15000000	RRN3	rs2966138	16:15143630	core_exact_n10	hidden_lt0.2	neuro_systemic	11	7	0.19712703	1	0.0433784803285853	0.1883352398872375	True	False	True	True	True	True	False	0.0	False	False	False	False	0.0	0	False	0.9990662008676096	0.4667539018831926	79	4	179.97401440754845	low_ambiguity_candidate
2:74500000	TTC31	rs73949689	2:74571602	core_exact_n10	moderate_0.2_0.5	neural_enriched	10	3	0.37746355	2	0.0376647875252913	0.1780756711959839	True	True	True	True	True	False	False	0.0	False	False	False	False	0.0	0	False	0.9134670943329752	0.0094312848652596	2	1	179.9154276552896	low_ambiguity_candidate
12:110000000	ATP2A2	rs11829321	12:110426788	lower_recurrence_exact	moderate_0.2_0.5	systemic_non_neural	6	4	0.25043666	2	0.0037060298482075	0.2176555842161178	True	True	True	True	True	False	False	0.0	False	False	False	False	0.0	0	False	0.8094178385056446	0.0038198173937013	2	1	179.8707342272176	low_ambiguity_candidate
2:178000000	PRKRA	rs9967820	2:178484500	core_exact_n10	moderate_0.2_0.5	systemic_other	10	4	0.30820075	1	0.0190580131578185	0.4883926510810852	True	False	True	True	True	True	False	0.0	False	False	False	False	0.0	0	False	0.9896038521926402	0.0785524674482495	4	2	179.77996503273727	low_ambiguity_candidate
14:103500000	ZFYVE21	rs1535100	14:103727859	core_exact_n10	moderate_0.2_0.5	mixed_trait_axis	13	8	0.24813111	1	0.719425350649909	0.5967658758163452	True	True	False	True	True	True	False	0.0	False	False	False	False	0.0	0	False	0.9430200366011994	0.0149929036126697	1	1	179.69785912417547	low_ambiguity_candidate
1:37000000	MEAF6	rs215210	1:37493849	core_exact_n10	moderate_0.2_0.5	neuro_systemic	16	7	0.26229614	2	0.0204959762130862	0.093773104250431	True	False	True	True	True	True	False	0.0	False	False	False	False	0.0	0	False	0.9796155090327174	0.0415791552113686	5	1	179.33388613283148	low_ambiguity_candidate
17:11500000	MAP2K4	rs4450439	17:11987148	core_exact_n10	moderate_0.2_0.5	systemic_other	10	4	0.20322615	2	0.0291557601048984	0.4603008329868316	True	False	True	True	True	True	False	0.8320221380139545	False	False	False	False	0.0	0	False	0.9575727637285996	0.0199486266094059	1	1	179.17873596715432	low_ambiguity_candidate
6:36000000	KCTD20	rs7741260	6:36431343	lower_recurrence_exact	moderate_0.2_0.5	systemic_other	4	3	0.21450098	2	0.0896024341090535	0.1902550905942917	True	True	True	True	True	False	False	0.0	False	False	False	False	0.0	0	False	0.8766954720371832	0.0063922208829895	1	1	179.06950562631476	low_ambiguity_candidate
16:69000000	CHTF8	rs2232228	16:69109674	lower_recurrence_exact	moderate_0.2_0.5	neural_enriched	4	3	0.20203389	1	0.0010662041068205	0.1247561573982238	True	True	True	True	True	False	False	0.0	False	False	False	False	0.0	0	False	0.9123951546368416	0.0093040324550172	3	2	178.77151312035068	low_ambiguity_candidate
5:83000000	XRCC4	rs301286	5:83307136	lower_recurrence_exact	moderate_0.2_0.5	systemic_non_neural	6	6	0.2409089	2	0.0146053587954175	0.7256098389625549	True	True	False	True	True	True	False	0.0	False	False	False	False	0.0	0	False	0.9887296641669144	0.0729734249771162	2	2	178.74339503129468	low_ambiguity_candidate
15:42000000	GANC	rs1659218	15:42323875	lower_recurrence_exact	moderate_0.2_0.5	systemic_non_neural	9	5	0.21034333	2	0.0102425862622974	0.3182330727577209	True	False	True	True	True	True	False	0.0	False	False	False	False	0.0	0	False	0.9634554748198884	0.0232457229986115	20	3	178.7168854757761	low_ambiguity_candidate
4:70500000	DCK	rs10446507	4:70900895	lower_recurrence_exact	moderate_0.2_0.5	systemic_non_neural	6	4	0.2746347	2	0.0591841787562788	0.4263893365859985	True	False	True	True	True	True	False	0.0	False	False	False	False	0.0	0	False	0.920578740245776	0.0103446094749388	2	2	178.06968076831774	low_ambiguity_candidate
16:70000000	IL34	rs2303793	16:70496456	core_exact_n10	moderate_0.2_0.5	neural_enriched	13	6	0.29716876	1	0.0076770117796236	0.1370476931333542	True	False	True	True	True	True	False	0.0	False	False	False	False	0.0	0	False	0.9383483752311936	0.0135512785020059	4	1	178.0539606836455	low_ambiguity_candidate
19:8000000	HNRNPM	rs6603083	19:8482573	lower_recurrence_exact	moderate_0.2_0.5	systemic_non_neural	9	5	0.23421906	1	0.0191465012108423	0.2455763667821884	True	False	True	True	True	True	False	0.0	False	False	False	False	0.0	0	False	0.9483836790698512	0.0164064188442601	4	2	177.8396004585204	low_ambiguity_candidate
3:149500000	RNF13	rs1350349	3:149908752	core_exact_n10	moderate_0.2_0.5	systemic_non_neural	12	5	0.23422605	1	0.0090403256602678	0.1757313162088394	True	False	True	True	True	True	False	0.0	False	False	False	False	0.0	0	False	0.9391131637271236	0.0137744254099839	1	1	177.3484447993596	low_ambiguity_candidate
7:2000000	LFNG	rs2906155	7:2481456	lower_recurrence_exact	moderate_0.2_0.5	systemic_non_neural	6	5	0.21721323	1	0.1689863136061581	0.153977021574974	True	False	True	True	True	True	False	0.0	False	False	False	False	0.0	0	False	0.9817434553554556	0.0462080615705196	5	1	176.9572047693043	low_ambiguity_candidate
12:93000000	MRPL42	rs10745654	12:93484015	core_exact_n10	hidden_lt0.2	systemic_other	10	4	0.18912368	1	0.0122730734551137	0.7024776339530945	True	True	False	True	True	True	False	0.0	False	False	False	False	0.0	0	False	0.9874020538254386	0.0656158808705875	13	4	176.89879687778534	low_ambiguity_candidate
1:37000000	MEAF6	rs215211	1:37493869	core_exact_n10	moderate_0.2_0.5	systemic_other	10	5	0.21098593	2	0.0202965985473352	0.093773104250431	True	False	True	True	True	True	False	0.0	False	False	False	False	0.0	0	False	0.9796155090327174	0.0415791552113686	5	1	176.7338861328315	low_ambiguity_candidate
19:34000000	UBA2	rs4619515	19:34400577	lower_recurrence_exact	moderate_0.2_0.5	systemic_non_neural	7	5	0.26188147	1	0.0124741566510334	0.1639569550752639	True	False	True	True	True	True	False	0.0	False	False	False	False	0.0	0	False	0.9274668656258476	0.011430215564185	13	2	176.6142382070111	low_ambiguity_candidate
5:83000000	XRCC4	rs387002	5:83307025	lower_recurrence_exact	moderate_0.2_0.5	neuro_systemic	4	4	0.27472892	1	0.0078810581605502	0.7256098389625549	True	True	False	True	True	True	False	0.0	False	False	False	False	0.0	0	False	0.9887296641669144	0.0729734249771162	2	2	176.5433950312947	low_ambiguity_candidate
13:75500000	COMMD6	rs9600483	13:75514083	lower_recurrence_exact	moderate_0.2_0.5	systemic_other	3	3	0.20449166	2	0.3421423336188163	0.8185592889785767	True	True	False	True	True	True	False	0.0	False	False	False	False	0.0	0	False	0.9968452438637688	0.217713492850246	6	2	176.45404532842346	low_ambiguity_candidate
7:55500000	SUMF2	rs10271662	7:55895214	lower_recurrence_exact	moderate_0.2_0.5	systemic_non_neural	7	4	0.42871657	1	0.0468003761670402	0.1923040002584457	True	False	True	True	True	True	False	0.0	False	False	False	False	0.0	0	False	0.975304252114312	0.0345184792399431	4	2	176.37608252372758	low_ambiguity_candidate
16:70000000	IL34	rs11641683	16:70496644	lower_recurrence_exact	moderate_0.2_0.5	systemic_non_neural	6	5	0.22984205	1	0.0089157279791905	0.1370476931333542	True	False	True	True	True	True	False	0.0	False	False	False	False	0.0	0	False	0.9383483752311936	0.0135512785020059	4	1	176.35396068364548	low_ambiguity_candidate
11:65500000	BANF1	rs645571	11:65985381	lower_recurrence_exact	moderate_0.2_0.5	systemic_other	4	3	0.21200468	2	0.0123577610723336	0.2955348193645477	True	False	True	True	True	True	False	0.0	False	False	False	False	0.0	0	False	0.9777571615361608	0.0381966099028748	33	3	176.1329198090071	low_ambiguity_candidate
15:72000000	ARIH1	rs8025088	15:72491919	core_exact_n10	moderate_0.2_0.5	systemic_non_neural	13	7	0.24920645	1	0.013076049075247	0.3334023952484131	True	True	False	True	True	True	False	0.0	False	False	False	False	0.0	0	False	0.9388256061508332	0.0136783951114546	3	1	176.02228001399249	low_ambiguity_candidate
11:65500000	EIF1AD	rs645571	11:65985381	lower_recurrence_exact	moderate_0.2_0.5	systemic_other	4	3	0.21200468	2	0.0123577610723336	0.2955348193645477	True	False	True	True	True	True	False	0.0	False	False	False	False	0.0	0	False	0.956598665880836	0.0195625579574355	2	2	175.92133485245384	low_ambiguity_candidate
7:102000000	LRWD1	rs7384178	7:102410192	lower_recurrence_exact	moderate_0.2_0.5	systemic_non_neural	9	4	0.24967447	2	0.0118924634546719	0.1516959071159362	True	False	True	True	True	True	False	0.0	False	False	False	False	0.0	0	False	0.9466569436713214	0.0157979013836442	11	2	175.88352850787257	low_ambiguity_candidate
15:41500000	MAPKBP1	rs12441249	15:41692340	core_exact_n10	moderate_0.2_0.5	systemic_other	10	4	0.25373024	1	0.0503827085066424	0.0907367840409278	True	False	True	True	True	True	False	0.0	False	False	False	False	0.0	0	False	0.9918214525079424	0.0979634783394831	21	1	175.8255823654887	low_ambiguity_candidate
11:46000000	ATG13	rs3802888	11:46494352	lower_recurrence_exact	moderate_0.2_0.5	systemic_non_neural	8	4	0.23817651	1	0.0207481625204861	0.1301232576370239	True	False	True	True	True	True	False	0.0	False	False	False	False	0.0	0	False	0.9497176382952424	0.0167366059186739	9	1	175.59840895932268	low_ambiguity_candidate
1:227500000	MRPL55	rs601050	1:227994733	lower_recurrence_exact	moderate_0.2_0.5	neuro_systemic	6	4	0.21420178	2	0.0356899891903975	0.0970590487122535	True	False	True	True	True	True	False	0.0	False	False	False	False	0.0	0	False	0.995075766295964	0.1520477803842997	21	3	175.52134815008216	low_ambiguity_candidate
4:128500000	C4ORF33	rs318542	4:128914539	lower_recurrence_exact	moderate_0.2_0.5	neural_enriched	4	3	0.27505913	2	0.0047925929071431	0.7739171385765076	True	True	False	True	True	True	False	0.0	False	False	False	False	0.0	0	False	0.9271634025903588	0.0113649952288294	23	3	175.41080541166866	low_ambiguity_candidate
4:128500000	SCLT1	rs318542	4:128914539	lower_recurrence_exact	moderate_0.2_0.5	neural_enriched	4	3	0.27505913	2	0.0047925929071431	0.7739171385765076	True	True	False	True	True	True	False	0.0	False	False	False	False	0.0	0	False	0.9219778812154656	0.0105598286378227	7	2	175.35895019791974	low_ambiguity_candidate
7:55500000	SUMF2	rs10252442	7:55894288	lower_recurrence_exact	moderate_0.2_0.5	systemic_other	4	3	0.38983133	1	0.0446502374364931	0.1923040002584457	True	False	True	True	True	True	False	0.0	False	False	False	False	0.0	0	False	0.975304252114312	0.0345184792399431	4	2	175.0760825237276	low_ambiguity_candidate
13:27000000	USP12	rs1537434	13:27257301	core_exact_n10	moderate_0.2_0.5	systemic_other	10	2	0.3305156	1	0.0419758656368352	0.2061109393835067	True	True	True	False	True	True	False	0.0	False	False	False	False	0.0	0	False	0.9815682316100228	0.0459188346704683	2	1	174.8767917099353	low_ambiguity_candidate
6:43500000	POLR1C	rs6924483	6:43507736	lower_recurrence_exact	moderate_0.2_0.5	neuro_systemic	6	4	0.2082024	2	0.0086697410474637	0.0594586282968521	True	False	True	True	True	True	False	0.0	False	False	False	False	0.0	0	False	0.9576813707935528	0.02010136839505	6	2	174.77139999090406	low_ambiguity_candidate
3:50500000	MAPKAPK3	rs57361338	3:50501564	lower_recurrence_exact	moderate_0.2_0.5	neural_enriched	4	3	0.21885279	1	0.0841636332391322	0.1594368815422058	True	False	True	True	True	True	False	0.0	False	False	False	False	0.0	0	False	0.9631130328297304	0.022968471740984	6	1	174.62549914371937	low_ambiguity_candidate
3:50500000	MAPKAPK3	rs61018691	3:50501169	lower_recurrence_exact	moderate_0.2_0.5	neural_enriched	4	3	0.21855298	1	0.0810529879866595	0.1594368815422058	True	False	True	True	True	True	False	0.0	False	False	False	False	0.0	0	False	0.9631130328297304	0.022968471740984	6	1	174.62549914371937	low_ambiguity_candidate
7:2000000	CHST12	rs6952433	7:2357003	lower_recurrence_exact	moderate_0.2_0.5	neural_enriched	4	3	0.20727693	1	0.0271904941469547	0.1393101662397384	True	False	True	True	True	True	False	0.0	False	False	False	False	0.0	0	False	0.9761557249492256	0.0356714603934512	1	1	174.55465891188965	low_ambiguity_candidate
7:55500000	CHCHD2	rs2331096	7:55898655	lower_recurrence_exact	moderate_0.2_0.5	systemic_other	4	3	0.23333284	1	0.0183195473253536	0.1085404902696609	True	False	True	True	True	True	False	0.0	False	False	False	False	0.0	0	False	0.9813763055333504	0.045189868069847	270	4	174.29916795803013	low_ambiguity_candidate
2:28500000	WDR43	rs9677133	2:28908485	core_exact_n10	moderate_0.2_0.5	systemic_other	10	2	0.45565215	1	0.0175912856706843	0.6795108318328857	True	True	False	True	True	True	False	0.0	False	False	False	False	0.0	0	False	0.9415946476111856	0.0144355055233913	7	2	174.2110547944407	low_ambiguity_candidate
9:71500000	C9ORF85	rs4330750	9:71821776	core_exact_n10	hidden_lt0.2	systemic_other	11	4	0.17886713	2	0.0086718845119335	0.4681522250175476	True	True	False	True	True	True	False	0.0	False	False	False	False	0.0	0	False	0.9428077916049248	0.0146576274194054	45	2	174.20960016622473	low_ambiguity_candidate
9:71500000	ABHD17B	rs4330750	9:71821776	core_exact_n10	hidden_lt0.2	systemic_other	11	4	0.17886713	2	0.0086718845119335	0.4681522250175476	True	True	False	True	True	True	False	0.0	False	False	False	False	0.0	0	False	0.932170904259835	0.0122526488724245	2	1	174.1032312927738	low_ambiguity_candidate
18:62500000	PHLPP1	rs551944	18:62944662	lower_recurrence_exact	moderate_0.2_0.5	neural_enriched	3	3	0.23606522	1	0.0240904166788834	0.582176923751831	True	True	False	True	True	True	False	0.0	False	False	False	False	0.0	0	False	0.9931551343848176	0.1149207463886275	2	1	174.0533205813665	low_ambiguity_candidate
6:127000000	ECHDC1	rs7775814	6:127464749	lower_recurrence_exact	moderate_0.2_0.5	systemic_other	4	3	0.31101128	2	0.1562420678810316	0.0686663910746574	True	False	True	True	True	True	False	0.0	False	False	False	False	0.0	0	False	0.9900141392363124	0.0824033133183576	1	1	173.9868053031097	low_ambiguity_candidate
17:64500000	GNA13	rs5022415	17:64992826	lower_recurrence_exact	moderate_0.2_0.5	neuro_systemic	6	5	0.23523735	2	0.0153586301309376	0.269574910402298	True	True	False	True	True	True	False	0.0	False	False	False	False	0.0	0	False	0.9747544544150782	0.0336278953309122	7	1	173.04329364817374	low_ambiguity_candidate
1:156500000	NTRK1	rs7522395	1:156826905	core_exact_n10	moderate_0.2_0.5	neural_enriched	12	6	0.30011907	2	0.0043606954355736	0.1048649623990058	True	False	True	True	True	False	False	0.0	False	False	True	False	0.031647	1	False	0.8598009979573904	0.0055101819886947	1	1	167.84665960356395	low_ambiguity_candidate
17:82000000	OGFOD3	rs8081734	17:82490657	lower_recurrence_exact	moderate_0.2_0.5	systemic_non_neural	5	4	0.22146802	2	0.0127027204363451	0.5831274390220642	True	False	True	True	True	False	False	0.0	False	False	False	False	0.0	0	False	0.9157733951052546	0.0097098713764109	3	2	164.48900834127318	low_ambiguity_candidate
15:55000000	CCPG1	rs11071182	15:55352478	lower_recurrence_exact	moderate_0.2_0.5	systemic_non_neural	9	5	0.23378216	2	0.0058085835184702	0.3845485150814056	True	False	True	True	True	False	False	0.0	False	False	False	False	0.0	0	False	0.8949537606465044	0.0076406554663106	26	3	163.6950227572791	low_ambiguity_candidate
11:36500000	PRR5L	rs331457	11:36502062	core_exact_n10	moderate_0.2_0.5	neural_enriched	11	6	0.2703038	1	0.0082300185132374	0.26095911860466	True	False	True	True	True	False	False	0.0	False	False	False	False	0.0	0	False	0.8462990804670478	0.0049457563960628	1	1	163.17258199071708	low_ambiguity_candidate
17:18000000	ATPAF2	rs11656629	17:18004454	lower_recurrence_exact	moderate_0.2_0.5	neural_enriched	4	3	0.3737	1	0.1661022428835862	0.3780832588672638	True	False	False	True	True	True	False	0.0	True	False	False	False	0.0	0	False	0.9949335391136797	0.1545329618105559	137	3	162.13016797980944	low_ambiguity_candidate
2:74500000	TTC31	rs363618	2:74691987	lower_recurrence_exact	moderate_0.2_0.5	neuro_systemic	6	5	0.21108922	1	0.0499909012275208	0.0684219375252723	True	False	True	True	True	False	False	0.0	False	False	False	False	0.0	0	False	0.9134670943329752	0.0094312848652596	2	1	160.41889031858247	low_ambiguity_candidate
16:20500000	ERI2	rs7195273	16:20890191	core_exact_n10	hidden_lt0.2	systemic_non_neural	10	7	0.19304791	1	0.0169901408688026	0.1451371163129806	True	False	False	True	True	True	False	0.0	False	False	True	False	0.025532	2	False	0.9722019003350448	0.0308462293492403	11	3	160.17339016648026	low_ambiguity_candidate
12:54000000	COPZ1	rs11170880	12:54353322	lower_recurrence_exact	moderate_0.2_0.5	systemic_other	4	3	0.2035886	1	0.0375725792868927	0.1669737547636032	True	False	False	True	True	True	False	0.0	True	False	False	False	0.0	0	False	0.9828524444444644	0.0490833559588129	22	3	159.89826199208068	low_ambiguity_candidate
4:84500000	CDS1	rs7692223	4:84971538	core_exact_n10	hidden_lt0.2	systemic_other	12	4	0.1990691	1	0.0139717753014984	0.0952248722314834	True	False	True	True	True	False	False	0.0	False	False	False	False	0.0	0	False	0.8596848397048719	0.005503558137035	1	1	159.74909711936354	low_ambiguity_candidate
17:76000000	EXOC7	rs2257020	17:76080334	lower_recurrence_exact	moderate_0.2_0.5	systemic_other	4	3	0.27741894	1	0.0944786571610761	0.0954527705907821	True	False	False	True	True	True	False	0.0	True	False	False	False	0.0	0	False	0.9842117475961032	0.0533463572621713	13	2	159.19664518186886	low_ambiguity_candidate
9:131000000	PRRC2B	rs2966343	9:131442607	lower_recurrence_exact	moderate_0.2_0.5	systemic_other	3	3	0.2373248	1	0.0128540713257409	0.6686521172523499	True	True	False	True	True	False	False	0.0	False	False	False	False	0.0	0	False	0.907824812539061	0.0088303463597902	62	3	159.06476929791413	low_ambiguity_candidate
11:73500000	FAM168A	rs10501411	11:73581040	lower_recurrence_exact	moderate_0.2_0.5	systemic_other	4	3	0.44461438	1	0.0073473798072568	0.1483341008424759	True	False	True	True	True	False	False	0.0	False	False	False	False	0.0	0	False	0.916628032719699	0.0098200130564073	2	1	159.04962133562177	low_ambiguity_candidate
11:73500000	FAM168A	rs17310374	11:73563829	lower_recurrence_exact	moderate_0.2_0.5	systemic_other	4	3	0.20618272	1	0.0074728021246048	0.1483341008424759	True	False	True	True	True	False	False	0.0	False	False	False	False	0.0	0	False	0.916628032719699	0.0098200130564073	2	1	159.04962133562177	low_ambiguity_candidate
9:88000000	NXNL2	rs12339977	9:88392214	lower_recurrence_exact	moderate_0.2_0.5	systemic_other	3	3	0.20082773	1	0.0198195926441453	0.2285404950380325	True	False	True	True	True	False	False	0.0	False	False	False	False	0.0	0	False	0.8238360086843695	0.0042069763373632	4	2	158.82376503722404	low_ambiguity_candidate
14:60500000	SIX1	rs10144292	14:60819774	lower_recurrence_exact	moderate_0.2_0.5	neuro_systemic	8	7	0.44875693	1	0.0375532023935775	0.1009189635515213	True	False	True	False	True	True	False	0.0	False	False	False	False	0.0	0	False	0.9698473145346216	0.0281677068878233	1	1	158.50766278086144	low_ambiguity_candidate
6:43500000	TJAP1	rs6924483	6:43507736	lower_recurrence_exact	moderate_0.2_0.5	neuro_systemic	6	4	0.2082024	2	0.0086697410474637	0.0594586282968521	True	False	True	True	True	False	False	0.0	False	False	False	False	0.0	0	False	0.8030530560019927	0.0036887783969355	1	1	158.22511684298846	low_ambiguity_candidate
1:16000000	FBXO42	rs7529767	1:16396773	core_exact_n10	moderate_0.2_0.5	systemic_other	10	2	0.21109232	2	0.0094485840185294	0.1126524284482002	True	False	True	True	True	False	False	0.0	False	False	False	False	0.0	0	False	0.90550864888949	0.0085819896587676	2	2	158.18161077337692	low_ambiguity_candidate
3:47500000	MAP4	rs11711953	3:47998793	lower_recurrence_exact	moderate_0.2_0.5	systemic_non_neural	6	4	0.24672776	1	0.1321012805674202	0.8703107833862305	True	True	False	False	True	True	False	0.0	False	False	False	False	0.0	0	False	0.986897993638158	0.0632222593491659	105	4	158.17208777024388	low_ambiguity_candidate
9:88000000	NXNL2	rs10868772	9:88397568	lower_recurrence_exact	moderate_0.2_0.5	systemic_other	4	3	0.32820228	1	0.0045879677780863	0.0778122618794441	True	False	True	True	True	False	False	0.0	False	False	False	False	0.0	0	False	0.8238360086843695	0.0042069763373632	4	2	157.41648270563815	low_ambiguity_candidate
1:215500000	KCTD3	rs1819739	1:215591054	core_exact_n10	moderate_0.2_0.5	systemic_other	15	3	0.34663823	1	0.0587403636507324	0.3499849736690521	True	False	False	True	True	True	False	0.0	False	False	False	False	0.0	0	False	0.9798092690039356	0.041813105206396	1	1	152.7979424267299	low_ambiguity_candidate
12:120000000	DYNLL1	rs787820	12:120488516	core_exact_n10	moderate_0.2_0.5	neural_enriched	15	5	0.34769544	1	0.0741985908918344	0.1300144642591476	True	False	False	True	True	True	False	0.0	False	False	False	False	0.0	0	False	0.9843448987368708	0.0548497704901387	14	3	152.64359362996018	low_ambiguity_candidate
2:24000000	TP53I3	rs6733127	2:24102935	lower_recurrence_exact	moderate_0.2_0.5	neuro_systemic	9	4	0.37469563	1	0.2227801270675771	0.0591628700494766	True	False	False	True	True	True	False	0.0	False	False	False	False	0.0	0	False	0.995502831451186	0.1689046328661011	1	1	150.44665701500662	low_ambiguity_candidate
11:30000000	ARL14EP	rs480269	11:30150292	lower_recurrence_exact	moderate_0.2_0.5	systemic_other	4	3	0.22558632	1	0.0945621211539028	0.1283928304910659	True	False	False	True	True	True	False	0.0	False	False	False	False	0.0	0	False	0.96636200380577	0.0264939401687178	2	2	149.34754834296837	low_ambiguity_candidate
1:42500000	P3H1	rs4660654	1:42675394	lower_recurrence_exact	moderate_0.2_0.5	systemic_other	3	3	0.24737693	2	0.0524154136267323	0.0776031985878944	True	False	False	True	True	True	False	0.0	False	False	False	False	0.015864	1	False	0.9798743774104332	0.0421700078640502	9	2	148.8747757599833	low_ambiguity_candidate
2:230000000	TRIP12	rs720041	2:230008407	lower_recurrence_exact	moderate_0.2_0.5	neural_enriched	6	4	0.21579647	1	0.0001340947546322	0.1329159885644912	True	False	False	True	True	False	False	0.0	False	False	False	False	0.0	0	False	0.8149955883994169	0.0039583745670555	1	1	134.0791157696391	low_ambiguity_candidate
5:132500000	HSPA4	rs6859346	5:132999473	lower_recurrence_exact	moderate_0.2_0.5	systemic_non_neural	7	4	0.26726753	1	0.0133123395370529	0.0812631696462631	True	False	False	True	True	False	False	0.0	False	False	False	False	0.0	0	False	0.8072697158617244	0.0037711279587851	1	1	133.58532885507987	low_ambiguity_candidate
10:43000000	HNRNPF	rs2245413	10:43355120	lower_recurrence_exact	moderate_0.2_0.5	systemic_non_neural	6	4	0.2193967	1	0.1030467434928135	0.0522760190069675	True	False	False	True	True	False	False	0.0	False	False	False	False	0.0	0	False	0.8416572784481792	0.0048421684200851	1	1	133.53933297455146	low_ambiguity_candidate
16:4000000	HMOX2	rs11639998	16:4477108	core_exact_n10	hidden_lt0.2	neural_enriched	13	5	0.1919092	7	0.0058318534347804	0.6568489670753479	True	True	True	True	True	True	True	0.9999680590756655	True	False	False	False	0.0	0	True	0.9938224471813372	0.1250830741735172	41	5	234.80671414256688	multi_gene_candidate
11:57000000	TIMM10	rs2584856	11:57499839	core_exact_n10	moderate_0.2_0.5	mixed_trait_axis	36	10	0.35530838	5	0.0600203391715412	0.6428787112236023	True	True	True	True	True	True	True	0.987946876235458	False	False	False	False	0.0	0	True	0.9901431312490986	0.0849312319808743	141	5	231.930218424727	multi_gene_candidate
2:241500000	ING5	rs6437282	2:241703438	core_exact_n10	moderate_0.2_0.5	mixed_trait_axis	15	8	0.28043252	3	0.1198665539808136	0.8497871160507202	True	True	True	True	True	True	True	0.999980720816098	True	False	False	False	0.0	0	False	0.9989551328251252	0.4411193896917539	204	3	229.98742248875845	multi_gene_candidate
16:2000000	PKD1	rs36233	16:2150881	core_exact_n10	moderate_0.2_0.5	systemic_non_neural	18	6	0.29183432	4	0.0298742822426445	0.8159935474395752	True	True	True	True	True	True	True	0.943038957073418	False	False	False	False	0.0	0	True	0.9951457873043356	0.1539117534496103	19	4	227.91139334743912	multi_gene_candidate
7:44500000	CCM2	rs6463259	7:44999010	lower_recurrence_exact	moderate_0.2_0.5	systemic_non_neural	8	5	0.20764424	4	0.0331642957057646	0.9247003793716432	True	True	True	True	True	True	True	0.9999547466357488	True	False	False	False	0.015689	1	False	0.9972259033386668	0.2392793716065103	35	3	227.01926282710312	multi_gene_candidate
16:4000000	HMOX2	rs3789038	16:4496585	core_exact_n10	moderate_0.2_0.5	mixed_trait_axis	16	8	0.3116134	3	0.0177655392246083	0.3818347156047821	True	True	True	True	True	True	True	0.7879985971116175	False	False	False	False	0.0	0	True	0.9938224471813372	0.1250830741735172	41	5	225.3565716278612	multi_gene_candidate
16:23000000	GGA2	rs7203580	16:23492927	core_exact_n10	moderate_0.2_0.5	systemic_non_neural	14	8	0.2630266	3	0.0062870313025305	0.3505943715572357	True	True	True	True	True	True	True	0.7554901936411721	True	False	False	False	0.0	0	False	0.957739062643234	0.0200275046823311	72	3	224.4833343420047	multi_gene_candidate
16:3000000	ZNF213	rs443540	16:3124544	lower_recurrence_exact	moderate_0.2_0.5	systemic_other	4	3	0.2021635	3	0.0529999406080951	0.2143954485654831	True	True	True	True	True	True	True	0.978840959752192	True	False	True	False	0.131999	5	False	0.9900022329761116	0.0814188883659051	36	3	223.44397681541597	multi_gene_candidate
9:127500000	DPM2	rs7028190	9:127955698	lower_recurrence_exact	moderate_0.2_0.5	systemic_non_neural	5	4	0.20043547	3	0.0320412324334184	0.5899201035499573	True	True	True	True	True	True	True	0.8856034132638516	True	False	False	False	0.0	0	False	0.9928165108590828	0.1098130769452183	123	4	222.3273661440904	multi_gene_candidate
11:57000000	RTN4RL2	rs2584856	11:57499839	core_exact_n10	moderate_0.2_0.5	mixed_trait_axis	36	10	0.35530838	5	0.0600203391715412	0.6428787112236023	True	True	True	True	True	True	True	0.987946876235458	False	False	False	False	0.0	0	False	0.9954491113003834	0.1639061307574132	1	1	221.98327822523984	multi_gene_candidate
11:57000000	SLC43A1	rs2584856	11:57499839	core_exact_n10	moderate_0.2_0.5	mixed_trait_axis	36	10	0.35530838	5	0.0600203391715412	0.6428787112236023	True	True	True	True	True	True	True	0.987946876235458	False	False	False	False	0.0	0	False	0.989500202556182	0.0801312592260461	19	2	221.92378913779783	multi_gene_candidate
22:31000000	LIMK2	rs1034588	22:31220315	lower_recurrence_exact	moderate_0.2_0.5	neural_enriched	4	3	0.39484495	4	0.0140119921177449	0.3259079158306122	True	True	True	True	True	True	True	0.9106296142098412	True	False	False	False	0.0	0	False	0.9917963918746596	0.097383310356751	116	4	218.57704307705274	multi_gene_candidate
8:143500000	PARP10	rs7459603	8:143996235	core_exact_n10	moderate_0.2_0.5	systemic_non_neural	12	7	0.26020494	5	0.0348618043124337	0.6633961200714111	True	True	True	True	True	True	True	0.8690281758834436	False	False	False	False	0.0	0	False	0.9909083969351344	0.0887904434053086	219	3	216.74304517006544	multi_gene_candidate
3:47500000	DHX30	rs6776963	3:47789251	core_exact_n10	hidden_lt0.2	systemic_non_neural	13	6	0.17250706	7	0.0372058523900516	0.750994086265564	True	True	True	True	True	True	True	0.8103565696641856	False	False	False	False	0.0	0	False	0.979571247851786	0.0413483305509982	3	2	216.6056533411735	multi_gene_candidate
3:47500000	SMARCC1	rs6776963	3:47789251	core_exact_n10	hidden_lt0.2	systemic_non_neural	13	6	0.17250706	7	0.0372058523900516	0.750994086265564	True	True	True	True	True	True	True	0.8103565696641856	False	False	False	False	0.0	0	False	0.958690184158028	0.0204708723191118	9	3	216.39684270423592	multi_gene_candidate
16:23000000	GGA2	rs7202661	16:23492720	core_exact_n10	moderate_0.2_0.5	systemic_non_neural	19	9	0.28231066	3	0.0067403010083767	0.3505943715572357	True	True	True	True	True	True	True	0.7554901936411721	False	False	False	False	0.0	0	False	0.957739062643234	0.0200275046823311	72	3	215.9833343420047	multi_gene_candidate
11:64500000	PYGM	rs680273	11:64772163	core_exact_n10	moderate_0.2_0.5	neural_enriched	11	6	0.4456785	3	0.0459044457046163	0.6308189630508423	True	True	True	True	True	True	True	0.8208617086425417	False	False	False	False	0.0	0	False	0.9873165547942454	0.0653839790912623	29	3	215.28135517845087	multi_gene_candidate
16:4000000	C16ORF96	rs3789038	16:4496585	core_exact_n10	moderate_0.2_0.5	mixed_trait_axis	16	8	0.3116134	3	0.0177655392246083	0.3818347156047821	True	True	True	True	True	True	True	0.7879985971116175	False	False	False	False	0.0	0	False	0.9716334740457828	0.0299066982866022	2	1	215.13468189650564	multi_gene_candidate
7:73500000	CLDN4	rs4440516	7:73809711	lower_recurrence_exact	moderate_0.2_0.5	systemic_non_neural	9	6	0.25026548	3	0.0102006751086684	0.5513584017753601	True	True	True	True	True	True	True	0.7334800846705781	False	False	False	False	0.0	0	False	0.989682230708276	0.0790750274054947	49	2	214.31040632483638	multi_gene_candidate
17:75000000	CASKIN2	rs3935674	17:75477378	lower_recurrence_exact	moderate_0.2_0.5	systemic_non_neural	5	4	0.2026457	3	0.0142399825901897	0.6560090184211731	True	True	True	True	True	True	True	0.868228264978179	False	False	False	False	0.0	0	False	0.9803158012537854	0.0429655619156107	56	2	212.8632481967496	multi_gene_candidate
17:75000000	TMEM94	rs3935674	17:75477378	lower_recurrence_exact	moderate_0.2_0.5	systemic_non_neural	5	4	0.2026457	3	0.0142399825901897	0.6560090184211731	True	True	True	True	True	True	True	0.868228264978179	False	False	False	False	0.0	0	False	0.9666225063937592	0.0254414544241504	2	2	212.72631524814932	multi_gene_candidate
7:65500000	VKORC1L1	rs4718277	7:65770418	core_exact_n10	moderate_0.2_0.5	systemic_non_neural	10	5	0.35197648	5	0.0033625802618441	0.5287042260169983	True	True	True	True	True	True	True	0.7547783389382785	False	False	False	False	0.0	0	False	0.9337374985759852	0.0125426675562016	3	1	212.62441724592983	multi_gene_candidate
9:127500000	PIP5KL1	rs7028190	9:127955698	lower_recurrence_exact	moderate_0.2_0.5	systemic_non_neural	5	4	0.20043547	3	0.0320412324334184	0.5899201035499573	True	True	True	True	True	True	True	0.8856034132638516	False	False	False	False	0.0	0	False	0.9924507019820984	0.1051774755419115	56	2	212.32370805532057	multi_gene_candidate
20:25000000	ABHD12	rs2263205	20:25398271	lower_recurrence_exact	moderate_0.2_0.5	systemic_non_neural	6	4	0.22639383	3	0.0159677236660099	0.5556055307388306	True	True	True	True	True	True	True	0.9057318323733352	False	False	False	False	0.0	0	False	0.9800592284717532	0.0423385220817445	6	2	211.95664759210584	multi_gene_candidate
7:65500000	VKORC1L1	rs4718273	7:65751112	lower_recurrence_exact	moderate_0.2_0.5	systemic_non_neural	8	4	0.36613286	8	0.0033449619513332	0.5287042260169983	True	True	True	True	True	True	True	0.9014874003902608	False	False	False	False	0.0	0	False	0.9337374985759852	0.0125426675562016	3	1	211.42441724592985	multi_gene_candidate
15:40500000	RAD51	rs7167854	15:40746016	core_exact_n10	moderate_0.2_0.5	neural_enriched	11	3	0.29438058	4	0.0195839903050469	0.5373381972312927	True	True	True	True	True	True	True	0.6942958136032771	False	False	False	False	0.0	0	False	0.9785652792285544	0.0394365833085267	51	3	211.25903476459845	multi_gene_candidate
12:110500000	TCTN1	rs16940902	12:110578825	lower_recurrence_exact	moderate_0.2_0.5	systemic_other	3	3	0.24070561	6	0.2802041310330846	0.598909854888916	True	True	True	True	True	True	True	0.8569878569332446	False	False	False	False	0.0	0	False	0.9957872524838528	0.173752914518746	2	1	211.2469710737277	multi_gene_candidate
12:110500000	ARPC3	rs684596	12:110614660	core_exact_n10	hidden_lt0.2	neuro_systemic	16	8	0.17499878	8	0.8409357240865953	0.1512613296508789	True	True	True	True	True	True	False	0.0	True	False	False	False	0.0	0	False	0.9971724862745678	0.2396283486910366	2	2	211.08433815925446	multi_gene_candidate
7:44500000	MYO1G	rs6463259	7:44999010	lower_recurrence_exact	moderate_0.2_0.5	systemic_non_neural	8	5	0.20764424	4	0.0331642957057646	0.9247003793716432	True	True	True	True	True	True	False	0.9999547466357488	False	False	True	False	0.015689	1	False	0.9986784598728108	0.3906870425153594	11	1	211.03378839244454	multi_gene_candidate
16:69000000	SNTB2	rs12103226	16:69179387	core_exact_n10	moderate_0.2_0.5	systemic_non_neural	10	5	0.20884864	3	0.019286377117463	0.3256644308567047	True	True	True	True	True	True	True	0.990729057824138	False	False	False	False	0.025107	2	False	0.9694965418837658	0.0278130829630975	10	2	210.9516097274047	multi_gene_candidate
7:100000000	ZKSCAN1	rs6967287	7:100004399	lower_recurrence_exact	moderate_0.2_0.5	neuro_systemic	7	5	0.22891818	3	0.990238564164788	0.3304455876350403	True	True	True	True	True	True	True	0.895325476872076	False	False	False	False	0.0	0	False	0.9794042294061448	0.0410023860653673	14	3	210.79849817041185	multi_gene_candidate
12:120000000	DYNLL1	rs12857	12:120496143	lower_recurrence_exact	moderate_0.2_0.5	neuro_systemic	7	4	0.21005246	5	0.0727293024645522	0.3487208783626556	True	True	True	True	True	True	True	0.9999999622860796	False	False	False	False	0.0	0	False	0.9843448987368708	0.0548497704901387	14	3	210.03065777099525	multi_gene_candidate
1:151500000	THEM4	rs1552607	1:151990922	lower_recurrence_exact	moderate_0.2_0.5	systemic_non_neural	7	4	0.27751768	3	0.0151795797032615	0.2135223895311355	True	True	True	True	True	True	True	0.7517620852781732	False	False	False	False	0.0	0	False	0.986238416902063	0.0603537275551356	48	3	208.69760806433197	multi_gene_candidate
2:241500000	DTYMK	rs6437282	2:241703438	core_exact_n10	moderate_0.2_0.5	mixed_trait_axis	15	8	0.28043252	3	0.1198665539808136	0.8497871160507202	True	True	True	True	True	True	False	0.999980720816098	False	False	False	False	0.0	0	False	0.9989551328251252	0.4411193896917538	32	3	207.98742248875845	multi_gene_candidate
3:52000000	GLYCTK	rs4082828	3:52240726	lower_recurrence_exact	moderate_0.2_0.5	systemic_other	3	3	0.20467669	4	0.0136231967745806	0.2781223952770233	True	True	True	True	True	True	True	0.976488194357396	False	False	False	False	0.0	0	False	0.989472506221835	0.0776110579252638	4	1	207.9759490149886	multi_gene_candidate
2:241500000	ATG4B	rs6437282	2:241703438	core_exact_n10	moderate_0.2_0.5	mixed_trait_axis	15	8	0.28043252	3	0.1198665539808136	0.8497871160507202	True	True	True	True	True	True	False	0.999980720816098	False	False	False	False	0.0	0	False	0.9948244302633824	0.1458411468998674	45	3	207.94611546314104	multi_gene_candidate
22:41500000	SNU13	rs2267437	22:41620695	lower_recurrence_exact	moderate_0.2_0.5	neural_enriched	3	3	0.21695296	10	0.1467721809637951	0.3959097862243652	True	True	True	True	True	True	False	0.0	True	False	False	False	0.0	0	False	0.9893378977214016	0.0766481963479469	14	2	207.15247683945768	multi_gene_candidate
14:23000000	AJUBA	rs3751498	14:23006817	lower_recurrence_exact	moderate_0.2_0.5	neural_enriched	3	3	0.2206046	5	0.0206295001880129	0.2330938875675201	True	True	True	True	True	True	True	0.9869135435791534	False	False	False	False	0.0	0	False	0.9515856263942684	0.0174068798182432	27	3	207.1467951396179	multi_gene_candidate
14:23000000	HAUS4	rs3751498	14:23006817	lower_recurrence_exact	moderate_0.2_0.5	neural_enriched	3	3	0.2206046	5	0.0206295001880129	0.2330938875675201	True	True	True	True	True	True	True	0.9869135435791534	False	False	False	False	0.0	0	False	0.9510827423371678	0.0172224139546055	28	3	207.14176629904688	multi_gene_candidate
16:2000000	TSC2	rs36233	16:2150881	core_exact_n10	moderate_0.2_0.5	systemic_non_neural	18	6	0.29183432	4	0.0298742822426445	0.8159935474395752	True	True	True	True	True	True	False	0.943038957073418	False	False	False	False	0.0	0	False	0.9806269991836876	0.0437995718542047	18	2	205.76620546623263	multi_gene_candidate
3:52000000	SEMA3G	rs4082828	3:52240726	lower_recurrence_exact	moderate_0.2_0.5	systemic_other	3	3	0.20467669	4	0.0136231967745806	0.2781223952770233	True	True	True	True	True	True	False	0.976488194357396	False	False	False	False	0.0	0	True	0.9630732230546168	0.0229442375830952	54	4	205.7119561833164	multi_gene_candidate
17:75000000	TSEN54	rs11652993	17:75488672	core_exact_n10	moderate_0.2_0.5	systemic_non_neural	11	6	0.24847814	3	0.0170629897495361	0.8147768974304199	True	True	True	True	True	True	False	0.0	False	False	False	False	0.0	0	False	0.9939766547108336	0.1279127671803646	38	4	205.18753552141254	multi_gene_candidate
17:75000000	CASKIN2	rs11652993	17:75488672	core_exact_n10	moderate_0.2_0.5	systemic_non_neural	11	6	0.24847814	3	0.0170629897495361	0.8147768974304199	True	True	True	True	True	True	False	0.0	False	False	False	False	0.0	0	False	0.9803158012537854	0.0429655619156107	56	2	205.05092698684206	multi_gene_candidate
17:75000000	TMEM94	rs11652993	17:75488672	core_exact_n10	moderate_0.2_0.5	systemic_non_neural	11	6	0.24847814	3	0.0170629897495361	0.8147768974304199	True	True	True	True	True	True	False	0.0	False	False	False	False	0.0	0	False	0.9666225063937592	0.0254414544241504	2	2	204.91399403824178	multi_gene_candidate
16:71500000	PHLPP2	rs2270832	16:71746582	core_exact_n10	moderate_0.2_0.5	neural_enriched	11	3	0.49269354	3	0.0234462849678349	0.5038939118385315	True	True	True	True	True	True	False	0.0	False	False	True	False	0.034274	1	False	0.9725114835731844	0.0308485291501645	134	3	204.86405395411714	multi_gene_candidate
8:143500000	PLEC	rs7459603	8:143996235	core_exact_n10	moderate_0.2_0.5	systemic_non_neural	12	7	0.26020494	5	0.0348618043124337	0.6633961200714111	True	True	True	True	True	True	False	0.8690281758834436	False	False	False	False	0.0	0	False	0.9968868034363112	0.2190481739629956	226	4	204.8028292350772	multi_gene_candidate
3:47500000	MAP4	rs6776963	3:47789251	core_exact_n10	hidden_lt0.2	systemic_non_neural	13	6	0.17250706	7	0.0372058523900516	0.750994086265564	True	True	True	True	True	True	False	0.8103565696641856	False	False	False	False	0.0	0	False	0.986897993638158	0.0632222593491659	105	4	204.67892079903723	multi_gene_candidate
3:47500000	CSPG5	rs6776963	3:47789251	core_exact_n10	hidden_lt0.2	systemic_non_neural	13	6	0.17250706	7	0.0372058523900516	0.750994086265564	True	True	True	True	True	True	False	0.8103565696641856	False	False	False	False	0.0	0	False	0.9473403431209704	0.0159582554812786	2	1	204.28334429386535	multi_gene_candidate
16:23000000	EARS2	rs7202661	16:23492720	core_exact_n10	moderate_0.2_0.5	systemic_non_neural	19	9	0.28231066	3	0.0067403010083767	0.3505943715572357	True	True	True	True	True	True	False	0.7554901936411721	False	False	False	False	0.0	0	False	0.9566839570292802	0.0195291491290759	98	4	203.97278328586518	multi_gene_candidate
12:56000000	CS	rs1274493	12:56288587	core_exact_n10	moderate_0.2_0.5	systemic_non_neural	10	7	0.26974043	4	0.0514377170798078	0.5742964148521423	True	True	True	True	True	True	False	0.0	False	False	False	False	0.0	0	False	0.9707712861340408	0.029074963017595	73	3	203.45067700986183	multi_gene_candidate
12:56000000	CNPY2	rs1274493	12:56288587	core_exact_n10	moderate_0.2_0.5	systemic_non_neural	10	7	0.26974043	4	0.0514377170798078	0.5742964148521423	True	True	True	True	True	True	False	0.0	False	False	False	False	0.0	0	False	0.9668613350999774	0.0256633981828604	140	2	203.4115774995212	multi_gene_candidate
11:64500000	RASGRP2	rs680273	11:64772163	core_exact_n10	moderate_0.2_0.5	neural_enriched	11	6	0.4456785	3	0.0459044457046163	0.6308189630508423	True	True	True	True	True	True	False	0.8208617086425417	False	False	False	False	0.0	0	False	0.9921043182282536	0.1008636894507137	43	3	203.32923281279096	multi_gene_candidate
16:4000000	NMRAL1	rs3789038	16:4496585	core_exact_n10	moderate_0.2_0.5	mixed_trait_axis	16	8	0.3116134	3	0.0177655392246083	0.3818347156047821	True	True	True	True	True	True	False	0.7879985971116175	False	False	False	False	0.0	0	False	0.9896775800744112	0.0790040685748786	447	4	203.31512295679192	multi_gene_candidate
16:4000000	DNAJA3	rs11639998	16:4477108	core_exact_n10	hidden_lt0.2	neural_enriched	13	5	0.1919092	7	0.0058318534347804	0.6568489670753479	True	True	True	True	True	True	False	0.9999680590756655	False	False	False	False	0.0	0	False	0.9901621338650184	0.0825657357834746	55	3	202.77011100940368	multi_gene_candidate
16:4000000	CDIP1	rs11639998	16:4477108	core_exact_n10	hidden_lt0.2	neural_enriched	13	5	0.1919092	7	0.0058318534347804	0.6568489670753479	True	True	True	True	True	True	False	0.9999680590756655	False	False	False	False	0.0	0	False	0.9883922404176848	0.0708390529813348	171	4	202.75241207493033	multi_gene_candidate
16:4000000	VASN	rs11639998	16:4477108	core_exact_n10	hidden_lt0.2	neural_enriched	13	5	0.1919092	7	0.0058318534347804	0.6568489670753479	True	True	True	True	True	True	False	0.9999680590756655	False	False	False	False	0.0	0	False	0.9803047508165256	0.0428101624631872	1	1	202.67153717891875	multi_gene_candidate
16:4000000	CORO7	rs11639998	16:4477108	core_exact_n10	hidden_lt0.2	neural_enriched	13	5	0.1919092	7	0.0058318534347804	0.6568489670753479	True	True	True	True	True	True	False	0.9999680590756655	False	False	False	False	0.0	0	False	0.9772403446190172	0.0371985956891998	23	3	202.64089311694366	multi_gene_candidate
11:61000000	TMEM216	rs896831	11:61436889	core_exact_n10	hidden_lt0.2	systemic_non_neural	13	6	0.18970318	3	0.0291705933454099	0.542177677154541	True	True	True	True	True	True	False	0.0	False	False	False	False	0.0	0	False	0.9885468258905972	0.0718640067377102	363	3	202.6072450304514	multi_gene_candidate
16:80500000	CMC2	rs2549860	16:80993537	core_exact_n10	moderate_0.2_0.5	systemic_non_neural	12	5	0.21336487	4	0.0027849292936596	0.7075061202049255	True	True	True	True	True	True	False	0.7595017091815006	False	False	False	False	0.0	0	False	0.9263879005868032	0.0112344420023232	30	2	202.53894020791728	multi_gene_candidate
16:23000000	EARS2	rs7203580	16:23492927	core_exact_n10	moderate_0.2_0.5	systemic_non_neural	14	8	0.2630266	3	0.0062870313025305	0.3505943715572357	True	True	True	True	True	True	False	0.7554901936411721	False	False	False	False	0.0	0	False	0.9566839570292802	0.0195291491290759	98	4	202.47278328586518	multi_gene_candidate
7:73500000	ABHD11	rs4440516	7:73809711	lower_recurrence_exact	moderate_0.2_0.5	systemic_non_neural	9	6	0.25026548	3	0.0102006751086684	0.5513584017753601	True	True	True	True	True	True	False	0.7334800846705781	False	False	False	False	0.0	0	False	0.9873725351721448	0.065520453948131	44	2	202.28730936947505	multi_gene_candidate
2:96000000	NEURL3	rs596069	2:96410905	lower_recurrence_exact	moderate_0.2_0.5	systemic_non_neural	7	5	0.2518864	4	0.0140213248692888	0.6326828002929688	True	True	True	True	True	True	False	0.0	False	False	False	False	0.0	0	False	0.9673583667678304	0.02613338852452	4	2	201.700411670608	multi_gene_candidate
16:69000000	CHTF8	rs12103226	16:69179387	core_exact_n10	moderate_0.2_0.5	systemic_non_neural	10	5	0.20884864	3	0.019286377117463	0.3256644308567047	True	True	True	True	True	False	True	0.990729057824138	False	False	True	False	0.025107	2	False	0.9123951546368416	0.0093040324550172	3	2	201.38059585493545	multi_gene_candidate
2:96000000	SNRNP200	rs596069	2:96410905	lower_recurrence_exact	moderate_0.2_0.5	systemic_non_neural	7	5	0.2518864	4	0.0140213248692888	0.6326828002929688	True	True	True	True	True	True	False	0.0	False	False	False	False	0.0	0	False	0.933752854772521	0.0125595736388091	2	2	201.3643565506549	multi_gene_candidate
11:67000000	SSH3	rs7934433	11:67315781	lower_recurrence_exact	moderate_0.2_0.5	systemic_non_neural	9	6	0.23502827	3	0.011185827618681	0.4414180517196655	True	True	True	True	True	True	False	0.0	False	False	False	False	0.0	0	False	0.9845405954502324	0.0541655552107645	68	3	201.159586471699	multi_gene_candidate
17:75000000	TSEN54	rs3935674	17:75477378	lower_recurrence_exact	moderate_0.2_0.5	systemic_non_neural	5	4	0.2026457	3	0.0142399825901897	0.6560090184211731	True	True	True	True	True	True	False	0.868228264978179	False	False	False	False	0.0	0	False	0.9939766547108336	0.1279127671803646	38	4	200.99985673132008	multi_gene_candidate
11:67000000	ANKRD13D	rs7934433	11:67315781	lower_recurrence_exact	moderate_0.2_0.5	systemic_non_neural	9	6	0.23502827	3	0.011185827618681	0.4414180517196655	True	True	True	True	True	True	False	0.0	False	False	False	False	0.0	0	False	0.93944481654256	0.0137967514471415	1	1	200.70862868262225	multi_gene_candidate
10:101500000	NPM3	rs874885	10:101839568	lower_recurrence_exact	moderate_0.2_0.5	systemic_non_neural	8	5	0.24609134	3	1.0	0.4735138118267059	True	True	True	True	True	True	False	0.0	False	False	False	False	0.0	0	False	0.976189327952012	0.0374141710501727	11	1	200.29703139778718	multi_gene_candidate
20:25000000	PYGB	rs2263205	20:25398271	lower_recurrence_exact	moderate_0.2_0.5	systemic_non_neural	6	4	0.22639383	3	0.0159677236660099	0.5556055307388306	True	True	True	True	True	True	False	0.9057318323733352	False	False	False	False	0.0	0	False	0.990277038429744	0.0835407229147582	49	2	200.05882569168574	multi_gene_candidate
11:125500000	EI24	rs2702023	11:125595125	lower_recurrence_exact	moderate_0.2_0.5	neuro_systemic	7	4	0.20307174	3	0.191095111107777	0.5320141315460205	True	True	True	True	True	True	False	0.0	False	False	False	False	0.0	0	False	0.9935155841071694	0.1200386779862345	13	2	199.95529715653188	multi_gene_candidate
20:25000000	ENTPD6	rs2263205	20:25398271	lower_recurrence_exact	moderate_0.2_0.5	systemic_non_neural	6	4	0.22639383	3	0.0159677236660099	0.5556055307388306	True	True	True	True	True	True	False	0.9057318323733352	False	False	False	False	0.0	0	False	0.9665596919787725	0.0253890142862685	2	1	199.82165222717603	multi_gene_candidate
11:125500000	CHEK1	rs2702023	11:125595125	lower_recurrence_exact	moderate_0.2_0.5	neuro_systemic	7	4	0.20307174	3	0.191095111107777	0.5320141315460205	True	True	True	True	True	True	False	0.0	False	False	False	False	0.0	0	False	0.9697347182344466	0.0281487544645979	13	3	199.71748849780465	multi_gene_candidate
17:4000000	ZZEF1	rs8064596	17:4368497	lower_recurrence_exact	moderate_0.2_0.5	systemic_other	4	3	0.20748556	3	0.0042636598561514	0.6171234250068665	True	True	True	True	True	True	False	0.0	False	False	False	False	0.0	0	False	0.9718083885764132	0.0300794275367806	36	3	199.28931813583281	multi_gene_candidate
16:30000000	TBX6	rs4787493	16:30128579	lower_recurrence_exact	moderate_0.2_0.5	systemic_other	3	3	0.20426266	4	0.2038259865674112	0.5935941338539124	True	True	True	True	True	True	False	0.0	False	False	False	False	0.0	0	False	0.9998305332306576	0.7732326641421736	93	3	199.23424667084572	multi_gene_candidate
16:30000000	GDPD3	rs4787493	16:30128579	lower_recurrence_exact	moderate_0.2_0.5	systemic_other	3	3	0.20426266	4	0.2038259865674112	0.5935941338539124	True	True	True	True	True	True	False	0.0	False	False	False	False	0.0	0	False	0.99923444130876	0.5127507364130056	23	1	199.22828575162674	multi_gene_candidate
1:145500000	NUDT17	rs1778523	1:145737064	lower_recurrence_exact	moderate_0.2_0.5	systemic_other	3	3	0.2392946	4	0.0240964386982094	0.6091794967651367	True	True	True	True	True	True	False	0.9031041616120582	False	False	False	False	0.0	0	False	0.980330993370779	0.0429841733944897	93	3	199.19510490135917	multi_gene_candidate
1:145500000	NUDT17	rs12755149	1:145730169	lower_recurrence_exact	moderate_0.2_0.5	systemic_other	3	3	0.24429601	3	0.018420983424653	0.6091794967651367	True	True	True	True	True	True	False	0.0	False	False	False	False	0.0	0	False	0.980330993370779	0.0429841733944897	93	3	199.19510490135917	multi_gene_candidate
17:4000000	ANKFY1	rs8064596	17:4368497	lower_recurrence_exact	moderate_0.2_0.5	systemic_other	4	3	0.20748556	3	0.0042636598561514	0.6171234250068665	True	True	True	True	True	True	False	0.0	False	False	False	False	0.0	0	False	0.958733195282267	0.0205012252566567	60	2	199.15856620289134	multi_gene_candidate
16:80500000	CENPN	rs2549860	16:80993537	core_exact_n10	moderate_0.2_0.5	systemic_non_neural	12	5	0.21336487	4	0.0027849292936596	0.7075061202049255	True	True	True	True	True	False	True	0.7595017091815006	False	False	False	False	0.0	0	False	0.8829509921810288	0.0067677497911043	3	2	199.10457112385953	multi_gene_candidate
12:48500000	ARF3	rs708242	12:48940261	lower_recurrence_exact	moderate_0.2_0.5	systemic_non_neural	8	6	0.26789153	3	0.0594801928050952	0.2470611929893493	True	True	True	True	True	True	False	0.0	False	False	False	False	0.0	0	False	0.9814948877321964	0.046606124841214	1	1	199.08556080721547	multi_gene_candidate
11:111500000	DIXDC1	rs489417	11:111990466	lower_recurrence_exact	moderate_0.2_0.5	systemic_non_neural	7	5	0.20181282	3	0.0251813287839946	0.348660409450531	True	True	True	True	True	True	False	0.0	False	False	False	False	0.0	0	False	0.9789864400493103	0.0402227842513288	17	2	198.97646849499841	multi_gene_candidate
1:145500000	RNF115	rs1778523	1:145737064	lower_recurrence_exact	moderate_0.2_0.5	systemic_other	3	3	0.2392946	4	0.0240964386982094	0.6091794967651367	True	True	True	True	True	True	False	0.9031041616120582	False	False	False	False	0.0	0	False	0.9537836531806796	0.0184251802001675	2	1	198.92963149945817	multi_gene_candidate
1:145500000	RNF115	rs12755149	1:145730169	lower_recurrence_exact	moderate_0.2_0.5	systemic_other	3	3	0.24429601	3	0.018420983424653	0.6091794967651367	True	True	True	True	True	True	False	0.0	False	False	False	False	0.0	0	False	0.9537836531806796	0.0184251802001675	2	1	198.92963149945817	multi_gene_candidate
1:145500000	POLR3C	rs1778523	1:145737064	lower_recurrence_exact	moderate_0.2_0.5	systemic_other	3	3	0.2392946	4	0.0240964386982094	0.6091794967651367	True	True	True	True	True	True	False	0.9031041616120582	False	False	False	False	0.0	0	False	0.9532671999218796	0.0182159610738656	2	2	198.92446696687017	multi_gene_candidate
1:145500000	POLR3C	rs12755149	1:145730169	lower_recurrence_exact	moderate_0.2_0.5	systemic_other	3	3	0.24429601	3	0.018420983424653	0.6091794967651367	True	True	True	True	True	True	False	0.0	False	False	False	False	0.0	0	False	0.9532671999218796	0.0182159610738656	2	2	198.92446696687017	multi_gene_candidate
16:71500000	IST1	rs2270832	16:71746582	core_exact_n10	moderate_0.2_0.5	neural_enriched	11	3	0.49269354	3	0.0234462849678349	0.5038939118385315	True	True	True	True	True	True	False	0.0	False	False	False	False	0.034274	1	False	0.97719930808161	0.037153928723897	16	2	198.9109321992014	multi_gene_candidate
16:69000000	PDF	rs12103226	16:69179387	core_exact_n10	moderate_0.2_0.5	systemic_non_neural	10	5	0.20884864	3	0.019286377117463	0.3256644308567047	True	True	True	True	True	True	False	0.990729057824138	False	False	False	False	0.025107	2	False	0.9518431127840412	0.0175003626711886	3	1	198.77507543640746	multi_gene_candidate
7:44500000	CCM2	rs1859489	7:44988209	lower_recurrence_exact	moderate_0.2_0.5	systemic_non_neural	5	4	0.20069842	3	0.0447771642611159	0.4301313757896423	True	True	True	True	True	True	False	0.0	False	False	False	False	0.0	0	False	0.9972259033386668	0.2392793716065103	35	3	198.7735727912831	multi_gene_candidate
15:42000000	GANC	rs8037100	15:42288107	lower_recurrence_exact	moderate_0.2_0.5	systemic_non_neural	8	4	0.23837243	3	0.0014123303631026	0.4265745878219604	True	True	True	True	True	True	False	0.0	False	False	False	False	0.0	0	False	0.9634554748198884	0.0232457229986115	20	3	198.7003006264185	multi_gene_candidate
9:136500000	ABCA2	rs6560653	9:136999551	core_exact_n10	moderate_0.2_0.5	systemic_non_neural	11	6	0.3336941	6	0.0739594981676069	0.1505139023065567	True	True	True	True	True	True	False	0.0	False	False	False	False	0.0	0	False	0.99252906085944	0.1062900266530749	11	1	198.53042963165996	multi_gene_candidate
8:28000000	FZD3	rs6993934	8:28415871	core_exact_n10	moderate_0.2_0.5	systemic_other	13	4	0.3351294	3	0.0240020991578298	0.3513405919075012	True	True	True	True	True	True	False	0.7532910523218743	False	False	False	False	0.0	0	False	0.9676422898654108	0.0263189810744237	1	1	198.48982881772912	multi_gene_candidate
9:136500000	FUT7	rs6560653	9:136999551	core_exact_n10	moderate_0.2_0.5	systemic_non_neural	11	6	0.3336941	6	0.0739594981676069	0.1505139023065567	True	True	True	True	True	True	False	0.0	False	False	False	False	0.0	0	False	0.9868870937612192	0.06343842229255	4	1	198.47400996067776	multi_gene_candidate
17:7000000	FGF11	rs11078682	17:7492850	lower_recurrence_exact	moderate_0.2_0.5	systemic_non_neural	9	5	0.21039613	6	0.0320917578568801	0.2606676816940307	True	True	True	True	True	True	False	0.0	False	False	False	False	0.0	0	False	0.9800367259381976	0.0423058876909938	2	2	198.30704407632228	multi_gene_candidate
17:7000000	CHRNB1	rs11078682	17:7492850	lower_recurrence_exact	moderate_0.2_0.5	systemic_non_neural	9	5	0.21039613	6	0.0320917578568801	0.2606676816940307	True	True	True	True	True	True	False	0.0	False	False	False	False	0.0	0	False	0.9681112048282952	0.0266196665521591	22	2	198.18778886522327	multi_gene_candidate
12:120000000	RNF10	rs12857	12:120496143	lower_recurrence_exact	moderate_0.2_0.5	neuro_systemic	7	4	0.21005246	5	0.0727293024645522	0.3487208783626556	True	True	True	True	True	True	False	0.9999999622860796	False	False	False	False	0.0	0	False	0.9978238477771232	0.284182452299957	3	1	198.1654472613978	multi_gene_candidate
12:120000000	POP5	rs12857	12:120496143	lower_recurrence_exact	moderate_0.2_0.5	neuro_systemic	7	4	0.21005246	5	0.0727293024645522	0.3487208783626556	True	True	True	True	True	True	False	0.9999999622860796	False	False	False	False	0.0	0	False	0.9971264563687158	0.2328686951162096	66	4	198.1584733473137	multi_gene_candidate
12:120000000	COQ5	rs12857	12:120496143	lower_recurrence_exact	moderate_0.2_0.5	neuro_systemic	7	4	0.21005246	5	0.0727293024645522	0.3487208783626556	True	True	True	True	True	True	False	0.9999999622860796	False	False	False	False	0.0	0	False	0.987213631093156	0.0647913424891881	7	2	198.0593450945581	multi_gene_candidate
3:44500000	TMEM42	rs1876223	3:44761331	lower_recurrence_exact	moderate_0.2_0.5	systemic_non_neural	4	4	0.20354721	10	0.0016830251079745	0.3856635093688965	True	True	True	True	True	True	False	0.0	False	False	False	False	0.0	0	False	0.9654981468758462	0.0245728695173027	3	2	197.91161656244742	multi_gene_candidate
3:44500000	ZNF502	rs1876223	3:44761331	lower_recurrence_exact	moderate_0.2_0.5	systemic_non_neural	4	4	0.20354721	10	0.0016830251079745	0.3856635093688965	True	True	True	True	True	True	False	0.0	False	False	False	False	0.0	0	False	0.9596603481409997	0.0209752872903412	49	2	197.85323857509897	multi_gene_candidate
17:7000000	FGF11	rs9890920	17:7496722	lower_recurrence_exact	moderate_0.2_0.5	systemic_non_neural	7	4	0.24570435	6	0.0311056806854742	0.326083779335022	True	True	True	True	True	True	False	0.6258522565596671	False	False	False	False	0.0	0	False	0.9800367259381976	0.0423058876909938	2	2	197.76120505273218	multi_gene_candidate
12:120000000	GATC	rs12857	12:120496143	lower_recurrence_exact	moderate_0.2_0.5	neuro_systemic	7	4	0.21005246	5	0.0727293024645522	0.3487208783626556	True	True	True	True	True	True	False	0.9999999622860796	False	False	False	False	0.0	0	False	0.94846058884155	0.0164779035837967	1	1	197.67181467204205	multi_gene_candidate
2:95500000	CIAO1	rs11687113	2:95992840	lower_recurrence_exact	moderate_0.2_0.5	systemic_non_neural	8	4	0.3412514	5	0.0280132557405385	0.2988905906677246	True	True	True	True	True	True	False	0.0	False	False	False	False	0.0	0	False	0.9871394577771754	0.0643898630302528	35	2	197.660300484449	multi_gene_candidate
17:7000000	CHRNB1	rs9890920	17:7496722	lower_recurrence_exact	moderate_0.2_0.5	systemic_non_neural	7	4	0.24570435	6	0.0311056806854742	0.326083779335022	True	True	True	True	True	True	False	0.6258522565596671	False	False	False	False	0.0	0	False	0.9681112048282952	0.0266196665521591	22	2	197.64194984163316	multi_gene_candidate
17:7000000	ZBTB4	rs9890920	17:7496722	lower_recurrence_exact	moderate_0.2_0.5	systemic_non_neural	7	4	0.24570435	6	0.0311056806854742	0.326083779335022	True	True	True	True	True	True	False	0.6258522565596671	False	False	False	False	0.0	0	False	0.9656969314862048	0.0247999853849765	4	3	197.61780710821225	multi_gene_candidate
7:73500000	CLDN3	rs4440516	7:73809711	lower_recurrence_exact	moderate_0.2_0.5	systemic_non_neural	9	6	0.25026548	3	0.0102006751086684	0.5513584017753601	True	True	True	True	True	False	True	0.7334800846705781	False	False	False	False	0.0	0	False	0.8003411777485575	0.0036038392922652	1	1	197.4169957952392	multi_gene_candidate
4:76000000	STBD1	rs2136050	4:76388636	core_exact_n10	moderate_0.2_0.5	neural_enriched	10	5	0.21426542	4	3.64569114392252e-05	0.5143367052078247	True	True	True	True	True	False	True	0.7466807941843622	False	False	False	False	0.0	0	False	0.9026029396557738	0.0082870059468447	3	1	197.16939644863598	multi_gene_candidate
22:41500000	CCDC134	rs2267437	22:41620695	lower_recurrence_exact	moderate_0.2_0.5	neural_enriched	3	3	0.21695296	10	0.1467721809637951	0.3959097862243652	True	True	True	True	True	True	False	0.0	False	False	False	False	0.0	0	False	0.9903030936412498	0.0836451411935088	44	1	197.16212879865617	multi_gene_candidate
5:43000000	C5ORF34	rs6451706	5:43482713	lower_recurrence_exact	moderate_0.2_0.5	systemic_other	3	3	0.22904155	4	0.0126709815454512	0.4115496277809143	True	True	True	True	True	False	False	0.0	False	False	True	True	0.11573	1	False	0.8722459762520969	0.0061271542402987	1	1	197.13795604033012	multi_gene_candidate
22:41500000	CSDC2	rs2267437	22:41620695	lower_recurrence_exact	moderate_0.2_0.5	neural_enriched	3	3	0.21695296	10	0.1467721809637951	0.3959097862243652	True	True	True	True	True	True	False	0.0	False	False	False	False	0.0	0	False	0.98761609022594	0.0666720934614179	4	2	197.13525876450308	multi_gene_candidate
17:7000000	FGF11	rs2111437	17:7489478	lower_recurrence_exact	moderate_0.2_0.5	systemic_non_neural	7	4	0.22976127	5	0.032851790797851	0.2606676816940307	True	True	True	True	True	True	False	0.0	False	False	False	False	0.0	0	False	0.9800367259381976	0.0423058876909938	2	2	197.10704407632227	multi_gene_candidate
17:7000000	FGF11	rs4632183	17:7497129	core_exact_n10	moderate_0.2_0.5	neural_enriched	10	3	0.4108836	7	0.0282957641020318	0.326083779335022	True	True	True	True	True	True	False	0.6258522565596671	False	False	False	False	0.0	0	False	0.9800367259381976	0.0423058876909938	2	2	197.0612050527322	multi_gene_candidate
17:7000000	POLR2A	rs4632183	17:7497129	core_exact_n10	moderate_0.2_0.5	neural_enriched	10	3	0.4108836	7	0.0282957641020318	0.326083779335022	True	True	True	True	True	True	False	0.6258522565596671	False	False	False	False	0.0	0	False	0.9714112936038528	0.0296893728737203	141	2	196.97495072938875	multi_gene_candidate
17:7000000	CHRNB1	rs4632183	17:7497129	core_exact_n10	moderate_0.2_0.5	neural_enriched	10	3	0.4108836	7	0.0282957641020318	0.326083779335022	True	True	True	True	True	True	False	0.6258522565596671	False	False	False	False	0.0	0	False	0.9681112048282952	0.0266196665521591	22	2	196.94194984163317	multi_gene_candidate
22:41500000	POLR3H	rs2267437	22:41620695	lower_recurrence_exact	moderate_0.2_0.5	neural_enriched	3	3	0.21695296	10	0.1467721809637951	0.3959097862243652	True	True	True	True	True	True	False	0.0	False	False	False	False	0.0	0	False	0.9662558256471566	0.0252105218668573	4	2	196.92165611871522	multi_gene_candidate
17:7000000	ZBTB4	rs4632183	17:7497129	core_exact_n10	moderate_0.2_0.5	neural_enriched	10	3	0.4108836	7	0.0282957641020318	0.326083779335022	True	True	True	True	True	True	False	0.6258522565596671	False	False	False	False	0.0	0	False	0.9656969314862048	0.0247999853849765	4	3	196.91780710821226	multi_gene_candidate
22:31000000	PRR14L	rs1034588	22:31220315	lower_recurrence_exact	moderate_0.2_0.5	neural_enriched	4	3	0.39484495	4	0.0140119921177449	0.3259079158306122	True	True	True	True	True	True	False	0.9106296142098412	False	False	False	False	0.0	0	False	0.992096030628366	0.1006927134509125	1	1	196.5800394645898	multi_gene_candidate
12:110000000	RAD9B	rs3759382	12:110451678	lower_recurrence_exact	moderate_0.2_0.5	systemic_other	4	3	0.20180154	11	0.0036973090000212	0.3799511790275574	True	True	True	True	True	True	False	0.0	False	False	False	False	0.0	0	False	0.9275458561938276	0.0114175630788621	4	1	196.47497035221386	multi_gene_candidate
14:23000000	RBM23	rs3751498	14:23006817	lower_recurrence_exact	moderate_0.2_0.5	neural_enriched	3	3	0.2206046	5	0.0206295001880129	0.2330938875675201	True	True	True	True	True	True	False	0.9869135435791534	False	False	False	False	0.0	0	False	0.9938125771917946	0.1249700559016307	260	3	195.56906464759317	multi_gene_candidate
17:36000000	DHRS11	rs7217798	17:36486103	lower_recurrence_exact	moderate_0.2_0.5	systemic_other	4	3	0.23653255	4	0.0016274249247172	0.1223135292530059	True	True	True	True	True	True	False	0.0	False	False	False	False	0.0	0	False	0.997786437406014	0.2807709257653033	2	1	194.6009996665902	multi_gene_candidate
11:57000000	RTN4RL2	rs2584862	11:57474483	core_exact_n10	moderate_0.2_0.5	systemic_non_neural	11	5	0.22030085	3	0.0249437544007074	0.1265058070421219	True	False	True	True	True	True	True	0.9262351205042306	False	False	False	False	0.0	0	False	0.9954491113003834	0.1639061307574132	1	1	189.31954918342504	multi_gene_candidate
10:133000000	PRAP1	rs7074435	10:133377066	core_exact_n10	moderate_0.2_0.5	systemic_non_neural	15	6	0.25878397	3	0.0164485989039331	0.2170259803533554	True	False	True	True	True	True	False	0.0	False	False	False	False	0.0	0	True	0.9579430462269248	0.02116283747554	2	2	189.2496902658028	multi_gene_candidate
3:129000000	COPG1	rs11719332	3:129228874	core_exact_n10	moderate_0.2_0.5	systemic_non_neural	12	5	0.2594923	4	0.0029588759499388	0.0966813266277313	True	False	True	True	True	True	True	0.8823030975317417	False	False	False	False	0.0	0	False	0.9315514909213448	0.0121231876413311	1	1	188.48232817549075	multi_gene_candidate
7:44500000	TBRG4	rs6463259	7:44999010	lower_recurrence_exact	moderate_0.2_0.5	systemic_non_neural	8	5	0.20764424	4	0.0331642957057646	0.9247003793716432	True	True	True	True	True	False	False	0.9999547466357488	False	False	False	False	0.015689	1	False	0.8220589425757546	0.0041580963659654	1	1	188.26759321947398	multi_gene_candidate
12:56000000	ANKRD52	rs1274493	12:56288587	core_exact_n10	moderate_0.2_0.5	systemic_non_neural	10	7	0.26974043	4	0.0514377170798078	0.5742964148521423	True	True	True	True	True	False	False	0.0	False	False	False	False	0.0	0	False	0.9074064408440212	0.008764306746813	1	1	187.81702855696165	multi_gene_candidate
1:87000000	SELENOF	rs1419132	1:87089675	core_exact_n10	moderate_0.2_0.5	neural_enriched	12	4	0.33166468	3	0.0018079236496915	0.7604242563247681	True	True	True	True	True	False	False	0.0	False	False	False	False	0.0	0	False	0.8867079873133132	0.0070115494389828	130	3	186.6713224363808	multi_gene_candidate
1:87000000	HS2ST1	rs1419132	1:87089675	core_exact_n10	moderate_0.2_0.5	neural_enriched	12	4	0.33166468	3	0.0018079236496915	0.7604242563247681	True	True	True	True	True	False	False	0.0	False	False	False	False	0.0	0	False	0.8668749528514436	0.0058411235229933	5	2	186.4729920917621	multi_gene_candidate
11:108000000	ATM	rs2118309	11:108496726	lower_recurrence_exact	moderate_0.2_0.5	systemic_non_neural	7	5	0.2075518	3	0.0153454243495389	0.6131616234779358	True	True	True	True	True	False	False	0.8157215702056675	False	False	False	False	0.0	0	False	0.8607485735351856	0.0055519638531452	36	4	185.4391019701312	multi_gene_candidate
11:108000000	NPAT	rs2118309	11:108496726	lower_recurrence_exact	moderate_0.2_0.5	systemic_non_neural	7	5	0.2075518	3	0.0153454243495389	0.6131616234779358	True	True	True	True	True	False	False	0.8157215702056675	False	False	False	False	0.0	0	False	0.8592366364113124	0.0054759106826605	16	1	185.42398259889248	multi_gene_candidate
5:141500000	PCDHGA2	rs4912608	5:141511628	lower_recurrence_exact	moderate_0.2_0.5	neuro_systemic	8	6	0.2415571	5	0.0425308967300044	0.4457835555076599	True	True	True	True	True	False	False	0.9804160227573326	False	False	False	False	0.0	0	False	0.9145087332439646	0.0095903974253246	1	1	185.40292288751627	multi_gene_candidate
4:76000000	FAM47E	rs2136050	4:76388636	core_exact_n10	moderate_0.2_0.5	neural_enriched	10	5	0.21426542	4	3.64569114392252e-05	0.5143367052078247	True	True	True	True	True	False	False	0.7466807941843622	False	False	False	False	0.0	0	False	0.8030107471390735	0.0036640803946095	1	1	184.173474523469	multi_gene_candidate
11:125500000	FEZ1	rs2702023	11:125595125	lower_recurrence_exact	moderate_0.2_0.5	neuro_systemic	7	4	0.20307174	3	0.191095111107777	0.5320141315460205	True	True	True	True	True	False	False	0.0	False	False	False	False	0.0	0	False	0.8910824228551505	0.0073317776913686	4	3	183.9309655440117	multi_gene_candidate
17:4000000	CYB5D2	rs8064596	17:4368497	lower_recurrence_exact	moderate_0.2_0.5	systemic_other	4	3	0.20748556	3	0.0042636598561514	0.6171234250068665	True	True	True	True	True	False	False	0.0	False	False	False	False	0.0	0	False	0.903682854251582	0.0083929370884346	2	1	183.6080627925845	multi_gene_candidate
15:40500000	DNAJC17	rs7167854	15:40746016	core_exact_n10	moderate_0.2_0.5	neural_enriched	11	3	0.29438058	4	0.0195839903050469	0.5373381972312927	True	True	True	True	True	False	False	0.6942958136032771	False	False	False	False	0.0	0	False	0.9018800711637354	0.0082230179090969	1	1	183.49218268395026	multi_gene_candidate
15:42000000	CAPN3	rs8037100	15:42288107	lower_recurrence_exact	moderate_0.2_0.5	systemic_non_neural	8	4	0.23837243	3	0.0014123303631026	0.4265745878219604	True	True	True	True	True	False	False	0.0	False	False	False	False	0.0	0	False	0.9077530030702616	0.0088417069567803	2	2	183.14327590892222	multi_gene_candidate
5:138000000	FAM53C	rs10038448	5:138180092	core_exact_n10	hidden_lt0.2	mixed_trait_axis	10	7	0.14850534	3	0.2376213116503366	0.1171704307198524	True	True	True	True	True	False	False	0.0	False	False	False	False	0.0	0	False	0.897146382359411	0.0078159085926307	5	2	183.14316813079265	multi_gene_candidate
5:138000000	CDC25C	rs10038448	5:138180092	core_exact_n10	hidden_lt0.2	mixed_trait_axis	10	7	0.14850534	3	0.2376213116503366	0.1171704307198524	True	True	True	True	True	False	False	0.0	False	False	False	False	0.0	0	False	0.8837427278621888	0.0068160312934071	9	3	183.0091315858204	multi_gene_candidate
9:136500000	LCN12	rs6560653	9:136999551	core_exact_n10	moderate_0.2_0.5	systemic_non_neural	11	6	0.3336941	6	0.0739594981676069	0.1505139023065567	True	True	True	True	True	False	False	0.0	False	False	False	False	0.0	0	False	0.9166022095011772	0.0098228059416342	14	3	182.77116111807734	multi_gene_candidate
5:138000000	CDC23	rs10038448	5:138180092	core_exact_n10	hidden_lt0.2	mixed_trait_axis	10	7	0.14850534	3	0.2376213116503366	0.1171704307198524	True	True	True	True	True	False	False	0.0	False	False	False	False	0.0	0	False	0.846522415721659	0.0049588004060946	1	1	182.63692846441512	multi_gene_candidate
17:75500000	TEN1	rs12945114	17:75997465	core_exact_n10	moderate_0.2_0.5	systemic_non_neural	26	9	0.32053697	5	0.1756331627864174	0.0760695487260818	True	False	False	True	True	True	False	0.0	True	True	False	False	0.0	0	False	0.9957219822075994	0.1770970957673286	7	2	182.3179153093368	multi_gene_candidate
7:44500000	TBRG4	rs1859489	7:44988209	lower_recurrence_exact	moderate_0.2_0.5	systemic_non_neural	5	4	0.20069842	3	0.0447771642611159	0.4301313757896423	True	True	True	True	True	False	False	0.0	False	False	False	False	0.0	0	False	0.8220589425757546	0.0041580963659654	1	1	182.02190318365396	multi_gene_candidate
15:42000000	CAPN3	rs11631983	15:42279532	lower_recurrence_exact	moderate_0.2_0.5	systemic_non_neural	8	4	0.20385575	5	0.012477110970791	0.3088811039924621	True	True	True	True	True	False	False	0.0	False	False	False	False	0.0	0	False	0.9077530030702616	0.0088417069567803	2	2	181.96634107062724	multi_gene_candidate
2:95500000	STARD7	rs11687113	2:95992840	lower_recurrence_exact	moderate_0.2_0.5	systemic_non_neural	8	4	0.3412514	5	0.0280132557405385	0.2988905906677246	True	True	True	True	True	False	False	0.0	False	False	False	False	0.0	0	False	0.9127915967867802	0.0093563684868518	1	1	181.91682187454506	multi_gene_candidate
2:95500000	ADRA2B	rs11687113	2:95992840	lower_recurrence_exact	moderate_0.2_0.5	systemic_non_neural	8	4	0.3412514	5	0.0280132557405385	0.2988905906677246	True	True	True	True	True	False	False	0.0	False	False	False	False	0.0	0	False	0.91057590998163	0.0090998978979456	7	1	181.89466500649357	multi_gene_candidate
15:42000000	LRRC57	rs11631983	15:42279532	lower_recurrence_exact	moderate_0.2_0.5	systemic_non_neural	8	4	0.20385575	5	0.012477110970791	0.3088811039924621	True	True	True	True	True	False	False	0.0	False	False	False	False	0.0	0	False	0.8966341191261815	0.0077784222317568	101	3	181.85515223118645	multi_gene_candidate
5:43000000	PAIP1	rs6451706	5:43482713	lower_recurrence_exact	moderate_0.2_0.5	systemic_other	3	3	0.22904155	4	0.0126709815454512	0.4115496277809143	True	True	True	True	True	False	False	0.0	False	False	False	False	0.11573	1	False	0.909931021631396	0.0090368538415531	9	2	181.51480649412312	multi_gene_candidate
5:43000000	NNT	rs6451706	5:43482713	lower_recurrence_exact	moderate_0.2_0.5	systemic_other	3	3	0.22904155	4	0.0126709815454512	0.4115496277809143	True	True	True	True	True	False	False	0.0	False	False	False	False	0.11573	1	False	0.900733018092418	0.0081205914116346	6	1	181.42282645873334	multi_gene_candidate
12:110000000	FAM216A	rs3759382	12:110451678	lower_recurrence_exact	moderate_0.2_0.5	systemic_other	4	3	0.20180154	11	0.0036973090000212	0.3799511790275574	True	True	True	True	True	False	False	0.0	False	False	False	False	0.0	0	False	0.9081292895374968	0.0088414701176039	3	1	181.28080468565054	multi_gene_candidate
2:95500000	ASTL	rs11687113	2:95992840	lower_recurrence_exact	moderate_0.2_0.5	systemic_non_neural	8	4	0.3412514	5	0.0280132557405385	0.2988905906677246	True	True	True	True	True	False	False	0.0	False	False	False	False	0.0	0	False	0.8471457624353681	0.004976602353541	1	1	181.26036353103095	multi_gene_candidate
12:110000000	ANAPC7	rs3759382	12:110451678	lower_recurrence_exact	moderate_0.2_0.5	systemic_other	4	3	0.20180154	11	0.0036973090000212	0.3799511790275574	True	True	True	True	True	False	False	0.0	False	False	False	False	0.0	0	False	0.8955131983468558	0.0076759121279364	3	3	181.15464377374414	multi_gene_candidate
12:110000000	PPTC7	rs3759382	12:110451678	lower_recurrence_exact	moderate_0.2_0.5	systemic_other	4	3	0.20180154	11	0.0036973090000212	0.3799511790275574	True	True	True	True	True	False	False	0.0	False	False	False	False	0.0	0	False	0.8261737730320717	0.0042714890068953	3	1	180.4612495205963	multi_gene_candidate
12:110000000	ATP2A2	rs3759382	12:110451678	lower_recurrence_exact	moderate_0.2_0.5	systemic_other	4	3	0.20180154	11	0.0036973090000212	0.3799511790275574	True	True	True	True	True	False	False	0.0	False	False	False	False	0.0	0	False	0.8094178385056446	0.0038198173937013	2	1	180.29369017533202	multi_gene_candidate
14:23000000	PSMB5	rs8003201	14:23008384	core_exact_n10	moderate_0.2_0.5	neuro_systemic	11	5	0.21816213	4	0.0131288673229491	0.123931735754013	True	False	True	True	True	True	False	0.0	False	False	False	False	0.0	0	False	0.9793642129432788	0.0411894827503613	162	3	177.1329594869729	multi_gene_candidate
12:56000000	MYL6	rs6581091	12:56190040	core_exact_n10	moderate_0.2_0.5	neural_enriched	12	5	0.46100545	3	0.1345708344955418	0.0915368497371673	True	False	True	True	True	True	False	0.0	False	False	False	False	0.0	0	False	0.995181020091312	0.1549477507734329	8	1	177.06717869828478	multi_gene_candidate
16:30000000	CD2BP2	rs4788413	16:30399124	core_exact_n10	moderate_0.2_0.5	systemic_non_neural	13	5	0.30197057	5	0.028642655742378	0.1031579598784446	True	False	True	True	True	True	False	0.0	False	False	False	False	0.0	0	False	0.9618205719986084	0.0222328792146708	18	3	176.94978531877055	multi_gene_candidate
4:47500000	CNGA1	rs2289433	4:47837912	lower_recurrence_exact	moderate_0.2_0.5	neuro_systemic	8	4	0.26218316	4	0.0194224404648289	0.254399687051773	True	False	True	True	True	True	False	0.0	False	False	False	False	0.0	0	False	0.959005058294327	0.0206457413071797	64	3	176.934047453461	multi_gene_candidate
16:30000000	TBC1D10B	rs4788413	16:30399124	core_exact_n10	moderate_0.2_0.5	systemic_non_neural	13	5	0.30197057	5	0.028642655742378	0.1031579598784446	True	False	True	True	True	True	False	0.0	False	False	False	False	0.0	0	False	0.9483341736851896	0.0162813595588351	1	1	176.81492133563634	multi_gene_candidate
4:103000000	UBE2D3	rs76281393	4:103011818	lower_recurrence_exact	moderate_0.2_0.5	neural_enriched	4	3	0.20227882	5	0.1166966350910353	0.2807129621505737	True	False	True	True	True	True	False	0.0	False	False	False	False	0.0	0	False	0.9917429697278094	0.0974903500144102	2	2	176.12455931878384	multi_gene_candidate
1:37000000	SNIP1	rs215208	1:37487375	lower_recurrence_exact	moderate_0.2_0.5	systemic_non_neural	7	4	0.21339448	4	0.0188818279394902	0.093773104250431	True	False	True	True	True	True	False	0.832622209325847	False	False	False	False	0.0	0	False	0.9870340001258052	0.064145797256264	35	1	175.50807104376236	multi_gene_candidate
1:37000000	MEAF6	rs215208	1:37487375	lower_recurrence_exact	moderate_0.2_0.5	systemic_non_neural	7	4	0.21339448	4	0.0188818279394902	0.093773104250431	True	False	True	True	True	True	False	0.832622209325847	False	False	False	False	0.0	0	False	0.9796155090327174	0.0415791552113686	5	1	175.43388613283147	multi_gene_candidate
12:110000000	ATP2A2	rs7304243	12:110224522	core_exact_n10	moderate_0.2_0.5	systemic_non_neural	10	6	0.3582417	3	0.9144998341069692	0.2461593896150589	True	True	True	False	True	False	True	0.791211755893473	False	False	False	False	0.0	0	False	0.8094178385056446	0.0038198173937013	2	1	174.55577228120703	multi_gene_candidate
16:67000000	ATP6V0D1	rs3893749	16:67499395	lower_recurrence_exact	moderate_0.2_0.5	systemic_other	3	3	0.27483034	4	0.0581592866767965	0.1202938482165336	True	False	True	True	True	True	False	0.0	False	False	False	False	0.0	0	False	0.993744730768816	0.1241353594466764	39	3	174.4403857898535	multi_gene_candidate
16:67000000	C16ORF86	rs3893749	16:67499395	lower_recurrence_exact	moderate_0.2_0.5	systemic_other	3	3	0.27483034	4	0.0581592866767965	0.1202938482165336	True	False	True	True	True	True	False	0.0	False	False	False	False	0.0	0	False	0.9604451948995067	0.0214087204231769	31	3	174.1073904311604	multi_gene_candidate
16:67000000	DPEP3	rs3893749	16:67499395	lower_recurrence_exact	moderate_0.2_0.5	systemic_other	3	3	0.27483034	4	0.0581592866767965	0.1202938482165336	True	False	True	True	True	True	False	0.0	False	False	False	False	0.0	0	False	0.933707988413124	0.0125399515783133	1	1	173.8400183662966	multi_gene_candidate
4:47500000	NFXL1	rs2289433	4:47837912	lower_recurrence_exact	moderate_0.2_0.5	neuro_systemic	8	4	0.26218316	4	0.0194224404648289	0.254399687051773	True	False	True	True	True	False	False	0.0	False	False	False	False	0.0	0	False	0.8965195712850917	0.0077529129413063	43	4	161.30919258336866	multi_gene_candidate
4:47500000	NIPAL1	rs2289433	4:47837912	lower_recurrence_exact	moderate_0.2_0.5	neuro_systemic	8	4	0.26218316	4	0.0194224404648289	0.254399687051773	True	False	True	True	True	False	False	0.0	False	False	False	False	0.0	0	False	0.8958283801678628	0.0076960230510413	10	2	161.30228067219636	multi_gene_candidate
17:75000000	TMEM94	rs4238984	17:75426138	lower_recurrence_exact	moderate_0.2_0.5	neuro_systemic	6	5	0.20538901	4	0.0010619134282536	0.0599366500973701	True	False	False	True	True	True	False	0.0	False	False	False	False	0.0	0	False	0.9666225063937592	0.0254414544241504	2	2	150.86559156491128	multi_gene_candidate
17:75000000	MYO15B	rs4238984	17:75426138	lower_recurrence_exact	moderate_0.2_0.5	neuro_systemic	6	5	0.20538901	4	0.0010619134282536	0.0599366500973701	True	False	False	True	True	False	False	0.0	False	False	False	False	0.0	0	False	0.8660773418694835	0.0058000407016009	2	2	134.86013991966854	multi_gene_candidate
