locus_500kb	strict_variant_count	exact_variant_count	has_exact_convergence	moderate_locus	hidden_locus	high_locus	lower_recurrence_locus	core_recurrence_locus	systemic_non_neural_locus	neuro_systemic_locus	neural_enriched_locus	systemic_other_locus	mixed_trait_axis_locus	max_n_families	max_n_traits	max_score	max_qtl_gene_count	max_screen_gene_count	max_candidate_gene_count	ot_coordinate_locus	ot_ld_proxy_locus	ot_l2g_locus	ot_e2g_locus	ot_coloc_h4_locus	eqtl_catalogue_pip_ge_0_1_locus	abc_nasser_locus	external_any_locus	external_multi_source_locus	full_stack_locus	family_breadth_ge5	family_breadth_ge6
10:0	3	0	0	1	0	0	0	1	0	0	0	1	0	4.0	10.0	0.33598801	2.0	2.0	0.0	0	0	0	0	0	0	0	0	0	0	0	0
10:1000000	1	0	0	0	0	0	0	0	0	0	0	0	0	0.0	0.0	0.31207585	1.0	0.0	0.0	0	0	0	0	0	0	0	0	0	0	0	0
10:100500000	3	2	1	0	1	0	0	1	1	1	0	0	0	8.0	11.0	0.22257113	6.0	7.0	4.0	0	0	0	0	0	0	0	0	0	0	1	1
10:101500000	3	2	1	1	0	0	1	0	1	0	0	0	0	5.0	9.0	0.2589809	8.0	14.0	3.0	1	1	1	1	1	0	0	1	0	0	1	0
10:102000000	1	1	1	1	0	0	1	0	0	1	0	0	0	4.0	5.0	0.24321872	8.0	18.0	5.0	0	0	0	0	0	0	0	0	0	0	0	0
10:10500000	1	1	1	1	0	0	0	1	0	0	0	1	0	2.0	11.0	0.29036602	4.0	1.0	1.0	1	1	1	1	1	0	0	1	0	0	0	0
10:110000000	1	0	0	1	0	0	1	0	0	0	0	1	0	3.0	4.0	0.21062227	3.0	2.0	0.0	1	1	0	0	0	0	0	0	0	0	0	0
10:110500000	2	1	1	1	0	0	1	1	1	0	1	0	0	4.0	10.0	0.306286	3.0	16.0	1.0	1	1	0	0	0	0	0	0	0	0	0	0
10:111000000	1	0	0	0	0	0	0	0	0	0	0	0	0	0.0	0.0	0.19029994	3.0	0.0	0.0	0	0	0	0	0	0	0	0	0	0	0	0
10:114000000	1	1	1	0	1	0	0	1	0	0	0	1	0	5.0	10.0	0.1946367	1.0	8.0	1.0	0	0	0	0	0	0	0	0	0	0	1	0
10:117000000	3	3	1	1	0	0	1	1	1	0	1	1	0	4.0	10.0	0.33053574	4.0	4.0	2.0	1	1	1	1	1	0	0	1	0	0	0	0
10:119000000	4	2	1	1	1	0	1	1	1	1	0	0	0	6.0	13.0	0.2447689	3.0	2.0	1.0	1	0	0	0	0	0	0	0	0	0	1	1
10:121000000	1	0	0	0	0	0	0	0	0	0	0	0	0	0.0	0.0	0.14110915	1.0	0.0	0.0	0	0	0	0	0	0	0	0	0	0	0	0
10:121500000	2	2	1	1	1	0	0	1	0	1	1	0	0	5.0	15.0	0.27827808	5.0	3.0	1.0	1	1	0	0	0	0	0	0	0	0	1	0
10:122000000	1	0	0	1	0	0	1	0	0	0	0	1	0	3.0	4.0	0.21360248	2.0	1.0	0.0	0	0	0	0	0	0	0	0	0	0	0	0
10:122500000	1	0	0	1	0	0	1	0	1	0	0	0	0	7.0	8.0	0.27676842	1.0	2.0	0.0	0	0	0	0	0	0	0	0	0	0	1	1
10:123000000	1	0	0	1	0	0	1	0	0	1	0	0	0	4.0	5.0	0.20204832	2.0	25.0	0.0	0	0	0	0	0	0	0	0	0	0	0	0
10:123500000	1	0	0	0	0	0	0	0	0	0	0	0	0	0.0	0.0	0.21098645	1.0	0.0	0.0	0	0	0	0	0	0	0	0	0	0	0	0
10:124000000	2	1	1	1	0	0	0	1	0	0	0	0	1	11.0	19.0	0.30533567	3.0	3.0	1.0	1	0	1	1	1	0	0	1	0	0	1	1
10:124500000	3	0	0	1	0	0	1	1	1	0	0	1	0	5.0	12.0	0.458152	1.0	1.0	0.0	1	1	0	0	0	0	0	0	0	0	1	0
10:125500000	1	0	0	1	0	0	1	0	0	0	0	1	0	3.0	4.0	0.20131427	4.0	1.0	0.0	1	1	0	0	0	0	0	0	0	0	0	0
10:129500000	1	1	1	1	0	0	1	0	1	0	0	0	0	6.0	9.0	0.24678005	1.0	2.0	1.0	0	0	0	0	0	0	0	0	0	0	1	1
10:131500000	1	1	1	1	0	0	0	1	0	1	0	0	0	7.0	21.0	0.34593493	2.0	2.0	1.0	0	0	0	0	0	0	0	0	0	0	1	1
10:132000000	1	1	1	1	0	0	0	1	1	0	0	0	0	5.0	12.0	0.22927201	3.0	1.0	1.0	1	1	1	1	1	0	0	1	0	0	1	0
10:132500000	5	0	0	1	1	0	0	1	0	0	0	1	0	4.0	12.0	0.3006162	4.0	4.0	0.0	0	0	0	0	0	0	0	0	0	0	0	0
10:133000000	6	4	1	1	0	0	1	1	1	0	1	0	0	7.0	16.0	0.42431712	11.0	11.0	3.0	1	1	1	1	1	0	0	1	0	0	1	1
10:13500000	3	0	0	1	0	0	1	0	0	1	0	0	0	4.0	4.0	0.20763256	3.0	1.0	0.0	1	1	0	0	0	0	0	0	0	0	0	0
10:14500000	1	0	0	0	1	0	0	1	0	0	0	1	0	4.0	10.0	0.19064672	1.0	1.0	0.0	0	0	0	0	0	0	0	0	0	0	0	0
10:22500000	1	1	1	1	0	0	1	0	0	0	1	0	0	3.0	3.0	0.29987118	1.0	2.0	1.0	1	0	1	1	1	0	0	1	0	0	0	0
10:27500000	1	0	0	0	1	0	0	1	0	1	0	0	0	7.0	13.0	0.13425831	2.0	12.0	0.0	0	0	0	0	0	0	0	0	0	0	1	1
10:28000000	1	1	1	1	0	0	1	0	0	0	1	0	0	3.0	3.0	0.21433248	3.0	2.0	1.0	0	0	0	0	0	0	0	0	0	0	0	0
10:30000000	1	0	0	0	0	0	0	0	0	0	0	0	0	0.0	0.0	0.20085458	1.0	0.0	0.0	0	0	0	0	0	0	0	0	0	0	0	0
10:31500000	1	0	0	1	0	0	0	1	0	0	0	1	0	4.0	13.0	0.34965003	1.0	7.0	0.0	0	0	0	0	0	0	0	0	0	0	0	0
10:4000000	1	0	0	1	0	0	1	0	0	0	0	1	0	3.0	4.0	0.2030761	1.0	1.0	0.0	0	0	0	0	0	0	0	0	0	0	0	0
10:42000000	1	0	0	0	0	0	0	0	0	0	0	0	0	0.0	0.0	0.42992488	8.0	0.0	0.0	0	0	0	0	0	0	0	0	0	0	0	0
10:43000000	1	1	1	1	0	0	1	0	1	0	0	0	0	4.0	6.0	0.2193967	4.0	4.0	1.0	1	1	1	0	1	0	0	1	0	0	0	0
10:44500000	1	1	1	1	0	0	1	0	0	0	0	1	0	3.0	4.0	0.20714225	1.0	1.0	1.0	0	0	0	0	0	0	0	0	0	0	0	0
10:46000000	1	0	0	0	0	0	0	0	0	0	0	0	0	0.0	0.0	0.2212338	2.0	0.0	0.0	0	0	0	0	0	0	0	0	0	0	0	0
10:46500000	2	0	0	0	0	0	0	0	0	0	0	0	0	0.0	0.0	0.2708546	13.0	0.0	0.0	0	0	0	0	0	0	0	0	0	0	0	0
10:47000000	1	0	0	0	0	0	0	0	0	0	0	0	0	0.0	0.0	0.24148141	13.0	0.0	0.0	0	0	0	0	0	0	0	0	0	0	0	0
10:49500000	1	0	0	0	0	0	0	0	0	0	0	0	0	0.0	0.0	0.25388214	9.0	0.0	0.0	0	0	0	0	0	0	0	0	0	0	0	0
10:500000	3	3	1	1	0	0	1	1	1	0	0	1	0	6.0	21.0	0.344278	3.0	1.0	1.0	0	0	0	0	0	0	0	0	0	0	1	1
10:50000000	2	0	0	0	0	0	0	0	0	0	0	0	0	0.0	0.0	0.3782033	3.0	0.0	0.0	0	0	0	0	0	0	0	0	0	0	0	0
10:50500000	2	0	0	1	1	0	0	1	0	0	0	1	0	4.0	11.0	0.21717522	2.0	1.0	0.0	0	0	0	0	0	0	0	0	0	0	0	0
10:5500000	3	2	1	1	1	0	1	1	1	1	1	0	0	7.0	12.0	0.25121662	5.0	1.0	1.0	1	1	0	0	0	0	0	0	0	0	1	1
10:58500000	1	0	0	0	0	0	0	0	0	0	0	0	0	0.0	0.0	0.13492848	1.0	0.0	0.0	0	0	0	0	0	0	0	0	0	0	0	0
10:59500000	1	0	0	0	0	0	0	0	0	0	0	0	0	0.0	0.0	0.2333307	1.0	0.0	0.0	0	0	0	0	0	0	0	0	0	0	0	0
10:60500000	3	1	1	1	0	0	1	0	0	1	1	0	0	4.0	6.0	0.23705328	2.0	1.0	1.0	1	0	1	1	0	0	0	0	0	0	0	0
10:61000000	1	0	0	0	0	0	0	0	0	0	0	0	0	0.0	0.0	0.20605811	1.0	0.0	0.0	0	0	0	0	0	0	0	0	0	0	0	0
10:67000000	1	0	0	0	0	0	0	0	0	0	0	0	0	0.0	0.0	0.30920652	1.0	0.0	0.0	0	0	0	0	0	0	0	0	0	0	0	0
10:68500000	1	0	0	0	0	0	0	0	0	0	0	0	0	0.0	0.0	0.20696375	3.0	0.0	0.0	0	0	0	0	0	0	0	0	0	0	0	0
10:70000000	4	1	1	1	0	0	1	0	1	0	0	0	0	4.0	9.0	0.24415533	1.0	1.0	1.0	0	0	0	0	0	0	0	0	0	0	0	0
10:71000000	1	1	1	1	0	0	1	0	1	0	0	0	0	4.0	7.0	0.292292	2.0	2.0	2.0	0	0	0	0	0	0	0	0	0	0	0	0
10:72000000	1	0	0	0	0	0	0	0	0	0	0	0	0	0.0	0.0	0.27313113	7.0	0.0	0.0	0	0	0	0	0	0	0	0	0	0	0	0
10:72500000	1	1	1	0	1	0	0	1	0	0	0	1	0	4.0	12.0	0.19128436	7.0	1.0	1.0	1	0	1	1	0	0	0	0	0	0	0	0
10:74000000	1	1	1	1	0	0	1	0	0	1	0	0	0	4.0	9.0	0.31134105	3.0	1.0	1.0	1	1	1	1	1	0	0	1	0	0	0	0
10:75000000	3	0	0	1	0	0	1	0	1	1	0	0	0	7.0	8.0	0.26866505	1.0	2.0	0.0	1	1	0	0	0	0	0	0	0	0	1	1
10:75500000	1	0	0	0	0	0	0	0	0	0	0	0	0	0.0	0.0	0.4488124	1.0	0.0	0.0	0	0	0	0	0	0	0	0	0	0	0	0
10:79500000	2	0	0	0	0	0	0	0	0	0	0	0	0	0.0	0.0	0.33866072	19.0	0.0	0.0	0	0	0	0	0	0	0	0	0	0	0	0
10:84000000	1	1	1	1	0	0	1	0	0	1	0	0	0	5.0	9.0	0.25084415	1.0	1.0	1.0	1	0	1	1	1	0	0	1	0	0	1	0
10:86000000	2	2	1	1	0	0	1	0	1	0	0	1	0	4.0	5.0	0.21470177	3.0	1.0	1.0	1	0	1	1	1	0	0	1	0	0	0	0
10:86500000	1	1	1	1	0	0	0	1	0	0	0	1	0	3.0	11.0	0.4003262	2.0	7.0	1.0	0	0	0	0	0	0	0	0	0	0	0	0
10:87000000	4	0	0	0	0	0	0	0	0	0	0	0	0	0.0	0.0	0.3879519	7.0	0.0	0.0	0	0	0	0	0	0	0	0	0	0	0	0
10:95000000	1	0	0	0	0	0	0	0	0	0	0	0	0	0.0	0.0	0.26396978	4.0	0.0	0.0	0	0	0	0	0	0	0	0	0	0	0	0
10:96500000	2	1	1	1	0	0	1	0	0	1	0	0	0	6.0	8.0	0.31865066	1.0	1.0	1.0	0	0	0	0	0	0	0	0	0	0	1	1
10:97000000	1	1	1	1	0	0	0	1	0	0	0	1	0	4.0	10.0	0.24824248	5.0	20.0	2.0	0	0	0	0	0	0	0	0	0	0	0	0
10:99500000	2	2	1	1	1	0	1	1	1	0	0	1	0	4.0	13.0	0.25039488	8.0	5.0	1.0	1	1	1	1	1	0	0	1	0	0	0	0
11:0	2	2	1	1	0	0	1	0	1	0	0	0	0	4.0	7.0	0.3242626	8.0	3.0	2.0	0	0	0	0	0	1	0	1	0	0	0	0
11:1000000	2	0	0	0	0	0	0	0	0	0	0	0	0	0.0	0.0	0.2165493	1.0	0.0	0.0	0	0	0	0	0	0	0	0	0	0	0	0
11:102000000	2	0	0	1	0	0	1	0	1	0	0	0	0	4.0	4.0	0.24907231	4.0	3.0	0.0	0	0	0	0	0	0	0	0	0	0	0	0
11:104500000	3	1	1	1	0	0	1	0	0	0	1	0	0	3.0	4.0	0.27464896	3.0	1.0	1.0	1	1	1	1	1	0	0	1	0	0	0	0
11:10500000	5	3	1	1	0	0	1	1	1	1	1	0	0	7.0	17.0	0.33475962	4.0	13.0	2.0	0	0	0	0	0	0	0	0	0	0	1	1
11:105000000	2	0	0	0	0	0	0	0	0	0	0	0	0	0.0	0.0	0.26283938	5.0	0.0	0.0	0	0	0	0	0	0	0	0	0	0	0	0
11:106000000	2	1	1	0	1	0	0	1	1	0	0	0	0	5.0	11.0	0.20960046	4.0	1.0	1.0	0	0	0	0	0	0	0	0	0	0	1	0
11:108000000	2	1	1	1	0	0	1	0	1	1	0	0	0	5.0	7.0	0.23592222	5.0	9.0	3.0	1	1	1	1	1	0	0	1	0	0	1	0
11:109500000	1	1	1	0	1	0	0	1	0	0	1	0	0	6.0	11.0	0.16593246	1.0	1.0	1.0	0	0	0	0	0	0	1	1	0	0	1	1
11:110000000	1	1	1	0	1	0	0	1	0	0	0	1	0	4.0	11.0	0.1911605	3.0	2.0	2.0	1	0	0	0	0	0	0	0	0	0	0	0
11:111000000	1	0	0	1	0	0	1	0	1	0	0	0	0	4.0	4.0	0.27583635	2.0	2.0	0.0	0	0	0	0	0	0	0	0	0	0	0	0
11:111500000	2	2	1	1	0	0	1	0	1	0	0	1	0	5.0	9.0	0.23413588	14.0	10.0	4.0	1	1	1	1	1	0	0	1	0	0	1	0
11:113500000	2	0	0	1	0	0	1	1	1	0	0	0	0	6.0	13.0	0.2177524	1.0	5.0	0.0	0	0	0	0	0	0	0	0	0	0	1	1
11:114500000	1	0	0	0	0	0	0	0	0	0	0	0	0	0.0	0.0	0.24471255	3.0	0.0	0.0	0	0	0	0	0	0	0	0	0	0	0	0
11:118500000	1	1	1	1	0	0	1	0	1	0	0	0	0	4.0	8.0	0.24915428	4.0	2.0	1.0	0	0	0	0	0	0	0	0	0	0	0	0
11:119000000	1	0	0	0	0	0	0	0	0	0	0	0	0	0.0	0.0	0.27183187	1.0	0.0	0.0	0	0	0	0	0	0	0	0	0	0	0	0
11:119500000	4	0	0	1	0	0	1	1	0	1	1	1	0	5.0	12.0	0.2678708	1.0	2.0	0.0	0	0	0	0	0	0	0	0	0	0	1	0
11:120500000	2	1	1	1	0	0	0	1	1	0	0	0	0	5.0	13.0	0.27600095	1.0	3.0	1.0	0	0	0	0	0	0	0	0	0	0	1	0
11:12500000	1	0	0	0	0	0	0	0	0	0	0	0	0	0.0	0.0	0.17964245	2.0	0.0	0.0	0	0	0	0	0	0	0	0	0	0	0	0
11:125000000	2	0	0	0	0	0	0	0	0	0	0	0	0	0.0	0.0	0.2118578	4.0	0.0	0.0	0	0	0	0	0	0	0	0	0	0	0	0
11:125500000	4	3	1	1	0	0	1	1	1	1	1	0	1	7.0	12.0	0.2731617	7.0	18.0	3.0	1	1	1	1	1	0	0	1	0	0	1	1
11:129000000	1	0	0	0	0	0	0	0	0	0	0	0	0	0.0	0.0	0.25366607	2.0	0.0	0.0	0	0	0	0	0	0	0	0	0	0	0	0
11:129500000	3	1	1	1	0	0	1	0	1	0	0	0	0	4.0	7.0	0.2934359	2.0	3.0	1.0	0	0	0	0	0	0	0	0	0	0	0	0
11:130000000	1	0	0	0	0	0	0	0	0	0	0	0	0	0.0	0.0	0.15437298	2.0	0.0	0.0	0	0	0	0	0	0	0	0	0	0	0	0
11:134000000	1	0	0	0	0	0	0	0	0	0	0	0	0	0.0	0.0	0.15090317	8.0	0.0	0.0	0	0	0	0	0	0	0	0	0	0	0	0
11:1500000	4	4	1	1	0	0	1	1	1	0	1	1	0	6.0	13.0	0.36502478	4.0	7.0	2.0	0	0	0	0	0	0	1	1	0	0	1	1
11:15000000	1	0	0	1	0	0	0	1	0	1	0	0	0	5.0	10.0	0.22046605	1.0	3.0	0.0	1	0	0	0	0	0	0	0	0	0	1	0
11:17000000	2	1	1	1	0	0	0	1	1	0	0	0	0	5.0	10.0	0.39703804	3.0	4.0	1.0	1	0	1	1	1	0	0	1	0	0	1	0
11:18000000	2	0	0	1	0	0	1	1	1	0	0	0	0	6.0	15.0	0.25535542	9.0	7.0	0.0	0	0	0	0	0	0	0	0	0	0	1	1
11:18500000	1	0	0	0	0	0	0	0	0	0	0	0	0	0.0	0.0	0.23374659	1.0	0.0	0.0	0	0	0	0	0	0	0	0	0	0	0	0
11:2000000	1	0	0	1	0	0	1	0	0	0	0	1	0	3.0	3.0	0.30532184	2.0	1.0	0.0	1	1	0	0	0	0	0	0	0	0	0	0
11:26500000	2	0	0	1	0	0	0	1	0	0	1	0	0	6.0	11.0	0.34320956	1.0	3.0	0.0	0	0	0	0	0	0	0	0	0	0	1	1
11:27000000	1	1	1	1	0	0	1	0	1	0	0	0	0	5.0	7.0	0.20149396	4.0	1.0	1.0	1	0	1	1	1	0	0	1	0	0	1	0
11:29500000	1	0	0	0	0	0	0	0	0	0	0	0	0	0.0	0.0	0.20484397	2.0	0.0	0.0	0	0	0	0	0	0	0	0	0	0	0	0
11:30000000	1	1	1	1	0	0	1	0	0	0	0	1	0	3.0	4.0	0.22558632	1.0	1.0	1.0	1	1	1	0	1	0	0	1	0	0	0	0
11:33000000	1	0	0	1	0	0	0	1	0	0	1	0	0	5.0	16.0	0.25885448	4.0	1.0	0.0	0	0	0	0	0	0	0	0	0	0	1	0
11:33500000	2	0	0	0	0	0	0	0	0	0	0	0	0	0.0	0.0	0.1439631	1.0	0.0	0.0	0	0	0	0	0	0	0	0	0	0	0	0
11:34000000	2	2	1	1	1	0	1	1	1	1	0	0	0	6.0	12.0	0.23050399	1.0	2.0	1.0	0	0	0	0	0	0	0	0	0	0	1	1
11:36500000	6	3	1	1	0	0	1	1	0	1	1	0	0	8.0	13.0	0.3036965	3.0	12.0	1.0	1	0	1	1	1	0	0	1	0	0	1	1
11:44500000	1	1	1	1	0	0	1	0	0	0	1	0	0	3.0	4.0	0.23074403	1.0	2.0	1.0	0	0	0	0	0	0	0	0	0	0	0	0
11:45500000	5	4	1	1	0	0	1	1	1	0	1	1	0	7.0	19.0	0.33528262	4.0	3.0	2.0	1	1	1	1	1	0	1	1	1	1	1	1
11:46000000	1	1	1	1	0	0	1	0	1	0	0	0	0	4.0	8.0	0.23817651	17.0	3.0	1.0	1	1	1	1	1	0	0	1	0	0	0	0
11:47000000	1	1	1	1	0	0	1	0	0	1	0	0	0	4.0	6.0	0.20705116	4.0	2.0	1.0	0	0	0	0	0	0	0	0	0	0	0	0
11:48500000	2	0	0	0	0	0	0	0	0	0	0	0	0	0.0	0.0	0.21529107	6.0	0.0	0.0	0	0	0	0	0	0	0	0	0	0	0	0
11:57000000	2	2	1	1	0	0	0	1	1	0	0	0	1	10.0	36.0	0.35530838	10.0	9.0	5.0	1	1	1	1	1	0	0	1	0	0	1	1
11:59500000	1	0	0	1	0	0	0	1	0	0	0	1	0	5.0	12.0	0.3015391	1.0	1.0	0.0	0	0	0	0	0	0	0	0	0	0	1	0
11:6000000	2	1	1	1	1	0	1	1	1	0	1	0	0	8.0	12.0	0.2363246	1.0	6.0	1.0	0	0	0	0	0	0	1	1	0	0	1	1
11:60500000	1	1	1	1	0	0	1	0	1	0	0	0	0	4.0	8.0	0.2344273	1.0	4.0	1.0	0	0	0	0	0	0	0	0	0	0	0	0
11:61000000	5	5	1	1	1	0	1	1	1	0	0	1	0	6.0	13.0	0.25765407	12.0	9.0	3.0	1	1	1	1	1	0	0	1	0	0	1	1
11:61500000	3	2	1	1	0	0	1	0	1	1	1	0	0	5.0	6.0	0.315529	2.0	6.0	1.0	1	1	0	0	0	0	0	0	0	0	1	0
11:62000000	1	0	0	1	0	0	1	0	1	0	0	0	0	4.0	6.0	0.23191331	4.0	1.0	0.0	0	0	0	0	0	0	0	0	0	0	0	0
11:62500000	2	0	0	1	0	0	1	1	0	1	0	0	1	8.0	21.0	0.24944943	7.0	3.0	0.0	1	0	0	0	0	0	0	0	0	0	1	1
11:63500000	5	1	1	1	0	0	1	1	1	0	1	1	0	6.0	14.0	0.42179167	6.0	4.0	1.0	0	0	0	0	0	0	0	0	0	0	1	1
11:64500000	6	4	1	1	1	0	1	1	1	0	1	1	0	6.0	11.0	0.4456785	8.0	19.0	4.0	1	1	1	1	1	1	0	1	1	1	1	1
11:65000000	5	4	1	1	0	0	1	1	1	0	0	0	0	6.0	21.0	0.31979987	17.0	11.0	2.0	1	1	1	1	1	0	0	1	0	0	1	1
11:65500000	5	4	1	1	0	0	1	1	1	0	0	1	0	6.0	15.0	0.29123908	11.0	14.0	3.0	1	0	1	1	1	0	0	1	0	0	1	1
11:66000000	3	2	1	1	0	0	1	1	1	0	0	0	0	5.0	12.0	0.2951996	10.0	15.0	2.0	1	0	1	1	1	0	0	1	0	0	1	0
11:66500000	1	1	1	1	0	0	0	1	1	0	0	0	0	5.0	11.0	0.33698657	8.0	6.0	1.0	1	0	0	0	0	0	0	0	0	0	1	0
11:67000000	8	5	1	1	0	0	1	1	1	1	1	0	0	6.0	15.0	0.3234125	9.0	16.0	3.0	1	1	1	1	1	0	0	1	0	0	1	1
11:67500000	3	1	1	1	0	0	1	0	1	0	0	0	0	5.0	6.0	0.31135422	4.0	2.0	1.0	0	0	0	0	0	0	0	0	0	0	1	0
11:68000000	4	3	1	1	0	0	1	0	1	1	1	0	0	4.0	7.0	0.35426602	9.0	5.0	2.0	0	0	0	0	0	0	0	0	0	0	0	0
11:68500000	2	1	1	1	0	0	1	0	1	0	0	0	0	5.0	5.0	0.22926828	2.0	9.0	1.0	0	0	0	0	0	0	0	0	0	0	1	0
11:70000000	6	2	1	1	0	0	1	1	1	1	0	0	0	6.0	16.0	0.33207336	4.0	2.0	1.0	1	0	1	1	0	0	0	0	0	0	1	1
11:71500000	14	3	1	1	0	0	1	1	1	0	1	1	1	8.0	21.0	0.4353394	9.0	12.0	3.0	1	1	0	0	1	0	0	1	0	0	1	1
11:72000000	4	2	1	1	0	0	1	1	1	0	1	1	0	6.0	16.0	0.48299378	8.0	3.0	2.0	1	1	1	1	1	0	0	1	0	0	1	1
11:72500000	1	0	0	1	0	0	0	1	0	0	0	1	0	5.0	10.0	0.24544144	1.0	1.0	0.0	0	0	0	0	0	0	0	0	0	0	1	0
11:73000000	5	0	0	1	0	0	1	0	1	1	0	0	0	6.0	8.0	0.29062572	6.0	3.0	0.0	0	0	0	0	0	0	0	0	0	0	1	1
11:73500000	4	2	1	1	0	0	1	0	1	0	0	1	0	4.0	4.0	0.44461438	6.0	1.0	1.0	1	1	1	1	1	0	0	1	0	0	0	0
11:74000000	4	1	1	1	0	0	1	1	1	0	1	0	0	5.0	11.0	0.37542725	11.0	2.0	2.0	0	0	0	0	0	0	0	0	0	0	1	0
11:75000000	1	1	1	1	0	0	1	0	0	0	0	1	0	3.0	4.0	0.20910762	3.0	3.0	1.0	1	0	0	0	0	0	0	0	0	0	0	0
11:75500000	1	0	0	1	0	0	1	0	1	0	0	0	0	7.0	9.0	0.26607	2.0	3.0	0.0	0	0	0	0	0	0	0	0	0	0	1	1
11:78500000	1	0	0	0	0	0	0	0	0	0	0	0	0	0.0	0.0	0.24276863	4.0	0.0	0.0	0	0	0	0	0	0	0	0	0	0	0	0
11:8000000	2	2	1	1	1	0	0	1	0	1	0	0	0	10.0	18.0	0.27304187	1.0	3.0	1.0	1	0	1	0	1	0	0	1	0	0	1	1
11:85000000	3	0	0	0	0	0	0	0	0	0	0	0	0	0.0	0.0	0.25721812	3.0	0.0	0.0	0	0	0	0	0	0	0	0	0	0	0	0
11:87500000	1	0	0	0	0	0	0	0	0	0	0	0	0	0.0	0.0	0.2052409	1.0	0.0	0.0	0	0	0	0	0	0	0	0	0	0	0	0
11:89000000	1	0	0	0	0	0	0	0	0	0	0	0	0	0.0	0.0	0.2556147	2.0	0.0	0.0	0	0	0	0	0	0	0	0	0	0	0	0
11:89500000	1	0	0	0	0	0	0	0	0	0	0	0	0	0.0	0.0	0.25829023	6.0	0.0	0.0	0	0	0	0	0	0	0	0	0	0	0	0
11:9000000	2	1	1	1	0	0	0	1	1	0	0	0	0	5.0	10.0	0.35112667	4.0	2.0	1.0	1	1	1	1	1	0	0	1	0	0	1	0
11:93500000	1	0	0	0	0	0	0	0	0	0	0	0	0	0.0	0.0	0.25890613	4.0	0.0	0.0	0	0	0	0	0	0	0	0	0	0	0	0
11:94500000	1	1	1	1	0	0	1	0	1	0	0	0	0	4.0	8.0	0.24164504	1.0	2.0	1.0	0	0	0	0	0	0	0	0	0	0	0	0
11:9500000	1	1	1	1	0	0	0	1	1	0	0	0	0	6.0	12.0	0.21773435	1.0	3.0	1.0	0	0	0	0	0	0	0	0	0	0	1	1
12:0	1	0	0	0	0	0	0	0	0	0	0	0	0	0.0	0.0	0.25291878	1.0	0.0	0.0	0	0	0	0	0	0	0	0	0	0	0	0
12:10000000	1	0	0	0	0	0	0	0	0	0	0	0	0	0.0	0.0	0.26122788	6.0	0.0	0.0	0	0	0	0	0	0	0	0	0	0	0	0
12:100000000	1	0	0	0	1	0	0	1	1	0	0	0	0	5.0	13.0	0.18672045	1.0	27.0	0.0	1	0	0	0	0	0	0	0	0	0	1	0
12:100500000	1	0	0	1	0	0	1	0	0	0	0	1	0	3.0	4.0	0.24191317	1.0	5.0	0.0	0	0	0	0	0	0	0	0	0	0	0	0
12:104000000	6	4	1	1	0	0	0	1	0	0	1	1	0	4.0	13.0	0.46301907	9.0	4.0	3.0	1	0	0	0	0	0	0	0	0	0	0	0
12:106000000	1	0	0	1	0	0	0	1	0	1	0	0	0	6.0	11.0	0.21230012	1.0	1.0	0.0	0	0	0	0	0	0	0	0	0	0	1	1
12:106500000	3	0	0	1	0	0	0	1	1	0	0	1	0	6.0	12.0	0.30096653	2.0	7.0	0.0	0	0	0	0	0	0	0	0	0	0	1	1
12:107000000	1	0	0	0	0	0	0	0	0	0	0	0	0	0.0	0.0	0.21277581	2.0	0.0	0.0	0	0	0	0	0	0	0	0	0	0	0	0
12:107500000	1	1	1	1	0	0	1	0	0	0	0	1	0	3.0	4.0	0.2124864	1.0	1.0	1.0	0	0	0	0	0	0	0	0	0	0	0	0
12:109000000	1	0	0	0	0	0	0	0	0	0	0	0	0	0.0	0.0	0.282696	2.0	0.0	0.0	0	0	0	0	0	0	0	0	0	0	0	0
12:109500000	3	2	1	1	0	0	1	0	1	0	0	0	0	4.0	5.0	0.22155307	13.0	11.0	3.0	1	1	0	0	0	0	0	0	0	0	0	0
12:110000000	4	4	1	1	0	0	1	1	1	0	0	1	0	6.0	10.0	0.3582417	16.0	15.0	11.0	1	1	1	1	1	0	0	1	0	0	1	1
12:110500000	5	4	1	1	1	0	1	1	1	1	0	1	0	8.0	16.0	0.27295342	14.0	11.0	8.0	1	1	1	1	1	1	0	1	1	1	1	1
12:111000000	2	0	0	1	0	0	1	0	0	1	1	0	0	5.0	8.0	0.20882827	2.0	1.0	0.0	1	0	0	0	0	0	0	0	0	0	1	0
12:111500000	1	1	1	1	0	0	1	0	0	0	0	1	0	3.0	4.0	0.21743222	12.0	4.0	2.0	1	1	1	1	1	0	0	1	0	0	0	0
12:112000000	1	0	0	0	1	0	0	1	0	1	0	0	0	5.0	10.0	0.14720422	2.0	5.0	0.0	0	0	0	0	0	0	0	0	0	0	1	0
12:113000000	7	3	1	1	0	0	1	0	1	1	1	1	0	5.0	5.0	0.29436228	5.0	5.0	3.0	1	1	0	0	0	0	0	0	0	0	1	0
12:116500000	1	0	0	0	0	0	0	0	0	0	0	0	0	0.0	0.0	0.32228848	1.0	0.0	0.0	0	0	0	0	0	0	0	0	0	0	0	0
12:117000000	1	1	1	1	0	0	1	0	0	0	0	1	0	3.0	3.0	0.2486767	2.0	1.0	1.0	0	0	0	0	0	0	0	0	0	0	0	0
12:118000000	2	1	1	1	0	0	1	0	0	1	0	0	0	5.0	6.0	0.22067742	5.0	13.0	2.0	0	0	0	0	0	0	0	0	0	0	1	0
12:119500000	2	1	1	1	0	0	1	0	1	0	0	0	0	4.0	8.0	0.26175466	4.0	9.0	1.0	0	0	0	0	0	0	0	0	0	0	0	0
12:12000000	3	2	1	1	0	0	0	1	1	1	0	0	0	6.0	11.0	0.2733038	2.0	1.0	1.0	0	0	0	0	0	0	0	0	0	0	1	1
12:120000000	4	3	1	1	0	0	1	1	1	1	1	0	0	5.0	15.0	0.34769544	8.0	14.0	5.0	1	1	1	1	1	0	0	1	0	0	1	0
12:122000000	2	1	1	1	0	0	0	1	0	0	1	0	0	5.0	12.0	0.2698536	7.0	3.0	3.0	0	0	0	0	0	0	0	0	0	0	1	0
12:122500000	3	1	1	1	0	0	1	1	1	0	0	0	0	6.0	10.0	0.23382995	4.0	8.0	1.0	1	0	1	1	1	0	1	1	1	1	1	1
12:125000000	2	0	0	0	0	0	0	0	0	0	0	0	0	0.0	0.0	0.23048641	2.0	0.0	0.0	0	0	0	0	0	0	0	0	0	0	0	0
12:129000000	1	0	0	0	0	0	0	0	0	0	0	0	0	0.0	0.0	0.33038622	2.0	0.0	0.0	0	0	0	0	0	0	0	0	0	0	0	0
12:131500000	5	1	1	1	0	0	1	1	1	0	0	0	0	9.0	15.0	0.2433567	5.0	11.0	1.0	0	0	0	0	0	0	0	0	0	0	1	1
12:132500000	1	0	0	0	0	0	0	0	0	0	0	0	0	0.0	0.0	0.3211739	8.0	0.0	0.0	0	0	0	0	0	0	0	0	0	0	0	0
12:133000000	1	1	1	1	0	0	0	1	0	1	0	0	0	6.0	12.0	0.3370792	12.0	2.0	1.0	0	0	0	0	0	0	0	0	0	0	1	1
12:15000000	1	0	0	0	0	0	0	0	0	0	0	0	0	0.0	0.0	0.21544673	1.0	0.0	0.0	0	0	0	0	0	0	0	0	0	0	0	0
12:15500000	8	3	1	1	0	0	1	1	1	0	0	0	1	10.0	23.0	0.43817592	2.0	15.0	1.0	0	0	0	0	0	0	1	1	0	0	1	1
12:18000000	1	0	0	0	0	0	0	0	0	0	0	0	0	0.0	0.0	0.20521745	2.0	0.0	0.0	0	0	0	0	0	0	0	0	0	0	0	0
12:21500000	1	0	0	1	0	0	1	0	0	1	0	0	0	4.0	5.0	0.27713755	1.0	1.0	0.0	1	1	0	0	0	0	0	0	0	0	0	0
12:22500000	1	0	0	0	1	0	0	1	0	0	1	0	0	5.0	12.0	0.13868865	1.0	19.0	0.0	0	0	0	0	0	0	0	0	0	0	1	0
12:2500000	1	0	0	0	0	0	0	0	0	0	0	0	0	0.0	0.0	0.17119107	1.0	0.0	0.0	0	0	0	0	0	0	0	0	0	0	0	0
12:25500000	3	0	0	0	0	0	0	0	0	0	0	0	0	0.0	0.0	0.22370563	1.0	0.0	0.0	0	0	0	0	0	0	0	0	0	0	0	0
12:26500000	1	0	0	1	0	0	1	0	1	0	0	0	0	4.0	7.0	0.40417287	1.0	1.0	0.0	0	0	0	0	0	0	0	0	0	0	0	0
12:31000000	2	0	0	1	0	0	1	0	1	0	0	0	0	5.0	6.0	0.40619624	1.0	2.0	0.0	0	0	0	0	0	0	0	0	0	0	1	0
12:34000000	1	0	0	0	0	0	0	0	0	0	0	0	0	0.0	0.0	0.25761855	1.0	0.0	0.0	0	0	0	0	0	0	0	0	0	0	0	0
12:38500000	1	0	0	1	0	0	1	0	1	0	0	0	0	5.0	7.0	0.25181463	1.0	2.0	0.0	0	0	0	0	0	0	0	0	0	0	1	0
12:40000000	1	0	0	0	0	0	0	0	0	0	0	0	0	0.0	0.0	0.22363722	2.0	0.0	0.0	0	0	0	0	0	0	0	0	0	0	0	0
12:43500000	1	0	0	0	0	0	0	0	0	0	0	0	0	0.0	0.0	0.3372283	5.0	0.0	0.0	0	0	0	0	0	0	0	0	0	0	0	0
12:45000000	3	2	1	1	1	0	1	1	1	0	0	1	0	7.0	10.0	0.23672551	1.0	3.0	1.0	0	0	0	0	0	0	0	0	0	0	1	1
12:45500000	1	1	1	0	1	0	0	1	1	0	0	0	0	6.0	13.0	0.17721967	2.0	15.0	1.0	0	0	0	0	0	0	0	0	0	0	1	1
12:46000000	2	1	1	1	1	0	1	1	1	0	0	1	0	5.0	10.0	0.24417976	5.0	2.0	1.0	1	1	1	1	0	0	0	0	0	0	1	0
12:48500000	2	2	1	1	0	0	1	1	1	0	1	0	0	6.0	10.0	0.28210673	5.0	14.0	3.0	1	0	1	1	1	0	0	1	0	0	1	1
12:500000	1	1	1	1	0	0	1	0	0	1	0	0	0	6.0	9.0	0.2186527	1.0	2.0	1.0	0	0	0	0	0	0	0	0	0	0	1	1
12:5000000	1	1	1	1	0	0	0	1	0	0	0	0	1	7.0	15.0	0.24790183	1.0	1.0	1.0	0	0	0	0	0	0	0	0	0	0	1	1
12:50500000	3	2	1	1	0	0	0	1	1	0	0	1	0	7.0	12.0	0.24267371	3.0	2.0	1.0	1	1	1	1	1	0	0	1	0	0	1	1
12:51000000	3	2	1	1	0	0	1	0	1	1	0	0	0	6.0	9.0	0.3849715	3.0	2.0	1.0	1	0	0	0	0	0	0	0	0	0	1	1
12:52000000	1	0	0	1	0	0	1	0	0	1	0	0	0	5.0	9.0	0.2836925	3.0	2.0	0.0	0	0	0	0	0	0	0	0	0	0	1	0
12:53000000	2	2	1	1	0	0	1	1	1	0	0	1	0	5.0	11.0	0.25438097	9.0	10.0	1.0	0	0	0	0	0	0	0	0	0	0	1	0
12:54000000	4	1	1	1	0	0	1	1	1	1	1	1	0	7.0	19.0	0.2429888	4.0	15.0	1.0	1	1	1	0	1	1	0	1	1	1	1	1
12:55500000	6	2	1	1	1	0	1	1	1	0	1	0	1	9.0	19.0	0.44982305	6.0	19.0	1.0	1	1	1	1	0	0	0	0	0	0	1	1
12:56000000	7	6	1	1	0	0	1	1	1	0	1	1	0	7.0	14.0	0.48160726	15.0	28.0	4.0	1	1	1	1	1	1	0	1	1	1	1	1
12:56500000	1	0	0	1	0	0	1	0	0	1	0	0	0	4.0	6.0	0.39455608	3.0	3.0	0.0	0	0	0	0	0	0	0	0	0	0	0	0
12:57000000	2	1	1	1	0	0	1	0	1	0	0	1	0	5.0	7.0	0.24440394	5.0	3.0	1.0	1	1	1	1	1	0	0	1	0	0	1	0
12:57500000	1	0	0	0	0	0	0	0	0	0	0	0	0	0.0	0.0	0.22564676	4.0	0.0	0.0	0	0	0	0	0	0	0	0	0	0	0	0
12:58000000	1	0	0	0	0	0	0	0	0	0	0	0	0	0.0	0.0	0.20299092	8.0	0.0	0.0	0	0	0	0	0	0	0	0	0	0	0	0
12:58500000	1	1	1	1	0	0	1	0	1	0	0	0	0	4.0	6.0	0.23562002	2.0	1.0	1.0	1	1	1	1	1	0	0	1	0	0	0	0
12:6000000	1	0	0	1	0	0	0	1	1	0	0	0	0	8.0	21.0	0.23275563	1.0	2.0	0.0	0	0	0	0	0	0	0	0	0	0	1	1
12:60000000	1	0	0	1	0	0	1	0	0	1	0	0	0	5.0	8.0	0.2116532	1.0	1.0	0.0	0	0	0	0	0	0	0	0	0	0	1	0
12:62500000	1	0	0	0	0	0	0	0	0	0	0	0	0	0.0	0.0	0.25582317	3.0	0.0	0.0	0	0	0	0	0	0	0	0	0	0	0	0
12:63500000	3	0	0	0	0	0	0	0	0	0	0	0	0	0.0	0.0	0.36469513	4.0	0.0	0.0	0	0	0	0	0	0	0	0	0	0	0	0
12:64000000	1	1	1	1	0	0	0	1	0	0	0	0	1	7.0	15.0	0.31441027	2.0	2.0	1.0	1	1	1	1	1	0	0	1	0	0	1	1
12:64500000	1	1	1	1	0	0	1	0	1	0	0	0	0	5.0	9.0	0.32026148	2.0	1.0	1.0	1	1	1	1	1	0	0	1	0	0	1	0
12:6500000	8	5	1	1	1	0	1	1	1	0	0	1	1	7.0	17.0	0.3748091	14.0	24.0	6.0	1	1	1	1	1	0	0	1	0	0	1	1
12:65000000	3	0	0	0	0	0	0	0	0	0	0	0	0	0.0	0.0	0.24289544	2.0	0.0	0.0	0	0	0	0	0	0	0	0	0	0	0	0
12:66000000	2	1	1	1	0	0	1	0	0	1	0	0	0	5.0	9.0	0.23593801	2.0	1.0	1.0	0	0	0	0	0	0	0	0	0	0	1	0
12:67500000	1	0	0	1	0	0	0	1	0	0	1	0	0	4.0	13.0	0.2982031	2.0	2.0	0.0	0	0	0	0	0	0	0	0	0	0	0	0
12:68500000	2	2	1	1	0	0	1	0	0	1	1	0	0	4.0	7.0	0.2794499	4.0	3.0	2.0	0	0	0	0	0	0	0	0	0	0	0	0
12:69000000	1	0	0	0	0	0	0	0	0	0	0	0	0	0.0	0.0	0.20919397	5.0	0.0	0.0	0	0	0	0	0	0	0	0	0	0	0	0
12:69500000	2	1	1	1	0	0	1	0	1	0	0	0	0	4.0	8.0	0.40498143	1.0	2.0	1.0	0	0	0	0	0	0	0	0	0	0	0	0
12:7000000	2	0	0	0	0	0	0	0	0	0	0	0	0	0.0	0.0	0.2370975	2.0	0.0	0.0	0	0	0	0	0	0	0	0	0	0	0	0
12:71500000	1	1	1	1	0	0	1	0	0	1	0	0	0	4.0	6.0	0.24386951	2.0	5.0	1.0	0	0	0	0	0	0	0	0	0	0	0	0
12:7500000	2	0	0	1	0	0	1	0	1	0	0	1	0	4.0	5.0	0.21143755	3.0	6.0	0.0	1	1	0	0	0	0	0	0	0	0	0	0
12:75500000	1	0	0	0	0	0	0	0	0	0	0	0	0	0.0	0.0	0.41484603	7.0	0.0	0.0	0	0	0	0	0	0	0	0	0	0	0	0
12:76000000	1	0	0	1	0	0	0	1	0	0	0	1	0	2.0	10.0	0.40702784	5.0	2.0	0.0	0	0	0	0	0	0	0	0	0	0	0	0
12:76500000	1	1	1	1	0	0	1	0	1	0	0	0	0	6.0	7.0	0.2285663	2.0	23.0	1.0	0	0	0	0	0	0	0	0	0	0	1	1
12:79000000	1	0	0	0	1	0	0	1	0	0	0	1	0	4.0	10.0	0.14204556	2.0	2.0	0.0	0	0	0	0	0	0	0	0	0	0	0	0
12:79500000	2	0	0	0	0	0	0	0	0	0	0	0	0	0.0	0.0	0.26097193	3.0	0.0	0.0	0	0	0	0	0	0	0	0	0	0	0	0
12:81000000	2	0	0	0	0	0	0	0	0	0	0	0	0	0.0	0.0	0.23479588	4.0	0.0	0.0	0	0	0	0	0	0	0	0	0	0	0	0
12:82000000	1	1	1	1	0	0	1	0	0	0	0	1	0	3.0	4.0	0.23757292	2.0	3.0	1.0	0	0	0	0	0	0	0	0	0	0	0	0
12:86000000	1	0	0	0	0	0	0	0	0	0	0	0	0	0.0	0.0	0.2824064	1.0	0.0	0.0	0	0	0	0	0	0	0	0	0	0	0	0
12:87500000	1	0	0	0	0	0	0	0	0	0	0	0	0	0.0	0.0	0.2782559	1.0	0.0	0.0	0	0	0	0	0	0	0	0	0	0	0	0
12:88000000	6	0	0	0	0	0	0	0	0	0	0	0	0	0.0	0.0	0.27408004	3.0	0.0	0.0	0	0	0	0	0	0	0	0	0	0	0	0
12:89000000	1	1	1	1	0	0	0	1	1	0	0	0	0	7.0	12.0	0.24462157	4.0	4.0	2.0	1	1	1	1	1	0	0	1	0	0	1	1
12:9000000	1	0	0	0	0	0	0	0	0	0	0	0	0	0.0	0.0	0.43754667	16.0	0.0	0.0	0	0	0	0	0	0	0	0	0	0	0	0
12:90500000	1	0	0	0	0	0	0	0	0	0	0	0	0	0.0	0.0	0.27609724	1.0	0.0	0.0	0	0	0	0	0	0	0	0	0	0	0	0
12:92000000	1	1	1	1	0	0	1	0	0	0	0	1	0	3.0	3.0	0.20634261	1.0	1.0	1.0	0	0	0	0	0	0	0	0	0	0	0	0
12:92500000	1	0	0	0	0	0	0	0	0	0	0	0	0	0.0	0.0	0.20072731	1.0	0.0	0.0	0	0	0	0	0	0	0	0	0	0	0	0
12:93000000	2	1	1	0	1	0	0	1	0	0	0	1	0	4.0	10.0	0.22204909	3.0	1.0	1.0	1	0	1	0	1	0	0	1	0	0	0	0
12:94500000	1	0	0	0	0	0	0	0	0	0	0	0	0	0.0	0.0	0.2249507	2.0	0.0	0.0	0	0	0	0	0	0	0	0	0	0	0	0
12:95000000	2	0	0	1	0	0	1	0	0	0	0	1	0	4.0	6.0	0.34664467	4.0	2.0	0.0	0	0	0	0	0	0	0	0	0	0	0	0
12:96000000	1	0	0	1	0	0	0	1	0	1	0	0	0	8.0	15.0	0.21572465	1.0	4.0	0.0	0	0	0	0	0	0	0	0	0	0	1	1
12:96500000	1	0	0	0	0	0	0	0	0	0	0	0	0	0.0	0.0	0.22166924	1.0	0.0	0.0	0	0	0	0	0	0	0	0	0	0	0	0
12:98500000	1	0	0	0	0	0	0	0	0	0	0	0	0	0.0	0.0	0.3177848	1.0	0.0	0.0	0	0	0	0	0	0	0	0	0	0	0	0
13:100500000	1	1	1	1	0	0	1	0	0	0	0	1	0	4.0	6.0	0.26127708	2.0	1.0	1.0	0	0	0	0	0	0	0	0	0	0	0	0
13:110000000	1	1	1	1	0	0	0	1	1	0	0	0	0	7.0	10.0	0.20564176	4.0	1.0	1.0	0	0	0	0	0	0	0	0	0	0	1	1
13:111000000	1	1	1	1	0	0	1	0	0	1	0	0	0	4.0	7.0	0.25173405	2.0	3.0	1.0	0	0	0	0	0	0	0	0	0	0	0	0
13:112500000	1	0	0	0	0	0	0	0	0	0	0	0	0	0.0	0.0	0.27560866	2.0	0.0	0.0	0	0	0	0	0	0	0	0	0	0	0	0
13:113500000	5	0	0	0	0	0	0	0	0	0	0	0	0	0.0	0.0	0.32749543	7.0	0.0	0.0	0	0	0	0	0	0	0	0	0	0	0	0
13:114000000	1	1	1	1	0	0	1	0	0	0	0	1	0	3.0	4.0	0.28292945	3.0	2.0	1.0	0	0	0	0	0	0	0	0	0	0	0	0
13:19000000	1	0	0	0	0	0	0	0	0	0	0	0	0	0.0	0.0	0.21464287	12.0	0.0	0.0	0	0	0	0	0	0	0	0	0	0	0	0
13:20500000	1	1	1	1	0	0	0	1	0	0	0	1	0	2.0	10.0	0.3491683	3.0	18.0	2.0	1	1	1	1	1	0	0	1	0	0	0	0
13:21000000	1	1	1	0	1	0	0	1	0	0	0	1	0	5.0	10.0	0.16769068	1.0	9.0	1.0	0	0	0	0	0	0	0	0	0	0	1	0
13:23500000	1	0	0	0	1	0	0	1	0	0	0	1	0	4.0	11.0	0.13884954	1.0	1.0	0.0	0	0	0	0	0	0	0	0	0	0	0	0
13:24500000	1	0	0	1	0	0	1	0	0	1	0	0	0	5.0	5.0	0.21745367	3.0	12.0	0.0	0	0	0	0	0	0	0	0	0	0	1	0
13:25000000	2	1	1	1	1	0	0	1	1	0	0	0	1	8.0	12.0	0.25040454	2.0	20.0	1.0	0	1	0	0	0	0	0	0	0	0	1	1
13:26500000	1	0	0	0	0	0	0	0	0	0	0	0	0	0.0	0.0	0.33934745	1.0	0.0	0.0	0	0	0	0	0	0	0	0	0	0	0	0
13:27000000	5	3	1	1	1	0	1	1	1	0	0	1	0	8.0	10.0	0.3305156	4.0	23.0	1.0	1	1	1	1	1	0	0	1	0	0	1	1
13:27500000	2	0	0	1	0	0	0	1	1	0	0	0	0	7.0	11.0	0.35873035	2.0	5.0	0.0	0	0	0	0	0	0	0	0	0	0	1	1
13:30000000	2	1	1	1	0	0	0	1	0	0	1	0	0	3.0	11.0	0.3274513	2.0	1.0	1.0	0	0	0	0	0	0	0	0	0	0	0	0
13:33500000	1	0	0	0	0	0	0	0	0	0	0	0	0	0.0	0.0	0.22641489	1.0	0.0	0.0	0	0	0	0	0	0	0	0	0	0	0	0
13:35000000	1	0	0	0	0	0	0	0	0	0	0	0	0	0.0	0.0	0.18769953	1.0	0.0	0.0	0	0	0	0	0	0	0	0	0	0	0	0
13:36000000	1	0	0	0	0	0	0	0	0	0	0	0	0	0.0	0.0	0.20242633	4.0	0.0	0.0	0	0	0	0	0	0	0	0	0	0	0	0
13:37000000	1	1	1	1	0	0	0	1	0	1	0	0	0	10.0	22.0	0.23050864	4.0	24.0	1.0	0	0	0	0	0	0	0	0	0	0	1	1
13:41000000	3	0	0	1	0	0	1	0	0	1	0	1	0	6.0	9.0	0.35816494	3.0	4.0	0.0	1	0	0	0	0	0	0	0	0	0	1	1
13:41500000	2	1	1	1	1	0	0	1	0	0	0	1	0	4.0	10.0	0.3456447	2.0	1.0	1.0	0	0	0	0	0	0	0	0	0	0	0	0
13:43000000	1	0	0	0	0	0	0	0	0	0	0	0	0	0.0	0.0	0.15474546	3.0	0.0	0.0	0	0	0	0	0	0	0	0	0	0	0	0
13:43500000	1	1	1	1	0	0	1	0	0	0	0	1	0	3.0	3.0	0.20023303	2.0	1.0	1.0	0	0	0	0	0	0	0	0	0	0	0	0
13:44000000	3	3	1	1	0	0	1	1	1	1	0	0	0	8.0	14.0	0.2546735	3.0	2.0	1.0	1	0	0	0	1	0	0	1	0	0	1	1
13:45000000	2	0	0	0	0	0	0	0	0	0	0	0	0	0.0	0.0	0.26494646	2.0	0.0	0.0	0	0	0	0	0	0	0	0	0	0	0	0
13:48000000	3	0	0	1	0	0	1	1	1	0	0	0	0	5.0	14.0	0.22966556	5.0	8.0	0.0	1	1	0	0	0	0	0	0	0	0	1	0
13:48500000	1	0	0	1	0	0	1	0	0	1	0	0	0	4.0	6.0	0.24287699	3.0	5.0	0.0	0	0	0	0	0	0	0	0	0	0	0	0
13:50500000	1	0	0	0	0	0	0	0	0	0	0	0	0	0.0	0.0	0.25108895	2.0	0.0	0.0	0	0	0	0	0	0	0	0	0	0	0	0
13:51000000	1	0	0	1	0	0	1	0	0	1	0	0	0	5.0	9.0	0.20475572	1.0	1.0	0.0	0	0	0	0	0	0	0	0	0	0	1	0
13:51500000	2	2	1	1	0	0	1	0	1	0	0	0	0	4.0	6.0	0.20801629	7.0	2.0	2.0	0	0	0	0	0	0	0	0	0	0	0	0
13:52000000	1	1	1	1	0	0	0	1	0	0	1	0	0	6.0	25.0	0.4368399	9.0	3.0	2.0	0	0	0	0	0	0	0	0	0	0	1	1
13:57500000	1	0	0	0	0	0	0	0	0	0	0	0	0	0.0	0.0	0.30394483	1.0	0.0	0.0	0	0	0	0	0	0	0	0	0	0	0	0
13:60000000	1	0	0	1	0	0	1	0	0	0	0	1	0	3.0	4.0	0.31735128	1.0	4.0	0.0	0	0	0	0	0	0	0	0	0	0	0	0
13:66500000	1	1	1	0	1	0	0	1	1	0	0	0	0	7.0	17.0	0.19396389	1.0	1.0	1.0	0	0	0	0	0	0	0	0	0	0	1	1
13:67000000	1	0	0	0	0	0	0	0	0	0	0	0	0	0.0	0.0	0.23346613	2.0	0.0	0.0	0	0	0	0	0	0	0	0	0	0	0	0
13:73000000	3	1	1	1	1	0	1	1	1	1	0	0	0	8.0	13.0	0.21825476	3.0	2.0	1.0	1	0	0	0	0	0	0	0	0	0	1	1
13:75000000	1	0	0	1	0	0	1	0	0	0	0	1	0	3.0	4.0	0.2259326	1.0	2.0	0.0	0	0	0	0	0	0	0	0	0	0	0	0
13:75500000	1	1	1	1	0	0	1	0	0	0	0	1	0	3.0	3.0	0.20449166	4.0	3.0	2.0	1	0	1	0	1	0	0	1	0	0	0	0
13:77500000	2	0	0	1	0	0	1	0	0	1	0	0	0	6.0	9.0	0.25294003	1.0	3.0	0.0	0	0	0	0	0	0	0	0	0	0	1	1
13:81000000	1	0	0	1	0	0	1	0	0	0	1	0	0	3.0	4.0	0.28150302	1.0	1.0	0.0	0	0	0	0	0	0	0	0	0	0	0	0
13:95500000	2	0	0	1	0	0	1	0	1	0	0	0	0	4.0	6.0	0.23015423	5.0	2.0	0.0	0	0	0	0	0	0	0	0	0	0	0	0
13:96500000	2	0	0	0	0	0	0	0	0	0	0	0	0	0.0	0.0	0.28287053	1.0	0.0	0.0	0	0	0	0	0	0	0	0	0	0	0	0
13:98000000	2	0	0	0	0	0	0	0	0	0	0	0	0	0.0	0.0	0.2518915	1.0	0.0	0.0	0	0	0	0	0	0	0	0	0	0	0	0
13:98500000	1	1	1	1	0	0	1	0	1	0	0	0	0	6.0	9.0	0.23688363	2.0	2.0	1.0	0	0	0	0	0	0	0	0	0	0	1	1
13:99000000	1	1	1	1	0	0	1	0	0	0	0	1	0	3.0	3.0	0.22045295	2.0	6.0	1.0	1	0	1	1	1	0	0	1	0	0	0	0
13:99500000	1	0	0	0	0	0	0	0	0	0	0	0	0	0.0	0.0	0.22237301	4.0	0.0	0.0	0	0	0	0	0	0	0	0	0	0	0	0
14:100000000	1	1	1	1	0	0	1	0	1	0	0	0	0	5.0	6.0	0.22022884	6.0	1.0	1.0	1	1	1	1	1	0	0	1	0	0	1	0
14:100500000	1	0	0	0	0	0	0	0	0	0	0	0	0	0.0	0.0	0.31837863	2.0	0.0	0.0	0	0	0	0	0	0	0	0	0	0	0	0
14:101500000	1	0	0	1	0	0	0	1	0	0	0	0	1	7.0	11.0	0.26332247	1.0	4.0	0.0	0	0	0	0	0	0	0	0	0	0	1	1
14:102000000	3	2	1	1	0	0	1	0	0	0	0	1	0	3.0	4.0	0.24440947	6.0	6.0	3.0	1	1	1	1	1	0	0	1	0	0	0	0
14:103000000	2	0	0	1	1	0	1	1	0	0	1	1	0	5.0	10.0	0.22433414	9.0	4.0	0.0	1	1	0	0	0	0	0	0	0	0	1	0
14:103500000	3	1	1	1	0	0	1	1	1	0	0	0	1	8.0	13.0	0.24813111	10.0	4.0	1.0	1	0	1	0	1	0	0	1	0	0	1	1
14:104000000	1	0	0	1	0	0	1	0	0	0	1	0	0	3.0	4.0	0.23189221	3.0	1.0	0.0	1	1	0	0	0	0	0	0	0	0	0	0
14:104500000	6	4	1	1	0	0	1	1	1	0	0	1	0	9.0	15.0	0.39335716	13.0	10.0	3.0	0	0	0	0	0	0	0	0	0	0	1	1
14:105000000	2	1	1	1	0	0	1	1	1	0	0	1	0	7.0	15.0	0.45560998	4.0	8.0	1.0	0	0	0	0	0	0	1	1	0	0	1	1
14:105500000	1	0	0	0	0	0	0	0	0	0	0	0	0	0.0	0.0	0.47724304	1.0	0.0	0.0	0	0	0	0	0	0	0	0	0	0	0	0
14:20000000	1	0	0	1	0	0	0	1	0	0	0	0	1	7.0	13.0	0.30128923	3.0	1.0	0.0	0	0	0	0	0	0	0	0	0	0	1	1
14:21000000	2	1	1	1	0	0	1	0	1	0	0	1	0	5.0	8.0	0.27047157	4.0	18.0	4.0	1	0	0	0	0	0	0	0	0	0	1	0
14:22500000	2	1	1	1	0	0	1	0	0	1	0	1	0	4.0	7.0	0.24009994	7.0	21.0	1.0	1	0	0	0	1	0	0	1	0	0	0	0
14:23000000	6	3	1	1	1	0	1	1	1	1	1	1	0	6.0	11.0	0.25167817	8.0	39.0	5.0	1	0	1	1	1	0	0	1	0	0	1	1
14:23500000	3	2	1	1	0	0	1	1	1	1	1	0	0	5.0	14.0	0.43912658	2.0	2.0	1.0	0	0	0	0	0	0	0	0	0	0	1	0
14:24000000	2	2	1	1	0	0	1	0	1	0	0	1	0	6.0	8.0	0.23252802	4.0	18.0	3.0	0	0	0	0	0	0	0	0	0	0	1	1
14:31000000	6	3	1	1	0	0	1	1	1	0	0	1	0	5.0	15.0	0.3503514	5.0	3.0	2.0	1	0	0	0	0	0	0	0	0	0	1	0
14:31500000	1	1	1	1	0	0	1	0	0	0	1	0	0	3.0	4.0	0.22846775	4.0	7.0	1.0	1	1	0	0	0	0	0	0	0	0	0	0
14:34000000	4	3	1	1	0	0	1	1	1	0	0	1	0	10.0	24.0	0.24910942	3.0	2.0	1.0	0	0	0	0	0	0	0	0	0	0	1	1
14:34500000	2	1	1	1	0	0	0	1	0	0	1	0	0	5.0	20.0	0.39068308	5.0	2.0	1.0	0	0	0	0	0	0	0	0	0	0	1	0
14:35000000	3	3	1	1	0	0	1	1	0	1	0	1	0	4.0	10.0	0.25243938	6.0	6.0	4.0	1	0	1	0	0	0	0	0	0	0	0	0
14:35500000	2	0	0	0	0	0	0	0	0	0	0	0	0	0.0	0.0	0.31487754	3.0	0.0	0.0	0	0	0	0	0	0	0	0	0	0	0	0
14:36000000	2	0	0	0	1	0	0	1	0	0	0	1	0	4.0	10.0	0.19609699	2.0	20.0	0.0	1	0	0	0	0	0	0	0	0	0	0	0
14:37000000	3	1	1	0	1	0	0	1	0	0	0	1	0	4.0	10.0	0.2842507	4.0	1.0	1.0	1	0	0	0	0	0	0	0	0	0	0	0
14:37500000	1	0	0	1	0	0	1	0	0	0	0	1	0	3.0	3.0	0.26981282	2.0	1.0	0.0	1	0	0	0	0	0	0	0	0	0	0	0
14:38500000	1	0	0	0	0	0	0	0	0	0	0	0	0	0.0	0.0	0.23752359	5.0	0.0	0.0	0	0	0	0	0	0	0	0	0	0	0	0
14:39000000	1	1	1	1	0	0	1	0	0	0	0	1	0	3.0	4.0	0.2913586	2.0	20.0	1.0	0	0	0	0	0	0	0	0	0	0	0	0
14:44500000	1	1	1	1	0	0	1	0	0	0	0	1	0	3.0	4.0	0.21659723	8.0	16.0	3.0	0	0	0	0	0	0	0	0	0	0	0	0
14:49500000	5	2	1	1	0	0	1	1	1	0	0	0	0	7.0	14.0	0.44880202	7.0	20.0	3.0	0	0	0	0	0	0	0	0	0	0	1	1
14:50000000	4	1	1	1	0	0	0	1	1	0	0	0	0	6.0	11.0	0.2588131	6.0	4.0	1.0	1	0	1	1	1	0	0	1	0	0	1	1
14:50500000	2	1	1	0	1	0	0	1	0	0	0	1	0	4.0	11.0	0.16992208	2.0	2.0	1.0	0	0	0	0	0	0	0	0	0	0	0	0
14:52500000	1	1	1	1	0	0	0	1	0	0	0	1	0	3.0	13.0	0.3152713	3.0	1.0	1.0	1	1	1	1	1	0	0	1	0	0	0	0
14:53000000	1	1	1	1	0	0	1	0	0	0	0	1	0	3.0	3.0	0.22078991	3.0	1.0	1.0	1	1	1	1	1	0	0	1	0	0	0	0
14:54500000	1	1	1	1	0	0	1	0	0	0	1	0	0	3.0	3.0	0.20737717	1.0	6.0	1.0	0	0	0	0	0	0	0	0	0	0	0	0
14:57000000	1	0	0	0	0	0	0	0	0	0	0	0	0	0.0	0.0	0.1876258	2.0	0.0	0.0	0	0	0	0	0	0	0	0	0	0	0	0
14:58000000	4	4	1	1	0	0	1	1	1	0	0	0	0	6.0	16.0	0.38811228	4.0	24.0	1.0	0	0	0	0	0	0	0	0	0	0	1	1
14:59500000	1	0	0	0	0	0	0	0	0	0	0	0	0	0.0	0.0	0.20578548	7.0	0.0	0.0	0	0	0	0	0	0	0	0	0	0	0	0
14:60500000	4	2	1	1	0	0	1	0	1	1	0	0	0	7.0	8.0	0.44875693	9.0	1.0	1.0	1	1	1	1	1	0	0	1	0	0	1	1
14:61500000	3	3	1	1	1	0	1	1	0	1	0	1	0	5.0	11.0	0.22910142	2.0	2.0	1.0	0	0	0	0	0	1	0	1	0	0	1	0
14:63500000	4	1	1	1	0	0	1	1	1	1	1	0	0	5.0	10.0	0.23592459	2.0	2.0	1.0	0	0	0	0	0	0	0	0	0	0	1	0
14:64000000	2	1	1	1	0	0	0	1	0	0	0	1	0	4.0	10.0	0.21110465	10.0	2.0	2.0	1	1	1	1	1	0	0	1	0	0	0	0
14:65000000	1	0	0	0	0	0	0	0	0	0	0	0	0	0.0	0.0	0.384824	2.0	0.0	0.0	0	0	0	0	0	0	0	0	0	0	0	0
14:66500000	1	0	0	0	0	0	0	0	0	0	0	0	0	0.0	0.0	0.2652407	9.0	0.0	0.0	0	0	0	0	0	0	0	0	0	0	0	0
14:69000000	1	1	1	1	0	0	0	1	0	0	1	0	0	4.0	11.0	0.34808034	6.0	6.0	1.0	1	1	1	1	1	0	0	1	0	0	0	0
14:69500000	2	1	1	1	0	0	1	1	1	0	1	0	0	5.0	10.0	0.30377632	3.0	4.0	1.0	1	0	1	1	1	0	0	1	0	0	1	0
14:71000000	1	0	0	1	0	0	1	0	0	0	0	1	0	3.0	3.0	0.4957757	2.0	1.0	0.0	1	1	0	0	0	0	0	0	0	0	0	0
14:71500000	1	1	1	1	0	0	0	1	0	0	0	0	1	9.0	15.0	0.2764333	3.0	1.0	1.0	0	0	0	0	0	0	0	0	0	0	1	1
14:73500000	1	0	0	1	0	0	1	0	0	1	0	0	0	6.0	7.0	0.25155458	3.0	2.0	0.0	0	0	0	0	0	0	0	0	0	0	1	1
14:74000000	1	1	1	1	0	0	1	0	0	0	0	1	0	3.0	4.0	0.20587976	5.0	10.0	2.0	0	0	0	0	0	0	0	0	0	0	0	0
14:74500000	1	0	0	1	0	0	1	0	0	1	0	0	0	5.0	8.0	0.22202516	4.0	5.0	0.0	0	0	0	0	0	0	0	0	0	0	1	0
14:75500000	3	2	1	1	1	0	0	1	1	0	1	0	0	5.0	13.0	0.45935357	3.0	3.0	2.0	1	1	1	1	1	0	1	1	1	1	1	0
14:77500000	1	1	1	1	0	0	1	0	0	0	0	1	0	3.0	3.0	0.26842687	5.0	3.0	1.0	0	0	0	0	0	0	0	0	0	0	0	0
14:81000000	1	0	0	0	0	0	0	0	0	0	0	0	0	0.0	0.0	0.21106806	1.0	0.0	0.0	0	0	0	0	0	0	0	0	0	0	0	0
14:88000000	1	0	0	1	0	0	0	1	0	1	0	0	0	5.0	14.0	0.39524898	1.0	3.0	0.0	0	0	0	0	0	0	0	0	0	0	1	0
14:88500000	2	0	0	1	0	0	1	0	0	0	0	1	0	3.0	3.0	0.20749809	2.0	1.0	0.0	0	0	0	0	0	0	0	0	0	0	0	0
14:89000000	1	0	0	1	0	0	1	0	0	1	0	0	0	4.0	6.0	0.21460362	1.0	1.0	0.0	0	1	0	0	0	0	0	0	0	0	0	0
14:89500000	1	0	0	0	0	0	0	0	0	0	0	0	0	0.0	0.0	0.26195818	2.0	0.0	0.0	0	0	0	0	0	0	0	0	0	0	0	0
14:90000000	1	0	0	0	0	0	0	0	0	0	0	0	0	0.0	0.0	0.27288213	1.0	0.0	0.0	0	0	0	0	0	0	0	0	0	0	0	0
14:90500000	1	0	0	0	1	0	0	1	1	0	0	0	0	6.0	14.0	0.18958768	1.0	1.0	0.0	1	1	0	0	0	0	0	0	0	0	1	1
14:91000000	1	0	0	1	0	0	0	1	0	0	1	0	0	6.0	13.0	0.45802695	2.0	1.0	0.0	1	0	0	0	0	0	0	0	0	0	1	1
14:93000000	1	0	0	0	0	0	0	0	0	0	0	0	0	0.0	0.0	0.38086626	3.0	0.0	0.0	0	0	0	0	0	0	0	0	0	0	0	0
14:96000000	1	0	0	0	0	0	0	0	0	0	0	0	0	0.0	0.0	0.25102746	1.0	0.0	0.0	0	0	0	0	0	0	0	0	0	0	0	0
14:96500000	1	1	1	1	0	0	0	1	0	0	0	0	1	8.0	29.0	0.30477127	2.0	20.0	1.0	1	1	0	0	0	0	0	0	0	0	1	1
14:99000000	1	1	1	1	0	0	1	0	1	0	0	0	0	4.0	8.0	0.24768566	1.0	4.0	1.0	0	0	0	0	0	0	0	0	0	0	0	0
15:100000000	1	0	0	0	0	0	0	0	0	0	0	0	0	0.0	0.0	0.25426674	6.0	0.0	0.0	0	0	0	0	0	0	0	0	0	0	0	0
15:101500000	1	0	0	0	0	0	0	0	0	0	0	0	0	0.0	0.0	0.20588565	8.0	0.0	0.0	0	0	0	0	0	0	0	0	0	0	0	0
15:23000000	1	0	0	0	0	0	0	0	0	0	0	0	0	0.0	0.0	0.35011756	2.0	0.0	0.0	0	0	0	0	0	0	0	0	0	0	0	0
15:23500000	1	0	0	1	0	0	1	0	0	0	1	0	0	3.0	4.0	0.2185843	1.0	5.0	0.0	0	0	0	0	0	0	0	0	0	0	0	0
15:26500000	2	0	0	0	0	0	0	0	0	0	0	0	0	0.0	0.0	0.22163655	1.0	0.0	0.0	0	0	0	0	0	0	0	0	0	0	0	0
15:28000000	1	0	0	0	0	0	0	0	0	0	0	0	0	0.0	0.0	0.39761645	1.0	0.0	0.0	0	0	0	0	0	0	0	0	0	0	0	0
15:29500000	1	0	0	0	0	0	0	0	0	0	0	0	0	0.0	0.0	0.23223174	2.0	0.0	0.0	0	0	0	0	0	0	0	0	0	0	0	0
15:30000000	2	0	0	0	0	0	0	0	0	0	0	0	0	0.0	0.0	0.37240225	22.0	0.0	0.0	0	0	0	0	0	0	0	0	0	0	0	0
15:31000000	5	4	1	1	0	0	1	0	1	1	0	0	0	5.0	8.0	0.25292295	9.0	5.0	1.0	0	0	0	0	0	0	1	1	0	0	1	0
15:32000000	1	0	0	0	0	0	0	0	0	0	0	0	0	0.0	0.0	0.22211102	2.0	0.0	0.0	0	0	0	0	0	0	0	0	0	0	0	0
15:32500000	3	0	0	1	0	0	1	0	0	0	0	1	0	4.0	8.0	0.3629343	8.0	1.0	0.0	0	0	0	0	0	0	0	0	0	0	0	0
15:34000000	2	1	1	1	0	0	0	1	0	0	0	1	0	4.0	12.0	0.3190009	6.0	2.0	1.0	0	0	0	0	0	0	0	0	0	0	0	0
15:34500000	2	2	1	1	0	0	1	1	0	1	0	0	0	7.0	15.0	0.21980932	6.0	2.0	2.0	0	0	0	0	0	0	0	0	0	0	1	1
15:35500000	1	0	0	1	0	0	1	0	0	0	0	1	0	3.0	3.0	0.23542666	1.0	2.0	0.0	0	0	0	0	0	0	0	0	0	0	0	0
15:40500000	1	1	1	1	0	0	0	1	0	0	1	0	0	3.0	11.0	0.29438058	12.0	9.0	4.0	1	1	1	1	1	0	0	1	0	0	0	0
15:41500000	2	2	1	1	0	0	1	1	0	0	1	1	0	4.0	10.0	0.25373024	6.0	3.0	1.0	1	1	1	1	1	0	0	1	0	0	0	0
15:42000000	4	3	1	1	0	0	1	0	1	0	0	0	0	5.0	9.0	0.23837243	12.0	20.0	5.0	1	1	1	1	1	0	0	1	0	0	1	0
15:43000000	3	2	1	1	0	0	1	0	0	1	0	1	0	4.0	5.0	0.23742844	21.0	12.0	4.0	1	1	1	1	1	0	0	1	0	0	0	0
15:43500000	1	1	1	0	1	0	0	1	1	0	0	0	0	5.0	13.0	0.19473359	14.0	10.0	4.0	0	0	0	0	0	0	0	0	0	0	1	0
15:44000000	2	1	1	0	1	0	0	1	0	1	0	0	0	8.0	10.0	0.22852704	12.0	3.0	1.0	0	0	0	0	0	0	0	0	0	0	1	1
15:44500000	6	4	1	1	0	0	1	1	1	0	1	1	0	6.0	12.0	0.45180702	8.0	17.0	2.0	1	0	1	1	1	0	0	1	0	0	1	1
15:48000000	1	1	1	1	0	0	1	0	0	0	0	1	0	3.0	3.0	0.27175313	1.0	2.0	1.0	0	0	0	0	0	0	1	1	0	0	0	0
15:48500000	1	0	0	1	0	0	1	0	0	0	0	1	0	3.0	4.0	0.23160581	1.0	1.0	0.0	0	0	0	0	0	0	0	0	0	0	0	0
15:49000000	1	1	1	1	0	0	1	0	1	0	0	0	0	4.0	9.0	0.23128498	2.0	19.0	2.0	0	0	0	0	0	0	0	0	0	0	0	0
15:51000000	1	0	0	0	0	0	0	0	0	0	0	0	0	0.0	0.0	0.2070297	5.0	0.0	0.0	0	0	0	0	0	0	0	0	0	0	0	0
15:55000000	2	2	1	1	0	0	1	0	1	0	0	1	0	5.0	9.0	0.23378216	7.0	5.0	2.0	1	1	1	1	1	0	0	1	0	0	1	0
15:55500000	1	1	1	1	0	0	0	1	1	0	0	0	0	6.0	10.0	0.22452748	3.0	8.0	1.0	0	0	0	0	0	0	0	0	0	0	1	1
15:56500000	1	1	1	1	0	0	1	0	0	0	0	1	0	3.0	4.0	0.21265912	2.0	7.0	1.0	1	1	1	1	0	0	0	0	0	0	0	0
15:58500000	1	1	1	1	0	0	0	1	0	0	0	1	0	3.0	10.0	0.21781011	4.0	1.0	1.0	0	0	0	0	0	0	0	0	0	0	0	0
15:59000000	2	2	1	1	0	0	1	1	1	0	0	0	0	5.0	13.0	0.37161914	1.0	4.0	1.0	0	0	0	0	0	0	0	0	0	0	1	0
15:62500000	1	1	1	1	0	0	1	0	0	1	0	0	0	4.0	5.0	0.22204152	2.0	1.0	1.0	0	0	0	0	0	0	0	0	0	0	0	0
15:63500000	4	4	1	1	0	0	1	1	1	1	0	0	0	6.0	14.0	0.26535508	2.0	2.0	1.0	1	0	1	1	1	0	0	1	0	0	1	1
15:64000000	2	0	0	1	0	0	1	0	0	1	0	1	0	6.0	7.0	0.30928954	5.0	2.0	0.0	1	1	0	0	0	0	0	0	0	0	1	1
15:65000000	6	3	1	1	1	0	1	1	1	0	0	1	0	6.0	10.0	0.28292486	10.0	18.0	2.0	0	0	0	0	0	0	0	0	0	0	1	1
15:65500000	3	2	1	1	0	0	1	0	1	0	0	0	0	6.0	7.0	0.27938056	4.0	4.0	1.0	0	0	0	0	0	0	0	0	0	0	1	1
15:66500000	1	1	1	1	0	0	1	0	0	1	0	0	0	5.0	6.0	0.34087244	4.0	13.0	2.0	1	0	1	1	1	0	0	1	0	0	1	0
15:67000000	2	0	0	0	0	0	0	0	0	0	0	0	0	0.0	0.0	0.37513995	6.0	0.0	0.0	0	0	0	0	0	0	0	0	0	0	0	0
15:69000000	2	1	1	1	0	0	1	0	1	1	0	0	0	6.0	9.0	0.4265424	2.0	5.0	1.0	1	0	0	0	0	0	0	0	0	0	1	1
15:69500000	1	0	0	0	0	0	0	0	0	0	0	0	0	0.0	0.0	0.28655428	1.0	0.0	0.0	0	0	0	0	0	0	0	0	0	0	0	0
15:70500000	2	0	0	0	0	0	0	0	0	0	0	0	0	0.0	0.0	0.21417658	5.0	0.0	0.0	0	0	0	0	0	0	0	0	0	0	0	0
15:71000000	2	1	1	1	1	0	0	1	1	1	0	0	0	6.0	16.0	0.45313054	4.0	3.0	1.0	0	0	0	0	0	0	0	0	0	0	1	1
15:71500000	2	0	0	0	1	0	0	1	1	0	0	0	0	5.0	10.0	0.30902663	5.0	3.0	0.0	0	0	0	0	0	0	0	0	0	0	1	0
15:72000000	4	2	1	1	0	0	1	1	1	0	0	0	0	7.0	13.0	0.24920645	6.0	22.0	1.0	1	1	1	0	1	0	0	1	0	0	1	1
15:72500000	8	1	1	1	0	0	1	1	1	1	1	1	0	6.0	10.0	0.316426	6.0	5.0	1.0	1	1	0	0	0	0	0	0	0	0	1	1
15:73500000	2	0	0	1	0	0	1	0	1	0	0	0	0	4.0	6.0	0.21867976	1.0	2.0	0.0	0	0	0	0	0	0	0	0	0	0	0	0
15:74000000	2	0	0	1	0	0	1	1	1	1	0	0	0	11.0	35.0	0.4327173	12.0	2.0	0.0	1	0	0	0	0	0	0	0	0	0	1	1
15:74500000	2	2	1	1	0	0	1	1	0	0	0	1	0	4.0	14.0	0.30935675	8.0	10.0	1.0	1	0	1	1	1	0	0	1	0	0	0	0
15:75000000	2	2	1	1	0	0	1	0	1	0	0	0	0	6.0	7.0	0.21932945	11.0	2.0	2.0	1	1	1	1	1	1	0	1	1	1	1	1
15:75500000	1	0	0	1	0	0	0	1	0	0	0	1	0	4.0	12.0	0.40823996	7.0	1.0	0.0	0	0	0	0	0	0	0	0	0	0	0	0
15:77500000	5	0	0	1	0	0	1	1	1	0	0	1	0	5.0	13.0	0.34553465	7.0	1.0	0.0	1	0	0	0	0	0	0	0	0	0	1	0
15:78500000	1	0	0	1	0	0	1	0	1	0	0	0	0	4.0	8.0	0.26936352	3.0	2.0	0.0	0	0	0	0	0	0	0	0	0	0	0	0
15:80000000	1	1	1	1	0	0	0	1	0	0	1	0	0	6.0	10.0	0.20586456	3.0	2.0	2.0	0	0	0	0	0	0	0	0	0	0	1	1
15:80500000	1	1	1	1	0	0	1	0	1	0	0	0	0	4.0	5.0	0.22724514	1.0	1.0	1.0	0	0	0	0	0	0	0	0	0	0	0	0
15:82000000	3	1	1	1	0	0	0	1	0	0	1	0	0	4.0	12.0	0.3065281	17.0	3.0	1.0	0	0	0	0	0	0	0	0	0	0	0	0
15:82500000	1	1	1	1	0	0	1	0	1	0	0	0	0	5.0	8.0	0.23877503	11.0	2.0	1.0	0	0	0	0	0	1	0	1	0	0	1	0
15:83000000	3	2	1	1	1	0	1	1	1	1	0	0	0	7.0	10.0	0.23987085	10.0	5.0	3.0	1	1	1	0	1	0	0	1	0	0	1	1
15:85000000	1	0	0	1	0	0	1	0	0	0	0	1	0	3.0	3.0	0.20761424	1.0	1.0	0.0	0	0	0	0	0	0	0	0	0	0	0	0
15:87500000	1	0	0	0	0	0	0	0	0	0	0	0	0	0.0	0.0	0.28009355	1.0	0.0	0.0	0	0	0	0	0	0	0	0	0	0	0	0
15:88000000	1	0	0	0	0	0	0	0	0	0	0	0	0	0.0	0.0	0.22255197	3.0	0.0	0.0	0	0	0	0	0	0	0	0	0	0	0	0
15:89000000	2	1	1	1	0	0	1	0	1	0	1	0	0	4.0	8.0	0.29502606	3.0	4.0	1.0	0	0	0	0	0	0	0	0	0	0	0	0
15:90000000	1	0	0	1	0	0	1	0	0	0	0	1	0	3.0	4.0	0.22076093	1.0	8.0	0.0	0	0	0	0	0	0	0	0	0	0	0	0
15:91000000	1	0	0	1	0	0	1	0	1	0	0	0	0	5.0	5.0	0.30055422	2.0	2.0	0.0	0	0	0	0	0	0	0	0	0	0	1	0
15:92500000	2	1	1	1	0	0	0	1	1	1	0	0	0	7.0	12.0	0.29123044	1.0	1.0	1.0	1	0	1	1	1	0	0	1	0	0	1	1
15:93000000	1	1	1	1	0	0	1	0	1	0	0	0	0	5.0	5.0	0.22207905	1.0	1.0	1.0	0	0	0	0	0	0	0	0	0	0	1	0
15:98500000	1	0	0	0	0	0	0	0	0	0	0	0	0	0.0	0.0	0.20486706	1.0	0.0	0.0	0	0	0	0	0	0	0	0	0	0	0	0
16:1000000	2	0	0	0	0	0	0	0	0	0	0	0	0	0.0	0.0	0.47355905	9.0	0.0	0.0	0	0	0	0	0	0	0	0	0	0	0	0
16:13500000	1	0	0	0	0	0	0	0	0	0	0	0	0	0.0	0.0	0.32292074	1.0	0.0	0.0	0	0	0	0	0	0	0	0	0	0	0	0
16:14000000	2	0	0	0	0	0	0	0	0	0	0	0	0	0.0	0.0	0.32782072	9.0	0.0	0.0	0	0	0	0	0	0	0	0	0	0	0	0
16:14500000	1	0	0	0	0	0	0	0	0	0	0	0	0	0.0	0.0	0.33570164	17.0	0.0	0.0	0	0	0	0	0	0	0	0	0	0	0	0
16:1500000	1	1	1	1	0	0	1	0	0	1	0	0	0	5.0	9.0	0.3699632	13.0	1.0	1.0	0	0	0	0	0	0	0	0	0	0	1	0
16:15000000	3	3	1	1	1	0	0	1	1	1	0	0	0	10.0	19.0	0.4024217	17.0	1.0	1.0	1	1	1	1	1	0	0	1	0	0	1	1
16:16000000	1	0	0	0	0	0	0	0	0	0	0	0	0	0.0	0.0	0.20195204	6.0	0.0	0.0	0	0	0	0	0	0	0	0	0	0	0	0
16:16500000	1	0	0	0	0	0	0	0	0	0	0	0	0	0.0	0.0	0.21126504	5.0	0.0	0.0	0	0	0	0	0	0	0	0	0	0	0	0
16:18500000	1	1	1	1	0	0	0	1	0	0	0	0	1	8.0	14.0	0.26177144	1.0	4.0	1.0	0	0	0	0	0	0	0	0	0	0	1	1
16:2000000	3	2	1	1	0	0	0	1	1	0	0	0	1	8.0	18.0	0.30085477	9.0	25.0	4.0	1	1	1	1	1	0	0	1	0	0	1	1
16:20500000	1	1	1	0	1	0	0	1	1	0	0	0	0	7.0	10.0	0.19304791	4.0	4.0	1.0	1	0	1	0	1	0	1	1	1	1	1	1
16:21500000	4	1	1	1	1	0	1	1	1	1	1	0	0	6.0	14.0	0.21123989	5.0	4.0	1.0	1	0	0	0	0	0	0	0	0	0	1	1
16:22000000	5	2	1	1	1	0	1	1	1	1	0	1	0	6.0	10.0	0.26813546	7.0	4.0	1.0	1	0	0	0	0	1	0	1	0	0	1	1
16:23000000	4	3	1	1	0	0	0	1	1	0	0	0	0	12.0	30.0	0.33601034	11.0	3.0	3.0	1	1	1	1	1	1	0	1	1	1	1	1
16:23500000	1	0	0	1	0	0	0	1	0	0	1	0	0	4.0	11.0	0.33630666	2.0	4.0	0.0	0	0	0	0	0	0	0	0	0	0	0	0
16:24500000	1	0	0	1	0	0	0	1	0	0	1	0	0	6.0	14.0	0.33527207	2.0	2.0	0.0	1	0	0	0	0	0	0	0	0	0	1	1
16:2500000	2	0	0	1	0	0	1	1	0	0	1	0	0	4.0	10.0	0.35721183	2.0	2.0	0.0	0	0	0	0	0	0	0	0	0	0	0	0
16:28000000	1	0	0	1	0	0	0	1	1	0	0	0	0	8.0	18.0	0.37381023	2.0	3.0	0.0	0	0	0	0	0	0	0	0	0	0	1	1
16:28500000	2	0	0	1	0	0	1	0	0	0	1	0	0	3.0	4.0	0.3230812	9.0	3.0	0.0	1	1	0	0	0	0	0	0	0	0	0	0
16:29000000	2	0	0	0	0	0	0	0	0	0	0	0	0	0.0	0.0	0.30261388	14.0	0.0	0.0	0	0	0	0	0	0	0	0	0	0	0	0
16:29500000	4	2	1	1	0	0	1	1	0	1	1	0	1	7.0	15.0	0.3417592	8.0	7.0	2.0	1	0	0	0	0	1	0	1	0	0	1	1
16:3000000	1	1	1	1	0	0	1	0	0	0	0	1	0	3.0	4.0	0.2021635	6.0	16.0	3.0	1	1	1	1	1	1	1	1	1	1	0	0
16:30000000	3	3	1	1	0	0	1	1	1	0	1	1	0	5.0	13.0	0.3382113	26.0	11.0	5.0	1	1	1	1	1	0	0	1	0	0	1	0
16:31000000	1	1	1	1	0	0	1	0	0	1	0	0	0	5.0	7.0	0.2472073	13.0	7.0	1.0	0	0	0	0	0	0	0	0	0	0	1	0
16:3500000	5	1	1	1	0	0	1	1	0	1	0	1	0	4.0	10.0	0.48147157	4.0	2.0	1.0	1	1	0	0	0	0	0	0	0	0	0	0
16:4000000	5	3	1	1	1	0	1	1	1	0	1	1	1	8.0	16.0	0.38235766	10.0	15.0	7.0	1	1	1	1	1	1	0	1	1	1	1	1
16:4500000	1	1	1	1	0	0	1	0	0	0	0	1	0	3.0	4.0	0.24711101	7.0	3.0	1.0	1	0	0	0	1	0	0	1	0	0	0	0
16:46500000	6	3	1	1	0	0	1	1	1	1	0	0	0	7.0	11.0	0.33045125	8.0	14.0	3.0	0	0	0	0	0	0	0	0	0	0	1	1
16:47000000	4	2	1	1	1	0	1	1	1	1	0	0	1	8.0	12.0	0.293541	5.0	5.0	2.0	0	0	0	0	0	0	0	0	0	0	1	1
16:47500000	2	0	0	0	0	0	0	0	0	0	0	0	0	0.0	0.0	0.42438382	2.0	0.0	0.0	0	0	0	0	0	0	0	0	0	0	0	0
16:48000000	2	0	0	0	1	0	0	1	0	1	0	0	0	6.0	14.0	0.19894122	1.0	1.0	0.0	0	0	0	0	0	0	0	0	0	0	1	1
16:49000000	1	0	0	1	0	0	1	0	0	1	0	0	0	4.0	7.0	0.2311513	1.0	1.0	0.0	0	0	0	0	0	0	0	0	0	0	0	0
16:500000	1	1	1	1	0	0	1	0	1	0	0	0	0	5.0	7.0	0.4742538	3.0	5.0	2.0	0	0	0	0	0	0	0	0	0	0	1	0
16:50000000	1	0	0	0	1	0	0	1	0	0	1	0	0	6.0	11.0	0.1465717	2.0	1.0	0.0	0	0	0	0	0	0	0	0	0	0	1	1
16:50500000	2	0	0	1	0	0	0	1	0	0	1	0	0	5.0	10.0	0.2942966	1.0	1.0	0.0	0	0	0	0	0	0	0	0	0	0	1	0
16:53000000	2	2	1	1	0	0	1	0	1	0	0	1	0	4.0	4.0	0.23038158	9.0	2.0	1.0	1	1	1	1	1	0	0	1	0	0	0	0
16:53500000	1	0	0	0	0	0	0	0	0	0	0	0	0	0.0	0.0	0.311558	3.0	0.0	0.0	0	0	0	0	0	0	0	0	0	0	0	0
16:54500000	3	1	1	1	1	0	1	1	1	0	0	0	0	7.0	10.0	0.20356165	3.0	8.0	1.0	1	0	1	1	0	0	0	0	0	0	1	1
16:56000000	1	0	0	1	0	0	1	0	0	1	0	0	0	5.0	7.0	0.4103593	1.0	2.0	0.0	0	0	0	0	0	0	0	0	0	0	1	0
16:57000000	2	2	1	1	0	0	1	0	1	0	0	0	0	6.0	9.0	0.2635717	4.0	4.0	1.0	1	0	1	1	1	0	1	1	1	1	1	1
16:57500000	2	2	1	1	0	0	1	1	1	0	0	1	0	5.0	11.0	0.2703454	1.0	6.0	1.0	0	0	0	0	0	0	0	0	0	0	1	0
16:58500000	1	1	1	1	0	0	0	1	0	0	0	1	0	2.0	10.0	0.2759109	3.0	4.0	1.0	0	0	0	0	0	0	0	0	0	0	0	0
16:67000000	1	1	1	1	0	0	1	0	0	0	0	1	0	3.0	3.0	0.27483034	28.0	6.0	4.0	1	1	1	1	1	0	0	1	0	0	0	0
16:67500000	2	0	0	1	0	0	1	0	1	0	1	0	0	4.0	7.0	0.31365702	5.0	15.0	0.0	1	0	0	0	0	0	0	0	0	0	0	0
16:68000000	1	0	0	0	0	0	0	0	0	0	0	0	0	0.0	0.0	0.28390664	12.0	0.0	0.0	0	0	0	0	0	0	0	0	0	0	0	0
16:69000000	5	4	1	1	0	0	1	1	1	1	1	0	0	5.0	10.0	0.30018875	10.0	6.0	3.0	1	1	1	1	1	0	1	1	1	1	1	0
16:70000000	3	2	1	1	0	0	1	1	1	0	1	0	0	6.0	13.0	0.29716876	15.0	1.0	1.0	1	0	1	1	1	0	0	1	0	0	1	1
16:71500000	1	1	1	1	0	0	0	1	0	0	1	0	0	3.0	11.0	0.49269354	9.0	6.0	3.0	1	1	1	1	1	0	1	1	1	1	0	0
16:72000000	1	0	0	1	0	0	1	0	0	1	0	0	0	6.0	8.0	0.21928422	1.0	1.0	0.0	1	0	0	0	0	0	0	0	0	0	1	1
16:72500000	3	1	1	1	0	0	1	1	1	0	0	0	0	7.0	16.0	0.29033157	2.0	1.0	1.0	0	0	0	0	0	0	0	0	0	0	1	1
16:74000000	1	1	1	1	0	0	1	0	0	0	1	0	0	3.0	4.0	0.20478565	4.0	3.0	1.0	0	0	0	0	0	0	0	0	0	0	0	0
16:74500000	2	0	0	1	0	0	0	1	1	0	0	0	0	6.0	11.0	0.28125915	10.0	3.0	0.0	0	0	0	0	0	0	0	0	0	0	1	1
16:75000000	1	1	1	1	0	0	1	0	0	1	0	0	0	4.0	8.0	0.25551865	2.0	1.0	1.0	0	0	0	0	0	0	0	0	0	0	0	0
16:77000000	2	0	0	1	0	0	1	0	0	1	1	0	0	4.0	6.0	0.23091708	4.0	5.0	0.0	1	1	0	0	0	0	0	0	0	0	0	0
16:80500000	1	1	1	1	0	0	0	1	1	0	0	0	0	5.0	12.0	0.21336487	10.0	5.0	4.0	1	0	1	1	1	0	0	1	0	0	1	0
16:82000000	2	0	0	0	0	0	0	0	0	0	0	0	0	0.0	0.0	0.24131034	1.0	0.0	0.0	0	0	0	0	0	0	0	0	0	0	0	0
16:8500000	2	1	1	1	0	0	1	1	0	0	1	1	0	4.0	12.0	0.24158235	3.0	2.0	1.0	1	1	1	0	0	0	0	0	0	0	0	0
16:85000000	2	0	0	1	0	0	1	0	1	0	0	1	0	5.0	9.0	0.20877925	1.0	1.0	0.0	0	0	0	0	0	0	0	0	0	0	1	0
16:87500000	1	0	0	0	0	0	0	0	0	0	0	0	0	0.0	0.0	0.18038845	2.0	0.0	0.0	0	0	0	0	0	0	0	0	0	0	0	0
16:88500000	2	0	0	0	1	0	0	1	1	0	0	0	0	8.0	11.0	0.16340289	5.0	2.0	0.0	1	0	0	0	0	0	0	0	0	0	1	1
16:89000000	3	2	1	1	0	0	1	0	1	0	0	1	0	7.0	8.0	0.43492153	13.0	4.0	2.0	1	0	1	1	1	0	0	1	0	0	1	1
16:9000000	1	0	0	1	0	0	1	0	0	0	1	0	0	3.0	3.0	0.2085162	1.0	1.0	0.0	0	0	0	0	0	0	0	0	0	0	0	0
17:0	2	0	0	1	0	0	0	1	1	0	0	0	0	8.0	29.0	0.46529716	4.0	1.0	0.0	0	0	0	0	0	0	0	0	0	0	1	1
17:1000000	2	0	0	1	1	0	1	1	1	0	0	0	0	7.0	16.0	0.24513425	2.0	2.0	0.0	0	0	0	0	0	0	0	0	0	0	1	1
17:10500000	2	1	1	1	1	0	0	1	0	0	1	1	0	5.0	12.0	0.26967195	1.0	1.0	1.0	1	0	0	0	0	0	0	0	0	0	1	0
17:11500000	1	1	1	1	0	0	0	1	0	0	0	1	0	4.0	10.0	0.20322615	2.0	4.0	2.0	1	1	1	1	1	0	0	1	0	0	0	0
17:15500000	2	1	1	1	0	0	1	0	1	0	0	0	0	4.0	5.0	0.36013794	8.0	3.0	1.0	0	0	0	0	0	0	0	0	0	0	0	0
17:16500000	9	0	0	1	0	0	1	0	0	0	0	1	0	3.0	3.0	0.44448817	4.0	1.0	0.0	0	0	0	0	0	0	0	0	0	0	0	0
17:17500000	2	2	1	1	1	0	0	1	1	0	0	0	0	6.0	11.0	0.2701218	13.0	11.0	2.0	1	1	0	0	1	0	0	1	0	0	1	1
17:18000000	3	1	1	1	0	0	1	0	0	0	1	0	0	3.0	4.0	0.3737	24.0	4.0	1.0	1	0	1	0	1	1	0	1	1	1	0	0
17:18500000	1	0	0	0	0	0	0	0	0	0	0	0	0	0.0	0.0	0.24768876	26.0	0.0	0.0	0	0	0	0	0	0	0	0	0	0	0	0
17:19000000	12	2	1	1	1	0	1	1	1	1	1	1	0	8.0	25.0	0.35542843	11.0	3.0	1.0	1	1	1	1	0	0	0	0	0	0	1	1
17:2000000	5	0	0	1	1	0	1	1	1	0	0	1	0	6.0	18.0	0.40526757	8.0	2.0	0.0	1	0	0	0	0	0	0	0	0	0	1	1
17:21000000	1	1	1	1	0	0	1	0	0	0	0	1	0	4.0	7.0	0.26435342	2.0	6.0	1.0	0	0	0	0	0	0	0	0	0	0	0	0
17:28000000	3	1	1	1	1	0	1	1	0	1	0	1	0	4.0	10.0	0.36601913	4.0	1.0	1.0	0	0	0	0	0	0	0	0	0	0	0	0
17:28500000	2	0	0	1	0	0	1	1	0	1	0	1	0	5.0	11.0	0.3276949	1.0	2.0	0.0	0	0	0	0	0	0	0	0	0	0	1	0
17:29000000	1	1	1	1	0	0	1	0	0	1	0	0	0	4.0	8.0	0.24686666	5.0	2.0	2.0	1	0	1	1	0	0	0	0	0	0	0	0
17:29500000	2	0	0	0	0	0	0	0	0	0	0	0	0	0.0	0.0	0.3722599	19.0	0.0	0.0	0	0	0	0	0	0	0	0	0	0	0	0
17:3000000	3	2	1	1	0	0	1	0	1	0	0	0	0	4.0	5.0	0.21811782	1.0	4.0	1.0	0	0	0	0	0	0	0	0	0	0	0	0
17:30000000	2	1	1	1	0	0	0	1	0	1	0	0	0	5.0	11.0	0.26948318	9.0	3.0	3.0	1	0	1	1	0	0	0	0	0	0	1	0
17:31000000	4	4	1	1	1	0	1	1	1	1	1	1	0	5.0	14.0	0.3318366	6.0	3.0	1.0	1	1	1	1	1	0	0	1	0	0	1	0
17:32000000	2	2	1	1	0	0	1	1	1	0	0	1	0	4.0	11.0	0.29765162	10.0	4.0	2.0	1	0	1	1	1	0	0	1	0	0	0	0
17:32500000	1	0	0	1	0	0	0	1	0	1	0	0	0	9.0	23.0	0.3432599	1.0	1.0	0.0	0	0	0	0	0	0	0	0	0	0	1	1
17:34500000	2	1	1	0	1	0	0	1	1	0	0	0	0	7.0	19.0	0.29033363	5.0	5.0	3.0	0	0	0	0	0	0	0	0	0	0	1	1
17:3500000	1	1	1	1	0	0	1	0	0	1	0	0	0	4.0	9.0	0.22041777	5.0	3.0	1.0	0	0	0	0	0	0	0	0	0	0	0	0
17:35000000	2	1	1	1	0	0	1	0	0	0	0	1	0	3.0	4.0	0.24871472	3.0	1.0	1.0	0	0	0	0	0	0	0	0	0	0	0	0
17:35500000	1	0	0	1	0	0	1	0	0	0	0	1	0	3.0	4.0	0.23039694	6.0	2.0	0.0	1	1	0	0	0	0	0	0	0	0	0	0
17:36000000	3	3	1	1	0	0	1	1	0	0	0	1	0	4.0	14.0	0.40483317	9.0	15.0	4.0	1	0	1	1	1	0	0	1	0	0	0	0
17:38000000	3	0	0	1	0	0	1	0	1	0	0	1	0	5.0	6.0	0.2474797	4.0	2.0	0.0	0	0	0	0	0	0	0	0	0	0	1	0
17:38500000	3	3	1	1	0	0	1	1	1	0	1	0	0	6.0	11.0	0.33164185	6.0	11.0	1.0	1	0	0	0	1	0	0	1	0	0	1	1
17:39500000	1	0	0	1	0	0	1	0	1	0	0	0	0	6.0	7.0	0.3564313	2.0	6.0	0.0	0	0	0	0	0	0	0	0	0	0	1	1
17:4000000	2	2	1	1	0	0	1	0	0	0	0	1	0	3.0	4.0	0.22359237	6.0	29.0	3.0	1	0	1	1	1	0	0	1	0	0	0	0
17:40000000	3	2	1	1	0	0	1	0	1	0	0	0	0	4.0	9.0	0.33930945	6.0	6.0	1.0	1	0	1	1	1	0	0	1	0	0	0	0
17:41000000	1	1	1	1	0	0	1	0	0	0	1	0	0	3.0	4.0	0.24438141	8.0	3.0	1.0	0	0	0	0	0	0	0	0	0	0	0	0
17:41500000	1	1	1	1	0	0	1	0	1	0	0	0	0	4.0	7.0	0.23043399	14.0	3.0	2.0	1	1	1	1	1	0	0	1	0	0	0	0
17:42000000	1	0	0	1	0	0	1	0	1	0	0	0	0	4.0	6.0	0.3389811	6.0	3.0	0.0	1	0	0	0	0	0	0	0	0	0	0	0
17:42500000	4	2	1	1	0	0	1	1	1	0	0	0	0	9.0	23.0	0.3633232	23.0	9.0	1.0	1	0	0	0	0	0	0	0	0	0	1	1
17:44000000	2	1	1	1	0	0	1	1	1	0	0	0	0	7.0	16.0	0.28500232	5.0	6.0	1.0	1	1	1	1	0	1	0	1	0	0	1	1
17:44500000	5	3	1	1	0	0	1	1	1	1	0	0	0	6.0	10.0	0.46635556	10.0	7.0	1.0	1	0	0	0	0	0	0	0	0	0	1	1
17:45000000	1	1	1	1	0	0	1	0	1	0	0	0	0	5.0	9.0	0.21639639	23.0	1.0	1.0	1	1	1	1	1	0	0	1	0	0	1	0
17:45500000	1	0	0	0	0	0	0	0	0	0	0	0	0	0.0	0.0	0.4357281	4.0	0.0	0.0	0	0	0	0	0	0	0	0	0	0	0	0
17:48000000	1	1	1	1	0	0	0	1	0	0	1	0	0	4.0	13.0	0.2861855	9.0	5.0	2.0	1	1	0	0	0	0	0	0	0	0	0	0
17:49500000	2	2	1	1	0	0	1	1	1	0	1	0	0	7.0	19.0	0.21744123	3.0	10.0	1.0	0	0	0	0	0	0	0	0	0	0	1	1
17:5000000	1	0	0	0	0	0	0	0	0	0	0	0	0	0.0	0.0	0.15460457	10.0	0.0	0.0	0	0	0	0	0	0	0	0	0	0	0	0
17:51000000	1	0	0	0	0	0	0	0	0	0	0	0	0	0.0	0.0	0.2017082	1.0	0.0	0.0	0	0	0	0	0	0	0	0	0	0	0	0
17:55000000	1	0	0	0	0	0	0	0	0	0	0	0	0	0.0	0.0	0.21407317	4.0	0.0	0.0	0	0	0	0	0	0	0	0	0	0	0	0
17:56500000	6	1	1	1	1	0	1	1	1	0	0	0	0	8.0	14.0	0.38763803	2.0	14.0	1.0	1	1	1	1	1	0	0	1	0	0	1	1
17:57500000	2	1	1	1	0	0	1	0	1	0	0	0	0	4.0	8.0	0.27162713	3.0	7.0	1.0	1	0	0	0	0	0	0	0	0	0	0	0
17:60000000	3	0	0	1	0	0	1	1	0	0	0	1	0	4.0	10.0	0.32888862	6.0	14.0	0.0	1	1	0	0	0	0	0	0	0	0	0	0
17:61000000	2	0	0	1	0	0	1	1	0	1	0	0	0	8.0	27.0	0.36440003	2.0	1.0	0.0	1	0	0	0	0	0	0	0	0	0	1	1
17:61500000	2	0	0	1	0	0	1	0	1	0	0	1	0	4.0	6.0	0.31457728	1.0	2.0	0.0	1	0	0	0	0	0	0	0	0	0	0	0
17:62500000	1	0	0	1	0	0	0	1	0	0	1	0	0	4.0	10.0	0.43530524	1.0	1.0	0.0	0	0	0	0	0	0	0	0	0	0	0	0
17:63000000	1	0	0	0	0	0	0	0	0	0	0	0	0	0.0	0.0	0.22426008	1.0	0.0	0.0	0	0	0	0	0	0	0	0	0	0	0	0
17:64000000	3	3	1	1	0	0	1	0	1	0	0	0	0	4.0	7.0	0.208662	6.0	7.0	2.0	0	0	0	0	0	0	0	0	0	0	0	0
17:64500000	12	6	1	1	0	0	1	1	1	1	0	1	0	10.0	34.0	0.44525373	8.0	8.0	2.0	1	1	1	1	1	0	0	1	0	0	1	1
17:6500000	1	0	0	1	0	0	0	1	1	0	0	0	0	9.0	25.0	0.4458274	5.0	2.0	0.0	0	0	0	0	0	0	0	0	0	0	1	1
17:65000000	1	1	1	0	1	0	0	1	0	1	0	0	0	5.0	11.0	0.16344683	4.0	1.0	1.0	0	0	0	0	0	0	0	0	0	0	1	0
17:67000000	1	1	1	1	0	0	0	1	0	0	1	0	0	4.0	12.0	0.31964514	2.0	2.0	1.0	0	0	0	0	0	0	0	0	0	0	0	0
17:67500000	1	1	1	1	0	0	0	1	1	0	0	0	0	8.0	19.0	0.2459374	11.0	9.0	2.0	1	1	1	1	1	0	0	1	0	0	1	1
17:69000000	1	0	0	0	0	0	0	0	0	0	0	0	0	0.0	0.0	0.356234	2.0	0.0	0.0	0	0	0	0	0	0	0	0	0	0	0	0
17:7000000	4	4	1	1	0	0	1	1	1	0	1	0	0	5.0	10.0	0.4108836	11.0	24.0	7.0	1	1	1	1	1	0	0	1	0	0	1	0
17:70000000	1	0	0	0	0	0	0	0	0	0	0	0	0	0.0	0.0	0.22640757	2.0	0.0	0.0	0	0	0	0	0	0	0	0	0	0	0	0
17:73000000	1	1	1	1	0	0	1	0	0	0	0	1	0	3.0	3.0	0.25450704	3.0	3.0	2.0	0	0	0	0	0	0	0	0	0	0	0	0
17:74000000	4	3	1	1	0	0	1	1	1	0	0	0	0	5.0	12.0	0.3741844	2.0	9.0	1.0	1	0	1	1	1	0	0	1	0	0	1	0
17:74500000	7	5	1	1	1	0	1	1	1	1	1	1	0	8.0	23.0	0.3183284	6.0	23.0	3.0	0	0	0	0	0	1	0	1	0	0	1	1
17:7500000	1	0	0	0	0	0	0	0	0	0	0	0	0	0.0	0.0	0.22394677	4.0	0.0	0.0	0	0	0	0	0	0	0	0	0	0	0	0
17:75000000	4	3	1	1	0	0	1	1	1	1	0	0	0	6.0	11.0	0.24847814	6.0	7.0	4.0	1	1	1	1	1	0	0	1	0	0	1	1
17:75500000	4	4	1	1	0	0	1	1	1	0	0	0	0	9.0	26.0	0.32053697	12.0	10.0	5.0	1	0	1	0	1	1	0	1	1	1	1	1
17:76000000	3	2	1	1	0	0	1	1	0	0	0	1	0	3.0	11.0	0.34667298	5.0	5.0	1.0	1	0	1	0	1	1	0	1	1	1	0	0
17:77000000	8	0	0	1	1	0	1	1	1	0	0	1	0	5.0	13.0	0.3080152	1.0	3.0	0.0	0	0	0	0	0	0	0	0	0	0	1	0
17:78500000	3	3	1	1	0	0	1	1	0	0	0	1	0	3.0	10.0	0.28425696	2.0	3.0	1.0	1	0	1	1	1	1	0	1	1	1	0	0
17:79000000	2	2	1	1	0	0	0	1	1	0	0	0	1	8.0	15.0	0.27770373	3.0	2.0	2.0	0	0	0	0	0	0	0	0	0	0	1	1
17:79500000	1	0	0	0	0	0	0	0	0	0	0	0	0	0.0	0.0	0.3035869	1.0	0.0	0.0	0	0	0	0	0	0	0	0	0	0	0	0
17:8000000	1	0	0	0	0	0	0	0	0	0	0	0	0	0.0	0.0	0.31427413	2.0	0.0	0.0	0	0	0	0	0	0	0	0	0	0	0	0
17:80000000	1	0	0	0	0	0	0	0	0	0	0	0	0	0.0	0.0	0.2332465	1.0	0.0	0.0	0	0	0	0	0	0	0	0	0	0	0	0
17:80500000	3	1	1	1	0	0	1	0	1	1	0	0	0	4.0	9.0	0.29033047	3.0	5.0	1.0	0	0	0	0	0	0	0	0	0	0	0	0
17:81000000	3	0	0	1	0	0	1	1	1	0	0	1	0	6.0	13.0	0.3065742	4.0	2.0	0.0	1	0	0	0	0	0	0	0	0	0	1	1
17:82000000	4	2	1	1	0	0	1	0	1	0	0	0	0	6.0	7.0	0.30010676	12.0	9.0	3.0	1	0	1	1	1	0	0	1	0	0	1	1
17:82500000	1	0	0	0	0	0	0	0	0	0	0	0	0	0.0	0.0	0.33789927	8.0	0.0	0.0	0	0	0	0	0	0	0	0	0	0	0	0
17:8500000	1	0	0	0	1	0	0	1	1	0	0	0	0	8.0	12.0	0.1782596	1.0	1.0	0.0	0	0	0	0	0	0	0	0	0	0	1	1
18:11500000	1	1	1	1	0	0	1	0	0	0	0	1	0	3.0	3.0	0.23795536	1.0	1.0	1.0	0	0	0	0	0	0	1	1	0	0	0	0
18:12000000	2	0	0	0	0	0	0	0	0	0	0	0	0	0.0	0.0	0.42222053	4.0	0.0	0.0	0	0	0	0	0	0	0	0	0	0	0	0
18:12500000	2	1	1	1	0	0	1	0	1	0	0	0	0	5.0	9.0	0.34513563	3.0	1.0	1.0	1	1	1	1	1	0	1	1	1	1	1	0
18:13000000	1	0	0	0	0	0	0	0	0	0	0	0	0	0.0	0.0	0.37162817	4.0	0.0	0.0	0	0	0	0	0	0	0	0	0	0	0	0
18:13500000	1	1	1	0	1	0	0	1	0	0	0	0	1	7.0	11.0	0.1688971	1.0	3.0	1.0	1	0	0	0	0	0	0	0	0	0	1	1
18:14000000	2	0	0	1	0	0	1	0	1	0	0	0	0	4.0	6.0	0.3210615	5.0	1.0	0.0	0	0	0	0	0	0	0	0	0	0	0	0
18:14500000	1	0	0	0	0	0	0	0	0	0	0	0	0	0.0	0.0	0.31769714	7.0	0.0	0.0	0	0	0	0	0	0	0	0	0	0	0	0
18:21000000	2	0	0	1	0	0	0	1	1	1	0	0	0	6.0	16.0	0.25454482	1.0	1.0	0.0	0	0	0	0	0	0	0	0	0	0	1	1
18:21500000	6	2	1	1	1	0	1	1	1	0	0	1	0	5.0	12.0	0.28045845	3.0	3.0	1.0	1	1	0	0	0	0	0	0	0	0	1	0
18:23000000	1	1	1	1	0	0	1	0	1	0	0	0	0	5.0	9.0	0.39601558	3.0	4.0	2.0	0	0	0	0	0	0	0	0	0	0	1	0
18:23500000	1	1	1	1	0	0	0	1	0	0	1	0	0	6.0	13.0	0.2630888	6.0	2.0	2.0	0	0	0	0	0	1	0	1	0	0	1	1
18:24000000	1	1	1	0	1	0	0	1	0	0	0	1	0	4.0	11.0	0.1398399	5.0	3.0	2.0	0	0	0	0	0	0	0	0	0	0	0	0
18:34500000	1	1	1	1	0	0	1	0	0	0	0	1	0	3.0	3.0	0.21248522	1.0	2.0	1.0	1	1	1	1	1	0	0	1	0	0	0	0
18:3500000	2	0	0	1	0	0	1	0	0	0	0	1	0	3.0	4.0	0.30681625	2.0	3.0	0.0	1	1	0	0	0	0	0	0	0	0	0	0
18:35000000	1	1	1	0	1	0	0	1	1	0	0	0	0	6.0	11.0	0.18903604	5.0	2.0	1.0	0	0	0	0	0	0	0	0	0	0	1	1
18:36500000	2	0	0	0	0	0	0	0	0	0	0	0	0	0.0	0.0	0.3649894	5.0	0.0	0.0	0	0	0	0	0	0	0	0	0	0	0	0
18:41500000	1	0	0	0	0	0	0	0	0	0	0	0	0	0.0	0.0	0.29819226	1.0	0.0	0.0	0	0	0	0	0	0	0	0	0	0	0	0
18:46000000	1	1	1	0	1	0	0	1	0	0	0	0	1	7.0	10.0	0.1893956	4.0	3.0	1.0	1	0	0	0	0	0	0	0	0	0	1	1
18:49000000	1	1	1	1	0	0	0	1	1	0	0	0	0	7.0	12.0	0.29294616	1.0	2.0	1.0	0	0	0	0	0	0	0	0	0	0	1	1
18:500000	1	1	1	1	0	0	1	0	0	0	0	1	0	3.0	4.0	0.23987387	2.0	1.0	1.0	0	0	0	0	0	0	0	0	0	0	0	0
18:50000000	2	0	0	1	0	0	1	0	1	0	0	0	0	4.0	7.0	0.22711769	1.0	2.0	0.0	0	0	0	0	0	0	0	0	0	0	0	0
18:50500000	1	1	1	0	1	0	0	1	1	0	0	0	0	5.0	10.0	0.19610316	1.0	2.0	1.0	1	1	1	1	1	0	0	1	0	0	1	0
18:51000000	1	1	1	0	1	0	0	1	0	0	1	0	0	6.0	11.0	0.1484959	3.0	2.0	1.0	0	0	0	0	0	0	0	0	0	0	1	1
18:55000000	1	1	1	0	1	0	0	1	0	1	0	0	0	6.0	10.0	0.18109782	2.0	2.0	1.0	1	0	1	1	1	0	0	1	0	0	1	1
18:58500000	2	1	1	1	0	0	1	1	1	0	0	1	0	5.0	12.0	0.2885625	1.0	3.0	1.0	0	0	0	0	0	0	0	0	0	0	1	0
18:62500000	5	2	1	1	0	0	1	1	0	0	1	0	1	9.0	22.0	0.46848008	2.0	1.0	1.0	1	0	1	0	1	0	0	1	0	0	1	1
18:7000000	1	1	1	1	0	0	1	0	1	0	0	0	0	4.0	7.0	0.224708	1.0	1.0	1.0	0	0	0	0	0	0	0	0	0	0	0	0
18:70000000	1	0	0	0	0	0	0	0	0	0	0	0	0	0.0	0.0	0.22026645	1.0	0.0	0.0	0	0	0	0	0	0	0	0	0	0	0	0
18:76000000	1	1	1	1	0	0	0	1	0	0	0	1	0	3.0	10.0	0.25498655	1.0	5.0	1.0	0	0	0	0	0	0	0	0	0	0	0	0
18:79500000	2	0	0	0	0	0	0	0	0	0	0	0	0	0.0	0.0	0.3530149	1.0	0.0	0.0	0	0	0	0	0	0	0	0	0	0	0	0
18:9000000	2	1	1	1	0	0	1	0	0	0	0	1	0	3.0	4.0	0.33263317	3.0	2.0	2.0	0	0	0	0	0	0	1	1	0	0	0	0
19:0	1	1	1	1	0	0	1	0	0	0	0	1	0	3.0	3.0	0.22074606	4.0	5.0	1.0	0	0	0	0	0	0	0	0	0	0	0	0
19:1000000	7	3	1	1	0	0	1	1	1	1	1	0	0	7.0	12.0	0.30367517	6.0	16.0	1.0	1	1	1	1	1	1	1	1	1	1	1	1
19:10500000	4	2	1	1	0	0	1	1	1	0	0	1	0	7.0	17.0	0.27583	8.0	9.0	2.0	1	1	0	0	0	1	1	1	0	0	1	1
19:11000000	2	2	1	1	0	0	1	0	1	1	0	0	0	5.0	9.0	0.28952572	4.0	5.0	2.0	1	0	0	0	0	0	0	0	0	0	1	0
19:12500000	2	1	1	1	0	0	0	1	1	0	0	0	0	6.0	14.0	0.29750285	9.0	11.0	3.0	1	0	0	0	1	0	0	1	0	0	1	1
19:13000000	3	1	1	1	1	0	1	1	1	1	0	0	0	8.0	11.0	0.2765742	5.0	9.0	1.0	0	0	0	0	0	0	0	0	0	0	1	1
19:13500000	3	1	1	1	0	0	1	1	1	0	0	0	0	5.0	11.0	0.35903823	9.0	4.0	2.0	0	0	0	0	0	0	0	0	0	0	1	0
19:14000000	4	2	1	1	1	0	1	1	0	1	0	1	0	4.0	10.0	0.43332648	3.0	18.0	2.0	0	0	0	0	0	0	0	0	0	0	0	0
19:14500000	1	1	1	1	0	0	1	0	0	0	0	1	0	3.0	3.0	0.20461261	4.0	4.0	2.0	0	0	0	0	0	0	0	0	0	0	0	0
19:1500000	1	0	0	1	0	0	0	1	1	0	0	0	0	5.0	12.0	0.23909375	2.0	4.0	0.0	0	0	0	0	0	0	0	0	0	0	1	0
19:15000000	2	1	1	1	0	0	0	1	0	0	1	0	0	5.0	10.0	0.28069082	3.0	4.0	1.0	1	1	1	0	0	0	0	0	0	0	1	0
19:16000000	3	1	1	1	0	0	1	1	1	0	0	0	0	10.0	25.0	0.31167355	5.0	11.0	2.0	1	0	0	0	0	0	0	0	0	0	1	1
19:16500000	1	1	1	1	0	0	1	0	1	0	0	0	0	4.0	7.0	0.2047888	4.0	2.0	2.0	0	0	0	0	0	0	0	0	0	0	0	0
19:17000000	6	3	1	1	0	0	1	0	1	0	0	0	0	6.0	9.0	0.2915136	7.0	18.0	1.0	1	0	1	1	1	0	0	1	0	0	1	1
19:18000000	4	4	1	1	0	0	1	1	1	1	0	1	0	6.0	14.0	0.28654322	2.0	11.0	2.0	0	0	0	0	0	0	0	0	0	0	1	1
19:18500000	4	0	0	1	0	0	1	1	1	0	0	0	0	5.0	12.0	0.46158278	4.0	2.0	0.0	1	0	0	0	0	0	0	0	0	0	1	0
19:2000000	2	0	0	1	0	0	0	1	0	0	0	1	0	4.0	11.0	0.34294027	3.0	10.0	0.0	0	0	0	0	0	0	0	0	0	0	0	0
19:21000000	2	0	0	1	0	0	1	1	1	0	1	0	0	5.0	11.0	0.36063522	4.0	11.0	0.0	0	0	0	0	0	0	0	0	0	0	1	0
19:22000000	1	0	0	0	0	0	0	0	0	0	0	0	0	0.0	0.0	0.22540817	9.0	0.0	0.0	0	0	0	0	0	0	0	0	0	0	0	0
19:23500000	3	0	0	0	0	0	0	0	0	0	0	0	0	0.0	0.0	0.33079103	8.0	0.0	0.0	0	0	0	0	0	0	0	0	0	0	0	0
19:2500000	1	1	1	1	0	0	1	0	0	0	0	1	0	4.0	6.0	0.2530192	6.0	1.0	1.0	1	0	1	1	1	0	0	1	0	0	0	0
19:3000000	1	1	1	1	0	0	1	0	1	0	0	0	0	4.0	7.0	0.3217523	1.0	1.0	1.0	1	0	1	1	0	0	0	0	0	0	0	0
19:34000000	3	1	1	1	0	0	1	0	1	0	0	0	0	7.0	9.0	0.26188147	3.0	3.0	1.0	1	1	1	1	1	0	0	1	0	0	1	1
19:3500000	2	0	0	1	1	0	0	1	1	0	0	1	0	6.0	11.0	0.27277127	1.0	18.0	0.0	0	0	0	0	0	0	0	0	0	0	1	1
19:35000000	1	1	1	1	0	0	1	0	0	0	0	1	0	4.0	6.0	0.23023157	9.0	14.0	1.0	0	0	0	0	0	0	0	0	0	0	0	0
19:35500000	1	0	0	1	0	0	0	1	1	0	0	0	0	5.0	11.0	0.2706163	2.0	13.0	0.0	0	0	0	0	0	0	0	0	0	0	1	0
19:36000000	1	1	1	1	0	0	0	1	0	0	1	0	0	6.0	11.0	0.4349079	9.0	21.0	2.0	0	0	0	0	0	0	0	0	0	0	1	1
19:37500000	1	1	1	1	0	0	1	0	0	1	0	0	0	4.0	8.0	0.23464207	3.0	2.0	1.0	0	0	0	0	0	0	0	0	0	0	0	0
19:38000000	1	0	0	0	0	0	0	0	0	0	0	0	0	0.0	0.0	0.2245263	2.0	0.0	0.0	0	0	0	0	0	0	0	0	0	0	0	0
19:38500000	1	1	1	1	0	0	0	1	0	0	0	1	0	5.0	10.0	0.25513914	7.0	3.0	2.0	0	0	0	0	0	0	0	0	0	0	1	0
19:40000000	1	1	1	1	0	0	1	0	1	0	0	0	0	4.0	8.0	0.26337275	2.0	4.0	1.0	0	0	0	0	0	1	0	1	0	0	0	0
19:41000000	1	0	0	0	0	0	0	0	0	0	0	0	0	0.0	0.0	0.48174167	6.0	0.0	0.0	0	0	0	0	0	0	0	0	0	0	0	0
19:41500000	1	0	0	1	0	0	0	1	1	0	0	0	0	7.0	12.0	0.23101795	9.0	2.0	0.0	1	1	0	0	0	0	0	0	0	0	1	1
19:42000000	5	3	1	1	0	0	1	1	1	0	1	1	0	7.0	16.0	0.3797665	6.0	20.0	3.0	1	0	0	0	0	1	0	1	0	0	1	1
19:42500000	3	3	1	1	1	0	0	1	0	1	0	0	1	8.0	11.0	0.26236692	4.0	3.0	2.0	0	0	0	0	0	0	0	0	0	0	1	1
19:44000000	1	1	1	1	0	0	0	1	0	0	1	0	0	5.0	10.0	0.22555488	7.0	21.0	4.0	0	0	0	0	0	0	0	0	0	0	1	0
19:4500000	1	1	1	1	0	0	0	1	1	0	0	0	0	5.0	12.0	0.22425106	1.0	3.0	1.0	0	0	0	0	0	0	0	0	0	0	1	0
19:45000000	1	1	1	1	0	0	0	1	0	0	0	1	0	4.0	10.0	0.22194405	4.0	6.0	1.0	0	0	0	0	0	0	0	0	0	0	0	0
19:45500000	4	1	1	1	0	0	1	1	1	0	0	1	0	6.0	14.0	0.37322596	3.0	19.0	1.0	1	0	0	0	0	0	0	0	0	0	1	1
19:46000000	1	1	1	1	0	0	1	0	1	0	0	0	0	6.0	9.0	0.20584333	4.0	1.0	1.0	0	0	0	0	0	0	0	0	0	0	1	1
19:46500000	6	4	1	1	0	0	1	1	1	0	1	1	0	5.0	10.0	0.26454678	8.0	10.0	1.0	0	0	0	0	0	1	0	1	0	0	1	0
19:47000000	4	4	1	1	1	0	1	1	1	1	1	0	0	6.0	10.0	0.23293474	4.0	3.0	2.0	1	1	1	1	1	1	0	1	1	1	1	1
19:48000000	3	1	1	1	0	0	1	0	1	0	0	0	0	5.0	8.0	0.22164704	4.0	14.0	2.0	0	0	0	0	0	0	0	0	0	0	1	0
19:48500000	1	1	1	1	0	0	1	0	1	0	0	0	0	4.0	6.0	0.21229462	4.0	7.0	3.0	1	1	0	0	0	0	0	0	0	0	0	0
19:49500000	3	2	1	1	0	0	1	0	0	0	0	1	0	3.0	4.0	0.24969573	7.0	19.0	5.0	1	0	0	0	0	0	0	0	0	0	0	0
19:500000	4	3	1	1	0	0	1	0	1	0	1	1	0	4.0	8.0	0.37810844	5.0	9.0	2.0	1	0	1	1	1	1	1	1	1	1	0	0
19:5000000	1	0	0	0	0	0	0	0	0	0	0	0	0	0.0	0.0	0.22213285	1.0	0.0	0.0	0	0	0	0	0	0	0	0	0	0	0	0
19:50500000	3	1	1	1	0	0	1	1	1	0	0	1	0	6.0	13.0	0.31063956	1.0	9.0	1.0	0	0	0	0	0	0	0	0	0	0	1	1
19:51000000	1	1	1	1	0	0	1	0	0	0	0	1	0	3.0	4.0	0.27451828	1.0	4.0	1.0	0	0	0	0	0	0	0	0	0	0	0	0
19:52500000	2	1	1	1	0	0	1	1	0	1	1	0	0	4.0	10.0	0.22673474	4.0	11.0	1.0	0	0	0	0	0	0	0	0	0	0	0	0
19:53500000	4	0	0	1	0	0	1	1	1	0	0	1	0	5.0	10.0	0.3486969	2.0	11.0	0.0	0	0	0	0	0	0	0	0	0	0	1	0
19:5500000	2	1	1	1	0	0	1	0	1	0	0	1	0	5.0	8.0	0.25880498	5.0	4.0	3.0	1	0	0	0	0	1	0	1	0	0	1	0
19:55000000	6	4	1	1	0	0	1	1	1	1	0	0	0	7.0	19.0	0.26046556	5.0	35.0	1.0	0	0	0	0	0	0	0	0	0	0	1	1
19:55500000	1	1	1	1	0	0	1	0	1	0	0	0	0	4.0	5.0	0.21533163	1.0	20.0	1.0	0	0	0	0	0	0	0	0	0	0	0	0
19:56500000	1	0	0	1	0	0	1	0	1	0	0	0	0	4.0	7.0	0.22778745	1.0	2.0	0.0	0	0	0	0	0	0	0	0	0	0	0	0
19:6000000	3	0	0	1	0	0	0	1	1	0	0	0	0	5.0	15.0	0.40633166	3.0	2.0	0.0	0	0	0	0	0	0	0	0	0	0	1	0
19:7000000	2	2	1	1	1	0	0	1	0	0	1	0	0	5.0	17.0	0.27091548	4.0	3.0	1.0	0	0	0	0	0	1	0	1	0	0	1	0
19:7500000	2	0	0	0	1	0	0	1	1	0	0	0	0	7.0	10.0	0.17571725	1.0	7.0	0.0	1	1	0	0	0	0	0	0	0	0	1	1
19:8000000	6	5	1	1	0	0	1	1	1	0	0	0	0	5.0	14.0	0.42084888	4.0	5.0	1.0	1	1	1	1	1	0	1	1	1	1	1	0
19:9500000	1	0	0	1	0	0	1	0	0	0	0	1	0	3.0	4.0	0.2089579	3.0	1.0	0.0	0	0	0	0	0	0	0	0	0	0	0	0
1:1000000	2	0	0	1	0	0	1	0	0	0	0	1	0	4.0	5.0	0.3593698	8.0	6.0	0.0	0	0	0	0	0	0	0	0	0	0	0	0
1:10000000	1	0	0	1	0	0	1	0	0	1	0	0	0	5.0	8.0	0.20597102	3.0	2.0	0.0	1	0	0	0	0	0	0	0	0	0	1	0
1:101000000	1	1	1	1	0	0	1	0	0	1	0	0	0	6.0	9.0	0.31614304	3.0	4.0	2.0	0	0	0	0	0	0	0	0	0	0	1	1
1:103000000	1	0	0	0	0	0	0	0	0	0	0	0	0	0.0	0.0	0.25304216	1.0	0.0	0.0	0	0	0	0	0	0	0	0	0	0	0	0
1:10500000	1	0	0	1	0	0	0	1	1	0	0	0	0	9.0	24.0	0.35208178	1.0	1.0	0.0	0	0	0	0	0	0	0	0	0	0	1	1
1:106500000	1	0	0	0	0	0	0	0	0	0	0	0	0	0.0	0.0	0.21296027	1.0	0.0	0.0	0	0	0	0	0	0	0	0	0	0	0	0
1:108000000	1	0	0	0	0	0	0	0	0	0	0	0	0	0.0	0.0	0.31537175	2.0	0.0	0.0	0	0	0	0	0	0	0	0	0	0	0	0
1:108500000	1	1	1	1	0	0	1	0	0	1	0	0	0	5.0	7.0	0.20173472	3.0	1.0	1.0	0	0	0	0	0	0	0	0	0	0	1	0
1:109000000	1	0	0	0	0	0	0	0	0	0	0	0	0	0.0	0.0	0.20224577	6.0	0.0	0.0	0	0	0	0	0	0	0	0	0	0	0	0
1:109500000	3	3	1	1	0	0	1	1	1	0	1	0	0	5.0	10.0	0.40013778	8.0	11.0	4.0	1	0	1	0	0	1	0	1	0	0	1	0
1:11000000	1	0	0	1	0	0	1	0	0	1	0	0	0	4.0	7.0	0.20049408	1.0	7.0	0.0	0	0	0	0	0	0	0	0	0	0	0	0
1:112500000	3	2	1	1	0	0	1	1	1	0	0	1	0	4.0	13.0	0.27480742	6.0	4.0	2.0	1	1	1	1	1	0	0	1	0	0	0	0
1:114500000	1	0	0	0	0	0	0	0	0	0	0	0	0	0.0	0.0	0.25381815	5.0	0.0	0.0	0	0	0	0	0	0	0	0	0	0	0	0
1:11500000	1	1	1	0	1	0	0	1	0	0	0	1	0	5.0	10.0	0.16618136	7.0	2.0	2.0	1	1	1	0	0	0	0	0	0	0	1	0
1:115500000	2	0	0	0	0	0	0	0	0	0	0	0	0	0.0	0.0	0.3409044	1.0	0.0	0.0	0	0	0	0	0	0	0	0	0	0	0	0
1:116000000	1	0	0	0	1	0	0	1	1	0	0	0	0	8.0	12.0	0.18932079	1.0	13.0	0.0	1	0	0	0	0	0	0	0	0	0	1	1
1:116500000	2	0	0	1	0	0	1	0	1	0	0	1	0	4.0	8.0	0.30638966	2.0	10.0	0.0	0	0	0	0	0	0	0	0	0	0	0	0
1:119000000	1	0	0	1	0	0	0	1	0	0	0	1	0	4.0	10.0	0.2394357	2.0	1.0	0.0	1	0	0	0	0	0	0	0	0	0	0	0
1:119500000	1	0	0	1	0	0	1	0	0	1	0	0	0	4.0	8.0	0.2517219	2.0	2.0	0.0	0	0	0	0	0	0	0	0	0	0	0	0
1:12000000	1	0	0	1	0	0	0	1	1	0	0	0	0	7.0	14.0	0.28730118	1.0	1.0	0.0	0	0	0	0	0	0	0	0	0	0	1	1
1:121000000	2	0	0	0	0	0	0	0	0	0	0	0	0	0.0	0.0	0.31453937	20.0	0.0	0.0	0	0	0	0	0	0	0	0	0	0	0	0
1:145500000	5	4	1	1	0	0	1	1	0	1	1	1	0	7.0	23.0	0.4961124	12.0	9.0	4.0	1	1	1	1	1	1	0	1	1	1	1	1
1:146500000	1	0	0	0	0	0	0	0	0	0	0	0	0	0.0	0.0	0.28927636	1.0	0.0	0.0	0	0	0	0	0	0	0	0	0	0	0	0
1:147500000	1	0	0	1	0	0	1	0	0	0	1	0	0	3.0	4.0	0.2360577	1.0	1.0	0.0	0	0	0	0	0	0	0	0	0	0	0	0
1:148000000	1	0	0	0	0	0	0	0	0	0	0	0	0	0.0	0.0	0.21710156	10.0	0.0	0.0	0	0	0	0	0	0	0	0	0	0	0	0
1:148500000	1	0	0	0	0	0	0	0	0	0	0	0	0	0.0	0.0	0.19517183	5.0	0.0	0.0	0	0	0	0	0	0	0	0	0	0	0	0
1:149500000	1	0	0	1	0	0	0	1	1	0	0	0	0	6.0	13.0	0.31243527	3.0	11.0	0.0	0	0	0	0	0	0	0	0	0	0	1	1
1:1500000	8	2	1	1	0	0	1	1	1	0	0	1	0	6.0	12.0	0.33699465	10.0	2.0	1.0	1	0	0	0	0	0	1	1	0	0	1	1
1:15000000	1	0	0	0	0	0	0	0	0	0	0	0	0	0.0	0.0	0.21555409	2.0	0.0	0.0	0	0	0	0	0	0	0	0	0	0	0	0
1:151000000	3	3	1	1	0	0	1	1	1	0	0	1	0	6.0	12.0	0.24141946	12.0	16.0	2.0	1	1	1	1	1	0	0	1	0	0	1	1
1:151500000	2	2	1	1	0	0	1	0	1	0	0	1	0	4.0	7.0	0.27751768	7.0	8.0	3.0	1	1	1	1	1	0	0	1	0	0	0	0
1:152000000	1	1	1	1	0	0	1	0	0	0	1	0	0	3.0	4.0	0.2019338	6.0	1.0	1.0	1	1	1	1	0	0	0	0	0	0	0	0
1:153000000	1	0	0	1	0	0	1	0	0	0	0	1	0	3.0	3.0	0.22961195	2.0	4.0	0.0	0	0	0	0	0	0	0	0	0	0	0	0
1:153500000	1	0	0	1	0	0	1	0	0	0	0	1	0	3.0	3.0	0.2851601	1.0	17.0	0.0	0	0	0	0	0	0	0	0	0	0	0	0
1:155000000	2	1	1	1	0	0	0	1	1	0	0	0	0	8.0	17.0	0.35158294	25.0	1.0	1.0	1	1	1	1	0	0	0	0	0	0	1	1
1:155500000	4	1	1	1	0	0	1	0	1	0	0	0	0	4.0	8.0	0.30564213	23.0	3.0	1.0	1	1	1	1	1	0	0	1	0	0	0	0
1:156000000	2	2	1	1	1	0	1	1	1	0	0	1	0	4.0	10.0	0.20706835	2.0	13.0	1.0	1	0	1	1	0	0	1	1	0	0	0	0
1:156500000	2	2	1	1	0	0	0	1	1	0	1	0	0	6.0	12.0	0.31535095	8.0	9.0	2.0	1	0	1	1	1	0	1	1	1	1	1	1
1:158000000	1	0	0	1	0	0	1	0	0	0	0	1	0	3.0	3.0	0.21941084	1.0	1.0	0.0	0	0	0	0	0	0	0	0	0	0	0	0
1:16000000	1	1	1	1	0	0	0	1	0	0	0	1	0	2.0	10.0	0.21109232	9.0	3.0	2.0	1	1	1	1	1	0	0	1	0	0	0	0
1:160000000	1	1	1	1	0	0	0	1	1	0	0	0	0	6.0	13.0	0.25264356	1.0	2.0	1.0	0	0	0	0	0	0	0	0	0	0	1	1
1:160500000	2	1	1	1	0	0	1	0	0	0	0	1	0	3.0	4.0	0.27434295	5.0	1.0	1.0	0	0	0	0	0	0	0	0	0	0	0	0
1:161000000	2	2	1	1	0	0	1	1	1	0	0	1	0	6.0	10.0	0.2293677	6.0	7.0	4.0	0	0	0	0	0	0	0	0	0	0	1	1
1:162000000	1	0	0	0	0	0	0	0	0	0	0	0	0	0.0	0.0	0.20326377	4.0	0.0	0.0	0	0	0	0	0	0	0	0	0	0	0	0
1:16500000	1	1	1	1	0	0	1	0	0	0	0	1	0	4.0	7.0	0.23518936	6.0	1.0	1.0	1	1	0	0	1	0	0	1	0	0	0	0
1:170000000	1	1	1	1	0	0	0	1	0	0	1	0	0	4.0	11.0	0.31994686	4.0	1.0	1.0	1	0	1	1	0	0	0	0	0	0	0	0
1:170500000	1	0	0	0	0	0	0	0	0	0	0	0	0	0.0	0.0	0.2520884	2.0	0.0	0.0	0	0	0	0	0	0	0	0	0	0	0	0
1:172500000	1	0	0	1	0	0	1	0	0	1	0	0	0	5.0	8.0	0.24911003	1.0	1.0	0.0	0	0	0	0	0	0	0	0	0	0	1	0
1:17500000	1	0	0	1	0	0	1	0	0	1	0	0	0	5.0	6.0	0.2486017	2.0	1.0	0.0	0	0	0	0	0	0	0	0	0	0	1	0
1:175500000	1	0	0	0	0	0	0	0	0	0	0	0	0	0.0	0.0	0.2618617	2.0	0.0	0.0	0	0	0	0	0	0	0	0	0	0	0	0
1:179500000	1	0	0	0	0	0	0	0	0	0	0	0	0	0.0	0.0	0.29966646	7.0	0.0	0.0	0	0	0	0	0	0	0	0	0	0	0	0
1:182000000	1	1	1	1	0	0	1	0	0	1	0	0	0	4.0	5.0	0.24368073	1.0	1.0	1.0	0	0	0	0	0	0	0	0	0	0	0	0
1:183000000	2	0	0	1	0	0	1	0	0	0	0	1	0	3.0	4.0	0.22419137	4.0	1.0	0.0	1	1	0	0	0	0	0	0	0	0	0	0
1:184000000	1	0	0	1	0	0	1	0	0	1	0	0	0	5.0	5.0	0.2067847	2.0	1.0	0.0	0	0	0	0	0	0	0	0	0	0	1	0
1:186000000	1	0	0	0	0	0	0	0	0	0	0	0	0	0.0	0.0	0.28089225	1.0	0.0	0.0	0	0	0	0	0	0	0	0	0	0	0	0
1:19000000	1	0	0	1	0	0	1	0	1	0	0	0	0	6.0	7.0	0.21982881	4.0	1.0	0.0	0	0	0	0	0	0	0	0	0	0	1	1
1:193000000	1	0	0	1	0	0	1	0	1	0	0	0	0	5.0	9.0	0.3628423	2.0	4.0	0.0	0	0	0	0	0	0	0	0	0	0	1	0
1:19500000	1	0	0	1	0	0	1	0	0	1	0	0	0	4.0	6.0	0.20078093	2.0	4.0	0.0	0	0	0	0	0	0	0	0	0	0	0	0
1:196000000	2	0	0	0	0	0	0	0	0	0	0	0	0	0.0	0.0	0.2879059	6.0	0.0	0.0	0	0	0	0	0	0	0	0	0	0	0	0
1:2000000	1	0	0	1	0	0	1	0	0	0	1	0	0	4.0	6.0	0.30226195	3.0	1.0	0.0	0	0	0	0	0	0	0	0	0	0	0	0
1:202500000	2	2	1	1	0	0	1	0	0	1	1	0	0	4.0	5.0	0.24763428	4.0	3.0	1.0	0	0	0	0	0	0	0	0	0	0	0	0
1:203000000	1	0	0	1	0	0	1	0	1	0	0	0	0	4.0	4.0	0.28129536	1.0	3.0	0.0	0	0	0	0	0	0	0	0	0	0	0	0
1:204000000	1	0	0	1	0	0	1	0	0	0	0	1	0	3.0	4.0	0.22977711	1.0	5.0	0.0	0	0	0	0	0	0	0	0	0	0	0	0
1:205500000	2	1	1	1	0	0	1	1	0	1	0	1	0	4.0	12.0	0.25488386	4.0	7.0	2.0	0	0	0	0	0	0	0	0	0	0	0	0
1:206500000	1	1	1	0	1	0	0	1	0	0	1	0	0	5.0	10.0	0.16151658	4.0	3.0	2.0	0	0	0	0	0	0	0	0	0	0	1	0
1:207000000	3	2	1	1	0	0	1	1	0	1	1	0	0	7.0	14.0	0.41734967	3.0	5.0	1.0	1	0	0	0	0	0	0	0	0	0	1	1
1:207500000	2	2	1	0	1	0	0	1	0	1	1	0	0	8.0	17.0	0.16915725	1.0	4.0	1.0	0	0	0	0	0	0	0	0	0	0	1	1
1:211500000	2	0	0	1	0	0	1	1	0	0	1	0	0	6.0	15.0	0.4202759	2.0	3.0	0.0	1	1	0	0	0	0	0	0	0	0	1	1
1:212000000	2	1	1	1	0	0	1	0	1	0	1	0	0	5.0	6.0	0.26501188	2.0	3.0	1.0	1	0	1	1	0	0	0	0	0	0	1	0
1:213000000	1	1	1	1	0	0	0	1	0	0	0	0	1	7.0	12.0	0.34939244	3.0	3.0	1.0	0	0	0	0	0	0	0	0	0	0	1	1
1:214500000	3	0	0	0	0	0	0	0	0	0	0	0	0	0.0	0.0	0.41593853	1.0	0.0	0.0	0	0	0	0	0	0	0	0	0	0	0	0
1:21500000	2	1	1	1	1	0	1	1	0	1	0	0	0	7.0	10.0	0.37750173	3.0	1.0	1.0	1	1	1	1	1	0	0	1	0	0	1	1
1:215000000	1	0	0	0	0	0	0	0	0	0	0	0	0	0.0	0.0	0.25170854	1.0	0.0	0.0	0	0	0	0	0	0	0	0	0	0	0	0
1:215500000	4	4	1	1	0	0	1	1	0	1	1	1	1	7.0	15.0	0.362235	2.0	2.0	2.0	1	1	1	0	1	0	0	1	0	0	1	1
1:222000000	1	0	0	1	0	0	0	1	1	0	0	0	0	6.0	16.0	0.26225278	1.0	2.0	0.0	0	0	0	0	0	0	0	0	0	0	1	1
1:223000000	1	0	0	0	0	0	0	0	0	0	0	0	0	0.0	0.0	0.31937507	1.0	0.0	0.0	0	0	0	0	0	0	0	0	0	0	0	0
1:224000000	4	3	1	1	1	0	1	1	1	0	1	0	0	6.0	15.0	0.21291506	2.0	10.0	1.0	0	0	0	0	0	0	0	0	0	0	1	1
1:22500000	1	0	0	0	0	0	0	0	0	0	0	0	0	0.0	0.0	0.16999146	7.0	0.0	0.0	0	0	0	0	0	0	0	0	0	0	0	0
1:225500000	1	0	0	0	1	0	0	1	1	0	0	0	0	9.0	15.0	0.19067456	3.0	14.0	0.0	0	0	0	0	0	0	0	0	0	0	1	1
1:226000000	1	0	0	0	0	0	0	0	0	0	0	0	0	0.0	0.0	0.30603957	1.0	0.0	0.0	0	0	0	0	0	0	0	0	0	0	0	0
1:227500000	2	2	1	1	0	0	1	0	0	1	0	1	0	4.0	6.0	0.27216518	10.0	8.0	2.0	1	1	1	1	1	0	0	1	0	0	0	0
1:228000000	1	1	1	1	0	0	0	1	0	0	0	1	0	4.0	11.0	0.20975958	9.0	1.0	1.0	1	0	0	0	1	0	0	1	0	0	0	0
1:229500000	2	0	0	1	0	0	1	0	0	0	0	1	0	4.0	5.0	0.27072543	1.0	1.0	0.0	1	0	0	0	0	0	0	0	0	0	0	0
1:23000000	1	0	0	1	0	0	1	0	1	0	0	0	0	6.0	7.0	0.20046829	4.0	1.0	0.0	0	0	0	0	0	0	0	0	0	0	1	1
1:232500000	1	0	0	1	0	0	0	1	0	0	0	1	0	2.0	11.0	0.2942043	1.0	3.0	0.0	0	0	0	0	0	0	0	0	0	0	0	0
1:233000000	1	0	0	1	0	0	1	0	1	0	0	0	0	6.0	8.0	0.2038077	1.0	1.0	0.0	0	0	0	0	0	0	0	0	0	0	1	1
1:233500000	1	0	0	1	0	0	1	0	0	0	0	1	0	3.0	4.0	0.23971367	1.0	1.0	0.0	0	0	0	0	0	0	0	0	0	0	0	0
1:23500000	3	3	1	1	1	0	1	1	1	1	0	1	0	7.0	10.0	0.26133898	3.0	14.0	1.0	1	1	1	1	0	0	0	0	0	0	1	1
1:235000000	2	0	0	1	0	0	1	0	0	1	0	0	0	4.0	7.0	0.31181207	3.0	5.0	0.0	0	0	0	0	0	0	0	0	0	0	0	0
1:235500000	3	1	1	1	0	0	1	1	1	0	1	0	0	6.0	11.0	0.34933478	2.0	1.0	1.0	1	1	1	1	1	1	0	1	1	1	1	1
1:24500000	6	5	1	1	0	0	1	1	1	0	1	1	0	7.0	17.0	0.32374272	1.0	2.0	1.0	1	1	1	1	1	0	0	1	0	0	1	1
1:246500000	1	1	1	1	0	0	1	0	0	0	0	1	0	4.0	6.0	0.26883614	2.0	2.0	1.0	0	0	0	0	0	0	1	1	0	0	0	0
1:248500000	1	0	0	1	0	0	1	0	0	0	0	1	0	3.0	4.0	0.2245993	6.0	1.0	0.0	1	1	0	0	0	0	0	0	0	0	0	0
1:26000000	1	0	0	0	0	0	0	0	0	0	0	0	0	0.0	0.0	0.25852212	2.0	0.0	0.0	0	0	0	0	0	0	0	0	0	0	0	0
1:26500000	1	0	0	1	0	0	0	1	0	0	1	0	0	2.0	10.0	0.32873863	1.0	2.0	0.0	0	0	0	0	0	0	0	0	0	0	0	0
1:27000000	3	2	1	1	0	0	1	0	1	0	0	0	0	5.0	8.0	0.40990588	5.0	10.0	4.0	0	0	0	0	0	0	0	0	0	0	1	0
1:27500000	3	0	0	1	0	0	1	0	0	1	0	1	0	5.0	8.0	0.29162133	3.0	4.0	0.0	1	1	0	0	0	0	0	0	0	0	1	0
1:28000000	1	0	0	1	0	0	0	1	0	0	1	0	0	6.0	14.0	0.35385427	3.0	1.0	0.0	0	0	0	0	0	0	0	0	0	0	1	1
1:28500000	1	1	1	1	0	0	0	1	1	0	0	0	0	7.0	11.0	0.2728703	4.0	12.0	1.0	0	0	0	0	0	0	0	0	0	0	1	1
1:3000000	2	2	1	1	0	0	1	1	0	0	0	1	0	5.0	12.0	0.284124	2.0	4.0	2.0	0	0	0	0	0	1	0	1	0	0	1	0
1:31000000	1	1	1	1	0	0	1	0	0	0	1	0	0	3.0	4.0	0.21786085	6.0	2.0	1.0	0	0	0	0	0	0	0	0	0	0	0	0
1:31500000	1	1	1	1	0	0	1	0	0	0	0	1	0	3.0	3.0	0.20779997	2.0	2.0	1.0	0	0	0	0	0	1	0	1	0	0	0	0
1:32000000	3	1	1	1	0	0	1	1	0	0	1	1	0	4.0	11.0	0.43517238	3.0	10.0	2.0	1	1	0	0	0	0	0	0	0	0	0	0
1:32500000	3	2	1	1	0	0	1	0	1	0	0	1	0	5.0	8.0	0.24974442	4.0	10.0	2.0	1	1	1	1	0	0	0	0	0	0	1	0
1:33000000	2	2	1	1	1	0	1	1	0	1	1	0	0	6.0	14.0	0.21997252	6.0	5.0	2.0	1	1	1	1	1	0	0	1	0	0	1	1
1:34500000	2	0	0	1	0	0	1	0	0	1	0	0	0	4.0	5.0	0.23381394	2.0	1.0	0.0	0	0	0	0	0	0	0	0	0	0	0	0
1:35000000	7	1	1	1	0	0	0	1	1	0	0	0	0	12.0	23.0	0.46175954	3.0	2.0	1.0	1	0	1	1	1	0	0	1	0	0	1	1
1:36000000	1	0	0	1	0	0	1	0	1	0	0	0	0	5.0	7.0	0.32445654	8.0	1.0	0.0	0	0	0	0	0	0	0	0	0	0	1	0
1:37000000	3	3	1	1	0	0	1	1	1	1	0	1	0	7.0	16.0	0.26229614	9.0	7.0	4.0	1	1	1	1	1	0	0	1	0	0	1	1
1:37500000	1	1	1	1	0	0	0	1	0	0	0	1	0	4.0	10.0	0.28723797	3.0	7.0	1.0	1	1	1	1	1	0	0	1	0	0	0	0
1:38000000	2	2	1	1	1	0	1	1	1	0	1	0	0	6.0	10.0	0.2359388	2.0	8.0	1.0	0	0	0	0	0	0	0	0	0	0	1	1
1:38500000	3	2	1	1	0	0	1	1	1	0	1	0	0	5.0	11.0	0.21782377	3.0	6.0	1.0	1	0	1	0	0	0	0	0	0	0	1	0
1:39000000	1	0	0	0	0	0	0	0	0	0	0	0	0	0.0	0.0	0.38957182	3.0	0.0	0.0	0	0	0	0	0	0	0	0	0	0	0	0
1:39500000	1	0	0	0	0	0	0	0	0	0	0	0	0	0.0	0.0	0.23155788	5.0	0.0	0.0	0	0	0	0	0	0	0	0	0	0	0	0
1:41500000	1	0	0	0	0	0	0	0	0	0	0	0	0	0.0	0.0	0.14409034	1.0	0.0	0.0	0	0	0	0	0	0	0	0	0	0	0	0
1:42500000	3	2	1	1	1	0	1	1	1	0	1	1	0	6.0	10.0	0.24737693	8.0	5.0	3.0	1	1	1	0	1	0	1	1	1	1	1	1
1:43000000	2	0	0	1	1	0	0	1	1	0	1	0	0	6.0	12.0	0.23506027	3.0	2.0	0.0	0	0	0	0	0	0	0	0	0	0	1	1
1:44500000	2	1	1	1	0	0	1	0	0	0	1	0	0	3.0	4.0	0.24345134	3.0	12.0	2.0	0	0	0	0	0	0	0	0	0	0	0	0
1:46000000	2	1	1	1	0	0	1	1	1	0	0	0	0	6.0	13.0	0.26610336	9.0	3.0	1.0	1	0	0	0	0	0	0	0	0	0	1	1
1:46500000	5	1	1	1	0	0	0	1	0	0	0	1	0	3.0	10.0	0.25500247	8.0	1.0	1.0	0	0	0	0	0	0	0	0	0	0	0	0
1:47000000	2	2	1	1	0	0	1	0	1	0	0	1	0	4.0	8.0	0.29227132	3.0	6.0	1.0	0	0	0	0	0	0	0	0	0	0	0	0
1:47500000	1	0	0	0	0	0	0	0	0	0	0	0	0	0.0	0.0	0.26075143	2.0	0.0	0.0	0	0	0	0	0	0	0	0	0	0	0	0
1:48000000	1	1	1	1	0	0	1	0	1	0	0	0	0	4.0	5.0	0.21596125	6.0	1.0	1.0	0	0	0	0	0	0	0	0	0	0	0	0
1:48500000	1	0	0	0	0	0	0	0	0	0	0	0	0	0.0	0.0	0.24372347	1.0	0.0	0.0	0	0	0	0	0	0	0	0	0	0	0	0
1:49000000	1	0	0	0	0	0	0	0	0	0	0	0	0	0.0	0.0	0.27379414	1.0	0.0	0.0	0	0	0	0	0	0	0	0	0	0	0	0
1:500000	1	0	0	0	0	0	0	0	0	0	0	0	0	0.0	0.0	0.24428129	6.0	0.0	0.0	0	0	0	0	0	0	0	0	0	0	0	0
1:50000000	1	0	0	0	0	0	0	0	0	0	0	0	0	0.0	0.0	0.21910858	1.0	0.0	0.0	0	0	0	0	0	0	0	0	0	0	0	0
1:50500000	1	0	0	0	0	0	0	0	0	0	0	0	0	0.0	0.0	0.26154575	1.0	0.0	0.0	0	0	0	0	0	0	0	0	0	0	0	0
1:51000000	5	2	1	1	0	0	1	0	1	0	0	1	0	4.0	9.0	0.26318082	5.0	5.0	2.0	1	1	0	0	0	0	0	0	0	0	0	0
1:51500000	1	1	1	1	0	0	1	0	0	0	0	1	0	3.0	3.0	0.22058624	3.0	4.0	1.0	0	0	0	0	0	0	0	0	0	0	0	0
1:52000000	2	1	1	1	0	0	1	0	0	0	1	0	0	3.0	3.0	0.25885624	9.0	2.0	1.0	0	0	0	0	0	0	0	0	0	0	0	0
1:53500000	1	1	1	1	0	0	0	1	1	0	0	0	0	8.0	15.0	0.32206914	3.0	4.0	2.0	0	0	0	0	0	0	0	0	0	0	1	1
1:54000000	1	0	0	1	0	0	1	0	1	0	0	0	0	6.0	6.0	0.21666233	1.0	8.0	0.0	1	0	0	0	0	0	0	0	0	0	1	1
1:54500000	1	1	1	1	0	0	1	0	0	0	1	0	0	3.0	3.0	0.20101817	2.0	4.0	1.0	0	0	0	0	0	0	0	0	0	0	0	0
1:57000000	1	0	0	0	0	0	0	0	0	0	0	0	0	0.0	0.0	0.21952735	1.0	0.0	0.0	0	0	0	0	0	0	0	0	0	0	0	0
1:6000000	1	1	1	1	0	0	1	0	0	0	0	1	0	3.0	3.0	0.27299482	2.0	4.0	1.0	0	0	0	0	0	0	0	0	0	0	0	0
1:62000000	1	0	0	0	0	0	0	0	0	0	0	0	0	0.0	0.0	0.25971937	2.0	0.0	0.0	0	0	0	0	0	0	0	0	0	0	0	0
1:63500000	3	0	0	0	0	0	0	0	0	0	0	0	0	0.0	0.0	0.21456583	1.0	0.0	0.0	0	0	0	0	0	0	0	0	0	0	0	0
1:64000000	1	0	0	0	0	0	0	0	0	0	0	0	0	0.0	0.0	0.2167289	1.0	0.0	0.0	0	0	0	0	0	0	0	0	0	0	0	0
1:67000000	1	0	0	0	0	0	0	0	0	0	0	0	0	0.0	0.0	0.3025953	3.0	0.0	0.0	0	0	0	0	0	0	0	0	0	0	0	0
1:67500000	1	0	0	0	0	0	0	0	0	0	0	0	0	0.0	0.0	0.21069334	1.0	0.0	0.0	0	0	0	0	0	0	0	0	0	0	0	0
1:68000000	1	1	1	1	0	0	1	0	0	1	0	0	0	5.0	6.0	0.22089289	1.0	1.0	1.0	0	0	0	0	0	0	0	0	0	0	1	0
1:70500000	1	1	1	1	0	0	1	0	0	1	0	0	0	4.0	5.0	0.20197919	2.0	1.0	1.0	1	1	1	1	1	0	0	1	0	0	0	0
1:7500000	1	0	0	1	0	0	0	1	0	0	0	1	0	2.0	10.0	0.35198927	3.0	1.0	0.0	0	0	0	0	0	0	0	0	0	0	0	0
1:78000000	2	1	1	1	0	0	0	1	0	1	1	0	0	7.0	14.0	0.26907963	1.0	3.0	1.0	1	0	0	0	0	0	0	0	0	0	1	1
1:8000000	3	1	1	1	0	0	1	1	0	1	0	0	0	6.0	10.0	0.30249846	3.0	1.0	1.0	1	0	1	0	0	0	0	0	0	0	1	1
1:84000000	1	1	1	1	0	0	1	0	0	0	0	1	0	4.0	7.0	0.21270385	3.0	1.0	1.0	1	0	0	0	0	0	0	0	0	0	0	0
1:84500000	1	1	1	0	1	0	0	1	0	1	0	0	0	7.0	12.0	0.14137763	5.0	19.0	1.0	0	0	0	0	0	0	0	0	0	0	1	1
1:85500000	1	1	1	0	1	0	0	1	0	0	1	0	0	4.0	10.0	0.14246269	3.0	2.0	1.0	0	0	0	0	0	0	0	0	0	0	0	0
1:86500000	2	1	1	1	0	0	1	0	0	0	0	1	0	3.0	4.0	0.22171466	5.0	2.0	2.0	0	0	0	0	0	0	0	0	0	0	0	0
1:87000000	2	2	1	1	0	0	1	1	1	0	1	0	0	4.0	12.0	0.33166468	6.0	4.0	3.0	1	0	1	1	1	0	0	1	0	0	0	0
1:89500000	4	3	1	1	0	0	1	1	1	0	1	0	0	6.0	12.0	0.2556837	1.0	19.0	1.0	0	0	0	0	0	0	1	1	0	0	1	1
1:90500000	2	0	0	1	0	0	1	0	0	1	0	1	0	5.0	9.0	0.21565601	1.0	1.0	0.0	0	0	0	0	0	0	0	0	0	0	1	0
1:92500000	1	0	0	1	0	0	1	0	0	0	0	1	0	3.0	3.0	0.21386623	2.0	2.0	0.0	1	1	0	0	0	0	0	0	0	0	0	0
1:93000000	1	1	1	1	0	0	1	0	1	0	0	0	0	5.0	7.0	0.22325808	3.0	5.0	1.0	0	0	0	0	0	0	0	0	0	0	1	0
1:94000000	2	2	1	1	0	0	1	1	1	0	0	0	0	6.0	11.0	0.37849557	2.0	5.0	1.0	1	0	0	0	1	0	0	1	0	0	1	1
1:9500000	3	1	1	1	0	0	1	1	1	0	0	1	0	5.0	11.0	0.33423573	4.0	4.0	4.0	0	0	0	0	0	0	1	1	0	0	1	0
1:95000000	1	0	0	0	0	0	0	0	0	0	0	0	0	0.0	0.0	0.1645926	5.0	0.0	0.0	0	0	0	0	0	0	0	0	0	0	0	0
1:97500000	1	0	0	0	0	0	0	0	0	0	0	0	0	0.0	0.0	0.38443673	1.0	0.0	0.0	0	0	0	0	0	0	0	0	0	0	0	0
1:99000000	1	0	0	0	0	0	0	0	0	0	0	0	0	0.0	0.0	0.2585532	1.0	0.0	0.0	0	0	0	0	0	0	0	0	0	0	0	0
20:1000000	2	0	0	1	0	0	1	1	1	0	0	1	0	6.0	10.0	0.32189214	2.0	15.0	0.0	1	1	0	0	0	0	0	0	0	0	1	1
20:1500000	1	1	1	1	0	0	1	0	0	1	0	0	0	4.0	4.0	0.2805877	2.0	1.0	1.0	0	0	0	0	0	0	0	0	0	0	0	0
20:17500000	1	1	1	0	1	0	0	1	1	0	0	0	0	6.0	10.0	0.13141513	2.0	11.0	1.0	1	0	0	0	0	1	0	1	0	0	1	1
20:18000000	1	1	1	0	1	0	0	1	0	0	1	0	0	4.0	15.0	0.19289179	6.0	14.0	3.0	0	0	0	0	0	1	0	1	0	0	0	0
20:21000000	3	1	1	1	0	0	1	0	1	0	0	0	0	5.0	8.0	0.26477253	1.0	18.0	1.0	0	0	0	0	0	0	0	0	0	0	1	0
20:21500000	1	0	0	0	0	0	0	0	0	0	0	0	0	0.0	0.0	0.298492	1.0	0.0	0.0	0	0	0	0	0	0	0	0	0	0	0	0
20:22000000	1	0	0	0	0	0	0	0	0	0	0	0	0	0.0	0.0	0.17611548	2.0	0.0	0.0	0	0	0	0	0	0	0	0	0	0	0	0
20:23500000	1	0	0	1	0	0	1	0	0	0	1	0	0	4.0	5.0	0.23575908	1.0	1.0	0.0	0	0	0	0	0	0	0	0	0	0	0	0
20:2500000	2	1	1	1	0	0	0	1	1	0	0	0	0	7.0	20.0	0.3389046	2.0	2.0	2.0	1	0	1	1	0	0	0	0	0	0	1	1
20:25000000	1	1	1	1	0	0	1	0	1	0	0	0	0	4.0	6.0	0.22639383	18.0	9.0	3.0	1	1	1	1	1	0	0	1	0	0	0	0
20:25500000	2	0	0	0	0	0	0	0	0	0	0	0	0	0.0	0.0	0.49025613	19.0	0.0	0.0	0	0	0	0	0	0	0	0	0	0	0	0
20:26000000	3	0	0	0	0	0	0	0	0	0	0	0	0	0.0	0.0	0.333243	20.0	0.0	0.0	0	0	0	0	0	0	0	0	0	0	0	0
20:32000000	1	0	0	1	0	0	0	1	0	0	0	0	1	11.0	16.0	0.29486877	3.0	2.0	0.0	1	1	0	0	0	0	0	0	0	0	1	1
20:33500000	1	0	0	1	0	0	0	1	0	0	1	0	0	4.0	10.0	0.26807323	1.0	1.0	0.0	0	0	0	0	0	0	0	0	0	0	0	0
20:3500000	1	1	1	1	0	0	1	0	0	1	0	0	0	5.0	6.0	0.21269101	4.0	1.0	1.0	0	0	0	0	0	0	0	0	0	0	1	0
20:35000000	1	1	1	1	0	0	1	0	1	0	0	0	0	5.0	6.0	0.29076156	5.0	5.0	1.0	0	0	0	0	0	0	0	0	0	0	1	0
20:36500000	6	2	1	1	1	0	1	1	1	0	0	0	1	9.0	19.0	0.42292747	5.0	10.0	2.0	1	1	1	1	0	0	0	0	0	0	1	1
20:38000000	4	0	0	1	1	0	1	1	1	0	1	0	0	7.0	16.0	0.21989313	7.0	4.0	0.0	0	0	0	0	0	0	0	0	0	0	1	1
20:41500000	1	1	1	1	0	0	1	0	0	0	0	1	0	3.0	4.0	0.20279144	4.0	1.0	1.0	1	1	1	1	1	0	0	1	0	0	0	0
20:44500000	2	0	0	1	0	0	0	1	1	0	0	0	0	7.0	10.0	0.27304393	2.0	8.0	0.0	0	0	0	0	0	0	0	0	0	0	1	1
20:4500000	1	1	1	1	0	0	0	1	1	0	0	0	0	8.0	14.0	0.23698272	1.0	3.0	1.0	1	0	1	1	0	0	0	0	0	0	1	1
20:46000000	1	0	0	0	1	0	0	1	1	0	0	0	0	5.0	13.0	0.16889884	1.0	1.0	0.0	0	0	0	0	0	0	0	0	0	0	1	0
20:46500000	1	0	0	0	0	0	0	0	0	0	0	0	0	0.0	0.0	0.21939908	1.0	0.0	0.0	0	0	0	0	0	0	0	0	0	0	0	0
20:47500000	3	2	1	1	0	0	1	0	0	1	0	1	0	4.0	6.0	0.24633348	1.0	3.0	1.0	1	1	0	0	0	0	0	0	0	0	0	0
20:49000000	1	0	0	1	0	0	1	0	0	1	0	0	0	4.0	7.0	0.22397755	4.0	1.0	0.0	1	1	0	0	0	0	0	0	0	0	0	0
20:49500000	2	1	1	1	0	0	1	0	0	0	0	1	0	3.0	4.0	0.36766785	3.0	1.0	1.0	0	0	0	0	0	0	0	0	0	0	0	0
20:500000	1	1	1	1	0	0	0	1	0	1	0	0	0	7.0	12.0	0.2439202	2.0	1.0	1.0	0	0	0	0	0	0	0	0	0	0	1	1
20:5000000	1	0	0	1	0	0	1	0	1	0	0	0	0	4.0	6.0	0.21898945	1.0	1.0	0.0	1	1	0	0	0	0	0	0	0	0	0	0
20:50000000	1	0	0	1	0	0	0	1	1	0	0	0	0	5.0	10.0	0.31025437	3.0	4.0	0.0	0	0	0	0	0	0	0	0	0	0	1	0
20:50500000	2	0	0	0	1	0	0	1	0	0	0	1	0	4.0	10.0	0.18187009	1.0	1.0	0.0	0	0	0	0	0	0	0	0	0	0	0	0
20:51000000	1	0	0	0	1	0	0	1	0	0	0	1	0	4.0	10.0	0.17272109	1.0	2.0	0.0	0	0	0	0	0	0	0	0	0	0	0	0
20:53500000	1	1	1	1	0	0	1	0	1	0	0	0	0	6.0	6.0	0.22958575	1.0	1.0	1.0	1	0	1	1	1	0	0	1	0	0	1	1
20:54500000	1	0	0	1	0	0	1	0	0	0	0	1	0	3.0	4.0	0.22470108	1.0	2.0	0.0	0	0	0	0	0	0	0	0	0	0	0	0
20:61500000	1	0	0	0	0	0	0	0	0	0	0	0	0	0.0	0.0	0.3205247	1.0	0.0	0.0	0	0	0	0	0	0	0	0	0	0	0	0
20:62000000	1	1	1	1	0	0	1	0	1	0	0	0	0	5.0	8.0	0.21935548	3.0	1.0	1.0	0	0	0	0	0	0	0	0	0	0	1	0
20:62500000	3	0	0	1	0	0	1	1	0	0	1	0	0	5.0	16.0	0.4816191	3.0	1.0	0.0	0	0	0	0	0	0	0	0	0	0	1	0
20:63000000	3	1	1	1	0	0	1	0	1	0	0	0	0	4.0	7.0	0.258044	2.0	2.0	1.0	0	0	0	0	0	0	0	0	0	0	0	0
20:63500000	1	0	0	0	0	0	0	0	0	0	0	0	0	0.0	0.0	0.25709787	6.0	0.0	0.0	0	0	0	0	0	0	0	0	0	0	0	0
21:14000000	1	0	0	0	0	0	0	0	0	0	0	0	0	0.0	0.0	0.21095096	1.0	0.0	0.0	0	0	0	0	0	0	0	0	0	0	0	0
21:15500000	1	1	1	1	0	0	1	0	0	0	0	1	0	3.0	3.0	0.22231072	1.0	5.0	1.0	1	0	1	1	1	0	0	1	0	0	0	0
21:29500000	2	0	0	0	0	0	0	0	0	0	0	0	0	0.0	0.0	0.3084924	2.0	0.0	0.0	0	0	0	0	0	0	0	0	0	0	0	0
21:31500000	2	1	1	0	1	0	0	1	1	0	1	0	0	6.0	11.0	0.14476548	1.0	1.0	1.0	1	0	0	0	0	0	0	0	0	0	1	1
21:32500000	1	0	0	1	0	0	0	1	0	1	0	0	0	5.0	14.0	0.4809101	5.0	1.0	0.0	0	0	0	0	0	0	0	0	0	0	1	0
21:33000000	1	1	1	1	0	0	1	0	0	0	1	0	0	3.0	3.0	0.24132973	4.0	2.0	2.0	1	1	0	0	1	0	0	1	0	0	0	0
21:35500000	1	0	0	1	0	0	0	1	1	0	0	0	0	5.0	12.0	0.25324386	1.0	1.0	0.0	0	0	0	0	0	0	0	0	0	0	1	0
21:36500000	1	0	0	0	0	0	0	0	0	0	0	0	0	0.0	0.0	0.21518534	3.0	0.0	0.0	0	0	0	0	0	0	0	0	0	0	0	0
21:39000000	3	2	1	1	1	0	1	1	1	0	0	1	0	7.0	11.0	0.20202963	2.0	10.0	2.0	1	1	1	1	1	0	0	1	0	0	1	1
21:44000000	1	0	0	1	0	0	0	1	1	0	0	0	0	6.0	14.0	0.21055739	6.0	2.0	0.0	0	0	0	0	0	0	0	0	0	0	1	1
21:44500000	1	0	0	1	0	0	1	0	0	0	0	1	0	3.0	4.0	0.2364479	10.0	1.0	0.0	0	0	0	0	0	0	0	0	0	0	0	0
21:46500000	2	2	1	1	0	0	1	1	1	0	0	0	0	6.0	18.0	0.35225326	9.0	1.0	1.0	0	0	0	0	0	0	0	0	0	0	1	1
22:17500000	1	1	1	1	0	0	0	1	0	0	1	0	0	3.0	14.0	0.47306693	3.0	2.0	1.0	1	1	1	1	1	0	0	1	0	0	0	0
22:19500000	1	1	1	1	0	0	1	0	1	0	0	0	0	4.0	5.0	0.21674202	2.0	7.0	1.0	0	0	0	0	0	0	0	0	0	0	0	0
22:20000000	1	1	1	1	0	0	1	0	1	0	0	0	0	7.0	9.0	0.24974678	2.0	7.0	1.0	0	0	0	0	0	0	0	0	0	0	1	1
22:20500000	1	1	1	1	0	0	0	1	0	0	1	0	0	6.0	10.0	0.20346299	8.0	1.0	1.0	0	0	0	0	0	0	0	0	0	0	1	1
22:21000000	2	0	0	1	0	0	0	1	0	0	1	0	0	6.0	12.0	0.32274795	4.0	2.0	0.0	1	1	0	0	0	0	0	0	0	0	1	1
22:21500000	1	0	0	0	0	0	0	0	0	0	0	0	0	0.0	0.0	0.23262675	4.0	0.0	0.0	0	0	0	0	0	0	0	0	0	0	0	0
22:23500000	2	2	1	1	0	0	1	0	1	0	0	1	0	4.0	6.0	0.22807154	16.0	7.0	1.0	1	1	1	1	0	0	0	0	0	0	0	0
22:24000000	1	1	1	1	0	0	1	0	0	0	0	1	0	3.0	4.0	0.2331666	6.0	3.0	1.0	0	0	0	0	0	0	0	0	0	0	0	0
22:24500000	2	1	1	1	0	0	1	0	0	1	0	0	0	4.0	8.0	0.275475	7.0	19.0	2.0	1	1	1	1	1	0	0	1	0	0	0	0
22:25000000	2	0	0	1	0	0	1	0	0	0	0	1	0	3.0	3.0	0.26999804	6.0	1.0	0.0	0	0	0	0	0	0	0	0	0	0	0	0
22:26000000	2	1	1	1	0	0	1	1	1	0	0	1	0	4.0	12.0	0.28489423	5.0	3.0	2.0	0	0	0	0	0	0	0	0	0	0	0	0
22:27500000	1	0	0	1	0	0	0	1	0	0	0	1	0	3.0	10.0	0.20378552	1.0	1.0	0.0	0	0	0	0	0	0	0	0	0	0	0	0
22:28000000	1	0	0	1	0	0	0	1	0	0	1	0	0	3.0	12.0	0.2303911	5.0	1.0	0.0	1	0	0	0	0	0	0	0	0	0	0	0
22:31000000	1	1	1	1	0	0	1	0	0	0	1	0	0	3.0	4.0	0.39484495	19.0	4.0	4.0	1	1	1	1	1	1	0	1	1	1	0	0
22:32000000	1	1	1	1	0	0	1	0	0	1	0	0	0	4.0	8.0	0.20641987	8.0	1.0	1.0	0	0	0	0	0	0	0	0	0	0	0	0
22:37000000	5	4	1	1	0	0	1	1	1	0	0	1	0	4.0	10.0	0.3491007	2.0	6.0	1.0	0	0	0	0	0	0	0	0	0	0	0	0
22:37500000	4	3	1	1	0	0	1	0	1	0	0	0	0	5.0	9.0	0.21936181	3.0	13.0	2.0	1	0	1	1	0	0	0	0	0	0	1	0
22:38000000	2	1	1	1	0	0	1	0	0	1	0	1	0	5.0	9.0	0.23187831	3.0	6.0	2.0	1	1	0	0	0	0	0	0	0	0	1	0
22:39000000	1	0	0	1	0	0	0	1	0	0	1	0	0	3.0	12.0	0.48524147	4.0	2.0	0.0	1	0	0	0	0	0	0	0	0	0	0	0
22:39500000	2	1	1	1	0	0	1	0	1	1	0	0	0	5.0	8.0	0.27292988	2.0	3.0	1.0	0	0	0	0	0	0	0	0	0	0	1	0
22:40500000	1	1	1	1	0	0	1	0	0	0	0	1	0	3.0	3.0	0.20289305	2.0	13.0	1.0	0	0	0	0	0	0	0	0	0	0	0	0
22:41500000	1	1	1	1	0	0	1	0	0	0	1	0	0	3.0	3.0	0.21695296	28.0	18.0	10.0	1	1	1	1	1	1	0	1	1	1	0	0
22:42500000	1	1	1	1	0	0	1	0	0	1	0	0	0	5.0	5.0	0.20751545	8.0	4.0	3.0	0	0	0	0	0	1	0	1	0	0	1	0
22:45000000	1	0	0	0	0	0	0	0	0	0	0	0	0	0.0	0.0	0.3062097	1.0	0.0	0.0	0	0	0	0	0	0	0	0	0	0	0	0
22:48500000	1	0	0	0	0	0	0	0	0	0	0	0	0	0.0	0.0	0.29290456	1.0	0.0	0.0	0	0	0	0	0	0	0	0	0	0	0	0
22:49500000	2	0	0	1	0	0	0	1	1	0	0	1	0	6.0	16.0	0.3154487	3.0	1.0	0.0	0	0	0	0	0	0	0	0	0	0	1	1
22:50000000	1	0	0	1	0	0	1	0	0	0	0	1	0	4.0	5.0	0.21165626	6.0	5.0	0.0	1	0	0	0	0	0	0	0	0	0	0	0
22:50500000	1	0	0	0	0	0	0	0	0	0	0	0	0	0.0	0.0	0.27452412	2.0	0.0	0.0	0	0	0	0	0	0	0	0	0	0	0	0
2:10000000	1	0	0	1	0	0	0	1	0	0	0	1	0	5.0	10.0	0.3371933	2.0	16.0	0.0	0	0	0	0	0	0	0	0	0	0	1	0
2:101000000	1	1	1	1	0	0	0	1	1	0	0	0	0	6.0	10.0	0.24018703	4.0	3.0	1.0	0	0	0	0	0	0	0	0	0	0	1	1
2:101500000	1	1	1	1	0	0	0	1	1	0	0	0	0	5.0	10.0	0.2713216	4.0	5.0	1.0	1	0	1	1	0	0	0	0	0	0	1	0
2:10500000	2	0	0	0	0	0	0	0	0	0	0	0	0	0.0	0.0	0.23058128	4.0	0.0	0.0	0	0	0	0	0	0	0	0	0	0	0	0
2:106000000	2	0	0	0	0	0	0	0	0	0	0	0	0	0.0	0.0	0.35288468	2.0	0.0	0.0	0	0	0	0	0	0	0	0	0	0	0	0
2:106500000	1	0	0	1	0	0	1	0	1	0	0	0	0	5.0	7.0	0.23456126	1.0	1.0	0.0	0	0	0	0	0	0	0	0	0	0	1	0
2:108000000	1	0	0	0	0	0	0	0	0	0	0	0	0	0.0	0.0	0.34577376	1.0	0.0	0.0	0	0	0	0	0	0	0	0	0	0	0	0
2:110000000	1	1	1	0	1	0	0	1	0	0	1	0	0	5.0	11.0	0.16705908	6.0	1.0	1.0	0	0	0	0	0	0	0	0	0	0	1	0
2:110500000	2	0	0	1	0	0	1	1	1	0	0	1	0	6.0	15.0	0.31081817	3.0	1.0	0.0	0	0	0	0	0	0	0	0	0	0	1	1
2:111500000	1	0	0	0	0	0	0	0	0	0	0	0	0	0.0	0.0	0.2736157	1.0	0.0	0.0	0	0	0	0	0	0	0	0	0	0	0	0
2:112000000	3	2	1	1	0	0	1	0	1	0	0	1	0	6.0	8.0	0.4805638	7.0	14.0	3.0	0	0	0	0	0	0	0	0	0	0	1	1
2:112500000	1	1	1	1	0	0	1	0	0	1	0	0	0	4.0	8.0	0.38852778	7.0	4.0	3.0	0	0	0	0	0	0	0	0	0	0	0	0
2:113500000	3	0	0	1	0	0	0	1	0	1	0	0	0	7.0	24.0	0.4925911	11.0	1.0	0.0	0	0	0	0	0	0	0	0	0	0	1	1
2:114000000	1	0	0	0	0	0	0	0	0	0	0	0	0	0.0	0.0	0.20108464	4.0	0.0	0.0	0	0	0	0	0	0	0	0	0	0	0	0
2:11500000	1	1	1	1	0	0	1	0	0	0	0	1	0	3.0	3.0	0.20121557	1.0	2.0	1.0	0	0	0	0	0	1	0	1	0	0	0	0
2:119500000	2	1	1	0	1	0	0	1	0	0	0	1	0	5.0	11.0	0.20995742	5.0	1.0	1.0	1	1	1	1	1	0	0	1	0	0	1	0
2:120000000	1	0	0	0	0	0	0	0	0	0	0	0	0	0.0	0.0	0.33051008	5.0	0.0	0.0	0	0	0	0	0	0	0	0	0	0	0	0
2:126500000	1	0	0	0	0	0	0	0	0	0	0	0	0	0.0	0.0	0.33616886	1.0	0.0	0.0	0	0	0	0	0	0	0	0	0	0	0	0
2:127000000	1	0	0	0	0	0	0	0	0	0	0	0	0	0.0	0.0	0.21365377	3.0	0.0	0.0	0	0	0	0	0	0	0	0	0	0	0	0
2:129500000	1	0	0	0	0	0	0	0	0	0	0	0	0	0.0	0.0	0.3389169	16.0	0.0	0.0	0	0	0	0	0	0	0	0	0	0	0	0
2:130000000	2	1	1	1	0	0	1	0	1	0	0	0	0	4.0	7.0	0.2839569	18.0	10.0	1.0	0	0	0	0	0	0	0	0	0	0	0	0
2:131000000	6	2	1	1	0	0	1	0	1	1	0	0	0	5.0	9.0	0.36719495	9.0	17.0	1.0	0	0	0	0	0	0	0	0	0	0	1	0
2:132000000	1	0	0	1	0	0	1	0	1	0	0	0	0	4.0	4.0	0.26486656	5.0	1.0	0.0	0	0	0	0	0	0	0	0	0	0	0	0
2:134500000	2	2	1	1	1	0	1	1	0	1	1	0	0	5.0	10.0	0.23346384	4.0	19.0	3.0	1	1	0	0	0	0	0	0	0	0	1	0
2:135000000	2	1	1	1	0	0	1	0	1	0	0	0	0	4.0	7.0	0.2586552	6.0	2.0	1.0	1	1	1	1	1	0	0	1	0	0	0	0
2:135500000	1	1	1	1	0	0	1	0	1	0	0	0	0	5.0	6.0	0.2136351	6.0	2.0	1.0	1	0	0	0	1	0	0	1	0	0	1	0
2:138000000	2	0	0	0	1	0	0	1	1	0	0	1	0	6.0	10.0	0.18084872	2.0	2.0	0.0	1	1	0	0	0	0	0	0	0	0	1	1
2:142000000	1	0	0	0	0	0	0	0	0	0	0	0	0	0.0	0.0	0.24084762	1.0	0.0	0.0	0	0	0	0	0	0	0	0	0	0	0	0
2:148500000	3	1	1	1	0	0	1	1	1	0	0	1	0	7.0	22.0	0.2587972	3.0	2.0	1.0	0	0	0	0	0	0	0	0	0	0	1	1
2:149000000	1	1	1	0	1	0	0	1	0	0	1	0	0	5.0	10.0	0.13847694	3.0	2.0	1.0	0	0	0	0	0	0	0	0	0	0	1	0
2:149500000	1	0	0	0	0	0	0	0	0	0	0	0	0	0.0	0.0	0.20721568	1.0	0.0	0.0	0	0	0	0	0	0	0	0	0	0	0	0
2:150000000	1	0	0	0	1	0	0	1	1	0	0	0	0	7.0	14.0	0.17342411	1.0	1.0	0.0	0	0	0	0	0	0	0	0	0	0	1	1
2:157000000	1	1	1	1	0	0	1	0	0	1	0	0	0	4.0	9.0	0.41623208	1.0	6.0	1.0	0	0	0	0	0	0	0	0	0	0	0	0
2:158500000	3	1	1	1	0	0	0	1	1	1	0	0	0	9.0	23.0	0.3555576	5.0	1.0	1.0	0	0	0	0	0	0	0	0	0	0	1	1
2:161000000	2	2	1	1	1	0	1	1	1	0	1	0	0	5.0	11.0	0.22090119	4.0	2.0	1.0	1	0	1	1	0	0	0	0	0	0	1	0
2:162000000	1	0	0	0	0	0	0	0	0	0	0	0	0	0.0	0.0	0.23290256	1.0	0.0	0.0	0	0	0	0	0	0	0	0	0	0	0	0
2:165500000	1	0	0	0	0	0	0	0	0	0	0	0	0	0.0	0.0	0.1466721	2.0	0.0	0.0	0	0	0	0	0	0	0	0	0	0	0	0
2:168000000	1	0	0	1	0	0	0	1	1	0	0	0	0	6.0	20.0	0.32713324	1.0	1.0	0.0	0	0	0	0	0	0	0	0	0	0	1	1
2:169500000	1	1	1	1	0	0	1	0	0	1	0	0	0	4.0	7.0	0.348564	4.0	17.0	2.0	0	0	0	0	0	0	0	0	0	0	0	0
2:170000000	2	0	0	0	0	0	0	0	0	0	0	0	0	0.0	0.0	0.25227487	4.0	0.0	0.0	0	0	0	0	0	0	0	0	0	0	0	0
2:170500000	1	0	0	0	1	0	0	1	0	0	1	0	0	5.0	11.0	0.15836088	1.0	4.0	0.0	0	0	0	0	0	0	0	0	0	0	1	0
2:171500000	1	0	0	1	0	0	1	0	0	0	0	1	0	3.0	3.0	0.20782973	5.0	1.0	0.0	0	0	0	0	0	0	0	0	0	0	0	0
2:174000000	2	2	1	1	1	0	1	1	1	0	1	0	0	6.0	10.0	0.20032749	4.0	9.0	2.0	1	0	1	0	0	0	0	0	0	0	1	1
2:174500000	3	1	1	1	0	0	1	1	1	0	0	0	0	7.0	12.0	0.2779217	2.0	1.0	1.0	0	0	0	0	0	0	0	0	0	0	1	1
2:177000000	6	6	1	1	1	0	1	1	1	0	1	1	0	6.0	12.0	0.392781	6.0	4.0	2.0	1	1	1	1	1	1	0	1	1	1	1	1
2:178000000	3	2	1	1	0	0	1	1	1	0	0	1	0	6.0	14.0	0.30820075	4.0	7.0	1.0	1	0	1	1	1	0	0	1	0	0	1	1
2:179000000	1	0	0	0	0	0	0	0	0	0	0	0	0	0.0	0.0	0.2499388	3.0	0.0	0.0	0	0	0	0	0	0	0	0	0	0	0	0
2:180000000	2	0	0	0	0	0	0	0	0	0	0	0	0	0.0	0.0	0.3191888	1.0	0.0	0.0	0	0	0	0	0	0	0	0	0	0	0	0
2:181500000	1	0	0	1	0	0	1	0	0	1	0	0	0	8.0	9.0	0.21067946	2.0	1.0	0.0	0	0	0	0	0	0	0	0	0	0	1	1
2:182000000	1	0	0	1	0	0	1	0	0	0	1	0	0	4.0	5.0	0.23165251	1.0	1.0	0.0	1	0	0	0	0	0	0	0	0	0	0	0
2:186000000	1	1	1	1	0	0	1	0	1	0	0	0	0	4.0	4.0	0.3595456	9.0	20.0	2.0	0	0	0	0	0	0	0	0	0	0	0	0
2:187500000	1	0	0	1	0	0	1	0	0	0	1	0	0	3.0	4.0	0.21708117	2.0	1.0	0.0	1	0	0	0	0	0	0	0	0	0	0	0
2:188000000	2	2	1	1	0	0	1	1	1	0	0	0	0	6.0	10.0	0.31513995	1.0	1.0	1.0	1	0	1	0	0	0	0	0	0	0	1	1
2:188500000	1	0	0	0	0	0	0	0	0	0	0	0	0	0.0	0.0	0.20286997	3.0	0.0	0.0	0	0	0	0	0	0	0	0	0	0	0	0
2:189000000	1	1	1	1	0	0	1	0	0	0	0	1	0	3.0	4.0	0.21602383	1.0	1.0	1.0	0	0	0	0	0	0	0	0	0	0	0	0
2:191500000	1	1	1	1	0	0	1	0	0	1	0	0	0	4.0	8.0	0.22191244	1.0	2.0	1.0	0	0	0	0	0	0	0	0	0	0	0	0
2:196500000	2	1	1	1	0	0	0	1	0	0	1	0	0	4.0	10.0	0.46047676	5.0	1.0	1.0	1	0	0	0	0	0	0	0	0	0	0	0
2:197000000	1	0	0	0	0	0	0	0	0	0	0	0	0	0.0	0.0	0.2772037	3.0	0.0	0.0	0	0	0	0	0	0	0	0	0	0	0	0
2:199000000	1	0	0	1	0	0	0	1	0	0	1	0	0	4.0	11.0	0.2577852	1.0	2.0	0.0	0	0	0	0	0	0	0	0	0	0	0	0
2:20000000	1	1	1	1	0	0	0	1	0	0	1	0	0	6.0	11.0	0.2131798	4.0	1.0	1.0	1	0	0	0	0	0	0	0	0	0	1	1
2:200500000	1	0	0	1	0	0	1	0	1	0	0	0	0	6.0	8.0	0.22375628	3.0	1.0	0.0	0	0	0	0	0	0	0	0	0	0	1	1
2:201000000	1	1	1	1	0	0	1	0	0	0	0	1	0	3.0	3.0	0.24608666	7.0	3.0	1.0	0	0	0	0	0	0	0	0	0	0	0	0
2:201500000	3	0	0	0	0	0	0	0	0	0	0	0	0	0.0	0.0	0.3909066	6.0	0.0	0.0	0	0	0	0	0	0	0	0	0	0	0	0
2:202500000	3	3	1	1	1	0	1	1	1	0	0	0	0	6.0	11.0	0.25465393	4.0	3.0	3.0	1	1	1	0	0	1	0	1	0	0	1	1
2:203000000	1	0	0	0	0	0	0	0	0	0	0	0	0	0.0	0.0	0.21358994	6.0	0.0	0.0	0	0	0	0	0	0	0	0	0	0	0	0
2:20500000	1	0	0	0	1	0	0	1	0	1	0	0	0	5.0	10.0	0.17911798	3.0	1.0	0.0	0	0	0	0	0	0	0	0	0	0	1	0
2:205000000	1	0	0	0	0	0	0	0	0	0	0	0	0	0.0	0.0	0.29514703	1.0	0.0	0.0	0	0	0	0	0	0	0	0	0	0	0	0
2:207500000	1	0	0	1	0	0	0	1	0	0	0	1	0	4.0	10.0	0.25924844	1.0	2.0	0.0	0	0	0	0	0	0	0	0	0	0	0	0
2:208000000	1	1	1	1	0	0	1	0	0	1	0	0	0	6.0	8.0	0.20511453	2.0	1.0	1.0	1	0	1	1	1	0	0	1	0	0	1	1
2:209500000	3	0	0	0	0	0	0	0	0	0	0	0	0	0.0	0.0	0.2367983	3.0	0.0	0.0	0	0	0	0	0	0	0	0	0	0	0	0
2:210000000	3	3	1	1	0	0	1	1	1	1	1	0	0	7.0	12.0	0.29222918	3.0	15.0	1.0	1	1	1	1	1	0	0	1	0	0	1	1
2:215000000	2	2	1	1	0	0	1	1	0	1	0	0	0	7.0	10.0	0.22698067	2.0	1.0	1.0	1	0	1	1	1	0	0	1	0	0	1	1
2:217500000	1	0	0	0	0	0	0	0	0	0	0	0	0	0.0	0.0	0.25753528	1.0	0.0	0.0	0	0	0	0	0	0	0	0	0	0	0	0
2:218000000	4	3	1	1	0	0	1	0	1	1	1	0	0	4.0	5.0	0.4242901	7.0	7.0	3.0	0	0	0	0	0	0	0	0	0	0	0	0
2:219500000	2	0	0	1	0	0	1	1	1	0	0	0	1	7.0	14.0	0.3770273	2.0	11.0	0.0	0	1	0	0	0	0	0	0	0	0	1	1
2:222500000	1	1	1	1	0	0	1	0	0	1	0	0	0	5.0	8.0	0.20278499	2.0	1.0	1.0	0	0	0	0	0	0	0	0	0	0	1	0
2:223500000	1	1	1	1	0	0	1	0	0	0	0	1	0	3.0	3.0	0.20384626	1.0	2.0	1.0	0	0	0	0	0	0	0	0	0	0	0	0
2:229500000	2	1	1	1	0	0	0	1	1	0	0	0	0	6.0	11.0	0.26559138	3.0	3.0	1.0	0	0	0	0	0	0	0	0	0	0	1	1
2:23000000	1	0	0	1	0	0	1	0	0	1	0	0	0	4.0	5.0	0.28601804	1.0	1.0	0.0	0	0	0	0	0	0	0	0	0	0	0	0
2:230000000	1	1	1	1	0	0	1	0	0	0	1	0	0	4.0	6.0	0.21579647	1.0	5.0	1.0	1	0	1	0	1	0	0	1	0	0	0	0
2:231000000	1	0	0	0	0	0	0	0	0	0	0	0	0	0.0	0.0	0.21184203	2.0	0.0	0.0	0	0	0	0	0	0	0	0	0	0	0	0
2:231500000	1	0	0	1	0	0	1	0	1	0	0	0	0	5.0	7.0	0.21861337	4.0	2.0	0.0	0	0	0	0	0	0	0	0	0	0	1	0
2:232000000	1	0	0	1	0	0	0	1	0	0	0	1	0	2.0	10.0	0.22094853	1.0	1.0	0.0	0	0	0	0	0	0	0	0	0	0	0	0
2:232500000	1	0	0	1	0	0	1	0	1	0	0	0	0	4.0	7.0	0.20942494	1.0	1.0	0.0	1	0	0	0	0	0	0	0	0	0	0	0
2:233500000	1	0	0	0	0	0	0	0	0	0	0	0	0	0.0	0.0	0.17140466	1.0	0.0	0.0	0	0	0	0	0	0	0	0	0	0	0	0
2:23500000	2	2	1	1	0	0	1	0	0	0	0	1	0	3.0	4.0	0.31299365	3.0	9.0	1.0	1	0	0	0	0	0	0	0	0	0	0	0
2:236500000	1	0	0	0	0	0	0	0	0	0	0	0	0	0.0	0.0	0.24319442	1.0	0.0	0.0	0	0	0	0	0	0	0	0	0	0	0	0
2:237000000	1	0	0	1	0	0	0	1	0	0	1	0	0	4.0	11.0	0.28033054	1.0	1.0	0.0	0	0	0	0	0	0	0	0	0	0	0	0
2:238000000	1	1	1	1	0	0	1	0	0	0	1	0	0	3.0	4.0	0.25857443	4.0	7.0	1.0	0	0	0	0	0	0	0	0	0	0	0	0
2:24000000	1	1	1	1	0	0	1	0	0	1	0	0	0	4.0	9.0	0.37469563	11.0	1.0	1.0	1	1	1	0	1	0	0	1	0	0	0	0
2:240000000	1	0	0	0	0	0	0	0	0	0	0	0	0	0.0	0.0	0.3770252	2.0	0.0	0.0	0	0	0	0	0	0	0	0	0	0	0	0
2:241500000	9	1	1	1	0	0	0	1	0	0	0	0	1	8.0	15.0	0.39793402	9.0	19.0	3.0	1	1	1	1	1	1	0	1	1	1	1	1
2:25000000	2	0	0	0	0	0	0	0	0	0	0	0	0	0.0	0.0	0.23103888	1.0	0.0	0.0	0	0	0	0	0	0	0	0	0	0	0	0
2:25500000	3	2	1	1	0	0	1	1	1	0	0	0	0	5.0	10.0	0.2763776	2.0	5.0	1.0	1	0	1	1	1	0	0	1	0	0	1	0
2:27000000	1	1	1	1	0	0	1	0	0	0	0	1	0	3.0	3.0	0.39058092	7.0	38.0	3.0	0	0	0	0	0	0	0	0	0	0	0	0
2:28000000	1	0	0	0	0	0	0	0	0	0	0	0	0	0.0	0.0	0.29949567	2.0	0.0	0.0	0	0	0	0	0	0	0	0	0	0	0	0
2:28500000	3	1	1	1	0	0	1	1	1	0	0	1	0	8.0	13.0	0.45565215	8.0	2.0	1.0	1	1	1	0	1	0	0	1	0	0	1	1
2:31500000	4	0	0	1	0	0	1	0	0	0	0	1	0	4.0	6.0	0.2801469	4.0	2.0	0.0	0	0	0	0	0	0	0	0	0	0	0	0
2:32000000	1	0	0	0	0	0	0	0	0	0	0	0	0	0.0	0.0	0.39997405	1.0	0.0	0.0	0	0	0	0	0	0	0	0	0	0	0	0
2:33000000	1	0	0	1	0	0	1	0	0	0	1	0	0	4.0	5.0	0.2066164	1.0	1.0	0.0	0	0	0	0	0	0	0	0	0	0	0	0
2:36500000	1	1	1	1	0	0	0	1	0	0	1	0	0	3.0	10.0	0.2230603	3.0	2.0	1.0	1	1	1	1	1	0	0	1	0	0	0	0
2:38000000	2	2	1	1	0	0	1	1	1	0	1	0	0	9.0	12.0	0.25796777	6.0	7.0	3.0	0	0	0	0	0	0	0	0	0	0	1	1
2:39500000	1	1	1	1	0	0	1	0	0	0	1	0	0	3.0	4.0	0.26392913	3.0	1.0	1.0	0	0	0	0	0	0	0	0	0	0	0	0
2:44000000	1	0	0	0	0	0	0	0	0	0	0	0	0	0.0	0.0	0.20346089	2.0	0.0	0.0	0	0	0	0	0	0	0	0	0	0	0	0
2:46000000	1	0	0	0	1	0	0	1	0	0	1	0	0	5.0	10.0	0.12975258	1.0	2.0	0.0	1	0	0	0	0	0	0	0	0	0	1	0
2:46500000	1	1	1	1	0	0	1	0	0	1	0	0	0	4.0	6.0	0.20262714	6.0	3.0	3.0	0	0	0	0	0	0	0	0	0	0	0	0
2:47000000	1	0	0	0	0	0	0	0	0	0	0	0	0	0.0	0.0	0.22135848	3.0	0.0	0.0	0	0	0	0	0	0	0	0	0	0	0	0
2:47500000	3	0	0	1	0	0	0	1	0	0	0	1	0	4.0	10.0	0.40943927	3.0	3.0	0.0	0	0	0	0	0	0	0	0	0	0	0	0
2:55000000	1	1	1	1	0	0	1	0	1	0	0	0	0	4.0	7.0	0.20252559	4.0	8.0	2.0	0	0	0	0	0	0	0	0	0	0	0	0
2:56500000	1	0	0	0	0	0	0	0	0	0	0	0	0	0.0	0.0	0.36524004	2.0	0.0	0.0	0	0	0	0	0	0	0	0	0	0	0	0
2:61000000	1	0	0	0	1	0	0	1	0	1	0	0	0	7.0	14.0	0.15203059	5.0	1.0	0.0	0	1	0	0	0	0	0	0	0	0	1	1
2:62000000	1	0	0	0	0	0	0	0	0	0	0	0	0	0.0	0.0	0.23465228	1.0	0.0	0.0	0	0	0	0	0	0	0	0	0	0	0	0
2:62500000	2	0	0	0	1	0	0	1	0	1	0	0	0	7.0	14.0	0.17156969	1.0	5.0	0.0	0	0	0	0	0	0	0	0	0	0	1	1
2:63000000	2	0	0	0	0	0	0	0	0	0	0	0	0	0.0	0.0	0.2454641	4.0	0.0	0.0	0	0	0	0	0	0	0	0	0	0	0	0
2:64000000	3	2	1	1	0	0	1	0	0	1	0	0	0	4.0	8.0	0.33556998	5.0	2.0	1.0	0	0	0	0	0	0	0	0	0	0	0	0
2:65000000	3	2	1	1	0	0	1	0	1	0	1	1	0	4.0	7.0	0.4169512	2.0	2.0	1.0	1	1	0	0	0	0	1	1	0	0	0	0
2:72500000	1	1	1	1	0	0	1	0	0	1	0	0	0	4.0	5.0	0.215192	1.0	3.0	1.0	0	0	0	0	0	0	0	0	0	0	0	0
2:73500000	1	1	1	1	0	0	0	1	0	1	0	0	0	5.0	11.0	0.2973263	5.0	3.0	1.0	0	0	0	0	0	0	0	0	0	0	1	0
2:74000000	1	0	0	1	0	0	1	0	0	1	0	0	0	6.0	6.0	0.22476271	1.0	6.0	0.0	1	0	0	0	0	0	0	0	0	0	1	1
2:74500000	5	4	1	1	0	0	1	1	0	1	1	0	1	7.0	31.0	0.37746355	11.0	16.0	2.0	1	1	1	1	1	0	0	1	0	0	1	1
2:84000000	3	2	1	1	1	0	1	1	1	0	0	0	0	6.0	12.0	0.21823525	2.0	3.0	2.0	0	0	0	0	0	0	0	0	0	0	1	1
2:84500000	2	0	0	0	0	0	0	0	0	0	0	0	0	0.0	0.0	0.21137476	1.0	0.0	0.0	0	0	0	0	0	0	0	0	0	0	0	0
2:8500000	1	0	0	1	0	0	1	0	0	1	0	0	0	5.0	7.0	0.31022763	2.0	1.0	0.0	0	0	0	0	0	0	0	0	0	0	1	0
2:85500000	1	1	1	1	0	0	1	0	1	0	0	0	0	4.0	6.0	0.35224798	7.0	1.0	1.0	0	0	0	0	0	0	0	0	0	0	0	0
2:86500000	1	1	1	0	1	0	0	1	0	1	0	0	0	6.0	10.0	0.17630027	8.0	1.0	1.0	1	0	1	1	1	0	0	1	0	0	1	1
2:87000000	2	0	0	0	0	0	0	0	0	0	0	0	0	0.0	0.0	0.3057895	7.0	0.0	0.0	0	0	0	0	0	0	0	0	0	0	0	0
2:87500000	3	0	0	0	0	0	0	0	0	0	0	0	0	0.0	0.0	0.4135476	2.0	0.0	0.0	0	0	0	0	0	0	0	0	0	0	0	0
2:88500000	2	2	1	1	1	0	1	1	1	1	0	0	0	7.0	16.0	0.28204352	6.0	15.0	1.0	1	1	1	1	1	1	0	1	1	1	1	1
2:9000000	1	0	0	0	0	0	0	0	0	0	0	0	0	0.0	0.0	0.21148725	4.0	0.0	0.0	0	0	0	0	0	0	0	0	0	0	0	0
2:9500000	1	1	1	1	0	0	1	0	0	0	0	1	0	3.0	3.0	0.21386045	4.0	14.0	2.0	0	0	0	0	0	0	0	0	0	0	0	0
2:95000000	7	3	1	1	1	0	1	1	1	0	1	1	0	6.0	10.0	0.29899725	16.0	7.0	5.0	1	0	1	1	1	0	0	1	0	0	1	1
2:95500000	5	1	1	1	0	0	1	0	1	0	0	0	0	4.0	8.0	0.37937227	20.0	8.0	5.0	1	1	1	1	1	0	0	1	0	0	0	0
2:96000000	7	5	1	1	1	0	1	1	1	1	0	1	1	10.0	20.0	0.37048346	18.0	7.0	4.0	1	0	1	1	1	1	0	1	1	1	1	1
2:96500000	4	1	1	1	0	0	1	1	0	0	1	1	0	3.0	13.0	0.4590276	11.0	14.0	5.0	1	0	1	1	1	0	1	1	1	1	0	0
2:97000000	1	0	0	0	0	0	0	0	0	0	0	0	0	0.0	0.0	0.22237614	14.0	0.0	0.0	0	0	0	0	0	0	0	0	0	0	0	0
2:98000000	1	0	0	1	0	0	0	1	0	0	1	0	0	4.0	12.0	0.27195176	3.0	1.0	0.0	0	0	0	0	0	0	0	0	0	0	0	0
2:98500000	1	1	1	1	0	0	1	0	1	0	0	0	0	4.0	5.0	0.24724767	5.0	1.0	1.0	0	0	0	0	0	0	0	0	0	0	0	0
2:99500000	1	0	0	0	0	0	0	0	0	0	0	0	0	0.0	0.0	0.20758615	8.0	0.0	0.0	0	0	0	0	0	0	0	0	0	0	0	0
3:101500000	1	0	0	1	0	0	1	0	0	1	0	0	0	5.0	7.0	0.20364764	7.0	1.0	0.0	1	0	0	0	0	0	0	0	0	0	1	0
3:105500000	1	1	1	1	0	0	0	1	0	0	0	1	0	4.0	10.0	0.26413497	1.0	1.0	1.0	0	0	0	0	0	0	0	0	0	0	0	0
3:111000000	3	1	1	1	0	0	1	1	1	1	0	0	0	5.0	10.0	0.26225698	1.0	10.0	1.0	1	1	1	1	1	0	0	1	0	0	1	0
3:112000000	1	1	1	0	1	0	0	1	1	0	0	0	0	6.0	10.0	0.16574907	5.0	4.0	2.0	0	0	0	0	0	1	0	1	0	0	1	1
3:112500000	1	1	1	1	0	0	1	0	1	0	0	0	0	4.0	4.0	0.22335881	2.0	3.0	1.0	0	0	0	0	0	0	0	0	0	0	0	0
3:113000000	1	1	1	1	0	0	0	1	0	0	1	0	0	5.0	13.0	0.20893683	5.0	7.0	2.0	0	0	0	0	0	1	0	1	0	0	1	0
3:114500000	1	0	0	1	0	0	1	0	0	0	0	1	0	3.0	3.0	0.20110983	1.0	1.0	0.0	0	0	0	0	0	0	0	0	0	0	0	0
3:121500000	1	0	0	1	0	0	1	0	1	0	0	0	0	5.0	6.0	0.20531185	5.0	1.0	0.0	1	0	0	0	0	0	0	0	0	0	1	0
3:123000000	1	1	1	1	0	0	0	1	0	0	0	0	1	9.0	29.0	0.31995428	2.0	1.0	1.0	1	0	0	0	0	0	0	0	0	0	1	1
3:123500000	1	1	1	1	0	0	1	0	0	0	1	0	0	3.0	4.0	0.3775224	2.0	2.0	1.0	1	1	0	0	0	0	0	0	0	0	0	0
3:124000000	1	0	0	0	0	0	0	0	0	0	0	0	0	0.0	0.0	0.20426612	3.0	0.0	0.0	0	0	0	0	0	0	0	0	0	0	0	0
3:124500000	2	0	0	0	0	0	0	0	0	0	0	0	0	0.0	0.0	0.32133624	1.0	0.0	0.0	0	0	0	0	0	0	0	0	0	0	0	0
3:126500000	1	0	0	0	0	0	0	0	0	0	0	0	0	0.0	0.0	0.20890163	2.0	0.0	0.0	0	0	0	0	0	0	0	0	0	0	0	0
3:127500000	1	0	0	0	0	0	0	0	0	0	0	0	0	0.0	0.0	0.22466286	5.0	0.0	0.0	0	0	0	0	0	0	0	0	0	0	0	0
3:128500000	1	0	0	1	0	0	1	0	1	0	0	0	0	4.0	7.0	0.21492599	6.0	4.0	0.0	0	0	0	0	0	0	0	0	0	0	0	0
3:129000000	17	11	1	1	1	0	1	1	1	1	1	1	0	6.0	15.0	0.37868944	12.0	12.0	4.0	1	1	1	1	1	1	0	1	1	1	1	1
3:129500000	1	0	0	0	0	0	0	0	0	0	0	0	0	0.0	0.0	0.23514041	4.0	0.0	0.0	0	0	0	0	0	0	0	0	0	0	0	0
3:13000000	1	1	1	1	0	0	1	0	1	0	0	0	0	4.0	7.0	0.23188013	2.0	4.0	2.0	1	0	1	1	0	0	0	0	0	0	0	0
3:130000000	5	0	0	1	1	0	0	1	1	0	0	1	0	6.0	15.0	0.38232142	6.0	29.0	0.0	0	0	0	0	0	0	0	0	0	0	1	1
3:130500000	3	2	1	1	0	0	1	1	1	0	0	0	0	5.0	11.0	0.2580078	2.0	26.0	2.0	0	0	0	0	0	0	0	0	0	0	1	0
3:131500000	1	0	0	1	0	0	1	0	0	0	0	1	0	4.0	6.0	0.252143	1.0	17.0	0.0	0	0	0	0	0	0	0	0	0	0	0	0
3:132500000	1	0	0	0	0	0	0	0	0	0	0	0	0	0.0	0.0	0.20483497	2.0	0.0	0.0	0	0	0	0	0	0	0	0	0	0	0	0
3:134000000	1	0	0	1	0	0	0	1	0	0	1	0	0	4.0	12.0	0.23660992	5.0	18.0	0.0	1	1	0	0	0	0	0	0	0	0	0	0
3:134500000	2	0	0	1	0	0	1	0	1	0	0	1	0	4.0	4.0	0.34249297	1.0	1.0	0.0	0	0	0	0	0	0	0	0	0	0	0	0
3:135500000	1	0	0	1	0	0	1	0	1	0	0	0	0	4.0	7.0	0.21520326	1.0	1.0	0.0	0	0	0	0	0	0	0	0	0	0	0	0
3:136000000	1	0	0	1	0	0	1	0	0	0	0	1	0	4.0	6.0	0.33627427	4.0	1.0	0.0	0	0	0	0	0	0	0	0	0	0	0	0
3:137500000	1	0	0	0	0	0	0	0	0	0	0	0	0	0.0	0.0	0.2136187	2.0	0.0	0.0	0	0	0	0	0	0	0	0	0	0	0	0
3:138000000	1	0	0	0	0	0	0	0	0	0	0	0	0	0.0	0.0	0.13876708	1.0	0.0	0.0	0	0	0	0	0	0	0	0	0	0	0	0
3:138500000	2	1	1	1	0	0	1	0	0	0	1	0	0	3.0	4.0	0.28991258	6.0	2.0	2.0	0	0	0	0	0	0	0	0	0	0	0	0
3:142500000	1	0	0	0	0	0	0	0	0	0	0	0	0	0.0	0.0	0.20431647	4.0	0.0	0.0	0	0	0	0	0	0	0	0	0	0	0	0
3:143000000	1	0	0	0	1	0	0	1	0	1	0	0	0	7.0	13.0	0.18134138	3.0	19.0	0.0	0	0	0	0	0	0	0	0	0	0	1	1
3:146000000	2	1	1	1	0	0	1	1	0	0	1	1	0	4.0	10.0	0.2472921	5.0	3.0	1.0	0	0	0	0	0	0	0	0	0	0	0	0
3:149500000	6	3	1	1	0	0	1	1	1	1	0	0	0	6.0	12.0	0.28107333	4.0	1.0	1.0	1	1	1	1	1	0	0	1	0	0	1	1
3:15000000	2	1	1	1	0	0	1	0	1	0	1	0	0	4.0	8.0	0.23956425	4.0	4.0	1.0	0	0	0	0	0	0	0	0	0	0	0	0
3:150000000	2	0	0	1	0	0	1	0	0	0	0	1	0	3.0	3.0	0.35167018	5.0	5.0	0.0	1	0	0	0	0	0	0	0	0	0	0	0
3:150500000	2	0	0	1	0	0	0	1	1	0	1	0	0	6.0	19.0	0.38379273	5.0	2.0	0.0	0	0	0	0	0	0	0	0	0	0	1	1
3:151000000	1	0	0	1	0	0	1	0	0	0	0	1	0	3.0	3.0	0.2353563	1.0	3.0	0.0	0	0	0	0	0	0	0	0	0	0	0	0
3:151500000	1	0	0	0	0	0	0	0	0	0	0	0	0	0.0	0.0	0.21993183	3.0	0.0	0.0	0	0	0	0	0	0	0	0	0	0	0	0
3:152500000	2	0	0	0	0	0	0	0	0	0	0	0	0	0.0	0.0	0.272001	1.0	0.0	0.0	0	0	0	0	0	0	0	0	0	0	0	0
3:154000000	1	1	1	1	0	0	1	0	0	1	0	0	0	5.0	7.0	0.21106926	3.0	2.0	1.0	1	0	0	0	0	0	0	0	0	0	1	0
3:154500000	1	0	0	1	0	0	0	1	1	0	0	0	0	8.0	13.0	0.22066537	1.0	1.0	0.0	0	0	0	0	0	0	0	0	0	0	1	1
3:15500000	1	1	1	0	1	0	0	1	0	0	1	0	0	5.0	14.0	0.15631208	3.0	1.0	1.0	0	0	0	0	0	0	0	0	0	0	1	0
3:156500000	1	1	1	1	0	0	1	0	0	0	0	1	0	3.0	3.0	0.23003338	2.0	1.0	1.0	1	0	1	1	0	0	0	0	0	0	0	0
3:158000000	1	0	0	0	0	0	0	0	0	0	0	0	0	0.0	0.0	0.17217802	4.0	0.0	0.0	0	0	0	0	0	0	0	0	0	0	0	0
3:159500000	1	1	1	1	0	0	0	1	0	0	1	0	0	3.0	11.0	0.28089678	1.0	5.0	1.0	0	0	0	0	0	0	0	0	0	0	0	0
3:168500000	1	0	0	1	0	0	1	0	1	0	0	0	0	4.0	5.0	0.24143437	2.0	1.0	0.0	0	0	0	0	0	0	0	0	0	0	0	0
3:170000000	3	1	1	1	1	0	1	1	1	0	0	1	0	8.0	10.0	0.31381372	5.0	4.0	1.0	1	0	0	0	0	0	0	0	0	0	1	1
3:171000000	1	0	0	0	0	0	0	0	0	0	0	0	0	0.0	0.0	0.2474737	1.0	0.0	0.0	0	0	0	0	0	0	0	0	0	0	0	0
3:173500000	1	0	0	0	0	0	0	0	0	0	0	0	0	0.0	0.0	0.13545747	1.0	0.0	0.0	0	0	0	0	0	0	0	0	0	0	0	0
3:179000000	1	1	1	1	0	0	1	0	0	1	0	0	0	4.0	7.0	0.20656647	5.0	11.0	2.0	0	0	0	0	0	0	0	0	0	0	0	0
3:179500000	1	1	1	0	1	0	0	1	0	1	0	0	0	5.0	10.0	0.18029892	2.0	3.0	1.0	0	0	0	0	0	0	0	0	0	0	1	0
3:180000000	1	0	0	0	0	0	0	0	0	0	0	0	0	0.0	0.0	0.20682499	2.0	0.0	0.0	0	0	0	0	0	0	0	0	0	0	0	0
3:185000000	1	0	0	0	0	0	0	0	0	0	0	0	0	0.0	0.0	0.17639966	4.0	0.0	0.0	0	0	0	0	0	0	0	0	0	0	0	0
3:188500000	2	0	0	1	0	0	1	0	1	1	0	0	0	5.0	9.0	0.47312114	1.0	3.0	0.0	0	0	0	0	0	0	0	0	0	0	1	0
3:192500000	3	0	0	0	0	0	0	0	0	0	0	0	0	0.0	0.0	0.33227468	1.0	0.0	0.0	0	0	0	0	0	0	0	0	0	0	0	0
3:193500000	2	1	1	1	1	0	0	1	0	0	1	1	0	6.0	11.0	0.2431515	4.0	10.0	1.0	1	1	0	0	0	0	0	0	0	0	1	1
3:194000000	1	0	0	0	0	0	0	0	0	0	0	0	0	0.0	0.0	0.29640684	4.0	0.0	0.0	0	0	0	0	0	0	0	0	0	0	0	0
3:194500000	1	0	0	0	0	0	0	0	0	0	0	0	0	0.0	0.0	0.22077961	3.0	0.0	0.0	0	0	0	0	0	0	0	0	0	0	0	0
3:195000000	1	0	0	1	0	0	1	0	1	0	0	0	0	4.0	5.0	0.2608909	1.0	1.0	0.0	0	0	0	0	0	0	0	0	0	0	0	0
3:195500000	3	0	0	0	0	0	0	0	0	0	0	0	0	0.0	0.0	0.2638653	16.0	0.0	0.0	0	0	0	0	0	0	0	0	0	0	0	0
3:197000000	1	1	1	1	0	0	1	0	1	0	0	0	0	4.0	4.0	0.20285115	5.0	1.0	1.0	1	1	0	0	0	0	0	0	0	0	0	0
3:197500000	11	6	1	1	0	0	1	1	1	0	0	1	1	7.0	22.0	0.4181316	4.0	4.0	2.0	0	0	0	0	0	0	0	0	0	0	1	1
3:198000000	1	0	0	1	0	0	1	0	0	0	1	0	0	3.0	3.0	0.23155707	2.0	2.0	0.0	0	0	0	0	0	0	0	0	0	0	0	0
3:23500000	1	1	1	1	0	0	0	1	1	0	0	0	0	7.0	12.0	0.3054224	2.0	3.0	1.0	0	0	0	0	0	0	0	0	0	0	1	1
3:24000000	1	0	0	0	1	0	0	1	0	0	1	0	0	4.0	10.0	0.15760528	2.0	2.0	0.0	0	0	0	0	0	0	0	0	0	0	0	0
3:25500000	1	1	1	1	0	0	1	0	1	0	0	0	0	4.0	4.0	0.26991495	3.0	3.0	2.0	0	0	0	0	0	0	0	0	0	0	0	0
3:28500000	1	0	0	0	0	0	0	0	0	0	0	0	0	0.0	0.0	0.24915582	3.0	0.0	0.0	0	0	0	0	0	0	0	0	0	0	0	0
3:31500000	1	1	1	1	0	0	1	0	1	0	0	0	0	5.0	8.0	0.3339761	1.0	1.0	1.0	0	0	0	0	0	0	1	1	0	0	1	0
3:33000000	1	0	0	0	0	0	0	0	0	0	0	0	0	0.0	0.0	0.19846685	4.0	0.0	0.0	0	0	0	0	0	0	0	0	0	0	0	0
3:37000000	3	2	1	1	0	0	1	0	0	0	0	1	0	4.0	5.0	0.30230296	8.0	3.0	3.0	1	1	1	1	1	1	0	1	1	1	0	0
3:37500000	2	0	0	1	0	0	0	1	0	0	1	0	0	6.0	17.0	0.30820695	1.0	1.0	0.0	0	0	0	0	0	0	0	0	0	0	1	1
3:42000000	1	1	1	1	0	0	1	0	0	1	0	0	0	4.0	7.0	0.22495389	1.0	2.0	1.0	0	0	0	0	0	0	0	0	0	0	0	0
3:42500000	1	1	1	1	0	0	1	0	1	0	0	0	0	5.0	8.0	0.23782875	3.0	6.0	1.0	0	0	0	0	0	0	0	0	0	0	1	0
3:43000000	1	0	0	0	0	0	0	0	0	0	0	0	0	0.0	0.0	0.21915825	3.0	0.0	0.0	0	0	0	0	0	0	0	0	0	0	0	0
3:43500000	2	0	0	1	0	0	1	0	0	1	0	0	0	4.0	6.0	0.22176972	4.0	1.0	0.0	0	0	0	0	0	0	0	0	0	0	0	0
3:44000000	3	2	1	1	0	0	1	0	1	0	0	0	0	4.0	9.0	0.26222578	17.0	8.0	7.0	0	0	0	0	0	0	0	0	0	0	0	0
3:44500000	1	1	1	1	0	0	1	0	1	0	0	0	0	4.0	4.0	0.20354721	17.0	22.0	10.0	1	0	1	1	1	0	0	1	0	0	0	0
3:47500000	4	2	1	1	1	0	1	1	1	0	1	0	0	6.0	13.0	0.35395086	16.0	16.0	7.0	1	1	1	1	1	0	0	1	0	0	1	1
3:48000000	2	1	1	1	0	0	0	1	0	0	1	0	0	6.0	10.0	0.32914877	7.0	2.0	1.0	0	0	0	0	0	0	0	0	0	0	1	1
3:48500000	1	1	1	1	0	0	0	1	1	0	0	0	0	6.0	11.0	0.2423783	37.0	1.0	1.0	1	1	1	0	1	0	0	1	0	0	1	1
3:5000000	1	0	0	1	0	0	1	0	0	0	0	1	0	3.0	4.0	0.2189422	1.0	3.0	0.0	0	0	0	0	0	0	0	0	0	0	0	0
3:50500000	3	3	1	1	1	0	1	1	0	1	1	0	0	6.0	10.0	0.21885279	20.0	5.0	1.0	1	1	1	1	1	0	0	1	0	0	1	1
3:52000000	1	1	1	1	0	0	1	0	0	0	0	1	0	3.0	3.0	0.20467669	16.0	6.0	4.0	1	1	1	1	1	0	0	1	0	0	0	0
3:53000000	2	2	1	1	0	0	1	0	1	0	0	0	0	5.0	7.0	0.24737561	7.0	2.0	1.0	1	0	1	0	0	0	0	0	0	0	1	0
3:55500000	1	0	0	1	0	0	1	0	0	0	0	1	0	3.0	3.0	0.22484998	2.0	1.0	0.0	0	0	0	0	0	0	0	0	0	0	0	0
3:58000000	1	1	1	1	0	0	1	0	0	1	0	0	0	4.0	7.0	0.37671435	5.0	1.0	1.0	0	0	0	0	0	0	0	0	0	0	0	0
3:58500000	4	0	0	1	0	0	1	1	1	1	0	1	0	5.0	10.0	0.4097217	7.0	3.0	0.0	0	0	0	0	0	0	0	0	0	0	1	0
3:69000000	1	0	0	0	0	0	0	0	0	0	0	0	0	0.0	0.0	0.20252822	1.0	0.0	0.0	0	0	0	0	0	0	0	0	0	0	0	0
3:69500000	1	0	0	0	0	0	0	0	0	0	0	0	0	0.0	0.0	0.26922727	2.0	0.0	0.0	0	0	0	0	0	0	0	0	0	0	0	0
3:72500000	1	1	1	0	1	0	0	1	1	0	0	0	0	7.0	11.0	0.17597632	2.0	3.0	1.0	1	1	1	1	1	0	0	1	0	0	1	1
3:74500000	1	0	0	0	0	0	0	0	0	0	0	0	0	0.0	0.0	0.22465299	1.0	0.0	0.0	0	0	0	0	0	0	0	0	0	0	0	0
3:7500000	1	0	0	0	0	0	0	0	0	0	0	0	0	0.0	0.0	0.13493529	1.0	0.0	0.0	0	0	0	0	0	0	0	0	0	0	0	0
3:78500000	2	1	1	1	0	0	1	0	1	0	0	0	0	4.0	6.0	0.31550848	1.0	1.0	1.0	0	0	0	0	0	0	0	0	0	0	0	0
3:87500000	1	0	0	0	0	0	0	0	0	0	0	0	0	0.0	0.0	0.24674791	2.0	0.0	0.0	0	0	0	0	0	0	0	0	0	0	0	0
3:9000000	1	1	1	1	0	0	0	1	0	0	0	0	1	10.0	16.0	0.28435963	5.0	2.0	1.0	1	0	0	0	0	0	0	0	0	0	1	1
3:90000000	1	0	0	0	0	0	0	0	0	0	0	0	0	0.0	0.0	0.25543308	1.0	0.0	0.0	0	0	0	0	0	0	0	0	0	0	0	0
3:94000000	2	1	1	0	1	0	0	1	0	1	0	0	0	8.0	12.0	0.23584366	2.0	4.0	2.0	0	0	0	0	0	0	0	0	0	0	1	1
3:9500000	1	1	1	1	0	0	0	1	0	0	0	1	0	4.0	10.0	0.21412638	2.0	11.0	1.0	0	0	0	0	0	0	0	0	0	0	0	0
3:99000000	1	0	0	1	0	0	1	0	1	0	0	0	0	4.0	5.0	0.21589231	1.0	3.0	0.0	0	0	0	0	0	0	0	0	0	0	0	0
4:0	1	0	0	0	0	0	0	0	0	0	0	0	0	0.0	0.0	0.2332098	8.0	0.0	0.0	0	0	0	0	0	0	0	0	0	0	0	0
4:1000000	2	0	0	1	0	0	0	1	0	0	1	0	0	6.0	11.0	0.39814284	12.0	1.0	0.0	1	1	0	0	0	0	0	0	0	0	1	1
4:103000000	1	1	1	1	0	0	1	0	0	0	1	0	0	3.0	4.0	0.20227882	7.0	9.0	5.0	1	0	1	1	1	0	0	1	0	0	0	0
4:106500000	1	0	0	1	0	0	1	0	1	0	0	0	0	5.0	7.0	0.2429489	1.0	1.0	0.0	0	0	0	0	0	0	0	0	0	0	1	0
4:107500000	3	2	1	1	1	0	1	1	1	0	0	1	0	8.0	12.0	0.24688369	5.0	8.0	1.0	1	1	1	1	0	0	0	0	0	0	1	1
4:109000000	1	1	1	1	0	0	1	0	1	0	0	0	0	4.0	8.0	0.26346284	7.0	1.0	1.0	1	0	1	1	1	0	0	1	0	0	0	0
4:109500000	1	0	0	1	0	0	1	0	0	0	1	0	0	4.0	7.0	0.29423806	3.0	1.0	0.0	0	0	0	0	0	0	0	0	0	0	0	0
4:118000000	3	0	0	1	0	0	1	0	0	0	1	0	0	3.0	3.0	0.27892444	5.0	1.0	0.0	0	0	0	0	0	0	0	0	0	0	0	0
4:118500000	2	1	1	1	0	0	0	1	0	0	0	0	1	8.0	19.0	0.40410706	6.0	9.0	1.0	0	0	0	0	0	0	0	0	0	0	1	1
4:124000000	1	0	0	0	0	0	0	0	0	0	0	0	0	0.0	0.0	0.18037307	1.0	0.0	0.0	0	0	0	0	0	0	0	0	0	0	0	0
4:124500000	1	1	1	1	0	0	0	1	0	0	1	0	0	5.0	19.0	0.24692222	1.0	1.0	1.0	0	0	0	0	0	0	0	0	0	0	1	0
4:128500000	1	1	1	1	0	0	1	0	0	0	1	0	0	3.0	4.0	0.27505913	2.0	2.0	2.0	1	0	1	0	1	0	0	1	0	0	0	0
4:134000000	1	0	0	0	0	0	0	0	0	0	0	0	0	0.0	0.0	0.2809623	1.0	0.0	0.0	0	0	0	0	0	0	0	0	0	0	0	0
4:137500000	1	0	0	1	0	0	1	0	1	0	0	0	0	4.0	5.0	0.27979946	1.0	1.0	0.0	0	0	0	0	0	0	0	0	0	0	0	0
4:138000000	1	0	0	1	0	0	1	0	1	0	0	0	0	5.0	9.0	0.28798273	1.0	2.0	0.0	0	0	0	0	0	0	0	0	0	0	1	0
4:139000000	3	1	1	1	0	0	1	1	1	1	0	0	0	7.0	12.0	0.29958087	5.0	2.0	2.0	1	1	1	1	0	0	0	0	0	0	1	1
4:139500000	2	2	1	1	0	0	1	0	1	0	0	0	0	4.0	7.0	0.2326019	5.0	2.0	2.0	0	0	0	0	0	0	0	0	0	0	0	0
4:141000000	1	0	0	1	0	0	1	0	1	0	0	0	0	6.0	8.0	0.22365418	1.0	2.0	0.0	0	0	0	0	0	0	0	0	0	0	1	1
4:143500000	2	1	1	1	0	0	1	0	1	0	0	0	0	4.0	4.0	0.25922886	10.0	1.0	1.0	1	1	1	1	0	0	0	0	0	0	0	0
4:144000000	2	0	0	0	0	0	0	0	0	0	0	0	0	0.0	0.0	0.42913786	2.0	0.0	0.0	0	0	0	0	0	0	0	0	0	0	0	0
4:146000000	1	0	0	0	0	0	0	0	0	0	0	0	0	0.0	0.0	0.3469117	1.0	0.0	0.0	0	0	0	0	0	0	0	0	0	0	0	0
4:147500000	3	2	1	1	0	0	1	1	1	0	1	0	0	5.0	15.0	0.4178407	2.0	6.0	1.0	1	0	0	0	0	0	0	0	0	0	1	0
4:148500000	1	0	0	0	0	0	0	0	0	0	0	0	0	0.0	0.0	0.23516977	2.0	0.0	0.0	0	0	0	0	0	0	0	0	0	0	0	0
4:149500000	1	0	0	0	0	0	0	0	0	0	0	0	0	0.0	0.0	0.24775925	1.0	0.0	0.0	0	0	0	0	0	0	0	0	0	0	0	0
4:1500000	6	2	1	1	0	0	1	1	1	0	1	1	1	8.0	25.0	0.4607077	4.0	3.0	1.0	0	0	0	0	0	0	0	0	0	0	1	1
4:150500000	1	0	0	1	0	0	1	0	1	0	0	0	0	4.0	7.0	0.23844132	4.0	1.0	0.0	0	0	0	0	0	0	0	0	0	0	0	0
4:152500000	1	0	0	0	0	0	0	0	0	0	0	0	0	0.0	0.0	0.22096378	1.0	0.0	0.0	0	0	0	0	0	0	0	0	0	0	0	0
4:153500000	1	0	0	0	0	0	0	0	0	0	0	0	0	0.0	0.0	0.20748357	2.0	0.0	0.0	0	0	0	0	0	0	0	0	0	0	0	0
4:155000000	1	0	0	0	0	0	0	0	0	0	0	0	0	0.0	0.0	0.16842557	1.0	0.0	0.0	0	0	0	0	0	0	0	0	0	0	0	0
4:157000000	1	0	0	0	0	0	0	0	0	0	0	0	0	0.0	0.0	0.26469153	1.0	0.0	0.0	0	0	0	0	0	0	0	0	0	0	0	0
4:158000000	2	1	1	1	0	0	1	1	1	0	0	1	0	7.0	13.0	0.2154307	2.0	3.0	1.0	0	0	0	0	0	0	0	0	0	0	1	1
4:16000000	1	0	0	1	0	0	1	0	0	1	0	0	0	4.0	4.0	0.23728791	1.0	3.0	0.0	0	0	0	0	0	0	0	0	0	0	0	0
4:164500000	1	0	0	0	0	0	0	0	0	0	0	0	0	0.0	0.0	0.17810753	6.0	0.0	0.0	0	0	0	0	0	0	0	0	0	0	0	0
4:168500000	1	0	0	0	0	0	0	0	0	0	0	0	0	0.0	0.0	0.2251895	1.0	0.0	0.0	0	0	0	0	0	0	0	0	0	0	0	0
4:169500000	3	1	1	1	0	0	1	0	1	0	1	0	0	4.0	9.0	0.44860324	4.0	17.0	1.0	0	0	0	0	0	0	0	0	0	0	0	0
4:171500000	3	0	0	1	0	0	0	1	0	1	0	0	0	10.0	13.0	0.41451702	1.0	1.0	0.0	0	0	0	0	0	0	0	0	0	0	1	1
4:173000000	2	1	1	1	0	0	0	1	1	0	0	0	0	10.0	21.0	0.24940956	4.0	2.0	1.0	0	0	0	0	0	0	0	0	0	0	1	1
4:174000000	1	0	0	1	0	0	0	1	1	0	0	0	0	6.0	10.0	0.2799311	1.0	1.0	0.0	0	0	0	0	0	0	0	0	0	0	1	1
4:175000000	1	1	1	1	0	0	1	0	1	0	0	0	0	4.0	4.0	0.2678284	1.0	1.0	1.0	0	0	0	0	0	0	0	0	0	0	0	0
4:183000000	2	1	1	1	0	0	1	0	0	0	0	1	0	4.0	5.0	0.23509318	1.0	1.0	1.0	1	0	0	0	0	0	0	0	0	0	0	0
4:183500000	1	0	0	0	1	0	0	1	1	0	0	0	0	5.0	10.0	0.14492229	1.0	1.0	0.0	0	0	0	0	0	0	0	0	0	0	1	0
4:184500000	1	1	1	1	0	0	1	0	0	0	1	0	0	3.0	4.0	0.2450583	1.0	2.0	1.0	0	0	0	0	0	0	0	0	0	0	0	0
4:185000000	4	3	1	1	0	0	1	1	0	1	0	1	0	4.0	12.0	0.41805	4.0	8.0	2.0	1	0	1	1	1	0	0	1	0	0	0	0
4:189500000	1	0	0	0	0	0	0	0	0	0	0	0	0	0.0	0.0	0.21486464	6.0	0.0	0.0	0	0	0	0	0	0	0	0	0	0	0	0
4:2000000	4	1	1	1	0	0	1	0	0	0	1	1	0	3.0	4.0	0.23415083	5.0	15.0	1.0	0	0	0	0	0	0	0	0	0	0	0	0
4:20000000	1	0	0	0	0	0	0	0	0	0	0	0	0	0.0	0.0	0.28868136	1.0	0.0	0.0	0	0	0	0	0	0	0	0	0	0	0	0
4:2500000	1	0	0	0	0	0	0	0	0	0	0	0	0	0.0	0.0	0.26285416	3.0	0.0	0.0	0	0	0	0	0	0	0	0	0	0	0	0
4:25000000	2	1	1	1	0	0	0	1	0	0	1	0	0	5.0	10.0	0.24058484	4.0	2.0	2.0	1	1	1	1	1	0	0	1	0	0	1	0
4:26500000	1	0	0	1	0	0	1	0	0	0	0	1	0	3.0	3.0	0.22334825	1.0	7.0	0.0	1	0	0	0	0	0	0	0	0	0	0	0
4:3000000	1	0	0	1	0	0	1	0	1	0	0	0	0	4.0	4.0	0.23247628	1.0	3.0	0.0	0	0	0	0	0	0	0	0	0	0	0	0
4:3500000	2	0	0	1	0	0	1	0	1	0	0	1	0	4.0	7.0	0.39627066	3.0	18.0	0.0	0	0	0	0	0	0	0	0	0	0	0	0
4:37500000	1	1	1	1	0	0	1	0	0	0	0	1	0	3.0	3.0	0.29510006	3.0	1.0	1.0	0	0	0	0	0	0	0	0	0	0	0	0
4:38000000	2	0	0	0	0	0	0	0	0	0	0	0	0	0.0	0.0	0.3713179	1.0	0.0	0.0	0	0	0	0	0	0	0	0	0	0	0	0
4:39000000	2	0	0	1	0	0	1	0	0	0	0	1	0	3.0	4.0	0.22545631	3.0	3.0	0.0	1	1	0	0	0	0	0	0	0	0	0	0
4:42000000	2	0	0	0	0	0	0	0	0	0	0	0	0	0.0	0.0	0.25493896	1.0	0.0	0.0	0	0	0	0	0	0	0	0	0	0	0	0
4:42500000	1	0	0	1	0	0	1	0	0	1	0	0	0	5.0	7.0	0.22548512	1.0	1.0	0.0	0	0	0	0	0	0	0	0	0	0	1	0
4:44500000	1	0	0	0	0	0	0	0	0	0	0	0	0	0.0	0.0	0.21236578	2.0	0.0	0.0	0	0	0	0	0	0	0	0	0	0	0	0
4:47000000	1	0	0	0	0	0	0	0	0	0	0	0	0	0.0	0.0	0.20563357	2.0	0.0	0.0	0	0	0	0	0	0	0	0	0	0	0	0
4:47500000	2	2	1	1	0	0	1	1	0	1	1	0	0	4.0	10.0	0.29628766	6.0	9.0	4.0	1	1	1	1	1	0	0	1	0	0	0	0
4:48000000	1	1	1	1	0	0	1	0	0	1	0	0	0	5.0	9.0	0.3922607	5.0	7.0	2.0	1	0	0	0	0	0	0	0	0	0	1	0
4:48500000	2	1	1	1	0	0	0	1	0	0	0	1	0	5.0	11.0	0.36897302	4.0	7.0	2.0	0	0	0	0	0	0	0	0	0	0	1	0
4:53000000	1	0	0	1	0	0	1	0	0	0	1	0	0	3.0	3.0	0.37014547	1.0	8.0	0.0	1	1	0	0	0	0	0	0	0	0	0	0
4:55500000	1	0	0	0	0	0	0	0	0	0	0	0	0	0.0	0.0	0.25098032	6.0	0.0	0.0	0	0	0	0	0	0	0	0	0	0	0	0
4:6000000	1	0	0	1	0	0	1	0	1	0	0	0	0	4.0	7.0	0.31202084	1.0	3.0	0.0	0	0	0	0	0	0	0	0	0	0	0	0
4:66000000	1	0	0	0	0	0	0	0	0	0	0	0	0	0.0	0.0	0.233585	2.0	0.0	0.0	0	0	0	0	0	0	0	0	0	0	0	0
4:67000000	1	0	0	0	0	0	0	0	0	0	0	0	0	0.0	0.0	0.19004248	4.0	0.0	0.0	0	0	0	0	0	0	0	0	0	0	0	0
4:70500000	4	2	1	1	0	0	1	1	1	1	0	1	0	6.0	12.0	0.45540714	4.0	6.0	2.0	1	1	1	1	1	0	0	1	0	0	1	1
4:72500000	1	1	1	0	1	0	0	1	0	1	0	0	0	6.0	10.0	0.14322874	1.0	1.0	1.0	1	1	1	1	1	0	0	1	0	0	1	1
4:76000000	1	1	1	1	0	0	0	1	0	0	1	0	0	5.0	10.0	0.21426542	4.0	5.0	4.0	1	0	1	1	1	0	0	1	0	0	1	0
4:77500000	1	0	0	1	0	0	1	0	1	0	0	0	0	4.0	6.0	0.20167087	1.0	1.0	0.0	1	0	0	0	0	0	0	0	0	0	0	0
4:78500000	1	1	1	1	0	0	1	0	0	0	1	0	0	3.0	4.0	0.3840053	4.0	2.0	2.0	1	1	1	1	1	0	0	1	0	0	0	0
4:79000000	1	0	0	0	0	0	0	0	0	0	0	0	0	0.0	0.0	0.2167447	2.0	0.0	0.0	0	0	0	0	0	0	0	0	0	0	0	0
4:79500000	1	0	0	0	0	0	0	0	0	0	0	0	0	0.0	0.0	0.22791003	1.0	0.0	0.0	0	0	0	0	0	0	0	0	0	0	0	0
4:8000000	3	1	1	1	0	0	1	1	0	0	1	1	0	4.0	11.0	0.3639825	5.0	3.0	1.0	1	0	1	1	1	0	1	1	1	1	0	0
4:80000000	1	1	1	1	0	0	1	0	0	0	0	1	0	3.0	3.0	0.21780099	3.0	1.0	1.0	0	0	0	0	0	0	0	0	0	0	0	0
4:84500000	3	2	1	1	1	0	0	1	0	0	0	1	1	8.0	15.0	0.27415723	3.0	2.0	2.0	1	1	1	1	1	0	0	1	0	0	1	1
4:88000000	3	1	1	1	1	0	1	1	1	0	0	1	0	5.0	11.0	0.2757119	2.0	13.0	1.0	0	0	0	0	0	0	0	0	0	0	1	0
4:89000000	1	0	0	1	0	0	0	1	0	0	0	1	0	2.0	10.0	0.24121892	1.0	5.0	0.0	0	0	0	0	0	0	0	0	0	0	0	0
4:89500000	1	0	0	0	0	0	0	0	0	0	0	0	0	0.0	0.0	0.30694932	1.0	0.0	0.0	0	0	0	0	0	0	0	0	0	0	0	0
4:9000000	3	0	0	1	0	0	0	1	0	0	1	0	0	3.0	12.0	0.48491013	7.0	11.0	0.0	0	0	0	0	0	0	0	0	0	0	0	0
4:94000000	1	0	0	0	0	0	0	0	0	0	0	0	0	0.0	0.0	0.3068164	2.0	0.0	0.0	0	0	0	0	0	0	0	0	0	0	0	0
4:95000000	1	0	0	0	0	0	0	0	0	0	0	0	0	0.0	0.0	0.22765179	1.0	0.0	0.0	0	0	0	0	0	0	0	0	0	0	0	0
4:98000000	1	1	1	1	0	0	0	1	0	0	1	0	0	3.0	12.0	0.39260662	1.0	1.0	1.0	0	0	0	0	0	0	0	0	0	0	0	0
4:98500000	3	2	1	1	1	0	0	1	1	0	1	0	0	8.0	20.0	0.37878653	8.0	16.0	2.0	1	1	0	0	1	0	0	1	0	0	1	1
4:99500000	1	1	1	0	1	0	0	1	0	0	0	0	1	7.0	14.0	0.18480353	5.0	3.0	1.0	0	0	0	0	0	0	0	0	0	0	1	1
5:0	1	0	0	1	0	0	1	0	0	0	0	1	0	3.0	4.0	0.23305011	6.0	1.0	0.0	0	0	0	0	0	0	0	0	0	0	0	0
5:1000000	2	1	1	1	0	0	1	1	1	0	0	0	0	8.0	17.0	0.25108108	2.0	3.0	1.0	0	0	0	0	0	0	1	1	0	0	1	1
5:10000000	4	0	0	1	1	0	1	1	1	0	0	0	1	7.0	14.0	0.34237915	2.0	2.0	0.0	1	1	0	0	0	0	0	0	0	0	1	1
5:103000000	1	1	1	1	0	0	0	1	0	1	0	0	0	6.0	16.0	0.33150136	3.0	2.0	1.0	0	0	0	0	0	0	0	0	0	0	1	1
5:106500000	1	0	0	1	0	0	1	0	0	1	0	0	0	4.0	8.0	0.33473948	1.0	1.0	0.0	0	0	0	0	0	0	0	0	0	0	0	0
5:107500000	1	0	0	0	0	0	0	0	0	0	0	0	0	0.0	0.0	0.21063745	1.0	0.0	0.0	0	0	0	0	0	0	0	0	0	0	0	0
5:108000000	1	0	0	0	0	0	0	0	0	0	0	0	0	0.0	0.0	0.38656256	1.0	0.0	0.0	0	0	0	0	0	0	0	0	0	0	0	0
5:112000000	1	1	1	1	0	0	1	0	0	0	1	0	0	3.0	4.0	0.21354918	3.0	1.0	1.0	0	0	0	0	0	0	0	0	0	0	0	0
5:115000000	2	1	1	1	0	0	1	0	0	1	0	1	0	4.0	5.0	0.29384023	5.0	11.0	1.0	1	0	0	0	0	1	0	1	0	0	0	0
5:118500000	1	0	0	1	0	0	1	0	1	0	0	0	0	6.0	9.0	0.21080928	1.0	3.0	0.0	0	0	0	0	0	0	0	0	0	0	1	1
5:119000000	2	0	0	1	0	0	1	0	1	0	0	0	0	4.0	5.0	0.28393146	3.0	1.0	0.0	0	0	0	0	0	0	0	0	0	0	0	0
5:122000000	1	0	0	0	0	0	0	0	0	0	0	0	0	0.0	0.0	0.2651091	1.0	0.0	0.0	0	0	0	0	0	0	0	0	0	0	0	0
5:123500000	1	0	0	1	0	0	0	1	0	0	0	1	0	4.0	11.0	0.28804168	1.0	1.0	0.0	1	0	0	0	0	0	0	0	0	0	0	0
5:126500000	2	1	1	1	0	0	1	0	1	0	0	0	0	4.0	9.0	0.32938537	3.0	5.0	1.0	1	1	1	1	1	0	0	1	0	0	0	0
5:128000000	1	0	0	0	0	0	0	0	0	0	0	0	0	0.0	0.0	0.23800424	1.0	0.0	0.0	0	0	0	0	0	0	0	0	0	0	0	0
5:131000000	2	1	1	1	0	0	0	1	0	1	0	0	0	8.0	24.0	0.45805997	13.0	2.0	1.0	1	0	1	1	0	0	0	0	0	0	1	1
5:132000000	2	2	1	0	1	0	0	1	0	1	0	0	0	8.0	13.0	0.1787158	8.0	6.0	3.0	1	0	0	0	0	0	0	0	0	0	1	1
5:132500000	3	1	1	1	0	0	1	1	1	1	1	0	0	5.0	11.0	0.26726753	5.0	1.0	1.0	1	0	1	0	1	0	0	1	0	0	1	0
5:134000000	5	5	1	1	0	0	1	1	1	0	1	1	0	4.0	10.0	0.2463111	5.0	15.0	3.0	1	1	1	1	1	0	0	1	0	0	0	0
5:134500000	2	2	1	1	0	0	1	1	1	0	0	0	1	11.0	23.0	0.46100512	3.0	24.0	1.0	1	0	1	0	0	0	0	0	0	0	1	1
5:13500000	1	0	0	0	0	0	0	0	0	0	0	0	0	0.0	0.0	0.2858331	1.0	0.0	0.0	0	0	0	0	0	0	0	0	0	0	0	0
5:135000000	2	1	1	1	0	0	1	0	0	1	0	0	0	4.0	9.0	0.3406552	1.0	1.0	1.0	1	0	1	1	0	0	0	0	0	0	0	0
5:135500000	1	1	1	1	0	0	1	0	0	1	0	0	0	4.0	6.0	0.30619118	5.0	1.0	1.0	0	0	0	0	0	0	0	0	0	0	0	0
5:136000000	3	0	0	0	0	0	0	0	0	0	0	0	0	0.0	0.0	0.38422793	3.0	0.0	0.0	0	0	0	0	0	0	0	0	0	0	0	0
5:138000000	1	1	1	0	1	0	0	1	0	0	0	0	1	7.0	10.0	0.14850534	6.0	9.0	3.0	1	1	1	1	1	0	0	1	0	0	1	1
5:139000000	2	0	0	1	0	0	1	1	1	0	0	0	0	9.0	18.0	0.4244746	4.0	4.0	0.0	0	0	0	0	0	0	0	0	0	0	1	1
5:139500000	1	0	0	0	0	0	0	0	0	0	0	0	0	0.0	0.0	0.29964685	6.0	0.0	0.0	0	0	0	0	0	0	0	0	0	0	0	0
5:140000000	2	0	0	1	0	0	1	0	0	1	0	0	0	5.0	5.0	0.29571897	33.0	1.0	0.0	1	0	0	0	0	0	0	0	0	0	1	0
5:141500000	2	2	1	1	1	0	1	1	0	1	0	0	0	7.0	11.0	0.2415571	9.0	25.0	5.0	1	1	1	1	1	0	0	1	0	0	1	1
5:142000000	2	2	1	1	0	0	1	1	0	1	0	0	0	8.0	12.0	0.27253035	2.0	5.0	2.0	0	0	0	0	0	0	0	0	0	0	1	1
5:14500000	1	1	1	1	0	0	1	0	0	1	0	0	0	4.0	6.0	0.27056685	1.0	4.0	1.0	1	0	1	1	1	0	1	1	1	1	0	0
5:145500000	1	0	0	0	0	0	0	0	0	0	0	0	0	0.0	0.0	0.16158408	1.0	0.0	0.0	0	0	0	0	0	0	0	0	0	0	0	0
5:146000000	3	0	0	1	1	0	0	1	0	0	1	1	0	4.0	11.0	0.33850333	3.0	1.0	0.0	1	1	0	0	0	0	0	0	0	0	0	0
5:148000000	1	0	0	0	0	0	0	0	0	0	0	0	0	0.0	0.0	0.2659231	1.0	0.0	0.0	0	0	0	0	0	0	0	0	0	0	0	0
5:149500000	1	1	1	1	0	0	1	0	0	1	0	0	0	5.0	8.0	0.21553583	2.0	1.0	1.0	0	0	0	0	0	0	0	0	0	0	1	0
5:1500000	1	1	1	0	1	0	0	1	0	1	0	0	0	6.0	10.0	0.19862124	1.0	2.0	1.0	0	0	0	0	0	0	0	0	0	0	1	1
5:151500000	2	1	1	1	0	0	1	0	0	0	1	0	0	3.0	4.0	0.38845778	8.0	14.0	1.0	0	0	0	0	0	0	0	0	0	0	0	0
5:152500000	1	0	0	0	0	0	0	0	0	0	0	0	0	0.0	0.0	0.22809815	1.0	0.0	0.0	0	0	0	0	0	0	0	0	0	0	0	0
5:153500000	1	0	0	0	0	0	0	0	0	0	0	0	0	0.0	0.0	0.2072349	1.0	0.0	0.0	0	0	0	0	0	0	0	0	0	0	0	0
5:154500000	5	2	1	1	0	0	1	1	1	0	1	0	0	5.0	11.0	0.3439029	5.0	7.0	2.0	1	1	1	1	1	0	0	1	0	0	1	0
5:156000000	2	1	1	1	0	0	1	0	0	1	0	0	0	6.0	8.0	0.38269147	1.0	1.0	1.0	0	0	0	0	0	0	0	0	0	0	1	1
5:156500000	2	1	1	1	0	0	1	0	1	0	0	0	0	4.0	7.0	0.23280056	3.0	1.0	1.0	1	1	1	0	0	0	0	0	0	0	0	0
5:157500000	1	1	1	1	0	0	1	0	0	0	0	1	0	3.0	3.0	0.21892841	1.0	1.0	1.0	0	0	0	0	0	0	0	0	0	0	0	0
5:159000000	1	0	0	1	0	0	0	1	0	0	1	0	0	4.0	11.0	0.29704937	1.0	4.0	0.0	0	0	0	0	0	0	0	0	0	0	0	0
5:16500000	1	1	1	1	0	0	1	0	0	1	0	0	0	5.0	6.0	0.21031111	1.0	1.0	1.0	0	0	0	0	0	0	1	1	0	0	1	0
5:168500000	3	1	1	1	1	0	1	1	1	1	1	0	0	6.0	11.0	0.31976795	2.0	3.0	1.0	1	0	0	0	0	0	0	0	0	0	1	1
5:171000000	3	0	0	0	0	0	0	0	0	0	0	0	0	0.0	0.0	0.27823925	3.0	0.0	0.0	0	0	0	0	0	0	0	0	0	0	0	0
5:171500000	1	0	0	1	0	0	0	1	1	0	0	0	0	6.0	10.0	0.2977288	1.0	1.0	0.0	0	0	0	0	0	0	0	0	0	0	1	1
5:174000000	1	0	0	1	0	0	1	0	0	0	0	1	0	4.0	6.0	0.20235233	1.0	1.0	0.0	0	0	0	0	0	0	0	0	0	0	0	0
5:176000000	5	1	1	1	0	0	1	0	0	0	0	1	0	3.0	3.0	0.48542646	4.0	4.0	3.0	0	0	0	0	0	0	0	0	0	0	0	0
5:176500000	1	0	0	1	0	0	1	0	1	0	0	0	0	4.0	6.0	0.40165207	3.0	2.0	0.0	0	0	0	0	0	0	0	0	0	0	0	0
5:177000000	1	0	0	0	0	0	0	0	0	0	0	0	0	0.0	0.0	0.2504224	6.0	0.0	0.0	0	0	0	0	0	0	0	0	0	0	0	0
5:177500000	2	1	1	1	0	0	1	0	0	1	0	0	0	5.0	6.0	0.2194914	5.0	12.0	2.0	1	0	0	0	0	0	1	1	0	0	1	0
5:179500000	4	3	1	1	0	0	1	0	1	0	0	1	0	6.0	9.0	0.25589523	3.0	11.0	2.0	1	1	1	1	1	0	0	1	0	0	1	1
5:180000000	1	0	0	0	0	0	0	0	0	0	0	0	0	0.0	0.0	0.27721798	4.0	0.0	0.0	0	0	0	0	0	0	0	0	0	0	0	0
5:180500000	2	1	1	1	0	0	0	1	1	0	0	0	0	7.0	15.0	0.39277107	6.0	1.0	1.0	0	0	0	0	0	0	0	0	0	0	1	1
5:32000000	1	0	0	0	0	0	0	0	0	0	0	0	0	0.0	0.0	0.25760648	1.0	0.0	0.0	0	0	0	0	0	0	0	0	0	0	0	0
5:34000000	5	0	0	0	0	0	0	0	0	0	0	0	0	0.0	0.0	0.42124724	4.0	0.0	0.0	0	0	0	0	0	0	0	0	0	0	0	0
5:34500000	1	1	1	1	0	0	0	1	1	0	0	0	0	6.0	11.0	0.20165749	5.0	3.0	2.0	0	0	0	0	0	0	0	0	0	0	1	1
5:36000000	1	0	0	0	0	0	0	0	0	0	0	0	0	0.0	0.0	0.22728546	3.0	0.0	0.0	0	0	0	0	0	0	0	0	0	0	0	0
5:37000000	2	0	0	0	0	0	0	0	0	0	0	0	0	0.0	0.0	0.33545393	4.0	0.0	0.0	0	0	0	0	0	0	0	0	0	0	0	0
5:39000000	2	1	1	1	0	0	1	0	0	1	0	0	0	5.0	7.0	0.22205514	2.0	2.0	2.0	1	1	1	1	1	0	0	1	0	0	1	0
5:43000000	2	1	1	1	0	0	1	0	0	0	0	1	0	3.0	3.0	0.22904155	9.0	19.0	4.0	1	1	1	1	1	0	1	1	1	1	0	0
5:500000	7	3	1	1	1	0	1	1	1	0	0	1	0	6.0	11.0	0.35045117	11.0	12.0	2.0	1	0	1	1	1	0	0	1	0	0	1	1
5:52500000	1	0	0	0	0	0	0	0	0	0	0	0	0	0.0	0.0	0.24034953	2.0	0.0	0.0	0	0	0	0	0	0	0	0	0	0	0	0
5:53000000	1	0	0	0	0	0	0	0	0	0	0	0	0	0.0	0.0	0.24632058	1.0	0.0	0.0	0	0	0	0	0	0	0	0	0	0	0	0
5:55500000	1	1	1	0	1	0	0	1	0	0	0	1	0	4.0	10.0	0.17777875	2.0	11.0	1.0	1	1	1	1	1	0	0	1	0	0	0	0
5:57000000	1	0	0	0	0	0	0	0	0	0	0	0	0	0.0	0.0	0.20190234	1.0	0.0	0.0	0	0	0	0	0	0	0	0	0	0	0	0
5:64500000	2	0	0	1	0	0	1	1	0	0	0	1	0	4.0	11.0	0.26915652	1.0	1.0	0.0	1	1	0	0	0	0	0	0	0	0	0	0
5:67000000	1	0	0	1	0	0	0	1	1	0	0	0	0	9.0	13.0	0.22525422	1.0	1.0	0.0	0	0	0	0	0	0	0	0	0	0	1	1
5:69000000	3	3	1	1	0	0	1	0	1	0	0	0	0	5.0	9.0	0.2856986	9.0	20.0	4.0	1	1	1	0	0	0	0	0	0	0	1	0
5:71500000	2	0	0	1	0	0	0	1	0	0	1	0	0	4.0	15.0	0.2900364	5.0	12.0	0.0	0	0	0	0	0	0	0	0	0	0	0	0
5:72000000	1	0	0	1	0	0	0	1	0	0	1	0	0	5.0	11.0	0.3476535	1.0	3.0	0.0	1	1	0	0	0	0	0	0	0	0	1	0
5:73500000	1	1	1	1	0	0	1	0	0	0	1	0	0	4.0	5.0	0.26420644	3.0	3.0	1.0	1	1	1	1	1	0	1	1	1	1	0	0
5:74500000	1	0	0	0	0	0	0	0	0	0	0	0	0	0.0	0.0	0.26713946	3.0	0.0	0.0	0	0	0	0	0	0	0	0	0	0	0	0
5:7500000	2	1	1	1	0	0	1	0	1	0	0	0	0	4.0	6.0	0.22901951	1.0	4.0	1.0	0	0	0	0	0	0	0	0	0	0	0	0
5:76000000	1	1	1	1	0	0	0	1	0	1	0	0	0	5.0	15.0	0.23719953	1.0	1.0	1.0	0	0	0	0	0	0	0	0	0	0	1	0
5:78000000	1	0	0	0	0	0	0	0	0	0	0	0	0	0.0	0.0	0.21787868	3.0	0.0	0.0	0	0	0	0	0	0	0	0	0	0	0	0
5:83000000	2	2	1	1	0	0	1	0	1	1	0	0	0	6.0	6.0	0.27472892	2.0	3.0	2.0	1	0	1	0	1	0	0	1	0	0	1	1
5:88500000	1	1	1	1	0	0	0	1	0	0	0	0	1	8.0	14.0	0.24009176	1.0	2.0	1.0	1	0	1	1	0	0	0	0	0	0	1	1
5:92500000	1	1	1	1	0	0	0	1	0	0	0	1	0	4.0	10.0	0.21988806	1.0	1.0	1.0	0	0	0	0	0	0	1	1	0	0	0	0
5:99000000	1	0	0	0	0	0	0	0	0	0	0	0	0	0.0	0.0	0.20042042	4.0	0.0	0.0	0	0	0	0	0	0	0	0	0	0	0	0
6:0	2	0	0	1	0	0	0	1	0	1	0	0	0	8.0	22.0	0.30423585	2.0	1.0	0.0	0	0	0	0	0	0	0	0	0	0	1	1
6:10500000	1	0	0	1	0	0	1	0	1	0	0	0	0	4.0	4.0	0.26078308	1.0	2.0	0.0	0	0	0	0	0	0	0	0	0	0	0	0
6:107000000	2	1	1	1	0	0	1	0	0	1	0	1	0	5.0	7.0	0.23078349	2.0	3.0	1.0	1	0	0	0	0	0	0	0	0	0	1	0
6:108000000	2	0	0	0	0	0	0	0	0	0	0	0	0	0.0	0.0	0.21907139	1.0	0.0	0.0	0	0	0	0	0	0	0	0	0	0	0	0
6:11000000	1	0	0	0	1	0	0	1	0	0	0	1	0	5.0	10.0	0.14929013	1.0	2.0	0.0	0	0	0	0	0	0	0	0	0	0	1	0
6:110500000	1	1	1	1	0	0	1	0	1	0	0	0	0	6.0	7.0	0.2762611	6.0	2.0	2.0	1	1	1	0	1	0	1	1	1	1	1	1
6:113000000	1	0	0	1	0	0	1	0	0	0	1	0	0	3.0	4.0	0.22659852	1.0	1.0	0.0	0	0	0	0	0	0	0	0	0	0	0	0
6:117500000	1	0	0	0	0	0	0	0	0	0	0	0	0	0.0	0.0	0.17919295	2.0	0.0	0.0	0	0	0	0	0	0	0	0	0	0	0	0
6:118500000	1	0	0	0	0	0	0	0	0	0	0	0	0	0.0	0.0	0.40018132	3.0	0.0	0.0	0	0	0	0	0	0	0	0	0	0	0	0
6:119000000	1	0	0	0	0	0	0	0	0	0	0	0	0	0.0	0.0	0.2637482	1.0	0.0	0.0	0	0	0	0	0	0	0	0	0	0	0	0
6:119500000	2	0	0	0	0	0	0	0	0	0	0	0	0	0.0	0.0	0.14061543	1.0	0.0	0.0	0	0	0	0	0	0	0	0	0	0	0	0
6:125000000	1	0	0	0	0	0	0	0	0	0	0	0	0	0.0	0.0	0.44583118	2.0	0.0	0.0	0	0	0	0	0	0	0	0	0	0	0	0
6:126000000	1	0	0	0	0	0	0	0	0	0	0	0	0	0.0	0.0	0.2335479	1.0	0.0	0.0	0	0	0	0	0	0	0	0	0	0	0	0
6:127000000	1	1	1	1	0	0	1	0	0	0	0	1	0	3.0	4.0	0.31101128	3.0	2.0	2.0	1	0	1	1	1	0	0	1	0	0	0	0
6:127500000	1	0	0	0	0	0	0	0	0	0	0	0	0	0.0	0.0	0.35860184	1.0	0.0	0.0	0	0	0	0	0	0	0	0	0	0	0	0
6:128000000	1	0	0	0	0	0	0	0	0	0	0	0	0	0.0	0.0	0.2281913	1.0	0.0	0.0	0	0	0	0	0	0	0	0	0	0	0	0
6:130500000	1	0	0	0	0	0	0	0	0	0	0	0	0	0.0	0.0	0.20321667	1.0	0.0	0.0	0	0	0	0	0	0	0	0	0	0	0	0
6:134500000	1	1	1	1	0	0	1	0	0	1	0	0	0	4.0	8.0	0.22634658	3.0	1.0	1.0	0	0	0	0	0	0	0	0	0	0	0	0
6:13500000	2	1	1	1	0	0	1	1	0	1	0	0	0	6.0	13.0	0.21339798	2.0	2.0	1.0	0	0	0	0	0	1	0	1	0	0	1	1
6:135000000	3	0	0	1	1	0	1	1	1	0	0	1	0	6.0	10.0	0.25508207	3.0	18.0	0.0	0	0	0	0	0	0	0	0	0	0	1	1
6:135500000	3	1	1	1	0	0	1	1	1	0	0	0	0	6.0	11.0	0.27317667	2.0	4.0	1.0	0	0	0	0	0	0	0	0	0	0	1	1
6:136000000	1	0	0	0	0	0	0	0	0	0	0	0	0	0.0	0.0	0.2049889	2.0	0.0	0.0	0	0	0	0	0	0	0	0	0	0	0	0
6:137000000	1	0	0	0	0	0	0	0	0	0	0	0	0	0.0	0.0	0.17318207	2.0	0.0	0.0	0	0	0	0	0	0	0	0	0	0	0	0
6:138000000	1	1	1	1	0	0	1	0	0	0	0	1	0	3.0	3.0	0.21264166	1.0	5.0	1.0	0	0	0	0	0	0	0	0	0	0	0	0
6:149000000	1	1	1	1	0	0	1	0	0	0	0	1	0	3.0	3.0	0.31423762	9.0	8.0	3.0	0	0	0	0	0	0	0	0	0	0	0	0
6:149500000	1	0	0	1	0	0	0	1	0	1	0	0	0	9.0	14.0	0.27476314	9.0	2.0	0.0	0	0	0	0	0	0	0	0	0	0	1	1
6:150500000	1	0	0	1	0	0	1	0	0	0	1	0	0	3.0	4.0	0.25501302	1.0	4.0	0.0	1	0	0	0	0	0	0	0	0	0	0	0
6:151000000	1	0	0	1	0	0	0	1	0	0	0	0	1	7.0	10.0	0.20830402	1.0	1.0	0.0	0	0	0	0	0	0	0	0	0	0	1	1
6:152000000	1	0	0	0	0	0	0	0	0	0	0	0	0	0.0	0.0	0.4138828	1.0	0.0	0.0	0	0	0	0	0	0	0	0	0	0	0	0
6:156500000	1	0	0	0	0	0	0	0	0	0	0	0	0	0.0	0.0	0.2120791	1.0	0.0	0.0	0	0	0	0	0	0	0	0	0	0	0	0
6:157000000	8	6	1	1	0	0	1	1	1	1	0	1	0	6.0	15.0	0.32697558	4.0	11.0	1.0	1	1	1	1	0	0	0	0	0	0	1	1
6:157500000	4	3	1	1	0	0	1	1	1	0	0	1	0	5.0	14.0	0.43202555	2.0	2.0	1.0	0	0	0	0	0	0	0	0	0	0	1	0
6:158000000	1	1	1	0	1	0	0	1	0	0	0	1	0	3.0	10.0	0.15728094	3.0	3.0	1.0	0	0	0	0	0	0	0	0	0	0	0	0
6:158500000	2	2	1	1	0	0	1	0	0	1	1	0	0	4.0	6.0	0.24004091	2.0	1.0	1.0	0	0	0	0	0	0	0	0	0	0	0	0
6:159000000	1	0	0	1	0	0	1	0	0	0	1	0	0	5.0	9.0	0.26365566	1.0	2.0	0.0	0	0	0	0	0	0	0	0	0	0	1	0
6:16000000	1	0	0	1	0	0	0	1	0	0	1	0	0	4.0	12.0	0.3049492	5.0	1.0	0.0	1	1	0	0	0	0	0	0	0	0	0	0
6:160000000	1	0	0	0	0	0	0	0	0	0	0	0	0	0.0	0.0	0.2026346	3.0	0.0	0.0	0	0	0	0	0	0	0	0	0	0	0	0
6:162500000	1	0	0	0	0	0	0	0	0	0	0	0	0	0.0	0.0	0.24600473	1.0	0.0	0.0	0	0	0	0	0	0	0	0	0	0	0	0
6:163000000	1	0	0	0	0	0	0	0	0	0	0	0	0	0.0	0.0	0.39910185	1.0	0.0	0.0	0	0	0	0	0	0	0	0	0	0	0	0
6:166000000	3	1	1	1	0	0	1	0	1	1	0	0	0	5.0	9.0	0.29149503	2.0	3.0	1.0	1	1	0	0	0	0	0	0	0	0	1	0
6:17000000	2	0	0	1	1	0	1	1	0	0	0	1	0	4.0	11.0	0.20669714	1.0	1.0	0.0	1	0	0	0	0	0	0	0	0	0	0	0
6:170000000	1	0	0	0	0	0	0	0	0	0	0	0	0	0.0	0.0	0.2779408	2.0	0.0	0.0	0	0	0	0	0	0	0	0	0	0	0	0
6:17500000	1	1	1	1	0	0	0	1	0	0	1	0	0	3.0	10.0	0.28307772	1.0	2.0	1.0	1	0	1	1	1	0	0	1	0	0	0	0
6:21500000	2	0	0	1	0	0	1	1	1	0	1	0	0	4.0	10.0	0.30488303	2.0	1.0	0.0	0	0	0	0	0	0	0	0	0	0	0	0
6:26000000	1	1	1	1	0	0	1	0	0	0	1	0	0	3.0	3.0	0.20948766	13.0	6.0	5.0	0	0	0	0	0	0	0	0	0	0	0	0
6:26500000	1	0	0	0	0	0	0	0	0	0	0	0	0	0.0	0.0	0.25706854	14.0	0.0	0.0	0	0	0	0	0	0	0	0	0	0	0	0
6:27500000	1	0	0	0	0	0	0	0	0	0	0	0	0	0.0	0.0	0.20563702	5.0	0.0	0.0	0	0	0	0	0	0	0	0	0	0	0	0
6:3000000	7	6	1	1	0	0	1	1	1	0	1	0	0	7.0	16.0	0.3203692	5.0	11.0	2.0	0	0	0	0	0	1	1	1	0	0	1	1
6:33000000	3	2	1	1	0	0	1	1	1	0	0	1	0	6.0	13.0	0.3628877	12.0	14.0	3.0	1	0	0	0	0	0	0	0	0	0	1	1
6:35000000	1	1	1	1	0	0	1	0	0	0	0	1	0	3.0	3.0	0.22357285	6.0	4.0	2.0	1	1	1	1	1	0	0	1	0	0	0	0
6:35500000	1	1	1	1	0	0	1	0	0	0	0	1	0	3.0	3.0	0.2251365	5.0	6.0	2.0	1	1	1	1	1	0	0	1	0	0	0	0
6:36000000	1	1	1	1	0	0	1	0	0	0	0	1	0	3.0	4.0	0.21450098	4.0	4.0	2.0	1	1	1	1	1	0	0	1	0	0	0	0
6:37000000	1	0	0	0	0	0	0	0	0	0	0	0	0	0.0	0.0	0.33600417	3.0	0.0	0.0	0	0	0	0	0	0	0	0	0	0	0	0
6:37500000	2	1	1	0	1	0	0	1	1	0	0	0	0	5.0	11.0	0.29430655	2.0	2.0	1.0	1	0	1	1	1	0	0	1	0	0	1	0
6:38500000	2	1	1	1	0	0	1	0	0	1	0	0	0	5.0	8.0	0.3061127	3.0	2.0	1.0	1	0	1	0	1	0	0	1	0	0	1	0
6:39000000	1	0	0	0	0	0	0	0	0	0	0	0	0	0.0	0.0	0.23957217	3.0	0.0	0.0	0	0	0	0	0	0	0	0	0	0	0	0
6:40500000	1	0	0	0	0	0	0	0	0	0	0	0	0	0.0	0.0	0.20507096	2.0	0.0	0.0	0	0	0	0	0	0	0	0	0	0	0	0
6:41000000	1	0	0	0	0	0	0	0	0	0	0	0	0	0.0	0.0	0.23631029	6.0	0.0	0.0	0	0	0	0	0	0	0	0	0	0	0	0
6:42000000	2	1	1	1	0	0	1	0	0	0	1	0	0	3.0	3.0	0.40158135	3.0	12.0	2.0	0	0	0	0	0	0	0	0	0	0	0	0
6:42500000	2	1	1	1	0	0	1	0	1	0	0	0	0	4.0	5.0	0.25901005	2.0	1.0	1.0	0	0	0	0	0	0	0	0	0	0	0	0
6:43500000	2	2	1	1	0	0	1	0	0	1	0	0	0	4.0	6.0	0.2082024	7.0	27.0	3.0	1	1	1	1	1	0	1	1	1	1	0	0
6:44000000	1	0	0	1	0	0	1	0	0	1	0	0	0	4.0	7.0	0.25769734	2.0	7.0	0.0	1	1	0	0	0	0	0	0	0	0	0	0
6:46500000	2	1	1	1	0	0	1	0	0	1	0	0	0	4.0	5.0	0.23826681	5.0	1.0	1.0	1	1	1	1	0	0	0	0	0	0	0	0
6:52500000	1	0	0	0	0	0	0	0	0	0	0	0	0	0.0	0.0	0.22657447	1.0	0.0	0.0	0	0	0	0	0	0	0	0	0	0	0	0
6:53000000	1	0	0	1	0	0	0	1	0	1	0	0	0	6.0	11.0	0.27838853	3.0	1.0	0.0	0	0	0	0	0	0	0	0	0	0	1	1
6:56500000	1	1	1	1	0	0	1	0	0	1	0	0	0	5.0	9.0	0.23615813	2.0	5.0	1.0	0	0	0	0	0	0	0	0	0	0	1	0
6:63000000	1	0	0	1	0	0	0	1	0	1	0	0	0	9.0	14.0	0.22774322	2.0	1.0	0.0	0	0	0	0	0	0	0	0	0	0	1	1
6:68500000	1	0	0	0	0	0	0	0	0	0	0	0	0	0.0	0.0	0.30765665	2.0	0.0	0.0	0	0	0	0	0	0	0	0	0	0	0	0
6:69500000	1	0	0	0	0	0	0	0	0	0	0	0	0	0.0	0.0	0.23471428	1.0	0.0	0.0	0	0	0	0	0	0	0	0	0	0	0	0
6:7000000	2	0	0	1	0	0	0	1	0	0	1	0	0	6.0	17.0	0.2944451	5.0	10.0	0.0	0	0	0	0	0	0	0	0	0	0	1	1
6:70500000	1	0	0	0	1	0	0	1	0	0	1	0	0	5.0	11.0	0.15038241	3.0	1.0	0.0	0	0	0	0	0	0	0	0	0	0	1	0
6:71000000	1	1	1	1	0	0	1	0	0	0	0	1	0	3.0	3.0	0.22114784	5.0	1.0	1.0	1	1	1	1	0	0	0	0	0	0	0	0
6:73000000	1	1	1	1	0	0	0	1	0	0	1	0	0	6.0	13.0	0.30149883	5.0	2.0	1.0	1	0	1	1	1	0	0	1	0	0	1	1
6:78500000	1	1	1	1	0	0	1	0	0	0	0	1	0	3.0	4.0	0.27635762	1.0	2.0	1.0	1	1	1	1	1	0	0	1	0	0	0	0
6:79000000	1	0	0	1	0	0	1	0	0	0	0	1	0	3.0	3.0	0.27426663	1.0	1.0	0.0	0	0	0	0	0	0	0	0	0	0	0	0
6:80000000	2	1	1	1	0	0	0	1	0	0	1	1	0	4.0	11.0	0.38431856	7.0	1.0	1.0	1	1	1	1	0	0	0	0	0	0	0	0
6:80500000	1	0	0	0	0	0	0	0	0	0	0	0	0	0.0	0.0	0.22403914	2.0	0.0	0.0	0	0	0	0	0	0	0	0	0	0	0	0
6:82000000	1	0	0	0	0	0	0	0	0	0	0	0	0	0.0	0.0	0.23637952	1.0	0.0	0.0	0	0	0	0	0	0	0	0	0	0	0	0
6:83000000	1	0	0	1	0	0	0	1	0	0	1	0	0	5.0	10.0	0.2765295	3.0	2.0	0.0	0	0	0	0	0	0	0	0	0	0	1	0
6:85000000	1	0	0	1	0	0	1	0	0	0	1	0	0	3.0	4.0	0.21193181	6.0	1.0	0.0	0	0	0	0	0	0	0	0	0	0	0	0
6:85500000	1	0	0	0	0	0	0	0	0	0	0	0	0	0.0	0.0	0.20112684	3.0	0.0	0.0	0	0	0	0	0	0	0	0	0	0	0	0
6:87000000	1	0	0	0	1	0	0	1	0	0	0	1	0	4.0	10.0	0.16579649	4.0	1.0	0.0	0	0	0	0	0	0	0	0	0	0	0	0
6:88500000	1	0	0	1	0	0	0	1	0	0	1	0	0	4.0	10.0	0.31144354	3.0	1.0	0.0	0	0	0	0	0	0	0	0	0	0	0	0
6:90000000	1	0	0	1	0	0	1	0	0	1	0	0	0	4.0	4.0	0.3010899	1.0	2.0	0.0	1	0	0	0	0	0	0	0	0	0	0	0
6:90500000	1	0	0	0	0	0	0	0	0	0	0	0	0	0.0	0.0	0.24910752	1.0	0.0	0.0	0	0	0	0	0	0	0	0	0	0	0	0
6:96500000	1	1	1	1	0	0	1	0	0	0	1	0	0	4.0	6.0	0.3101524	2.0	3.0	1.0	1	1	1	1	1	0	0	1	0	0	0	0
7:1000000	5	0	0	1	0	0	1	1	1	0	0	1	0	5.0	10.0	0.4631082	6.0	2.0	0.0	1	1	0	0	0	0	0	0	0	0	1	0
7:100000000	2	1	1	1	0	0	1	0	0	1	0	0	0	5.0	7.0	0.22891818	24.0	7.0	3.0	1	0	1	1	1	0	0	1	0	0	1	0
7:100500000	1	1	1	1	0	0	1	0	0	1	0	0	0	4.0	8.0	0.34705803	14.0	2.0	1.0	1	0	0	0	0	0	0	0	0	0	0	0
7:101500000	1	0	0	1	0	0	0	1	1	0	0	0	0	6.0	10.0	0.21016036	1.0	2.0	0.0	1	0	0	0	0	0	0	0	0	0	1	1
7:102000000	5	3	1	1	0	0	1	1	1	1	0	0	0	6.0	12.0	0.2726781	13.0	3.0	2.0	1	1	1	1	1	1	0	1	1	1	1	1
7:103000000	4	2	1	1	0	0	1	1	1	1	0	1	0	8.0	12.0	0.31890404	9.0	12.0	2.0	0	0	0	0	0	0	0	0	0	0	1	1
7:104500000	1	0	0	0	0	0	0	0	0	0	0	0	0	0.0	0.0	0.22296435	2.0	0.0	0.0	0	0	0	0	0	0	0	0	0	0	0	0
7:107000000	1	0	0	1	0	0	0	1	0	0	0	1	0	4.0	11.0	0.20527738	2.0	2.0	0.0	1	1	0	0	0	0	0	0	0	0	0	0
7:108000000	3	0	0	1	0	0	1	0	0	1	1	0	0	5.0	6.0	0.27173528	1.0	2.0	0.0	0	0	0	0	0	0	0	0	0	0	1	0
7:11000000	3	0	0	0	0	0	0	0	0	0	0	0	0	0.0	0.0	0.33813643	2.0	0.0	0.0	0	0	0	0	0	0	0	0	0	0	0	0
7:110500000	1	0	0	0	0	0	0	0	0	0	0	0	0	0.0	0.0	0.24097024	2.0	0.0	0.0	0	0	0	0	0	0	0	0	0	0	0	0
7:111000000	1	0	0	0	0	0	0	0	0	0	0	0	0	0.0	0.0	0.2743161	2.0	0.0	0.0	0	0	0	0	0	0	0	0	0	0	0	0
7:112500000	2	0	0	1	0	0	1	0	1	0	0	0	0	4.0	6.0	0.41944999	1.0	2.0	0.0	0	0	0	0	0	0	0	0	0	0	0	0
7:113000000	1	0	0	0	0	0	0	0	0	0	0	0	0	0.0	0.0	0.20274879	1.0	0.0	0.0	0	0	0	0	0	0	0	0	0	0	0	0
7:116000000	1	0	0	0	0	0	0	0	0	0	0	0	0	0.0	0.0	0.2794069	5.0	0.0	0.0	0	0	0	0	0	0	0	0	0	0	0	0
7:116500000	2	1	1	1	0	0	1	0	0	1	0	0	0	5.0	8.0	0.35906535	2.0	2.0	1.0	1	0	1	1	0	0	0	0	0	0	1	0
7:117000000	1	1	1	1	0	0	1	0	0	0	0	1	0	3.0	4.0	0.21799901	2.0	1.0	1.0	1	0	1	1	0	0	0	0	0	0	0	0
7:118000000	2	0	0	0	0	0	0	0	0	0	0	0	0	0.0	0.0	0.21332717	3.0	0.0	0.0	0	0	0	0	0	0	0	0	0	0	0	0
7:12000000	1	0	0	0	0	0	0	0	0	0	0	0	0	0.0	0.0	0.22806232	2.0	0.0	0.0	0	0	0	0	0	0	0	0	0	0	0	0
7:121000000	1	1	1	0	1	0	0	1	0	1	0	0	0	5.0	10.0	0.14599815	3.0	2.0	1.0	0	0	0	0	0	0	0	0	0	0	1	0
7:123000000	1	0	0	0	0	0	0	0	0	0	0	0	0	0.0	0.0	0.18442062	6.0	0.0	0.0	0	0	0	0	0	0	0	0	0	0	0	0
7:125000000	2	0	0	0	0	0	0	0	0	0	0	0	0	0.0	0.0	0.24090523	3.0	0.0	0.0	0	0	0	0	0	0	0	0	0	0	0	0
7:126500000	1	0	0	0	0	0	0	0	0	0	0	0	0	0.0	0.0	0.22525623	1.0	0.0	0.0	0	0	0	0	0	0	0	0	0	0	0	0
7:128500000	2	1	1	1	0	0	1	0	1	0	0	0	0	4.0	7.0	0.21550769	3.0	9.0	1.0	0	0	0	0	0	0	0	0	0	0	0	0
7:129000000	6	0	0	1	0	0	1	0	1	0	0	1	0	7.0	9.0	0.24722822	2.0	4.0	0.0	0	0	0	0	0	0	0	0	0	0	1	1
7:129500000	1	0	0	0	0	0	0	0	0	0	0	0	0	0.0	0.0	0.21452601	2.0	0.0	0.0	0	0	0	0	0	0	0	0	0	0	0	0
7:130000000	2	2	1	1	0	0	0	1	0	0	0	0	1	9.0	21.0	0.25664318	2.0	7.0	1.0	0	0	0	0	0	0	0	0	0	0	1	1
7:130500000	3	2	1	1	1	0	0	1	0	1	1	0	0	5.0	12.0	0.29468572	5.0	1.0	1.0	0	0	0	0	0	0	0	0	0	0	1	0
7:133000000	1	0	0	0	0	0	0	0	0	0	0	0	0	0.0	0.0	0.22712356	1.0	0.0	0.0	0	0	0	0	0	0	0	0	0	0	0	0
7:133500000	2	0	0	0	0	0	0	0	0	0	0	0	0	0.0	0.0	0.37856227	2.0	0.0	0.0	0	0	0	0	0	0	0	0	0	0	0	0
7:134000000	1	0	0	0	0	0	0	0	0	0	0	0	0	0.0	0.0	0.29741153	3.0	0.0	0.0	0	0	0	0	0	0	0	0	0	0	0	0
7:135000000	2	0	0	0	0	0	0	0	0	0	0	0	0	0.0	0.0	0.29066166	4.0	0.0	0.0	0	0	0	0	0	0	0	0	0	0	0	0
7:135500000	1	0	0	0	0	0	0	0	0	0	0	0	0	0.0	0.0	0.34174767	1.0	0.0	0.0	0	0	0	0	0	0	0	0	0	0	0	0
7:137500000	2	0	0	0	0	0	0	0	0	0	0	0	0	0.0	0.0	0.3118463	1.0	0.0	0.0	0	0	0	0	0	0	0	0	0	0	0	0
7:141500000	2	2	1	1	0	0	0	1	0	1	0	0	0	8.0	14.0	0.2955461	16.0	3.0	2.0	0	0	0	0	0	0	0	0	0	0	1	1
7:142500000	2	1	1	1	0	0	1	0	1	0	0	0	0	5.0	7.0	0.25387642	4.0	5.0	1.0	0	0	0	0	0	0	0	0	0	0	1	0
7:143000000	6	1	1	1	0	0	1	0	1	0	0	1	0	4.0	4.0	0.25753868	4.0	9.0	1.0	0	0	0	0	0	0	0	0	0	0	0	0
7:143500000	13	5	1	1	0	0	1	1	1	1	1	1	0	6.0	18.0	0.45492703	11.0	1.0	1.0	0	0	0	0	0	0	0	0	0	0	1	1
7:144000000	1	0	0	0	0	0	0	0	0	0	0	0	0	0.0	0.0	0.39214844	3.0	0.0	0.0	0	0	0	0	0	0	0	0	0	0	0	0
7:144500000	1	0	0	1	0	0	1	0	0	0	0	1	0	3.0	4.0	0.24227396	2.0	1.0	0.0	1	1	0	0	0	0	0	0	0	0	0	0
7:1500000	2	1	1	1	0	0	1	0	0	0	1	1	0	3.0	4.0	0.3089818	3.0	13.0	1.0	0	0	0	0	0	0	1	1	0	0	0	0
7:150500000	2	1	1	1	0	0	1	0	1	1	0	0	0	5.0	8.0	0.35089093	6.0	10.0	3.0	1	0	0	0	0	0	0	0	0	0	1	0
7:15500000	3	1	1	1	0	0	1	1	1	0	0	0	1	7.0	12.0	0.2160491	1.0	1.0	1.0	0	0	0	0	0	0	0	0	0	0	1	1
7:155000000	2	1	1	0	1	0	0	1	0	1	0	0	0	8.0	13.0	0.15042229	6.0	13.0	1.0	0	0	0	0	0	0	0	0	0	0	1	1
7:155500000	1	0	0	0	0	0	0	0	0	0	0	0	0	0.0	0.0	0.47347876	2.0	0.0	0.0	0	0	0	0	0	0	0	0	0	0	0	0
7:156500000	1	0	0	0	0	0	0	0	0	0	0	0	0	0.0	0.0	0.31492168	1.0	0.0	0.0	0	0	0	0	0	0	0	0	0	0	0	0
7:158000000	1	1	1	0	1	0	0	1	0	0	0	1	0	3.0	11.0	0.1681731	2.0	2.0	1.0	0	0	0	0	0	0	0	0	0	0	0	0
7:159000000	1	0	0	0	0	0	0	0	0	0	0	0	0	0.0	0.0	0.23975082	2.0	0.0	0.0	0	0	0	0	0	0	0	0	0	0	0	0
7:2000000	6	3	1	1	1	0	1	1	1	0	1	1	0	5.0	10.0	0.28793693	3.0	10.0	2.0	1	1	1	1	1	0	0	1	0	0	1	0
7:2500000	1	0	0	1	0	0	1	0	0	1	0	0	0	4.0	5.0	0.20832807	1.0	2.0	0.0	1	1	0	0	0	0	0	0	0	0	0	0
7:27000000	1	1	1	0	1	0	0	1	0	1	0	0	0	7.0	18.0	0.17790943	5.0	4.0	2.0	1	0	0	0	0	0	0	0	0	0	1	1
7:27500000	1	0	0	0	0	0	0	0	0	0	0	0	0	0.0	0.0	0.20166586	1.0	0.0	0.0	0	0	0	0	0	0	0	0	0	0	0	0
7:30500000	1	0	0	0	1	0	0	1	0	0	0	0	1	7.0	11.0	0.162087	9.0	7.0	0.0	0	0	0	0	0	0	0	0	0	0	1	1
7:32500000	2	0	0	0	0	0	0	0	0	0	0	0	0	0.0	0.0	0.3369119	9.0	0.0	0.0	0	0	0	0	0	0	0	0	0	0	0	0
7:34000000	1	0	0	0	0	0	0	0	0	0	0	0	0	0.0	0.0	0.13221493	1.0	0.0	0.0	0	0	0	0	0	0	0	0	0	0	0	0
7:35000000	1	1	1	1	0	0	1	0	0	0	0	1	0	3.0	4.0	0.23433435	3.0	2.0	2.0	1	0	1	1	1	0	0	1	0	0	0	0
7:35500000	1	0	0	1	0	0	1	0	1	0	0	0	0	4.0	8.0	0.41412643	1.0	2.0	0.0	0	0	0	0	0	0	0	0	0	0	0	0
7:39500000	2	0	0	1	0	0	1	1	0	0	1	1	0	3.0	10.0	0.23996691	2.0	1.0	0.0	1	1	0	0	0	0	0	0	0	0	0	0
7:42500000	1	0	0	1	0	0	0	1	0	0	0	1	0	4.0	10.0	0.207734	1.0	2.0	0.0	0	0	0	0	0	0	0	0	0	0	0	0
7:44000000	2	1	1	1	0	0	1	0	1	0	0	0	0	4.0	5.0	0.25440446	2.0	3.0	1.0	1	0	0	0	0	0	0	0	0	0	0	0
7:44500000	5	3	1	1	0	0	1	1	1	0	0	0	0	8.0	12.0	0.31022727	9.0	13.0	6.0	1	1	1	1	1	1	1	1	1	1	1	1
7:4500000	3	2	1	1	0	0	1	1	1	0	0	1	0	5.0	11.0	0.27408615	4.0	5.0	1.0	1	1	1	1	1	0	1	1	1	1	1	0
7:5000000	2	0	0	0	0	0	0	0	0	0	0	0	0	0.0	0.0	0.21750298	1.0	0.0	0.0	0	0	0	0	0	0	0	0	0	0	0	0
7:50000000	1	1	1	1	0	0	0	1	0	0	1	0	0	3.0	10.0	0.23944183	3.0	1.0	1.0	1	0	1	1	0	0	0	0	0	0	0	0
7:51000000	2	1	1	1	0	0	1	0	0	1	0	0	0	5.0	6.0	0.26874703	1.0	1.0	1.0	0	0	0	0	0	0	0	0	0	0	1	0
7:5500000	3	2	1	1	0	0	0	1	1	0	0	1	0	7.0	12.0	0.31220675	7.0	6.0	3.0	0	0	0	0	0	0	0	0	0	0	1	1
7:55500000	3	3	1	1	0	0	1	0	1	0	0	1	0	4.0	7.0	0.42871657	9.0	3.0	1.0	1	1	1	1	1	0	0	1	0	0	0	0
7:56000000	1	0	0	0	0	0	0	0	0	0	0	0	0	0.0	0.0	0.20933421	4.0	0.0	0.0	0	0	0	0	0	0	0	0	0	0	0	0
7:57500000	1	0	0	0	0	0	0	0	0	0	0	0	0	0.0	0.0	0.20003009	5.0	0.0	0.0	0	0	0	0	0	0	0	0	0	0	0	0
7:6000000	2	1	1	1	0	0	1	1	1	1	0	0	0	6.0	13.0	0.34624386	7.0	7.0	3.0	1	0	0	0	0	0	0	0	0	0	1	1
7:64500000	2	0	0	1	0	0	1	1	1	0	0	1	0	4.0	12.0	0.2650536	6.0	1.0	0.0	1	0	0	0	0	0	0	0	0	0	0	0
7:6500000	2	0	0	1	0	0	1	1	1	0	0	0	1	11.0	26.0	0.42141953	7.0	1.0	0.0	1	0	0	0	0	0	0	0	0	0	1	1
7:65500000	6	3	1	1	0	0	1	1	1	1	0	0	0	8.0	23.0	0.36613286	33.0	12.0	8.0	1	1	1	1	1	0	0	1	0	0	1	1
7:72500000	1	1	1	1	0	0	0	1	0	0	0	1	0	2.0	10.0	0.39382738	6.0	2.0	1.0	0	0	0	0	0	0	0	0	0	0	0	0
7:73000000	1	0	0	0	0	0	0	0	0	0	0	0	0	0.0	0.0	0.27349728	2.0	0.0	0.0	0	0	0	0	0	0	0	0	0	0	0	0
7:73500000	4	2	1	1	1	0	1	1	1	0	1	0	0	6.0	10.0	0.25026548	8.0	18.0	3.0	1	0	1	1	1	0	0	1	0	0	1	1
7:74000000	10	2	1	1	0	0	1	1	1	0	0	0	0	7.0	12.0	0.3032324	4.0	7.0	1.0	1	0	1	1	1	0	0	1	0	0	1	1
7:74500000	4	1	1	1	0	0	0	1	0	1	0	0	0	6.0	13.0	0.35947543	15.0	1.0	1.0	1	0	0	0	1	0	0	1	0	0	1	1
7:75000000	1	0	0	0	0	0	0	0	0	0	0	0	0	0.0	0.0	0.26521218	9.0	0.0	0.0	0	0	0	0	0	0	0	0	0	0	0	0
7:75500000	3	3	1	1	0	0	0	1	1	0	1	0	1	8.0	23.0	0.303212	9.0	9.0	4.0	1	0	0	0	0	0	1	1	0	0	1	1
7:76000000	2	0	0	0	0	0	0	0	0	0	0	0	0	0.0	0.0	0.30151486	15.0	0.0	0.0	0	0	0	0	0	0	0	0	0	0	0	0
7:76500000	2	0	0	0	0	0	0	0	0	0	0	0	0	0.0	0.0	0.23532696	15.0	0.0	0.0	0	0	0	0	0	0	0	0	0	0	0	0
7:77000000	5	0	0	0	0	0	0	0	0	0	0	0	0	0.0	0.0	0.35829386	12.0	0.0	0.0	0	0	0	0	0	0	0	0	0	0	0	0
7:84000000	1	0	0	0	0	0	0	0	0	0	0	0	0	0.0	0.0	0.22090492	1.0	0.0	0.0	0	0	0	0	0	0	0	0	0	0	0	0
7:87500000	1	0	0	1	0	0	0	1	0	0	0	0	1	8.0	16.0	0.30300695	1.0	1.0	0.0	0	0	0	0	0	0	0	0	0	0	1	1
7:88000000	1	0	0	0	0	0	0	0	0	0	0	0	0	0.0	0.0	0.2602225	2.0	0.0	0.0	0	0	0	0	0	0	0	0	0	0	0	0
7:91500000	1	0	0	0	0	0	0	0	0	0	0	0	0	0.0	0.0	0.14503102	2.0	0.0	0.0	0	0	0	0	0	0	0	0	0	0	0	0
7:92500000	1	0	0	1	0	0	1	0	1	0	0	0	0	4.0	5.0	0.208064	3.0	1.0	0.0	0	0	0	0	0	0	0	0	0	0	0	0
7:96500000	2	0	0	1	0	0	0	1	0	0	0	1	0	4.0	12.0	0.27212566	2.0	3.0	0.0	0	0	0	0	0	0	0	0	0	0	0	0
7:98000000	1	1	1	1	0	0	1	0	0	1	0	0	0	4.0	7.0	0.30132598	3.0	1.0	1.0	0	0	0	0	0	0	0	0	0	0	0	0
7:98500000	2	1	1	1	0	0	1	0	1	0	0	0	0	5.0	9.0	0.23238145	6.0	1.0	1.0	0	0	0	0	0	0	0	0	0	0	1	0
7:99000000	1	0	0	0	0	0	0	0	0	0	0	0	0	0.0	0.0	0.2254433	2.0	0.0	0.0	0	0	0	0	0	0	0	0	0	0	0	0
7:99500000	1	0	0	0	0	0	0	0	0	0	0	0	0	0.0	0.0	0.2122044	10.0	0.0	0.0	0	0	0	0	0	0	0	0	0	0	0	0
8:102000000	1	0	0	0	1	0	0	1	1	0	0	0	0	5.0	12.0	0.19500692	3.0	2.0	0.0	1	1	0	0	0	0	0	0	0	0	1	0
8:102500000	1	0	0	1	0	0	1	0	0	0	0	1	0	3.0	3.0	0.21109553	2.0	1.0	0.0	0	0	0	0	0	0	0	0	0	0	0	0
8:103000000	1	1	1	1	0	0	0	1	0	0	0	1	0	3.0	13.0	0.3079376	7.0	5.0	4.0	0	0	0	0	0	0	0	0	0	0	0	0
8:11000000	1	1	1	1	0	0	1	0	1	0	0	0	0	4.0	9.0	0.27014324	14.0	4.0	2.0	1	1	1	1	1	0	0	1	0	0	0	0
8:112000000	1	0	0	0	0	0	0	0	0	0	0	0	0	0.0	0.0	0.30097124	1.0	0.0	0.0	0	0	0	0	0	0	0	0	0	0	0	0
8:119000000	1	0	0	0	0	0	0	0	0	0	0	0	0	0.0	0.0	0.3128272	2.0	0.0	0.0	0	0	0	0	0	0	0	0	0	0	0	0
8:119500000	2	2	1	0	1	0	0	1	1	0	0	0	0	6.0	10.0	0.19048919	5.0	1.0	1.0	1	1	1	0	0	0	0	0	0	0	1	1
8:120000000	1	0	0	0	0	0	0	0	0	0	0	0	0	0.0	0.0	0.19365527	3.0	0.0	0.0	0	0	0	0	0	0	0	0	0	0	0	0
8:123000000	1	0	0	1	0	0	1	0	0	1	0	0	0	5.0	8.0	0.29593238	2.0	18.0	0.0	0	0	0	0	0	0	0	0	0	0	1	0
8:124000000	3	2	1	1	0	0	1	0	1	0	0	0	0	6.0	9.0	0.26037976	4.0	1.0	1.0	0	0	0	0	0	0	0	0	0	0	1	1
8:125000000	1	0	0	0	0	0	0	0	0	0	0	0	0	0.0	0.0	0.16554606	2.0	0.0	0.0	0	0	0	0	0	0	0	0	0	0	0	0
8:130000000	1	0	0	1	0	0	1	0	0	1	0	0	0	4.0	8.0	0.36388987	2.0	1.0	0.0	0	0	0	0	0	0	0	0	0	0	0	0
8:131500000	1	0	0	0	0	0	0	0	0	0	0	0	0	0.0	0.0	0.21797207	1.0	0.0	0.0	0	0	0	0	0	0	0	0	0	0	0	0
8:132500000	1	0	0	0	0	0	0	0	0	0	0	0	0	0.0	0.0	0.33209503	1.0	0.0	0.0	0	0	0	0	0	0	0	0	0	0	0	0
8:140000000	4	3	1	1	0	0	1	1	1	0	1	0	0	7.0	13.0	0.38299578	2.0	2.0	1.0	0	0	0	0	0	0	0	0	0	0	1	1
8:141000000	2	0	0	1	0	0	1	1	1	0	0	0	0	6.0	14.0	0.30121282	2.0	10.0	0.0	1	1	0	0	0	0	0	0	0	0	1	1
8:142000000	2	0	0	0	0	0	0	0	0	0	0	0	0	0.0	0.0	0.22153684	2.0	0.0	0.0	0	0	0	0	0	0	0	0	0	0	0	0
8:142500000	1	0	0	0	0	0	0	0	0	0	0	0	0	0.0	0.0	0.24768133	1.0	0.0	0.0	0	0	0	0	0	0	0	0	0	0	0	0
8:143000000	4	2	1	1	0	0	1	1	1	0	0	0	0	5.0	11.0	0.2820806	9.0	7.0	1.0	1	1	0	0	1	0	0	1	0	0	1	0
8:143500000	12	7	1	1	0	0	1	1	1	0	0	0	1	9.0	19.0	0.41892833	11.0	24.0	5.0	1	1	1	1	1	0	0	1	0	0	1	1
8:144000000	6	3	1	1	0	0	1	1	1	0	1	1	0	6.0	10.0	0.39817187	11.0	21.0	4.0	1	1	1	1	1	1	0	1	1	1	1	1
8:144500000	5	2	1	1	0	0	1	1	1	0	0	0	0	6.0	12.0	0.31531328	17.0	23.0	2.0	0	0	0	0	0	0	0	0	0	0	1	1
8:16000000	1	0	0	0	0	0	0	0	0	0	0	0	0	0.0	0.0	0.20643345	1.0	0.0	0.0	0	0	0	0	0	0	0	0	0	0	0	0
8:17000000	2	0	0	1	0	0	1	0	1	0	0	0	0	4.0	4.0	0.25221986	1.0	2.0	0.0	0	0	0	0	0	0	0	0	0	0	0	0
8:22000000	4	2	1	1	1	0	1	1	1	1	0	0	0	6.0	12.0	0.34623414	4.0	10.0	1.0	1	0	0	0	0	0	0	0	0	0	1	1
8:22500000	1	1	1	1	0	0	0	1	0	0	1	0	0	4.0	12.0	0.30657485	2.0	10.0	2.0	0	0	0	0	0	0	0	0	0	0	0	0
8:23000000	1	1	1	1	0	0	1	0	1	0	0	0	0	4.0	5.0	0.23397548	3.0	1.0	1.0	1	0	0	0	1	0	0	1	0	0	0	0
8:28000000	3	1	1	1	0	0	1	1	1	1	0	1	0	5.0	13.0	0.3351294	3.0	19.0	3.0	1	1	1	1	1	0	0	1	0	0	1	0
8:28500000	3	1	1	1	1	0	1	1	1	1	1	0	0	5.0	10.0	0.2534697	2.0	27.0	1.0	0	0	0	0	0	0	0	0	0	0	1	0
8:29000000	3	2	1	1	0	0	1	0	0	1	1	1	0	5.0	9.0	0.2940323	1.0	6.0	1.0	0	0	0	0	0	0	0	0	0	0	1	0
8:30500000	1	0	0	1	0	0	0	1	0	0	0	1	0	4.0	11.0	0.2670688	1.0	24.0	0.0	0	0	0	0	0	0	0	0	0	0	0	0
8:31000000	1	0	0	0	0	0	0	0	0	0	0	0	0	0.0	0.0	0.34773767	1.0	0.0	0.0	0	0	0	0	0	0	0	0	0	0	0	0
8:33000000	1	1	1	1	0	0	0	1	0	1	0	0	0	7.0	10.0	0.20569615	1.0	4.0	1.0	0	0	0	0	0	0	0	0	0	0	1	1
8:33500000	1	0	0	0	0	0	0	0	0	0	0	0	0	0.0	0.0	0.22189704	1.0	0.0	0.0	0	0	0	0	0	0	0	0	0	0	0	0
8:37500000	4	3	1	1	1	0	0	1	1	0	1	0	1	7.0	11.0	0.21683018	2.0	19.0	1.0	0	0	0	0	0	1	0	1	0	0	1	1
8:39000000	1	1	1	1	0	0	0	1	0	0	0	1	0	3.0	11.0	0.29418537	2.0	1.0	1.0	0	0	0	0	0	0	0	0	0	0	0	0
8:41000000	1	1	1	1	0	0	1	0	0	1	0	0	0	4.0	9.0	0.2150368	2.0	19.0	1.0	1	1	0	0	1	0	0	1	0	0	0	0
8:41500000	1	1	1	1	0	0	0	1	0	0	0	1	0	4.0	11.0	0.2132923	1.0	2.0	1.0	1	0	1	1	0	0	0	0	0	0	0	0
8:42000000	1	1	1	1	0	0	0	1	0	0	0	0	1	10.0	15.0	0.28348807	2.0	3.0	2.0	1	1	1	1	1	0	0	1	0	0	1	1
8:42500000	2	1	1	1	0	0	0	1	1	0	0	0	0	7.0	21.0	0.48303956	2.0	1.0	1.0	0	0	0	0	0	0	0	0	0	0	1	1
8:43000000	3	3	1	1	0	0	1	0	1	0	1	0	0	6.0	6.0	0.236963	4.0	5.0	2.0	0	0	0	0	0	0	0	0	0	0	1	1
8:46000000	1	0	0	0	0	0	0	0	0	0	0	0	0	0.0	0.0	0.26162547	5.0	0.0	0.0	0	0	0	0	0	0	0	0	0	0	0	0
8:47500000	9	4	1	1	0	0	1	1	1	1	1	0	0	7.0	11.0	0.29243186	6.0	2.0	1.0	1	1	1	1	1	1	0	1	1	1	1	1
8:48000000	3	1	1	1	1	0	1	1	0	1	1	0	0	7.0	12.0	0.22284539	3.0	7.0	1.0	0	0	0	0	0	0	0	0	0	0	1	1
8:48500000	3	1	1	1	0	0	1	1	1	1	0	0	0	5.0	12.0	0.37805632	3.0	6.0	1.0	1	1	0	0	0	0	0	0	0	0	1	0
8:500000	3	0	0	0	0	0	0	0	0	0	0	0	0	0.0	0.0	0.35188115	2.0	0.0	0.0	0	0	0	0	0	0	0	0	0	0	0	0
8:51500000	2	2	1	1	0	0	1	1	0	1	1	0	0	4.0	10.0	0.46570536	4.0	1.0	1.0	1	1	1	1	1	0	0	1	0	0	0	0
8:52500000	1	0	0	1	0	0	0	1	1	0	0	0	0	5.0	13.0	0.3283074	1.0	1.0	0.0	0	0	0	0	0	0	0	0	0	0	1	0
8:53500000	3	1	1	1	0	0	1	1	1	0	1	0	1	7.0	12.0	0.21959788	3.0	2.0	1.0	1	0	0	0	0	0	0	0	0	0	1	1
8:54000000	1	1	1	1	0	0	1	0	0	0	1	0	0	3.0	3.0	0.26511773	3.0	16.0	2.0	0	0	0	0	0	0	0	0	0	0	0	0
8:56000000	1	1	1	1	0	0	0	1	0	0	0	1	0	4.0	12.0	0.3269115	1.0	4.0	1.0	1	0	1	1	0	0	0	0	0	0	0	0
8:57000000	1	0	0	1	0	0	1	0	1	0	0	0	0	5.0	9.0	0.20099661	3.0	2.0	0.0	0	0	0	0	0	0	0	0	0	0	1	0
8:58500000	1	0	0	0	0	0	0	0	0	0	0	0	0	0.0	0.0	0.14842017	3.0	0.0	0.0	0	0	0	0	0	0	0	0	0	0	0	0
8:60000000	1	0	0	1	0	0	1	0	1	0	0	0	0	4.0	4.0	0.20014448	2.0	1.0	0.0	0	0	0	0	0	0	0	0	0	0	0	0
8:62500000	1	0	0	0	0	0	0	0	0	0	0	0	0	0.0	0.0	0.23838727	1.0	0.0	0.0	0	0	0	0	0	0	0	0	0	0	0	0
8:65500000	1	0	0	1	0	0	0	1	1	0	0	0	0	7.0	10.0	0.23163822	1.0	2.0	0.0	0	0	0	0	0	0	0	0	0	0	1	1
8:66000000	1	0	0	0	0	0	0	0	0	0	0	0	0	0.0	0.0	0.25949895	1.0	0.0	0.0	0	0	0	0	0	0	0	0	0	0	0	0
8:66500000	2	2	1	1	0	0	1	1	0	0	1	0	0	4.0	11.0	0.41916138	3.0	7.0	1.0	1	0	0	0	0	0	0	0	0	0	0	0
8:67000000	2	2	1	1	0	0	1	1	1	0	1	0	0	7.0	15.0	0.34546697	3.0	1.0	1.0	1	1	1	1	0	0	0	0	0	0	1	1
8:73000000	2	0	0	0	1	0	0	1	0	1	1	0	0	6.0	12.0	0.14959323	3.0	2.0	0.0	0	0	0	0	0	0	0	0	0	0	1	1
8:73500000	1	1	1	1	0	0	0	1	1	0	0	0	0	9.0	13.0	0.33149546	3.0	4.0	2.0	0	0	0	0	0	0	0	0	0	0	1	1
8:79500000	1	1	1	1	0	0	0	1	1	0	0	0	0	7.0	12.0	0.30930957	3.0	1.0	1.0	1	1	1	0	0	0	0	0	0	0	1	1
8:80000000	1	1	1	1	0	0	0	1	0	0	0	1	0	4.0	11.0	0.32509777	2.0	5.0	1.0	0	0	0	0	0	0	0	0	0	0	0	0
8:81000000	1	1	1	1	0	0	0	1	0	0	1	0	0	6.0	10.0	0.39424363	3.0	3.0	1.0	1	0	0	0	0	0	0	0	0	0	1	1
8:81500000	4	0	0	1	0	0	1	1	0	1	1	0	0	4.0	13.0	0.27443677	3.0	1.0	0.0	0	0	0	0	0	0	0	0	0	0	0	0
8:82000000	1	0	0	0	0	0	0	0	0	0	0	0	0	0.0	0.0	0.22480708	1.0	0.0	0.0	0	0	0	0	0	0	0	0	0	0	0	0
8:84500000	3	0	0	1	0	0	1	0	0	0	0	1	0	3.0	4.0	0.21055087	9.0	3.0	0.0	1	1	0	0	0	0	0	0	0	0	0	0
8:85000000	1	0	0	0	0	0	0	0	0	0	0	0	0	0.0	0.0	0.20157035	7.0	0.0	0.0	0	0	0	0	0	0	0	0	0	0	0	0
8:85500000	6	5	1	1	0	0	1	1	1	1	0	1	0	6.0	10.0	0.29625416	9.0	6.0	3.0	0	0	0	0	0	0	1	1	0	0	1	1
8:88000000	1	0	0	0	0	0	0	0	0	0	0	0	0	0.0	0.0	0.23184988	1.0	0.0	0.0	0	0	0	0	0	0	0	0	0	0	0	0
8:91500000	1	0	0	0	0	0	0	0	0	0	0	0	0	0.0	0.0	0.22810386	1.0	0.0	0.0	0	0	0	0	0	0	0	0	0	0	0	0
8:92500000	2	1	1	1	0	0	0	1	0	0	1	0	0	6.0	14.0	0.29738727	2.0	8.0	1.0	0	0	0	0	0	0	0	0	0	0	1	1
8:93500000	2	1	1	1	0	0	0	1	1	0	1	0	0	6.0	12.0	0.33080122	5.0	3.0	1.0	1	0	0	0	0	0	0	0	0	0	1	1
8:94500000	2	1	1	1	0	0	1	0	1	0	0	0	0	4.0	7.0	0.31902853	4.0	1.0	1.0	0	0	0	0	0	0	0	0	0	0	0	0
8:95000000	1	1	1	1	0	0	1	0	0	0	0	1	0	3.0	3.0	0.38314867	1.0	2.0	1.0	0	0	0	0	0	0	0	0	0	0	0	0
8:96500000	1	0	0	0	0	0	0	0	0	0	0	0	0	0.0	0.0	0.22741792	1.0	0.0	0.0	0	0	0	0	0	0	0	0	0	0	0	0
8:97000000	1	0	0	1	0	0	1	0	0	0	0	1	0	4.0	5.0	0.3893084	1.0	1.0	0.0	0	0	0	0	0	0	0	0	0	0	0	0
8:97500000	1	0	0	1	0	0	1	0	0	0	0	1	0	3.0	4.0	0.23760854	1.0	1.0	0.0	0	0	0	0	0	0	0	0	0	0	0	0
8:98000000	1	1	1	1	0	0	1	0	0	0	0	1	0	3.0	4.0	0.2947485	2.0	1.0	1.0	0	0	0	0	0	1	0	1	0	0	0	0
8:98500000	3	1	1	1	0	0	1	0	1	0	0	0	0	5.0	6.0	0.30630332	2.0	1.0	1.0	1	0	0	0	0	0	0	0	0	0	1	0
8:99500000	1	0	0	0	0	0	0	0	0	0	0	0	0	0.0	0.0	0.2510921	2.0	0.0	0.0	0	0	0	0	0	0	0	0	0	0	0	0
9:0	1	0	0	0	0	0	0	0	0	0	0	0	0	0.0	0.0	0.44922286	6.0	0.0	0.0	0	0	0	0	0	0	0	0	0	0	0	0
9:100000000	2	1	1	1	0	0	1	0	0	0	0	1	0	4.0	5.0	0.28623474	3.0	2.0	1.0	0	0	0	0	0	0	0	0	0	0	0	0
9:100500000	1	0	0	1	0	0	1	0	0	0	0	1	0	3.0	3.0	0.21826613	1.0	3.0	0.0	0	0	0	0	0	0	0	0	0	0	0	0
9:101000000	1	0	0	1	0	0	1	0	0	0	1	0	0	3.0	4.0	0.20061487	1.0	3.0	0.0	0	0	0	0	0	0	0	0	0	0	0	0
9:101500000	1	0	0	0	0	0	0	0	0	0	0	0	0	0.0	0.0	0.21433842	2.0	0.0	0.0	0	0	0	0	0	0	0	0	0	0	0	0
9:104000000	1	0	0	0	0	0	0	0	0	0	0	0	0	0.0	0.0	0.33460352	2.0	0.0	0.0	0	0	0	0	0	0	0	0	0	0	0	0
9:109000000	1	0	0	1	0	0	1	0	1	0	0	0	0	4.0	4.0	0.23611382	1.0	4.0	0.0	1	1	0	0	0	0	0	0	0	0	0	0
9:111000000	1	1	1	0	1	0	0	1	0	0	1	0	0	6.0	10.0	0.14814708	1.0	1.0	1.0	0	0	0	0	0	0	0	0	0	0	1	1
9:112000000	1	1	1	1	0	0	1	0	0	0	0	1	0	3.0	4.0	0.21635497	5.0	17.0	3.0	1	1	1	0	0	0	0	0	0	0	0	0
9:112500000	2	2	1	1	0	0	1	1	1	0	1	0	0	4.0	11.0	0.4964194	3.0	14.0	2.0	0	0	0	0	0	0	0	0	0	0	0	0
9:113000000	1	1	1	0	1	0	0	1	0	0	0	1	0	3.0	11.0	0.18381692	3.0	1.0	1.0	1	1	1	1	1	0	0	1	0	0	0	0
9:113500000	2	2	1	1	0	0	1	0	0	1	0	0	0	7.0	7.0	0.24564642	3.0	1.0	1.0	1	1	1	1	1	0	0	1	0	0	1	1
9:114500000	1	0	0	1	0	0	1	0	0	1	0	0	0	4.0	4.0	0.36602172	1.0	8.0	0.0	0	0	0	0	0	0	0	0	0	0	0	0
9:115000000	1	1	1	1	0	0	1	0	0	0	1	0	0	4.0	7.0	0.25081745	2.0	1.0	1.0	0	0	0	0	0	0	0	0	0	0	0	0
9:120500000	2	0	0	0	0	0	0	0	0	0	0	0	0	0.0	0.0	0.25459558	3.0	0.0	0.0	0	0	0	0	0	0	0	0	0	0	0	0
9:121000000	1	0	0	1	0	0	1	0	0	1	0	0	0	5.0	6.0	0.23980036	2.0	2.0	0.0	0	0	0	0	0	0	0	0	0	0	1	0
9:121500000	2	0	0	1	0	0	1	0	0	0	1	1	0	3.0	4.0	0.23914151	1.0	3.0	0.0	1	0	0	0	0	0	0	0	0	0	0	0
9:122500000	1	1	1	0	1	0	0	1	1	0	0	0	0	6.0	11.0	0.17332315	2.0	4.0	1.0	1	1	1	1	1	0	0	1	0	0	1	1
9:123000000	1	1	1	1	0	0	0	1	0	0	1	0	0	3.0	10.0	0.37289312	3.0	1.0	1.0	1	1	1	1	0	0	0	0	0	0	0	0
9:124000000	1	0	0	0	1	0	0	1	0	0	1	0	0	6.0	10.0	0.14190319	1.0	2.0	0.0	0	0	0	0	0	0	0	0	0	0	1	1
9:125000000	3	2	1	1	1	0	1	1	1	0	1	1	0	5.0	11.0	0.26282904	6.0	3.0	2.0	0	0	0	0	0	0	0	0	0	0	1	0
9:125500000	1	0	0	0	0	0	0	0	0	0	0	0	0	0.0	0.0	0.20031711	1.0	0.0	0.0	0	0	0	0	0	0	0	0	0	0	0	0
9:126500000	1	0	0	1	0	0	0	1	1	0	0	0	0	7.0	12.0	0.32879508	2.0	3.0	0.0	0	0	0	0	0	0	0	0	0	0	1	1
9:127000000	1	1	1	1	0	0	1	0	0	1	0	0	0	8.0	9.0	0.20654325	5.0	7.0	4.0	0	0	0	0	0	0	0	0	0	0	1	1
9:127500000	5	3	1	1	0	0	1	1	1	0	1	1	0	6.0	11.0	0.23713364	6.0	11.0	3.0	1	1	1	1	1	1	0	1	1	1	1	1
9:128000000	1	1	1	1	0	0	0	1	0	0	1	0	0	4.0	11.0	0.2807361	8.0	3.0	2.0	1	0	1	1	1	0	0	1	0	0	0	0
9:128500000	3	2	1	1	0	0	1	1	1	1	0	0	0	5.0	11.0	0.4726519	7.0	13.0	1.0	0	0	0	0	0	0	0	0	0	0	1	0
9:129500000	4	3	1	1	0	0	1	1	1	0	0	0	0	5.0	12.0	0.28369102	5.0	11.0	1.0	0	0	0	0	0	0	0	0	0	0	1	0
9:13000000	3	0	0	0	0	0	0	0	0	0	0	0	0	0.0	0.0	0.2899473	3.0	0.0	0.0	0	0	0	0	0	0	0	0	0	0	0	0
9:130000000	1	0	0	0	0	0	0	0	0	0	0	0	0	0.0	0.0	0.20668027	1.0	0.0	0.0	0	0	0	0	0	0	0	0	0	0	0	0
9:131000000	1	1	1	1	0	0	1	0	0	0	0	1	0	3.0	3.0	0.2373248	3.0	1.0	1.0	1	1	1	0	1	0	0	1	0	0	0	0
9:133000000	1	1	1	1	0	0	1	0	1	0	0	0	0	4.0	8.0	0.22487718	8.0	14.0	6.0	0	0	0	0	0	1	0	1	0	0	0	0
9:134000000	1	1	1	1	0	0	1	0	1	0	0	0	0	6.0	7.0	0.27638552	1.0	1.0	1.0	1	0	0	0	0	0	0	0	0	0	1	1
9:136000000	2	0	0	1	1	0	0	1	0	0	1	1	0	6.0	10.0	0.2965456	3.0	3.0	0.0	1	1	0	0	0	0	0	0	0	0	1	1
9:136500000	12	6	1	1	1	0	1	1	1	0	1	1	0	6.0	11.0	0.3336941	18.0	20.0	6.0	1	1	1	1	1	0	0	1	0	0	1	1
9:137000000	12	7	1	1	0	0	1	1	1	0	1	1	0	11.0	42.0	0.38565287	7.0	24.0	3.0	1	1	0	0	0	0	0	0	0	0	1	1
9:137500000	4	0	0	1	0	0	1	0	0	0	0	1	0	4.0	6.0	0.33319283	6.0	1.0	0.0	0	0	0	0	0	0	0	0	0	0	0	0
9:18000000	1	0	0	1	0	0	1	0	0	0	0	1	0	3.0	4.0	0.31134525	1.0	2.0	0.0	0	0	0	0	0	0	0	0	0	0	0	0
9:19000000	1	1	1	1	0	0	0	1	0	0	0	1	0	3.0	10.0	0.28902438	3.0	5.0	1.0	0	0	0	0	0	0	0	0	0	0	0	0
9:19500000	1	0	0	1	0	0	1	0	1	0	0	0	0	4.0	7.0	0.2161276	1.0	4.0	0.0	0	0	0	0	0	0	0	0	0	0	0	0
9:24500000	1	0	0	0	0	0	0	0	0	0	0	0	0	0.0	0.0	0.23385711	1.0	0.0	0.0	0	0	0	0	0	0	0	0	0	0	0	0
9:2500000	1	0	0	1	0	0	1	0	0	0	0	1	0	3.0	3.0	0.21657562	1.0	2.0	0.0	0	0	0	0	0	0	0	0	0	0	0	0
9:26500000	1	0	0	1	0	0	1	0	0	0	0	1	0	3.0	3.0	0.2024632	1.0	9.0	0.0	0	0	0	0	0	0	0	0	0	0	0	0
9:33000000	2	2	1	1	0	0	1	0	1	0	0	1	0	4.0	9.0	0.28229728	12.0	2.0	1.0	0	0	0	0	0	0	0	0	0	0	0	0
9:33500000	1	1	1	1	0	0	1	0	0	0	0	1	0	3.0	4.0	0.22915314	7.0	24.0	1.0	0	0	0	0	0	0	1	1	0	0	0	0
9:34000000	1	0	0	0	0	0	0	0	0	0	0	0	0	0.0	0.0	0.22306582	5.0	0.0	0.0	0	0	0	0	0	0	0	0	0	0	0	0
9:34500000	2	1	1	1	0	0	1	0	1	1	0	0	0	5.0	9.0	0.20536134	6.0	24.0	1.0	0	0	0	0	0	0	0	0	0	0	1	0
9:3500000	2	0	0	1	0	0	1	1	1	0	1	0	0	5.0	11.0	0.26090914	2.0	23.0	0.0	1	0	0	0	0	0	0	0	0	0	1	0
9:35500000	1	1	1	1	0	0	1	0	1	0	0	0	0	5.0	8.0	0.20118245	8.0	9.0	4.0	0	0	0	0	0	0	0	0	0	0	1	0
9:36000000	5	1	1	1	1	0	1	1	1	0	1	1	0	7.0	16.0	0.37096182	3.0	20.0	3.0	0	0	0	0	0	0	1	1	0	0	1	1
9:36500000	1	0	0	0	1	0	0	1	0	0	1	0	0	5.0	12.0	0.16335334	1.0	2.0	0.0	0	0	0	0	0	0	0	0	0	0	1	0
9:37000000	1	1	1	1	0	0	1	0	0	0	0	1	0	3.0	4.0	0.21804003	3.0	2.0	2.0	0	0	0	0	0	1	1	1	0	0	0	0
9:6500000	1	1	1	1	0	0	1	0	0	0	0	1	0	3.0	4.0	0.3998262	2.0	5.0	1.0	0	0	0	0	0	0	1	1	0	0	0	0
9:65500000	1	0	0	0	0	0	0	0	0	0	0	0	0	0.0	0.0	0.23684892	2.0	0.0	0.0	0	0	0	0	0	0	0	0	0	0	0	0
9:69000000	2	1	1	1	0	0	1	0	0	0	0	1	0	4.0	8.0	0.33501852	2.0	2.0	1.0	0	0	0	0	0	0	0	0	0	0	0	0
9:69500000	1	1	1	1	0	0	1	0	1	0	0	0	0	4.0	6.0	0.21348205	1.0	2.0	1.0	0	0	0	0	0	0	0	0	0	0	0	0
9:71500000	3	3	1	1	1	0	1	1	1	0	0	1	0	4.0	11.0	0.23189552	2.0	3.0	2.0	1	0	1	0	1	1	0	1	1	1	0	0
9:72000000	1	0	0	1	0	0	1	0	0	0	1	0	0	3.0	4.0	0.21156211	1.0	2.0	0.0	1	1	0	0	0	0	0	0	0	0	0	0
9:73000000	1	0	0	0	0	0	0	0	0	0	0	0	0	0.0	0.0	0.2991333	2.0	0.0	0.0	0	0	0	0	0	0	0	0	0	0	0	0
9:77500000	4	3	1	1	0	0	1	1	1	0	0	0	0	8.0	24.0	0.33061072	4.0	3.0	1.0	1	1	1	1	1	0	0	1	0	0	1	1
9:79500000	1	1	1	1	0	0	1	0	0	1	0	0	0	4.0	6.0	0.20433572	1.0	1.0	1.0	1	1	1	1	1	0	0	1	0	0	0	0
9:81500000	3	1	1	1	0	0	0	1	0	0	0	1	0	4.0	14.0	0.34507012	2.0	1.0	1.0	0	0	0	0	0	0	0	0	0	0	0	0
9:82000000	3	0	0	0	0	0	0	0	0	0	0	0	0	0.0	0.0	0.27153862	2.0	0.0	0.0	0	0	0	0	0	0	0	0	0	0	0	0
9:83000000	1	1	1	0	1	0	0	1	0	0	0	0	1	7.0	12.0	0.15571268	1.0	1.0	1.0	0	0	0	0	0	0	0	0	0	0	1	1
9:83500000	1	0	0	0	0	0	0	0	0	0	0	0	0	0.0	0.0	0.46111616	5.0	0.0	0.0	0	0	0	0	0	0	0	0	0	0	0	0
9:85500000	2	0	0	1	0	0	0	1	0	0	0	1	0	3.0	10.0	0.31185997	4.0	9.0	0.0	0	0	0	0	0	0	0	0	0	0	0	0
9:86000000	1	0	0	1	0	0	1	0	1	0	0	0	0	5.0	9.0	0.26195282	1.0	1.0	0.0	0	1	0	0	0	0	0	0	0	0	1	0
9:87500000	2	1	1	1	0	0	1	0	1	0	0	0	0	6.0	7.0	0.4174169	2.0	3.0	1.0	1	1	1	1	1	0	0	1	0	0	1	1
9:88000000	3	2	1	1	0	0	1	0	0	0	0	1	0	3.0	4.0	0.32820228	2.0	2.0	1.0	1	1	1	1	1	0	0	1	0	0	0	0
9:89000000	2	0	0	0	0	0	0	0	0	0	0	0	0	0.0	0.0	0.257046	1.0	0.0	0.0	0	0	0	0	0	0	0	0	0	0	0	0
9:89500000	1	1	1	0	1	0	0	1	0	0	0	0	1	7.0	10.0	0.14201194	2.0	1.0	1.0	1	1	1	1	1	0	0	1	0	0	1	1
9:90500000	1	0	0	0	0	0	0	0	0	0	0	0	0	0.0	0.0	0.224193	1.0	0.0	0.0	0	0	0	0	0	0	0	0	0	0	0	0
9:96500000	5	2	1	1	0	0	1	1	0	1	1	1	0	10.0	36.0	0.43009683	6.0	4.0	1.0	1	0	0	0	0	0	0	0	0	0	1	1
9:97500000	1	0	0	1	0	0	0	1	0	0	1	0	0	5.0	10.0	0.26491854	5.0	1.0	0.0	1	0	0	0	0	0	0	0	0	0	1	0
9:99500000	2	0	0	0	1	0	0	1	0	0	0	1	0	5.0	10.0	0.26012048	2.0	14.0	0.0	1	1	0	0	0	0	0	0	0	0	1	0
