variant_key	SNP	locus_500kb	gene_symbol	dataset_id	study_id	study_label	tissue_label	condition_label	quant_method	study_type	pip	pvalue	beta	z	cs_id	cs_size	cs_min_r2	rsid	qtl_type	score_band	primary_axis	source_set
16:3124544	rs443540	16:3000000	ZNF213	QTD000587	QTS000036	Randolph_2021	CD4+ T cell	naive	ge	single-cell	0.0905617449918915	6.70049e-13	1.11393	9.300307267503369	ENSG00000085644_L1	5	0.7674658499277147	rs443540	SNP	moderate_0.2_0.5	systemic_other	lower_recurrence_exact
16:3124544	rs443540	16:3000000	ZNF213	QTD000588	QTS000036	Randolph_2021	CD4+ T cell	Influenza_6h	ge	single-cell	0.061870258691221126	2.78528e-14	1.18543	10.106437973575332	ENSG00000085644_L1	5	0.7675101351251288	rs443540	SNP	moderate_0.2_0.5	systemic_other	lower_recurrence_exact
15:74995034	rs7172715	15:74500000	PPCDC	QTD000600	QTS000037	Perez_2022	CD4+ T cell	naive	ge	single-cell	0.00165168092040484	1.30175e-09	0.648004	7.081871535066889	ENSG00000138621_L1	22	0.7595961238497037	rs7172715	SNP	moderate_0.2_0.5	systemic_other	lower_recurrence_exact
20:1561586	rs2422615	20:1500000	SIRPB1	QTD000604	QTS000037	Perez_2022	CD16+ monocyte	naive	ge	single-cell	0.042965542535572	9.92281e-21	-1.06635	-12.67947771988543	ENSG00000101307_L1	2	0.8821004819264279	rs2422615	SNP	moderate_0.2_0.5	neuro_systemic	lower_recurrence_exact
12:6900438	rs2187611	12:6500000	C12ORF57	QTD000606	QTS000038	OneK1K	B cell	naive	ge	single-cell	0.01144444874861301	1.20486e-07	0.314978	5.553789730268853	ENSG00000111678_L1	120	0.6399055261191807	rs2187611	SNP	moderate_0.2_0.5	systemic_other	lower_recurrence_exact
17:82490657	rs8081734	17:82000000	NARF	QTD000606	QTS000038	OneK1K	B cell	naive	ge	single-cell	0.006206416168140788	5.54882e-07	-0.281352	-5.213929107648192	ENSG00000141562_L1	50	0.5807123110149488	rs8081734	SNP	moderate_0.2_0.5	systemic_non_neural	lower_recurrence_exact
1:235838479	rs6668242	1:235500000	LYST	QTD000608	QTS000038	OneK1K	B cell	naive	ge	single-cell	0.051491684936633995	3.1527e-16	0.425351	8.704880157870386	ENSG00000143669_L1	8	0.8769565160804147	rs6668242	SNP	moderate_0.2_0.5	neural_enriched	core_exact_n10
4:185299224	rs2692593	4:185000000	CFAP97	QTD000608	QTS000038	OneK1K	B cell	naive	ge	single-cell	0.010718286047749605	5.03133e-06	0.213128	4.546460427228285	ENSG00000164323_L1	122	0.2581854395289202	rs2692593	SNP	moderate_0.2_0.5	neuro_systemic	lower_recurrence_exact
9:79688411	rs4877501	9:79500000	TLE4	QTD000608	QTS000038	OneK1K	B cell	naive	ge	single-cell	0.012553695987248042	5.30138e-14	-0.370532	-7.769658863994985	ENSG00000106829_L1	45	0.7881649601532812	rs4877501	SNP	moderate_0.2_0.5	neuro_systemic	lower_recurrence_exact
12:6900438	rs2187611	12:6500000	SPSB2	QTD000609	QTS000038	OneK1K	monocyte	naive	ge	single-cell	0.002896157865555335	3.66701e-06	0.294369	4.830821622545332	ENSG00000111671_L1	99	0.2943438549339121	rs2187611	SNP	moderate_0.2_0.5	systemic_other	lower_recurrence_exact
11:66322836	rs1190621	11:66000000	RIN1	QTD000610	QTS000038	OneK1K	CD16+ monocyte	naive	ge	single-cell	0.05667616383750257	8.0614e-15	0.960808	8.652684258253828	ENSG00000174791_L1	21	0.965536101845832	rs1190621	SNP	moderate_0.2_0.5	systemic_non_neural	lower_recurrence_exact
1:235838479	rs6668242	1:235500000	LYST	QTD000612	QTS000038	OneK1K	CD4+ T cell	naive	ge	single-cell	0.03746862634709144	1.07291e-07	-0.234691	-5.432658748888511	ENSG00000143669_L1	9	0.86675812632652	rs6668242	SNP	moderate_0.2_0.5	neural_enriched	core_exact_n10
10:84374498	rs7095983	10:84000000	CCSER2	QTD000612	QTS000038	OneK1K	CD4+ T cell	naive	ge	single-cell	0.020353695516566923	0.762102	-0.0160282	-0.12888743883126993	ENSG00000107771_L2	56	0.8020785323954642	rs7095983	SNP	moderate_0.2_0.5	neuro_systemic	lower_recurrence_exact
11:111990466	rs489417	11:111500000	DIXDC1	QTD000612	QTS000038	OneK1K	CD4+ T cell	naive	ge	single-cell	0.0019361220914103979	1.49331e-14	0.342661	8.00728516995093	ENSG00000150764_L1	66	0.8230223142362684	rs489417	SNP	moderate_0.2_0.5	systemic_non_neural	lower_recurrence_exact
12:6900438	rs2187611	12:6500000	TPI1	QTD000612	QTS000038	OneK1K	CD4+ T cell	naive	ge	single-cell	0.005115289223956415	1.38688e-13	-0.208964	-7.566833704241502	ENSG00000111669_L1	75	0.7618182583233284	rs2187611	SNP	moderate_0.2_0.5	systemic_other	lower_recurrence_exact
12:111991665	rs12423126	12:111500000	TMEM116	QTD000612	QTS000038	OneK1K	CD4+ T cell	naive	ge	single-cell	0.004266935794330219	9.99243e-10	0.337318	6.2397487505024865	ENSG00000198270_L1	289	0.6418155227005851	rs12423126	SNP	moderate_0.2_0.5	systemic_other	lower_recurrence_exact
12:122244789	rs7953290	12:122000000	VPS33A	QTD000612	QTS000038	OneK1K	CD4+ T cell	naive	ge	single-cell	0.0268569709604458	1.87247e-07	0.479018	5.580975857486325	ENSG00000139719_L1	64	0.6313496828774326	rs7953290	SNP	moderate_0.2_0.5	neural_enriched	core_exact_n10
16:4477108	rs11639998	16:4000000	HMOX2	QTD000612	QTS000038	OneK1K	CD4+ T cell	naive	ge	single-cell	0.013864075416185633	2.26748e-09	-0.233288	-6.075860414367356	ENSG00000103415_L1	60	0.49861872965754506	rs11639998	SNP	hidden_lt0.2	neural_enriched	core_exact_n10
16:67499395	rs3893749	16:67000000	ATP6V0D1	QTD000612	QTS000038	OneK1K	CD4+ T cell	naive	ge	single-cell	0.020677088117550403	9.21786e-13	0.62013	7.384438061682962	ENSG00000159720_L1	102	0.5897995177229416	rs3893749	SNP	moderate_0.2_0.5	systemic_other	lower_recurrence_exact
17:74961620	rs7210122	17:74500000	HID1	QTD000612	QTS000038	OneK1K	CD4+ T cell	naive	ge	single-cell	0.13379160776256077	1.23294e-09	-0.26556	-6.037304262698059	ENSG00000167861_L1	14	0.3728533995228306	rs7210122	SNP	moderate_0.2_0.5	neuro_systemic	lower_recurrence_exact
20:18497226	rs2247757	20:18000000	SEC23B	QTD000612	QTS000038	OneK1K	CD4+ T cell	naive	ge	single-cell	0.019246002609489336	2.56425e-12	-0.587106	-7.10297348324218	ENSG00000101310_L1	71	0.7805911369135915	rs2247757	SNP	hidden_lt0.2	neural_enriched	core_exact_n10
22:31220315	rs1034588	22:31000000	LIMK2	QTD000612	QTS000038	OneK1K	CD4+ T cell	naive	ge	single-cell	0.005065783826116673	1.6001e-15	0.393569	8.170920273685013	ENSG00000182541_L2	127	0.8464801470919283	rs1034588	SNP	moderate_0.2_0.5	neural_enriched	lower_recurrence_exact
3:113008337	rs2306857	3:113000000	GTPBP8	QTD000612	QTS000038	OneK1K	CD4+ T cell	naive	ge	single-cell	0.018143503022813676	1.14311e-07	0.259263	5.403178468503211	ENSG00000163607_L1	15	0.8427338390183521	rs2306857	SNP	moderate_0.2_0.5	neural_enriched	core_exact_n10
7:44988209	rs1859489	7:44500000	CCM2	QTD000612	QTS000038	OneK1K	CD4+ T cell	naive	ge	single-cell	0.0255460800825872	4.14873e-07	0.191693	5.481437367195257	ENSG00000136280_L1	125	0.8445002521373388	rs1859489	SNP	moderate_0.2_0.5	systemic_non_neural	lower_recurrence_exact
7:44999010	rs6463259	7:44500000	CCM2	QTD000612	QTS000038	OneK1K	CD4+ T cell	naive	ge	single-cell	0.004892730590853061	5.24756e-07	0.186436	5.136504293853206	ENSG00000136280_L1	125	0.8445002521373388	rs6463259	SNP	moderate_0.2_0.5	systemic_non_neural	lower_recurrence_exact
9:136805512	rs2811793	9:136500000	RABL6	QTD000612	QTS000038	OneK1K	CD4+ T cell	naive	ge	single-cell	0.04066594838741387	2.54163e-07	-0.241657	-5.476343172653307	ENSG00000196642_L1	33	0.7560544918425012	rs2811793	SNP	moderate_0.2_0.5	systemic_non_neural	lower_recurrence_exact
9:136806153	rs2811795	9:136500000	RABL6	QTD000612	QTS000038	OneK1K	CD4+ T cell	naive	ge	single-cell	0.03252700787179321	1.26786e-07	-0.236293	-5.43274548726194	ENSG00000196642_L1	33	0.7560544918425012	rs2811795	SNP	moderate_0.2_0.5	systemic_non_neural	lower_recurrence_exact
9:136819575	rs2784092	9:136500000	RABL6	QTD000612	QTS000038	OneK1K	CD4+ T cell	naive	ge	single-cell	0.005580692504649434	2.25373e-06	-0.225624	-5.077078331715288	ENSG00000196642_L1	33	0.7560544918425012	rs2784092	SNP	hidden_lt0.2	systemic_non_neural	core_exact_n10
1:37868646	rs2306426	1:37500000	INPP5B	QTD000613	QTS000038	OneK1K	CD4+ TCM cell	naive	ge	single-cell	0.010405839967260732	7.09298e-08	0.256093	5.6676111013715715	ENSG00000204084_L1	29	0.8718103775277756	rs2306426	SNP	moderate_0.2_0.5	systemic_other	core_exact_n10
1:235838479	rs6668242	1:235500000	LYST	QTD000613	QTS000038	OneK1K	CD4+ TCM cell	naive	ge	single-cell	0.09515047378805064	1.70893e-07	-0.208669	-5.326656221558569	ENSG00000143669_L1	17	0.7788607563252312	rs6668242	SNP	moderate_0.2_0.5	neural_enriched	core_exact_n10
11:108496726	rs2118309	11:108000000	C11ORF65	QTD000613	QTS000038	OneK1K	CD4+ TCM cell	naive	ge	single-cell	0.00801892996559665	7.0019e-12	0.329904	6.905647160210618	ENSG00000166323_L2	291	0.7248102714891206	rs2118309	SNP	moderate_0.2_0.5	systemic_non_neural	lower_recurrence_exact
12:6900438	rs2187611	12:6500000	LRRC23	QTD000613	QTS000038	OneK1K	CD4+ TCM cell	naive	ge	single-cell	0.008107155242753374	1.02913e-22	-0.341923	-10.286275223797645	ENSG00000010626_L1	54	0.9277028082218068	rs2187611	SNP	moderate_0.2_0.5	systemic_other	lower_recurrence_exact
12:110451678	rs3759382	12:110000000	PPTC7	QTD000613	QTS000038	OneK1K	CD4+ TCM cell	naive	ge	single-cell	0.0009746397423780462	1.6216e-08	-0.414488	-5.842149054915542	ENSG00000196850_L1	259	0.29321189921015717	rs3759382	SNP	moderate_0.2_0.5	systemic_other	lower_recurrence_exact
13:114339973	rs9562202	13:114000000	UPF3A	QTD000613	QTS000038	OneK1K	CD4+ TCM cell	naive	ge	single-cell	0.010371615372679865	3.24387e-30	1.53545	12.163225181179092	ENSG00000169062_L3	65	0.9653306707351861	rs9562202	SNP	moderate_0.2_0.5	systemic_other	lower_recurrence_exact
15:74995034	rs7172715	15:74500000	PPCDC	QTD000613	QTS000038	OneK1K	CD4+ TCM cell	naive	ge	single-cell	0.014522321099560333	9.31714e-08	0.458409	5.314695503114566	ENSG00000138621_L1	71	0.8353794896212511	rs7172715	SNP	moderate_0.2_0.5	systemic_other	lower_recurrence_exact
15:75390172	rs7166737	15:75000000	MAN2C1	QTD000613	QTS000038	OneK1K	CD4+ TCM cell	naive	ge	single-cell	0.003107694940158405	3.09723e-07	0.247002	5.253954851835671	ENSG00000140400_L1	113	0.8454524871276016	rs7166737	SNP	moderate_0.2_0.5	systemic_non_neural	lower_recurrence_exact
16:4477108	rs11639998	16:4000000	HMOX2	QTD000613	QTS000038	OneK1K	CD4+ TCM cell	naive	ge	single-cell	0.10627714687621435	2.0227e-16	-0.284443	-8.707387696454951	ENSG00000103415_L1	38	0.8793380553931385	rs11639998	SNP	hidden_lt0.2	neural_enriched	core_exact_n10
16:53499315	rs1861351	16:53000000	RBL2	QTD000613	QTS000038	OneK1K	CD4+ TCM cell	naive	ge	single-cell	0.015513492622795813	1.24168e-16	-0.250358	-8.724102927925983	ENSG00000103479_L1	67	0.8571729973874139	rs1861351	SNP	moderate_0.2_0.5	systemic_non_neural	lower_recurrence_exact
16:67499395	rs3893749	16:67000000	ATP6V0D1	QTD000613	QTS000038	OneK1K	CD4+ TCM cell	naive	ge	single-cell	0.005815411123607178	4.59078e-10	0.473038	6.4302107027439614	ENSG00000159720_L1	123	0.7910406916825188	rs3893749	SNP	moderate_0.2_0.5	systemic_other	lower_recurrence_exact
17:75477378	rs3935674	17:75000000	TSEN54	QTD000613	QTS000038	OneK1K	CD4+ TCM cell	naive	ge	single-cell	0.0025958240910833193	1.3952e-07	-0.313722	-5.637336660031925	ENSG00000182173_L1	37	0.6486387281170881	rs3935674	SNP	moderate_0.2_0.5	systemic_non_neural	lower_recurrence_exact
17:75488672	rs11652993	17:75000000	TSEN54	QTD000613	QTS000038	OneK1K	CD4+ TCM cell	naive	ge	single-cell	0.0025958240910833193	1.27499e-07	-0.314425	-5.637336660031925	ENSG00000182173_L1	37	0.6486387281170881	rs11652993	SNP	moderate_0.2_0.5	systemic_non_neural	core_exact_n10
17:78806566	rs4796817	17:78500000	USP36	QTD000613	QTS000038	OneK1K	CD4+ TCM cell	naive	ge	single-cell	0.9885899392418949	7.29347e-15	-0.221142	-8.112265201519438	ENSG00000055483_L2	1	1.0	rs4796817	SNP	moderate_0.2_0.5	systemic_other	lower_recurrence_exact
18:23994495	rs8089140	18:23500000	TTC39C	QTD000613	QTS000038	OneK1K	CD4+ TCM cell	naive	ge	single-cell	0.3208617889895784	7.5723e-32	-0.394954	-12.432772808593224	ENSG00000168234_L1	2	0.9675887340568403	rs8089140	SNP	moderate_0.2_0.5	neural_enriched	core_exact_n10
19:14051864	rs2306190	19:14000000	IL27RA	QTD000613	QTS000038	OneK1K	CD4+ TCM cell	naive	ge	single-cell	0.010203431027339178	3.70561e-08	-0.205265	-5.301298904170458	ENSG00000104998_L1	9	0.2957729193365073	rs2306190	SNP	moderate_0.2_0.5	neuro_systemic	lower_recurrence_exact
2:39665233	rs12989245	2:39500000	THUMPD2	QTD000613	QTS000038	OneK1K	CD4+ TCM cell	naive	ge	single-cell	0.00914625417709258	1.90607e-08	0.22994	5.662267612389341	ENSG00000138050_L1	66	0.557579809806288	rs12989245	SNP	moderate_0.2_0.5	neural_enriched	lower_recurrence_exact
2:112487093	rs10167775	2:112000000	CHCHD5	QTD000613	QTS000038	OneK1K	CD4+ TCM cell	naive	ge	single-cell	0.01828695393594106	5.40707e-09	0.26936	6.16467972481659	ENSG00000125611_L1	41	0.3017230918561631	rs10167775	SNP	moderate_0.2_0.5	systemic_non_neural	lower_recurrence_exact
20:18497226	rs2247757	20:18000000	SEC23B	QTD000613	QTS000038	OneK1K	CD4+ TCM cell	naive	ge	single-cell	0.0186426330030584	9.44e-12	-0.530888	-6.9281396313545685	ENSG00000101310_L1	68	0.7892269244794583	rs2247757	SNP	hidden_lt0.2	neural_enriched	core_exact_n10
21:15850174	rs17307197	21:15500000	USP25	QTD000613	QTS000038	OneK1K	CD4+ TCM cell	naive	ge	single-cell	0.005021360782931456	2.32603e-05	0.258694	4.507907474723065	ENSG00000155313_L1	202	0.33867176578291924	rs17307197	SNP	moderate_0.2_0.5	systemic_other	lower_recurrence_exact
22:31220315	rs1034588	22:31000000	LIMK2	QTD000613	QTS000038	OneK1K	CD4+ TCM cell	naive	ge	single-cell	0.00226142651266971	2.21777e-20	0.42789	9.51824918794802	ENSG00000182541_L2	133	0.7704513824469991	rs1034588	SNP	moderate_0.2_0.5	neural_enriched	lower_recurrence_exact
3:37054533	rs749072	3:37000000	MLH1	QTD000613	QTS000038	OneK1K	CD4+ TCM cell	naive	ge	single-cell	0.8903907750444815	1.88326e-09	0.271017	6.159742362998702	ENSG00000076242_L1	4	0.6738514632976157	rs749072	SNP	moderate_0.2_0.5	systemic_other	lower_recurrence_exact
3:47789251	rs6776963	3:47500000	MAP4	QTD000613	QTS000038	OneK1K	CD4+ TCM cell	naive	ge	single-cell	0.006637691506663543	6.30315e-10	0.222162	6.516751266225886	ENSG00000047849_L1	295	0.2810707902362232	rs6776963	SNP	hidden_lt0.2	systemic_non_neural	core_exact_n10
3:113008337	rs2306857	3:113000000	GTPBP8	QTD000613	QTS000038	OneK1K	CD4+ TCM cell	naive	ge	single-cell	0.050906351241120876	8.51186e-11	0.31423	6.769183371054096	ENSG00000163607_L1	17	0.6366717330924202	rs2306857	SNP	moderate_0.2_0.5	neural_enriched	core_exact_n10
6:42226702	rs9394889	6:42000000	MRPS10	QTD000613	QTS000038	OneK1K	CD4+ TCM cell	naive	ge	single-cell	0.01805560568655711	1.26426e-11	0.263287	7.039645670922143	ENSG00000048544_L1	88	0.5228442867602068	rs9394889	SNP	moderate_0.2_0.5	neural_enriched	lower_recurrence_exact
6:78911497	rs9361468	6:78500000	IRAK1BP1	QTD000613	QTS000038	OneK1K	CD4+ TCM cell	naive	ge	single-cell	0.010371767885407574	6.0764e-06	-0.282018	-5.3159935978930895	ENSG00000146243_L1	100	0.6101821041584576	rs9361468	SNP	moderate_0.2_0.5	systemic_other	lower_recurrence_exact
9:136805512	rs2811793	9:136500000	RABL6	QTD000613	QTS000038	OneK1K	CD4+ TCM cell	naive	ge	single-cell	0.030345224641631665	3.98791e-08	-0.244507	-5.65234038483939	ENSG00000196642_L1	36	0.7252436668908228	rs2811793	SNP	moderate_0.2_0.5	systemic_non_neural	lower_recurrence_exact
9:136806153	rs2811795	9:136500000	RABL6	QTD000613	QTS000038	OneK1K	CD4+ TCM cell	naive	ge	single-cell	0.02392091220438699	4.81944e-08	-0.23195	-5.605683590539375	ENSG00000196642_L1	36	0.7252436668908228	rs2811795	SNP	moderate_0.2_0.5	systemic_non_neural	lower_recurrence_exact
9:136819575	rs2784092	9:136500000	RABL6	QTD000613	QTS000038	OneK1K	CD4+ TCM cell	naive	ge	single-cell	0.01860422739869308	8.51683e-08	-0.242425	-5.550162319213162	ENSG00000196642_L1	36	0.7252436668908228	rs2784092	SNP	hidden_lt0.2	systemic_non_neural	core_exact_n10
11:108496726	rs2118309	11:108000000	ATM	QTD000615	QTS000038	OneK1K	CD8+ T cell	naive	ge	single-cell	0.0019392158835209916	1.69089e-05	0.203851	5.191625132147657	ENSG00000149311_L1	241	0.7677086783168321	rs2118309	SNP	moderate_0.2_0.5	systemic_non_neural	lower_recurrence_exact
16:4477108	rs11639998	16:4000000	HMOX2	QTD000615	QTS000038	OneK1K	CD8+ T cell	naive	ge	single-cell	0.017520389664466705	1.06511e-07	-0.2852	-5.609808064569733	ENSG00000103415_L1	97	0.37523782849388215	rs11639998	SNP	hidden_lt0.2	neural_enriched	core_exact_n10
16:53499315	rs1861351	16:53000000	RBL2	QTD000615	QTS000038	OneK1K	CD8+ T cell	naive	ge	single-cell	0.013449020883352434	1.02688e-09	-0.275036	-6.426138847454118	ENSG00000103479_L1	67	0.8591671716395739	rs1861351	SNP	moderate_0.2_0.5	systemic_non_neural	lower_recurrence_exact
9:79688411	rs4877501	9:79500000	TLE4	QTD000615	QTS000038	OneK1K	CD8+ T cell	naive	ge	single-cell	0.011425177765295981	9.49888e-13	-0.381033	-7.492707464434706	ENSG00000106829_L1	30	0.7867275625166467	rs4877501	SNP	moderate_0.2_0.5	neuro_systemic	lower_recurrence_exact
11:57499839	rs2584856	11:57000000	TIMM10	QTD000616	QTS000038	OneK1K	CD8+ TCM cell	naive	ge	single-cell	0.008331732032553059	8.38439e-11	-0.468939	-6.950920152197232	ENSG00000134809_L1	23	0.6769342963446432	rs2584856	SNP	moderate_0.2_0.5	mixed_trait_axis	core_exact_n10
1:235838479	rs6668242	1:235500000	LYST	QTD000617	QTS000038	OneK1K	CD8+ TEM cell	naive	ge	single-cell	0.05543997582187494	8.7671e-25	-0.375637	-10.80616273642824	ENSG00000143669_L1	8	0.8660577156768755	rs6668242	SNP	moderate_0.2_0.5	neural_enriched	core_exact_n10
12:6900438	rs2187611	12:6500000	SPSB2	QTD000617	QTS000038	OneK1K	CD8+ TEM cell	naive	ge	single-cell	0.006289922627120309	2.35757e-25	0.477729	10.808275275315065	ENSG00000111671_L1	86	0.4861609368510782	rs2187611	SNP	moderate_0.2_0.5	systemic_other	lower_recurrence_exact
15:72998351	rs7496513	15:72500000	NEO1	QTD000617	QTS000038	OneK1K	CD8+ TEM cell	naive	ge	single-cell	0.011314464741623615	0.00204589	0.165819	3.126549667512105	ENSG00000067141_L3	68	0.429916195636844	rs7496513	SNP	moderate_0.2_0.5	systemic_other	core_exact_n10
16:53499315	rs1861351	16:53000000	RBL2	QTD000617	QTS000038	OneK1K	CD8+ TEM cell	naive	ge	single-cell	0.008460285510840162	4.80734e-11	-0.254049	-6.746596393825737	ENSG00000103479_L1	64	0.6440582820789916	rs1861351	SNP	moderate_0.2_0.5	systemic_non_neural	lower_recurrence_exact
9:136805512	rs2811793	9:136500000	RABL6	QTD000617	QTS000038	OneK1K	CD8+ TEM cell	naive	ge	single-cell	0.08068796503297779	2.9364e-08	-0.273151	-5.730922789846464	ENSG00000196642_L1	18	0.910669720193075	rs2811793	SNP	moderate_0.2_0.5	systemic_non_neural	lower_recurrence_exact
9:136806153	rs2811795	9:136500000	RABL6	QTD000617	QTS000038	OneK1K	CD8+ TEM cell	naive	ge	single-cell	0.05711920435146987	3.71025e-08	-0.258931	-5.666226874549868	ENSG00000196642_L1	18	0.910669720193075	rs2811795	SNP	moderate_0.2_0.5	systemic_non_neural	lower_recurrence_exact
1:37868646	rs2306426	1:37500000	INPP5B	QTD000620	QTS000038	OneK1K	NK cell	naive	ge	single-cell	0.016441351902137594	2.09046e-15	0.401608	7.967251936461275	ENSG00000204084_L1	25	0.8804726321009428	rs2306426	SNP	moderate_0.2_0.5	systemic_other	core_exact_n10
1:87089675	rs1419132	1:87000000	SH3GLB1	QTD000620	QTS000038	OneK1K	NK cell	naive	ge	single-cell	0.006180022056394075	5.72374e-07	-0.235917	-5.254638172439534	ENSG00000097033_L1	265	0.7672832876135592	rs1419132	SNP	moderate_0.2_0.5	neural_enriched	core_exact_n10
1:235838479	rs6668242	1:235500000	LYST	QTD000620	QTS000038	OneK1K	NK cell	naive	ge	single-cell	0.02936166479107884	9.88932e-13	-0.343753	-7.1529997095238835	ENSG00000143669_L1	19	0.7795156177246267	rs6668242	SNP	moderate_0.2_0.5	neural_enriched	core_exact_n10
10:28254787	rs11006956	10:28000000	MPP7	QTD000620	QTS000038	OneK1K	NK cell	naive	ge	single-cell	0.003013720872337703	0.0411313	-0.111216	-1.959690620854936	ENSG00000150054_L2	154	0.42604779625876704	rs11006956	SNP	moderate_0.2_0.5	neural_enriched	lower_recurrence_exact
16:4477108	rs11639998	16:4000000	HMOX2	QTD000620	QTS000038	OneK1K	NK cell	naive	ge	single-cell	0.04346968119788603	7.34159e-08	-0.185848	-5.565374230731157	ENSG00000103415_L1	62	0.4513400880293869	rs11639998	SNP	hidden_lt0.2	neural_enriched	core_exact_n10
16:4496585	rs3789038	16:4000000	NMRAL1	QTD000620	QTS000038	OneK1K	NK cell	naive	ge	single-cell	0.0016970458562132554	0.037916	-0.0927047	-2.1469930940005035	ENSG00000153406_L2	127	0.33411667461108374	rs3789038	SNP	moderate_0.2_0.5	mixed_trait_axis	core_exact_n10
17:34991293	rs3135983	17:34500000	RFFL	QTD000620	QTS000038	OneK1K	NK cell	naive	ge	single-cell	0.02272809522006834	2.01628e-07	0.441736	5.218520855736333	ENSG00000092871_L1	40	0.5662270184279774	rs3135983	SNP	hidden_lt0.2	systemic_non_neural	core_exact_n10
17:35059842	rs8065886	17:35000000	RFFL	QTD000620	QTS000038	OneK1K	NK cell	naive	ge	single-cell	0.044391417101038076	5.81675e-08	-0.466791	-5.350713059603561	ENSG00000092871_L1	40	0.5662270184279774	rs8065886	SNP	moderate_0.2_0.5	systemic_other	lower_recurrence_exact
17:82490657	rs8081734	17:82000000	NARF	QTD000620	QTS000038	OneK1K	NK cell	naive	ge	single-cell	0.03501651803804866	2.97452e-11	0.247306	6.85562476371438	ENSG00000141562_L1	35	0.9819694355629682	rs8081734	SNP	moderate_0.2_0.5	systemic_non_neural	lower_recurrence_exact
2:11783292	rs4129757	2:11500000	LPIN1	QTD000620	QTS000038	OneK1K	NK cell	naive	ge	single-cell	0.21740588164769498	0.00075358	0.141077	3.332389079165838	ENSG00000134324_L2	6	0.7765463389616486	rs4129757	SNP	moderate_0.2_0.5	systemic_other	lower_recurrence_exact
9:136805512	rs2811793	9:136500000	RABL6	QTD000620	QTS000038	OneK1K	NK cell	naive	ge	single-cell	0.030587877005198633	1.56086e-06	-0.232211	-4.935148126248302	ENSG00000196642_L1	30	0.6448820165836215	rs2811793	SNP	moderate_0.2_0.5	systemic_non_neural	lower_recurrence_exact
9:136806153	rs2811795	9:136500000	RABL6	QTD000620	QTS000038	OneK1K	NK cell	naive	ge	single-cell	0.026996171257725497	1.79035e-06	-0.220442	-4.907430895185402	ENSG00000196642_L1	30	0.6448820165836215	rs2811795	SNP	moderate_0.2_0.5	systemic_non_neural	lower_recurrence_exact
9:136819575	rs2784092	9:136500000	RABL6	QTD000620	QTS000038	OneK1K	NK cell	naive	ge	single-cell	0.00949479530117936	3.05231e-06	-0.228386	-4.675175467562219	ENSG00000196642_L1	30	0.6448820165836215	rs2784092	SNP	hidden_lt0.2	systemic_non_neural	core_exact_n10
2:174972115	rs3771917	2:174500000	CHN1	QTD000625	QTS000038	OneK1K	Treg memory	naive	ge	single-cell	0.029934903354841128	3.19809e-08	-0.275292	-5.776507565331516	ENSG00000128656_L1	83	0.5215056598254523	rs3771917	SNP	moderate_0.2_0.5	systemic_non_neural	core_exact_n10
22:42500468	rs2413692	22:42500000	RRP7A	QTD000633	QTS000039	Jerber_2021	dopaminergic neuron	rotenone_D52	ge	single-cell	0.058419030656217036	2.70579e-10	-0.755436	-8.026042601478887	ENSG00000189306_L1	54	0.7817448865678106	rs2413692	SNP	moderate_0.2_0.5	neuro_systemic	lower_recurrence_exact
6:73485808	rs658475	6:73000000	MTO1	QTD000633	QTS000039	Jerber_2021	dopaminergic neuron	rotenone_D52	ge	single-cell	0.035503563736373846	9.51707e-07	1.03261	5.92751323138688	ENSG00000135297_L1	111	0.4240190740646932	rs658475	SNP	moderate_0.2_0.5	neural_enriched	core_exact_n10
12:6900438	rs2187611	12:6500000	LRRC23	QTD000634	QTS000039	Jerber_2021	ependymal cell	rotenone_D52	ge	single-cell	0.007394269728267887	1.98769e-07	-0.304519	-6.336689742509524	ENSG00000010626_L1	80	0.7755547481797096	rs2187611	SNP	moderate_0.2_0.5	systemic_other	lower_recurrence_exact
22:42500468	rs2413692	22:42500000	RRP7A	QTD000634	QTS000039	Jerber_2021	ependymal cell	rotenone_D52	ge	single-cell	0.007551136279360053	7.85416e-18	-0.963187	-11.79369700868963	ENSG00000189306_L1	10	0.8558637791214486	rs2413692	SNP	moderate_0.2_0.5	neuro_systemic	lower_recurrence_exact
7:55898655	rs2331096	7:55500000	CHCHD2	QTD000634	QTS000039	Jerber_2021	ependymal cell	rotenone_D52	ge	single-cell	0.004087021205656816	1.564e-07	-0.786431	-6.598097153787849	ENSG00000106153_L1	65	0.5360128099719045	rs2331096	SNP	moderate_0.2_0.5	systemic_other	lower_recurrence_exact
22:42500468	rs2413692	22:42500000	RRP7A	QTD000635	QTS000039	Jerber_2021	floor plate progenitor	naive_D30	ge	single-cell	0.14056816457661134	2.07043e-10	-0.977911	-8.591094396933782	ENSG00000189306_L1	7	0.9999999999999998	rs2413692	SNP	moderate_0.2_0.5	neuro_systemic	lower_recurrence_exact
12:6900438	rs2187611	12:6500000	LRRC23	QTD000637	QTS000039	Jerber_2021	floor plate progenitor	naive_D11	ge	single-cell	0.007962754926173498	1.87704e-09	0.534133	7.516349011919181	ENSG00000010626_L1	65	0.8783041388028969	rs2187611	SNP	moderate_0.2_0.5	systemic_other	lower_recurrence_exact
22:42500468	rs2413692	22:42500000	RRP7A	QTD000640	QTS000039	Jerber_2021	astrocyte	naive_D52	ge	single-cell	0.09775582392445381	3.41266e-11	-0.921232	-10.131581717648235	ENSG00000189306_L1	7	0.9698484498503431	rs2413692	SNP	moderate_0.2_0.5	neuro_systemic	lower_recurrence_exact
12:6900438	rs2187611	12:6500000	SPSB2	QTD000642	QTS000039	Jerber_2021	floor plate progenitor	naive_D52	ge	single-cell	0.013120300536768683	1.2084e-09	0.738667	7.6492515570183635	ENSG00000111671_L1	72	0.6621713049749113	rs2187611	SNP	moderate_0.2_0.5	systemic_other	lower_recurrence_exact
1:86998412	rs17099785	1:86500000	SELENOF	QTD000644	QTS000039	Jerber_2021	floor plate progenitor	naive_D11	ge	single-cell	0.004617212041061656	6.4712e-07	-0.565577	-6.005751408908639	ENSG00000183291_L1	98	0.5105728445709601	rs17099785	SNP	moderate_0.2_0.5	systemic_other	lower_recurrence_exact
12:6900438	rs2187611	12:6500000	SPSB2	QTD000644	QTS000039	Jerber_2021	floor plate progenitor	naive_D11	ge	single-cell	0.0067537109607479	4.56151e-07	0.463594	6.113621721292122	ENSG00000111671_L1	83	0.8121105710536624	rs2187611	SNP	moderate_0.2_0.5	systemic_other	lower_recurrence_exact
15:74995034	rs7172715	15:74500000	PPCDC	QTD000644	QTS000039	Jerber_2021	floor plate progenitor	naive_D11	ge	single-cell	0.012413700668736646	4.51434e-07	0.762931	6.088569693786169	ENSG00000138621_L1	80	0.49015065851793094	rs7172715	SNP	moderate_0.2_0.5	systemic_other	lower_recurrence_exact
16:4477108	rs11639998	16:4000000	CDIP1	QTD000644	QTS000039	Jerber_2021	floor plate progenitor	naive_D11	ge	single-cell	0.003473356715483819	4.32352e-09	0.567661	7.400247626079595	ENSG00000089486_L1	106	0.6869352606809518	rs11639998	SNP	hidden_lt0.2	neural_enriched	core_exact_n10
22:42500468	rs2413692	22:42500000	RRP7A	QTD000644	QTS000039	Jerber_2021	floor plate progenitor	naive_D11	ge	single-cell	0.14268059960669455	2.87508e-23	-1.13423	-14.543168838664005	ENSG00000189306_L1	7	1.0	rs2413692	SNP	moderate_0.2_0.5	neuro_systemic	lower_recurrence_exact
3:113008337	rs2306857	3:113000000	GTPBP8	QTD000644	QTS000039	Jerber_2021	floor plate progenitor	naive_D11	ge	single-cell	0.1084987504921965	8.76143e-30	1.02859	17.966453029627257	ENSG00000163607_L1	10	0.9150161625379792	rs2306857	SNP	moderate_0.2_0.5	neural_enriched	core_exact_n10
9:136805512	rs2811793	9:136500000	RABL6	QTD000644	QTS000039	Jerber_2021	floor plate progenitor	naive_D11	ge	single-cell	0.020768451391043358	1.18979e-07	-0.417142	-6.33228708383068	ENSG00000196642_L1	27	0.7021791165493964	rs2811793	SNP	moderate_0.2_0.5	systemic_non_neural	lower_recurrence_exact
9:136806153	rs2811795	9:136500000	RABL6	QTD000644	QTS000039	Jerber_2021	floor plate progenitor	naive_D11	ge	single-cell	0.020768451391043358	2.1048e-07	-0.393366	-6.33228708383068	ENSG00000196642_L1	27	0.7021791165493964	rs2811795	SNP	moderate_0.2_0.5	systemic_non_neural	lower_recurrence_exact
9:136819575	rs2784092	9:136500000	RABL6	QTD000644	QTS000039	Jerber_2021	floor plate progenitor	naive_D11	ge	single-cell	0.08383666091476098	5.23251e-08	-0.421995	-6.613991616071582	ENSG00000196642_L1	27	0.7021791165493964	rs2784092	SNP	hidden_lt0.2	systemic_non_neural	core_exact_n10
3:113008337	rs2306857	3:113000000	GTPBP8	QTD000646	QTS000039	Jerber_2021	floor plate progenitor	rotenone_D52	ge	single-cell	0.22570454266958753	7.88372e-09	0.783765	7.397230498273041	ENSG00000163607_L1	8	0.9132274375996748	rs2306857	SNP	moderate_0.2_0.5	neural_enriched	core_exact_n10
12:6900438	rs2187611	12:6500000	SPSB2	QTD000648	QTS000039	Jerber_2021	serotonergic neuron	rotenone_D52	ge	single-cell	0.010675975821440595	1.95227e-09	0.846505	7.661715735695218	ENSG00000111671_L1	78	0.8264050159116669	rs2187611	SNP	moderate_0.2_0.5	systemic_other	lower_recurrence_exact
22:42500468	rs2413692	22:42500000	RRP7A	QTD000649	QTS000039	Jerber_2021	ependymal cell	naive_D30	ge	single-cell	0.0032691373505233192	2.25263e-10	-0.955931	-8.514506011792628	ENSG00000189306_L1	66	0.8562241630178709	rs2413692	SNP	moderate_0.2_0.5	neuro_systemic	lower_recurrence_exact
12:6900438	rs2187611	12:6500000	SPSB2	QTD000651	QTS000039	Jerber_2021	serotonergic neuron	naive_D30	ge	single-cell	0.0032995804910465995	1.2916e-12	0.886264	9.055545531242654	ENSG00000111671_L1	78	0.6882398471751496	rs2187611	SNP	moderate_0.2_0.5	systemic_other	lower_recurrence_exact
22:42500468	rs2413692	22:42500000	RRP7A	QTD000651	QTS000039	Jerber_2021	serotonergic neuron	naive_D30	ge	single-cell	0.139105373712652	6.34593e-10	-0.756948	-8.032651561916467	ENSG00000189306_L1	7	1.0	rs2413692	SNP	moderate_0.2_0.5	neuro_systemic	lower_recurrence_exact
11:61436889	rs896831	11:61000000	TMEM216	QTD000658	QTS000039	Jerber_2021	ependymal cell	naive_D52	ge	single-cell	0.0029609472625446525	6.23283e-08	-0.8694	-6.592081921282919	ENSG00000187049_L1	60	0.8443068490280715	rs896831	SNP	hidden_lt0.2	systemic_non_neural	core_exact_n10
12:6900438	rs2187611	12:6500000	LRRC23	QTD000658	QTS000039	Jerber_2021	ependymal cell	naive_D52	ge	single-cell	0.005428838265616798	1.52902e-09	-0.370725	-7.44786665396194	ENSG00000010626_L1	75	0.7700840812826809	rs2187611	SNP	moderate_0.2_0.5	systemic_other	lower_recurrence_exact
16:4496585	rs3789038	16:4000000	NMRAL1	QTD000658	QTS000039	Jerber_2021	ependymal cell	naive_D52	ge	single-cell	0.009976464460390574	8.35529e-08	-0.500479	-6.560142494323645	ENSG00000153406_L1	107	0.7617368712213212	rs3789038	SNP	moderate_0.2_0.5	mixed_trait_axis	core_exact_n10
22:42500468	rs2413692	22:42500000	RRP7A	QTD000658	QTS000039	Jerber_2021	ependymal cell	naive_D52	ge	single-cell	0.005077817841910644	5.48422e-15	-1.04559	-10.206845005774845	ENSG00000189306_L1	98	0.7544237319311908	rs2413692	SNP	moderate_0.2_0.5	neuro_systemic	lower_recurrence_exact
7:55898655	rs2331096	7:55500000	CHCHD2	QTD000658	QTS000039	Jerber_2021	ependymal cell	naive_D52	ge	single-cell	0.009948901548637026	4.58066e-08	-0.816155	-6.7818521572001735	ENSG00000106153_L1	99	0.5379962138604937	rs2331096	SNP	moderate_0.2_0.5	systemic_other	lower_recurrence_exact
17:74961620	rs7210122	17:74500000	HID1	QTD000659	QTS000039	Jerber_2021	dopaminergic neuron	naive_D52	ge	single-cell	0.16063158888780113	2.10863e-12	-0.47606	-8.62661542802772	ENSG00000167861_L1	5	0.9300494755567232	rs7210122	SNP	moderate_0.2_0.5	neuro_systemic	lower_recurrence_exact
22:42500468	rs2413692	22:42500000	RRP7A	QTD000659	QTS000039	Jerber_2021	dopaminergic neuron	naive_D52	ge	single-cell	0.09773552341682135	5.2156e-13	-0.872319	-9.092058621268624	ENSG00000189306_L1	7	0.9806002094377819	rs2413692	SNP	moderate_0.2_0.5	neuro_systemic	lower_recurrence_exact
11:57499839	rs2584856	11:57000000	TIMM10	QTD000660	QTS000040	Nathan_2022	CD4+ T cell	naive	ge	single-cell	0.04144756543286041	2.16341e-13	-0.712003	-8.624608933877411	ENSG00000134809_L1	15	0.8128800148049327	rs2584856	SNP	moderate_0.2_0.5	mixed_trait_axis	core_exact_n10
15:44736389	rs3759878	15:44500000	TRIM69	QTD000660	QTS000040	Nathan_2022	CD4+ T cell	naive	ge	single-cell	0.006468354773901455	2.18146e-08	0.524462	6.336215566647161	ENSG00000185880_L1	91	0.6773729572270059	rs3759878	SNP	moderate_0.2_0.5	systemic_other	lower_recurrence_exact
15:74995034	rs7172715	15:74500000	PPCDC	QTD000660	QTS000040	Nathan_2022	CD4+ T cell	naive	ge	single-cell	0.03821174921265668	7.42243e-08	0.5572	6.177328485388096	ENSG00000138621_L1	85	0.349391762167694	rs7172715	SNP	moderate_0.2_0.5	systemic_other	lower_recurrence_exact
17:75477378	rs3935674	17:75000000	TSEN54	QTD000660	QTS000040	Nathan_2022	CD4+ T cell	naive	ge	single-cell	0.022106687539059033	2.79286e-09	-0.61976	-6.9646190764603855	ENSG00000182173_L1	33	0.765993699962237	rs3935674	SNP	moderate_0.2_0.5	systemic_non_neural	lower_recurrence_exact
17:75488672	rs11652993	17:75000000	TSEN54	QTD000660	QTS000040	Nathan_2022	CD4+ T cell	naive	ge	single-cell	0.022106687539059033	2.74681e-09	-0.620566	-6.9646190764603855	ENSG00000182173_L1	33	0.765993699962237	rs11652993	SNP	moderate_0.2_0.5	systemic_non_neural	core_exact_n10
20:18497226	rs2247757	20:18000000	SEC23B	QTD000660	QTS000040	Nathan_2022	CD4+ T cell	naive	ge	single-cell	0.06827483002253748	1.53005e-13	-0.682147	-8.831731241635522	ENSG00000101310_L1	60	0.9138844944519721	rs2247757	SNP	hidden_lt0.2	neural_enriched	core_exact_n10
11:57499839	rs2584856	11:57000000	TIMM10	QTD000661	QTS000040	Nathan_2022	CD4+ T cell	naive	ge	single-cell	0.009882644218025415	1.67585e-13	-0.76013	-8.803710117186448	ENSG00000134809_L1	15	0.6534776200023682	rs2584856	SNP	moderate_0.2_0.5	mixed_trait_axis	core_exact_n10
20:18497226	rs2247757	20:18000000	SEC23B	QTD000661	QTS000040	Nathan_2022	CD4+ T cell	naive	ge	single-cell	0.0404897104212937	2.09337e-17	-0.733882	-10.467229748344943	ENSG00000101310_L1	81	0.8785874788056649	rs2247757	SNP	hidden_lt0.2	neural_enriched	core_exact_n10
11:57499839	rs2584856	11:57000000	TIMM10	QTD000666	QTS000040	Nathan_2022	CD4+ T cell	naive	ge	single-cell	0.0932119317463225	4.00214e-09	-0.588053	-7.588496666883917	ENSG00000134809_L1	27	0.7298017303500276	rs2584856	SNP	moderate_0.2_0.5	mixed_trait_axis	core_exact_n10
20:18497226	rs2247757	20:18000000	SEC23B	QTD000668	QTS000040	Nathan_2022	CD4+ T cell	naive	ge	single-cell	0.012269508377948001	2.69854e-09	-0.564975	-6.956309819715835	ENSG00000101310_L1	103	0.8119398777881912	rs2247757	SNP	hidden_lt0.2	neural_enriched	core_exact_n10
18:23994495	rs8089140	18:23500000	TTC39C	QTD000672	QTS000040	Nathan_2022	CD4+ T cell	naive	ge	single-cell	0.011650945105943085	1.53027e-09	-0.437857	-7.170307479527662	ENSG00000168234_L1	49	0.45358243149910454	rs8089140	SNP	moderate_0.2_0.5	neural_enriched	core_exact_n10
20:18497226	rs2247757	20:18000000	SEC23B	QTD000672	QTS000040	Nathan_2022	CD4+ T cell	naive	ge	single-cell	0.03766712749434605	2.25706e-12	-0.688881	-8.43497054976701	ENSG00000101310_L1	59	0.8773957307635922	rs2247757	SNP	hidden_lt0.2	neural_enriched	core_exact_n10
11:57499839	rs2584856	11:57000000	TIMM10	QTD000673	QTS000040	Nathan_2022	CD4+ T cell	naive	ge	single-cell	0.02196529081689846	5.325e-17	-0.742126	-10.427426349148114	ENSG00000134809_L1	14	0.637153505876552	rs2584856	SNP	moderate_0.2_0.5	mixed_trait_axis	core_exact_n10
15:74995034	rs7172715	15:74500000	PPCDC	QTD000673	QTS000040	Nathan_2022	CD4+ T cell	naive	ge	single-cell	0.006117430436690779	1.99838e-07	0.532113	5.96781389588867	ENSG00000138621_L1	18	0.9113560279698297	rs7172715	SNP	moderate_0.2_0.5	systemic_other	lower_recurrence_exact
20:18497226	rs2247757	20:18000000	SEC23B	QTD000673	QTS000040	Nathan_2022	CD4+ T cell	naive	ge	single-cell	0.12234285909044264	3.75058e-30	-0.931734	-15.599977190341233	ENSG00000101310_L1	8	0.9999999999999998	rs2247757	SNP	hidden_lt0.2	neural_enriched	core_exact_n10
15:44736389	rs3759878	15:44500000	PATL2	QTD000675	QTS000040	Nathan_2022	CD4+ T cell	naive	ge	single-cell	0.007125581465592241	1.06298e-14	0.860972	8.815842773670218	ENSG00000229474_L1	107	0.5072020009290125	rs3759878	SNP	moderate_0.2_0.5	systemic_other	lower_recurrence_exact
15:74995034	rs7172715	15:74500000	PPCDC	QTD000675	QTS000040	Nathan_2022	CD4+ T cell	naive	ge	single-cell	0.012929989441748441	2.981e-07	0.519882	5.9395358667754445	ENSG00000138621_L1	71	0.6302518864834527	rs7172715	SNP	moderate_0.2_0.5	systemic_other	lower_recurrence_exact
17:75477378	rs3935674	17:75000000	TSEN54	QTD000675	QTS000040	Nathan_2022	CD4+ T cell	naive	ge	single-cell	0.007581512423687271	4.93271e-07	-0.52789	-5.830174074622375	ENSG00000182173_L1	32	0.7964466403384381	rs3935674	SNP	moderate_0.2_0.5	systemic_non_neural	lower_recurrence_exact
17:75488672	rs11652993	17:75000000	TSEN54	QTD000675	QTS000040	Nathan_2022	CD4+ T cell	naive	ge	single-cell	0.007581512423687271	4.86978e-07	-0.52872	-5.830174074622375	ENSG00000182173_L1	32	0.7964466403384381	rs11652993	SNP	moderate_0.2_0.5	systemic_non_neural	core_exact_n10
20:18497226	rs2247757	20:18000000	SEC23B	QTD000675	QTS000040	Nathan_2022	CD4+ T cell	naive	ge	single-cell	0.016632977465170683	6.40872e-20	-0.804631	-11.428867135551352	ENSG00000101310_L1	54	0.9275153658619855	rs2247757	SNP	hidden_lt0.2	neural_enriched	core_exact_n10
20:18497226	rs2247757	20:18000000	SEC23B	QTD000677	QTS000040	Nathan_2022	CD4+ T cell	naive	ge	single-cell	0.037646903084030535	6.86132e-20	-0.787514	-11.597438863099727	ENSG00000101310_L1	50	0.9303469978370152	rs2247757	SNP	hidden_lt0.2	neural_enriched	core_exact_n10
11:57499839	rs2584856	11:57000000	TIMM10	QTD000678	QTS000040	Nathan_2022	CD4+ T cell	naive	ge	single-cell	0.00921988808853491	1.47097e-09	-0.67053	-6.789989035940795	ENSG00000134809_L1	20	0.7749121603842888	rs2584856	SNP	moderate_0.2_0.5	mixed_trait_axis	core_exact_n10
20:18497226	rs2247757	20:18000000	SEC23B	QTD000678	QTS000040	Nathan_2022	CD4+ T cell	naive	ge	single-cell	0.036659178024742056	4.82417e-13	-0.692051	-8.669378794240487	ENSG00000101310_L1	64	0.8457314422369405	rs2247757	SNP	hidden_lt0.2	neural_enriched	core_exact_n10
20:18497226	rs2247757	20:18000000	SEC23B	QTD000680	QTS000040	Nathan_2022	CD4+ T cell	naive	ge	single-cell	0.0064891878861756454	3.34525e-08	-0.60413	-6.59177682553112	ENSG00000101310_L1	104	0.8902473697164971	rs2247757	SNP	hidden_lt0.2	neural_enriched	core_exact_n10
6:26455841	rs9295690	6:26000000	BTN3A1	QTD000680	QTS000040	Nathan_2022	CD4+ T cell	naive	ge	single-cell	0.0011890405292085799	4.49138e-07	-0.482644	-5.953257405316463	ENSG00000026950_L1	37	0.3412576125462474	rs9295690	SNP	moderate_0.2_0.5	neural_enriched	lower_recurrence_exact
15:44736389	rs3759878	15:44500000	PATL2	QTD000681	QTS000040	Nathan_2022	CD4+ T cell	naive	ge	single-cell	0.06146132572053727	2.80718e-10	0.638573	7.283752113171124	ENSG00000229474_L1	65	0.8297605364926735	rs3759878	SNP	moderate_0.2_0.5	systemic_other	lower_recurrence_exact
15:74995034	rs7172715	15:74500000	PPCDC	QTD000681	QTS000040	Nathan_2022	CD4+ T cell	naive	ge	single-cell	0.009716822774390586	2.23433e-09	0.5919	7.025315858216268	ENSG00000138621_L1	47	0.8796631871756928	rs7172715	SNP	moderate_0.2_0.5	systemic_other	lower_recurrence_exact
16:89483154	rs8043788	16:89000000	SPG7	QTD000681	QTS000040	Nathan_2022	CD4+ T cell	naive	ge	single-cell	0.0043306967654877255	6.06167e-11	0.550777	7.633058820284233	ENSG00000197912_L1	167	0.7455568634336102	rs8043788	SNP	moderate_0.2_0.5	systemic_other	lower_recurrence_exact
17:75477378	rs3935674	17:75000000	TSEN54	QTD000681	QTS000040	Nathan_2022	CD4+ T cell	naive	ge	single-cell	0.01930527775720747	1.06019e-08	-0.582222	-6.683349473624304	ENSG00000182173_L1	67	0.3756660288371263	rs3935674	SNP	moderate_0.2_0.5	systemic_non_neural	lower_recurrence_exact
17:75488672	rs11652993	17:75000000	TSEN54	QTD000681	QTS000040	Nathan_2022	CD4+ T cell	naive	ge	single-cell	0.01930527775720747	1.06699e-08	-0.58264	-6.683349473624304	ENSG00000182173_L1	67	0.3756660288371263	rs11652993	SNP	moderate_0.2_0.5	systemic_non_neural	core_exact_n10
20:18497226	rs2247757	20:18000000	SEC23B	QTD000681	QTS000040	Nathan_2022	CD4+ T cell	naive	ge	single-cell	0.045743977127076244	4.6864e-21	-0.743728	-11.827165247617563	ENSG00000101310_L1	88	0.8720321554880025	rs2247757	SNP	hidden_lt0.2	neural_enriched	core_exact_n10
15:74995034	rs7172715	15:74500000	PPCDC	QTD000683	QTS000040	Nathan_2022	CD4+ T cell	naive	ge	single-cell	0.007687473542015224	4.72766e-07	0.474993	5.965633999357338	ENSG00000138621_L1	60	0.8622704828010161	rs7172715	SNP	moderate_0.2_0.5	systemic_other	lower_recurrence_exact
16:89483154	rs8043788	16:89000000	SPG7	QTD000683	QTS000040	Nathan_2022	CD4+ T cell	naive	ge	single-cell	0.0027052546267132276	3.42812e-09	0.543699	6.860355032637731	ENSG00000197912_L1	176	0.739236873710975	rs8043788	SNP	moderate_0.2_0.5	systemic_other	lower_recurrence_exact
18:23994495	rs8089140	18:23500000	TTC39C	QTD000683	QTS000040	Nathan_2022	CD4+ T cell	naive	ge	single-cell	0.04378210432264048	2.23461e-08	-0.349745	-6.479638326965185	ENSG00000168234_L1	92	0.4688762221901311	rs8089140	SNP	moderate_0.2_0.5	neural_enriched	core_exact_n10
20:18497226	rs2247757	20:18000000	SEC23B	QTD000683	QTS000040	Nathan_2022	CD4+ T cell	naive	ge	single-cell	0.011763990689982788	2.08167e-21	-0.755165	-12.015818038390767	ENSG00000101310_L1	95	0.8502509420373174	rs2247757	SNP	hidden_lt0.2	neural_enriched	core_exact_n10
14:24011912	rs12589873	14:24000000	DHRS4	QTD000685	QTS000040	Nathan_2022	CD4+ T cell	naive	ge	single-cell	0.0298751328630035	5.09073e-07	1.1237	5.795242353608286	ENSG00000157326_L1	60	0.5061928407236858	rs12589873	SNP	moderate_0.2_0.5	systemic_other	lower_recurrence_exact
15:44736389	rs3759878	15:44500000	PATL2	QTD000685	QTS000040	Nathan_2022	CD4+ T cell	naive	ge	single-cell	0.00569050882344652	2.67154e-11	0.693572	7.699964086071258	ENSG00000229474_L1	83	0.743177259480646	rs3759878	SNP	moderate_0.2_0.5	systemic_other	lower_recurrence_exact
15:74995034	rs7172715	15:74500000	PPCDC	QTD000685	QTS000040	Nathan_2022	CD4+ T cell	naive	ge	single-cell	0.0736574392527989	2.59658e-10	0.600167	7.556168279923592	ENSG00000138621_L1	19	0.671560388071744	rs7172715	SNP	moderate_0.2_0.5	systemic_other	lower_recurrence_exact
16:89483154	rs8043788	16:89000000	SPG7	QTD000685	QTS000040	Nathan_2022	CD4+ T cell	naive	ge	single-cell	0.002856036152733919	4.49715e-08	0.452921	6.613442067880498	ENSG00000197912_L1	138	0.6721465603540789	rs8043788	SNP	moderate_0.2_0.5	systemic_other	lower_recurrence_exact
20:18497226	rs2247757	20:18000000	SEC23B	QTD000685	QTS000040	Nathan_2022	CD4+ T cell	naive	ge	single-cell	0.03689322843489599	9.74178e-21	-0.787558	-11.869220092860596	ENSG00000101310_L1	81	0.8675032431025615	rs2247757	SNP	hidden_lt0.2	neural_enriched	core_exact_n10
20:18497226	rs2247757	20:18000000	SEC23B	QTD000686	QTS000040	Nathan_2022	CD4+ T cell	naive	ge	single-cell	0.02638279496588421	8.20291e-14	-0.621918	-8.925473322460167	ENSG00000101310_L1	99	0.8777488781057643	rs2247757	SNP	hidden_lt0.2	neural_enriched	core_exact_n10
11:57499839	rs2584856	11:57000000	TIMM10	QTD000687	QTS000040	Nathan_2022	CD4+ T cell	naive	ge	single-cell	0.02774524800061791	4.86912e-07	-0.478313	-5.773597010932547	ENSG00000134809_L1	29	0.6587516641365122	rs2584856	SNP	moderate_0.2_0.5	mixed_trait_axis	core_exact_n10
15:44736389	rs3759878	15:44500000	PATL2	QTD000687	QTS000040	Nathan_2022	CD4+ T cell	naive	ge	single-cell	0.01557863099374626	9.93015e-10	0.63971	7.237666765465265	ENSG00000229474_L1	96	0.7750926313886685	rs3759878	SNP	moderate_0.2_0.5	systemic_other	lower_recurrence_exact
15:74995034	rs7172715	15:74500000	PPCDC	QTD000687	QTS000040	Nathan_2022	CD4+ T cell	naive	ge	single-cell	0.00915825406137053	5.45577e-06	0.454532	5.420360820204006	ENSG00000138621_L1	65	0.6325707542976005	rs7172715	SNP	moderate_0.2_0.5	systemic_other	lower_recurrence_exact
16:89483154	rs8043788	16:89000000	SPG7	QTD000687	QTS000040	Nathan_2022	CD4+ T cell	naive	ge	single-cell	0.004433343028672832	2.57643e-09	0.617444	7.387369103453659	ENSG00000197912_L1	159	0.7475322911144249	rs8043788	SNP	moderate_0.2_0.5	systemic_other	lower_recurrence_exact
20:18497226	rs2247757	20:18000000	SEC23B	QTD000687	QTS000040	Nathan_2022	CD4+ T cell	naive	ge	single-cell	0.020656002666736527	1.79664e-13	-0.653591	-8.81193291238888	ENSG00000101310_L1	52	0.946232017934357	rs2247757	SNP	hidden_lt0.2	neural_enriched	core_exact_n10
18:23994495	rs8089140	18:23500000	TTC39C	QTD000688	QTS000040	Nathan_2022	CD4+ T cell	naive	ge	single-cell	0.9035717315046382	5.38496e-13	-0.506118	-8.72903719830384	ENSG00000168234_L1	2	0.9625693084972725	rs8089140	SNP	moderate_0.2_0.5	neural_enriched	core_exact_n10
20:18497226	rs2247757	20:18000000	SEC23B	QTD000688	QTS000040	Nathan_2022	CD4+ T cell	naive	ge	single-cell	0.016243297213226655	1.5276e-13	-0.724172	-9.097683963295717	ENSG00000101310_L1	51	0.9386539141494256	rs2247757	SNP	hidden_lt0.2	neural_enriched	core_exact_n10
13:114339973	rs9562202	13:114000000	UPF3A	QTD000689	QTS000041	Cytoimmgen	CD4+ T cell	naive	ge	single-cell	0.009475437002395387	4.61188e-08	1.54927	7.0191093062075565	ENSG00000169062_L2	92	0.5581250906179829	rs9562202	SNP	moderate_0.2_0.5	systemic_other	lower_recurrence_exact
16:53499315	rs1861351	16:53000000	RBL2	QTD000689	QTS000041	Cytoimmgen	CD4+ T cell	naive	ge	single-cell	0.017376998200942052	2.50521e-14	-0.409781	-12.746945973517313	ENSG00000103479_L1	55	1.0	rs1861351	SNP	moderate_0.2_0.5	systemic_non_neural	lower_recurrence_exact
5:126988743	rs10065302	5:126500000	C5ORF63	QTD000689	QTS000041	Cytoimmgen	CD4+ T cell	naive	ge	single-cell	0.018130880485737418	1.34595e-10	0.647574	9.429584873571534	ENSG00000164241_L1	51	0.9094753544040161	rs10065302	SNP	moderate_0.2_0.5	systemic_non_neural	lower_recurrence_exact
12:6900438	rs2187611	12:6500000	LRRC23	QTD000690	QTS000041	Cytoimmgen	CD4+ T cell	anti-CD3-CD28_40h	ge	single-cell	0.012784967546364722	1.65071e-13	0.83106	12.359231739071088	ENSG00000010626_L1	74	0.9693973829813611	rs2187611	SNP	moderate_0.2_0.5	systemic_other	lower_recurrence_exact
15:74995034	rs7172715	15:74500000	PPCDC	QTD000690	QTS000041	Cytoimmgen	CD4+ T cell	anti-CD3-CD28_40h	ge	single-cell	0.012980876181164884	1.76065e-09	1.37676	9.260760161105843	ENSG00000138621_L1	74	0.9999999999999996	rs7172715	SNP	moderate_0.2_0.5	systemic_other	lower_recurrence_exact
6:78911497	rs9361468	6:78500000	IRAK1BP1	QTD000690	QTS000041	Cytoimmgen	CD4+ T cell	anti-CD3-CD28_40h	ge	single-cell	0.01370508183314588	4.17601e-09	-0.942006	-8.995082157381974	ENSG00000146243_L1	35	0.8750960140022007	rs9361468	SNP	moderate_0.2_0.5	systemic_other	lower_recurrence_exact
12:6900438	rs2187611	12:6500000	LRRC23	QTD000691	QTS000041	Cytoimmgen	CD4+ memory T cell	anti-CD3-CD28_40h	ge	single-cell	0.007719551271163321	1.60507e-09	0.678555	9.181469743367863	ENSG00000010626_L1	99	0.9026730556605616	rs2187611	SNP	moderate_0.2_0.5	systemic_other	lower_recurrence_exact
9:127955698	rs7028190	9:127500000	DPM2	QTD000691	QTS000041	Cytoimmgen	CD4+ memory T cell	anti-CD3-CD28_40h	ge	single-cell	0.0253961370393335	3.59553e-08	-0.583693	-7.977456258996121	ENSG00000136908_L1	36	0.9968222739025457	rs7028190	SNP	moderate_0.2_0.5	systemic_non_neural	lower_recurrence_exact
6:78911497	rs9361468	6:78500000	IRAK1BP1	QTD000692	QTS000041	Cytoimmgen	CD4+ memory T cell	anti-CD3-CD28_5D	ge	single-cell	0.01520747011727985	1.21377e-10	-1.04942	-10.570112848654265	ENSG00000146243_L1	88	0.8927169356736909	rs9361468	SNP	moderate_0.2_0.5	systemic_other	lower_recurrence_exact
12:120496143	rs12857	12:120000000	POP5	QTD000693	QTS000041	Cytoimmgen	CD4+ T cell	anti-CD3-CD28_16h	ge	single-cell	0.00496636013690508	1.67473e-07	-0.501454	-7.436081430837925	ENSG00000167272_L1	49	0.9568575222275398	rs12857	SNP	moderate_0.2_0.5	neuro_systemic	lower_recurrence_exact
16:30489440	rs3087438	16:30000000	SEPHS2	QTD000693	QTS000041	Cytoimmgen	CD4+ T cell	anti-CD3-CD28_16h	ge	single-cell	0.0067692596864870605	2.95699e-06	0.451933	6.503456677906161	ENSG00000179918_L1	11	0.8801391353464534	rs3087438	SNP	moderate_0.2_0.5	neural_enriched	core_exact_n10
1:235838479	rs6668242	1:235500000	LYST	QTD000694	QTS000041	Cytoimmgen	CD4+ memory T cell	naive	ge	single-cell	0.1853252324509699	2.82016e-09	-0.511828	-8.549012700103251	ENSG00000143669_L1	8	0.983392259880584	rs6668242	SNP	moderate_0.2_0.5	neural_enriched	core_exact_n10
12:6900438	rs2187611	12:6500000	SPSB2	QTD000695	QTS000041	Cytoimmgen	CD4+ memory T cell	anti-CD3-CD28_16h	ge	single-cell	0.012039525707760432	1.74714e-13	0.98429	12.02571820475609	ENSG00000111671_L1	75	0.9046582820513139	rs2187611	SNP	moderate_0.2_0.5	systemic_other	lower_recurrence_exact
12:120496143	rs12857	12:120000000	POP5	QTD000695	QTS000041	Cytoimmgen	CD4+ memory T cell	anti-CD3-CD28_16h	ge	single-cell	0.012297629540872226	6.22753e-08	-0.506504	-7.879233801320452	ENSG00000167272_L1	55	0.9150299675211311	rs12857	SNP	moderate_0.2_0.5	neuro_systemic	lower_recurrence_exact
22:42500468	rs2413692	22:42500000	RRP7A	QTD000695	QTS000041	Cytoimmgen	CD4+ memory T cell	anti-CD3-CD28_16h	ge	single-cell	0.016335969805860877	7.185e-07	-0.713881	-7.468719089520683	ENSG00000189306_L1	78	0.7342317635056799	rs2413692	SNP	moderate_0.2_0.5	neuro_systemic	lower_recurrence_exact
6:42668092	rs7768961	6:42500000	PRPH2	QTD000696	QTS000041	Cytoimmgen	CD4+ T cell	anti-CD3-CD28_5D	ge	single-cell	0.03485918805497563	4.62242e-06	-1.08333	-6.730872631913266	ENSG00000112619_L1	28	0.49555507144002436	rs7768961	SNP	moderate_0.2_0.5	systemic_non_neural	lower_recurrence_exact
6:78911497	rs9361468	6:78500000	IRAK1BP1	QTD000696	QTS000041	Cytoimmgen	CD4+ T cell	anti-CD3-CD28_5D	ge	single-cell	0.00894206013114172	7.05377e-10	-1.54729	-9.900783008739314	ENSG00000146243_L1	74	0.8798457123906482	rs9361468	SNP	moderate_0.2_0.5	systemic_other	lower_recurrence_exact
16:53499315	rs1861351	16:53000000	RBL2	QTD000697	QTS000041	Cytoimmgen	CD4+ T cell	naive	ge	single-cell	0.017555208153767862	1.29951e-13	-0.430382	-11.939997076528165	ENSG00000103479_L1	55	1.0	rs1861351	SNP	moderate_0.2_0.5	systemic_non_neural	lower_recurrence_exact
11:57499839	rs2584856	11:57000000	TIMM10	QTD000698	QTS000041	Cytoimmgen	CD4+ T cell	anti-CD3-CD28_16h	ge	single-cell	0.07285990504951377	3.68548e-13	-0.954039	-12.397342594970869	ENSG00000134809_L1	14	0.9967025000186629	rs2584856	SNP	moderate_0.2_0.5	mixed_trait_axis	core_exact_n10
1:235838479	rs6668242	1:235500000	LYST	QTD000707	QTS000041	Cytoimmgen	CD4+ T cell	naive	ge	single-cell	0.03327018186486889	4.3899e-07	-0.427922	-6.84361884934829	ENSG00000143669_L1	23	0.962215994430548	rs6668242	SNP	moderate_0.2_0.5	neural_enriched	core_exact_n10
8:143996235	rs7459603	8:143500000	PLEC	QTD000718	QTS000041	Cytoimmgen	CD4+ T cell	anti-CD3-CD28_16h	ge	single-cell	0.0015877660890843506	4.69812e-08	-0.718312	-7.901190782323748	ENSG00000178209_L1	76	0.7961544266986643	rs7459603	SNP	moderate_0.2_0.5	systemic_non_neural	core_exact_n10
16:53499315	rs1861351	16:53000000	RBL2	QTD000720	QTS000041	Cytoimmgen	CD4+ T cell	naive	ge	single-cell	0.008638374277237258	3.11743e-10	-0.404683	-9.546082076698072	ENSG00000103479_L1	71	0.8181013025559497	rs1861351	SNP	moderate_0.2_0.5	systemic_non_neural	lower_recurrence_exact
12:120496143	rs12857	12:120000000	POP5	QTD000726	QTS000041	Cytoimmgen	CD4+ T cell	anti-CD3-CD28_16h	ge	single-cell	0.01900892357791351	6.9579e-09	-0.78711	-8.372456040464948	ENSG00000167272_L1	55	0.9560731397342774	rs12857	SNP	moderate_0.2_0.5	neuro_systemic	lower_recurrence_exact
11:57499839	rs2584856	11:57000000	TIMM10	QTD000728	QTS000041	Cytoimmgen	CD4+ T cell	anti-CD3-CD28_5D	ge	single-cell	0.05197976015403225	1.18195e-13	-0.976032	-12.46947832591353	ENSG00000134809_L1	14	0.9978936496249202	rs2584856	SNP	moderate_0.2_0.5	mixed_trait_axis	core_exact_n10
12:6900438	rs2187611	12:6500000	LRRC23	QTD000733	QTS000041	Cytoimmgen	CD4+ T cell	anti-CD3-CD28_40h	ge	single-cell	0.013418259316242798	9.88319e-13	0.83376	11.700342905481895	ENSG00000010626_L1	71	1.0	rs2187611	SNP	moderate_0.2_0.5	systemic_other	lower_recurrence_exact
3:47789251	rs6776963	3:47500000	MAP4	QTD000733	QTS000041	Cytoimmgen	CD4+ T cell	anti-CD3-CD28_40h	ge	single-cell	0.0019200728348933945	1.412e-07	0.465741	7.619459842522641	ENSG00000047849_L1	167	0.6516357143430809	rs6776963	SNP	hidden_lt0.2	systemic_non_neural	core_exact_n10
9:127955698	rs7028190	9:127500000	DPM2	QTD000733	QTS000041	Cytoimmgen	CD4+ T cell	anti-CD3-CD28_40h	ge	single-cell	0.024594490034942955	9.56019e-10	-0.749494	-9.27289730469666	ENSG00000136908_L1	36	0.9163256096308573	rs7028190	SNP	moderate_0.2_0.5	systemic_non_neural	lower_recurrence_exact
9:127955698	rs7028190	9:127500000	DPM2	QTD000735	QTS000041	Cytoimmgen	CD4+ T cell	anti-CD3-CD28_40h	ge	single-cell	0.021925175656022363	1.91526e-07	-1.02906	-7.746511314945494	ENSG00000136908_L1	37	0.8225381720954571	rs7028190	SNP	moderate_0.2_0.5	systemic_non_neural	lower_recurrence_exact
8:143996235	rs7459603	8:143500000	PLEC	QTD000737	QTS000041	Cytoimmgen	CD4+ T cell	anti-CD3-CD28_40h	ge	single-cell	0.04429794011661473	4.63635e-09	-0.728312	-8.918666496845823	ENSG00000178209_L1	50	0.8585856704061792	rs7459603	SNP	moderate_0.2_0.5	systemic_non_neural	core_exact_n10
16:3124544	rs443540	16:3000000	ZNF213	QTD000856	QTS000046	Randolph_2021_reannotated	CD4+ TCM cell	Influenza_6h	ge	single-cell	0.29088839541339373	3.62764e-13	1.14516	9.469056110210934	ENSG00000085644_L1	4	0.8694140459059317	rs443540	SNP	moderate_0.2_0.5	systemic_other	lower_recurrence_exact
16:3124544	rs443540	16:3000000	ZNF213	QTD000857	QTS000046	Randolph_2021_reannotated	CD4+ TEM cell	naive	ge	single-cell	0.2241841415827259	4.36017e-09	0.941844	7.1237780125381365	ENSG00000085644_L1	4	0.8772382560785407	rs443540	SNP	moderate_0.2_0.5	systemic_other	lower_recurrence_exact
14:24011912	rs12589873	14:24000000	DHRS4	QTD000866	QTS000047	Perez_2022_reannotated	classical monocyte	naive	ge	single-cell	0.02622822655427511	3.49956e-14	1.01032	9.855405496837207	ENSG00000157326_L1	7	0.8795398978545023	rs12589873	SNP	moderate_0.2_0.5	systemic_other	lower_recurrence_exact
16:89483154	rs8043788	16:89000000	ANKRD11	QTD000866	QTS000047	Perez_2022_reannotated	classical monocyte	naive	ge	single-cell	0.016087478085364124	1.36815e-12	0.417614	8.885546298541662	ENSG00000167522_L1	57	0.7108761425832837	rs8043788	SNP	moderate_0.2_0.5	systemic_other	lower_recurrence_exact
3:113008337	rs2306857	3:113000000	GTPBP8	QTD000866	QTS000047	Perez_2022_reannotated	classical monocyte	naive	ge	single-cell	0.023471349737208387	1.37213e-11	0.680384	8.74282673421144	ENSG00000163607_L1	12	0.949438711047679	rs2306857	SNP	moderate_0.2_0.5	neural_enriched	core_exact_n10
20:18497226	rs2247757	20:18000000	SEC23B	QTD000872	QTS000047	Perez_2022_reannotated	naive B cell	naive	ge	single-cell	0.03320022854968367	6.90695e-11	-0.789096	-8.465699432362257	ENSG00000101310_L1	39	0.8921438061244229	rs2247757	SNP	hidden_lt0.2	neural_enriched	core_exact_n10
6:17910314	rs1983575	6:17500000	KIF13A	QTD000873	QTS000047	Perez_2022_reannotated	non-classical monocyte	naive	ge	single-cell	0.018500574680455024	5.61136e-07	0.504491	6.1306631516314285	ENSG00000137177_L1	48	0.7956115576333159	rs1983575	SNP	moderate_0.2_0.5	neural_enriched	core_exact_n10
6:78911497	rs9361468	6:78500000	IRAK1BP1	QTD000876	QTS000047	Perez_2022_reannotated	CD4+ TCM cell	naive	ge	single-cell	0.011376259106544809	2.56066e-07	-0.533149	-6.255397850870443	ENSG00000146243_L1	76	0.7841079129672783	rs9361468	SNP	moderate_0.2_0.5	systemic_other	lower_recurrence_exact
16:4477108	rs11639998	16:4000000	HMOX2	QTD000881	QTS000048	OneK1K_reannotated	NK cell	naive	ge	single-cell	0.023589901836307083	8.65414e-08	-0.186835	-5.470979582825689	ENSG00000103415_L1	75	0.2773775449663775	rs11639998	SNP	hidden_lt0.2	neural_enriched	core_exact_n10
16:4496585	rs3789038	16:4000000	HMOX2	QTD000881	QTS000048	OneK1K_reannotated	NK cell	naive	ge	single-cell	0.0011668770619347542	1.66231e-06	-0.151943	-4.859002814673599	ENSG00000103415_L1	75	0.2773775449663775	rs3789038	SNP	moderate_0.2_0.5	mixed_trait_axis	core_exact_n10
16:67499395	rs3893749	16:67000000	ATP6V0D1	QTD000881	QTS000048	OneK1K_reannotated	NK cell	naive	ge	single-cell	0.0019119371416078457	8.44386e-06	0.342394	4.569443376485721	ENSG00000159720_L1	142	0.3021612072506473	rs3893749	SNP	moderate_0.2_0.5	systemic_other	lower_recurrence_exact
17:82490657	rs8081734	17:82000000	NARF	QTD000881	QTS000048	OneK1K_reannotated	NK cell	naive	ge	single-cell	0.027441557785390126	1.06626e-12	0.246108	7.34707855535426	ENSG00000141562_L1	37	0.9723251810519081	rs8081734	SNP	moderate_0.2_0.5	systemic_non_neural	lower_recurrence_exact
2:11783292	rs4129757	2:11500000	LPIN1	QTD000881	QTS000048	OneK1K_reannotated	NK cell	naive	ge	single-cell	0.25601307440983834	0.00027759	0.149727	3.708962303967671	ENSG00000134324_L2	3	0.7730209234928135	rs4129757	SNP	moderate_0.2_0.5	systemic_other	lower_recurrence_exact
9:136805512	rs2811793	9:136500000	RABL6	QTD000881	QTS000048	OneK1K_reannotated	NK cell	naive	ge	single-cell	0.017776466584112853	3.04324e-09	-0.284282	-6.051895840457334	ENSG00000196642_L1	22	0.7875498899818512	rs2811793	SNP	moderate_0.2_0.5	systemic_non_neural	lower_recurrence_exact
9:136806153	rs2811795	9:136500000	RABL6	QTD000881	QTS000048	OneK1K_reannotated	NK cell	naive	ge	single-cell	0.018560952280615065	3.75546e-09	-0.270041	-6.0594592185503515	ENSG00000196642_L1	22	0.7875498899818512	rs2811795	SNP	moderate_0.2_0.5	systemic_non_neural	lower_recurrence_exact
11:1889477	rs613638	11:1500000	LSP1	QTD000883	QTS000048	OneK1K_reannotated	classical monocyte	naive	ge	single-cell	0.06336726639284251	3.93015e-10	-0.839191	-6.667653477647314	ENSG00000130592_L2	11	0.255427959070911	rs613638	SNP	moderate_0.2_0.5	systemic_non_neural	core_exact_n10
11:1890660	rs629781	11:1500000	LSP1	QTD000883	QTS000048	OneK1K_reannotated	classical monocyte	naive	ge	single-cell	0.057359432814095584	3.12467e-10	-0.844211	-6.75691509233831	ENSG00000130592_L2	11	0.255427959070911	rs629781	SNP	moderate_0.2_0.5	systemic_non_neural	core_exact_n10
11:1892147	rs548195	11:1500000	LSP1	QTD000883	QTS000048	OneK1K_reannotated	classical monocyte	naive	ge	single-cell	0.057359432814095584	3.30645e-10	-0.841525	-6.75691509233831	ENSG00000130592_L2	11	0.255427959070911	rs548195	SNP	moderate_0.2_0.5	neural_enriched	core_exact_n10
19:586822	rs12609751	19:500000	BSG	QTD000883	QTS000048	OneK1K_reannotated	classical monocyte	naive	ge	single-cell	0.25700718056946	5.62382e-10	-0.399096	-6.404355757368113	ENSG00000172270_L2	7	0.5645410524037122	rs12609751	SNP	moderate_0.2_0.5	neural_enriched	lower_recurrence_exact
19:587162	rs4919812	19:500000	BSG	QTD000883	QTS000048	OneK1K_reannotated	classical monocyte	naive	ge	single-cell	0.33155062301701554	7.19459e-10	-0.396263	-6.467848907505978	ENSG00000172270_L2	7	0.5645410524037122	rs4919812	SNP	moderate_0.2_0.5	neural_enriched	lower_recurrence_exact
6:17910314	rs1983575	6:17500000	KIF13A	QTD000883	QTS000048	OneK1K_reannotated	classical monocyte	naive	ge	single-cell	0.00764897987487504	8.74742e-08	0.301635	5.539099315023089	ENSG00000137177_L1	60	0.6982529593317299	rs1983575	SNP	moderate_0.2_0.5	neural_enriched	core_exact_n10
1:37868646	rs2306426	1:37500000	INPP5B	QTD000885	QTS000048	OneK1K_reannotated	memory B cell	naive	ge	single-cell	0.01765722416731185	6.661e-07	0.269053	5.352391674464583	ENSG00000204084_L1	25	0.7169118242489054	rs2306426	SNP	moderate_0.2_0.5	systemic_other	core_exact_n10
1:151990922	rs1552607	1:151500000	S100A11	QTD000885	QTS000048	OneK1K_reannotated	memory B cell	naive	ge	single-cell	0.0023972686877279216	7.49854e-07	-0.347669	-5.064565714132149	ENSG00000163191_L1	90	0.25590930133736456	rs1552607	SNP	moderate_0.2_0.5	systemic_non_neural	lower_recurrence_exact
1:235838479	rs6668242	1:235500000	LYST	QTD000885	QTS000048	OneK1K_reannotated	memory B cell	naive	ge	single-cell	0.04439613973161189	2.81529e-13	0.402979	7.642670964605962	ENSG00000143669_L1	16	0.8292535681160706	rs6668242	SNP	moderate_0.2_0.5	neural_enriched	core_exact_n10
10:97292065	rs1253402	10:97000000	RRP12	QTD000885	QTS000048	OneK1K_reannotated	memory B cell	naive	ge	single-cell	0.036664709381744626	1.33153e-08	-0.354762	-5.709308440685065	ENSG00000052749_L1	134	0.5391283400803316	rs1253402	SNP	moderate_0.2_0.5	systemic_other	core_exact_n10
12:6900438	rs2187611	12:6500000	SPSB2	QTD000885	QTS000048	OneK1K_reannotated	memory B cell	naive	ge	single-cell	0.001025485717003748	3.75841e-05	0.211637	4.348344845792839	ENSG00000111671_L1	71	0.4362986539687808	rs2187611	SNP	moderate_0.2_0.5	systemic_other	lower_recurrence_exact
16:89483154	rs8043788	16:89000000	SPG7	QTD000885	QTS000048	OneK1K_reannotated	memory B cell	naive	ge	single-cell	0.0022676052221347743	1.8221e-07	0.276565	4.927371183825017	ENSG00000197912_L1	139	0.2720650051329006	rs8043788	SNP	moderate_0.2_0.5	systemic_other	lower_recurrence_exact
1:235838479	rs6668242	1:235500000	LYST	QTD000887	QTS000048	OneK1K_reannotated	naive B cell	naive	ge	single-cell	0.08046544714568406	7.57489e-15	0.40756	8.318686929354106	ENSG00000143669_L1	8	0.9138466148666223	rs6668242	SNP	moderate_0.2_0.5	neural_enriched	core_exact_n10
16:53499315	rs1861351	16:53000000	RBL2	QTD000887	QTS000048	OneK1K_reannotated	naive B cell	naive	ge	single-cell	0.008034593400037766	2.18811e-07	-0.242403	-5.281511449503648	ENSG00000103479_L1	69	0.8631151130921517	rs1861351	SNP	moderate_0.2_0.5	systemic_non_neural	lower_recurrence_exact
3:58096982	rs9834312	3:58000000	FLNB	QTD000887	QTS000048	OneK1K_reannotated	naive B cell	naive	ge	single-cell	0.007128056423318334	2.60573e-13	-0.372958	-7.486949801183112	ENSG00000136068_L1	17	0.8274347344232648	rs9834312	SNP	moderate_0.2_0.5	neuro_systemic	lower_recurrence_exact
11:66322836	rs1190621	11:66000000	RIN1	QTD000888	QTS000048	OneK1K_reannotated	non-classical monocyte	naive	ge	single-cell	0.05802226153234042	9.54138e-15	0.967155	8.591382393598359	ENSG00000174791_L1	21	0.9806606049651194	rs1190621	SNP	moderate_0.2_0.5	systemic_non_neural	lower_recurrence_exact
16:4477108	rs11639998	16:4000000	HMOX2	QTD000890	QTS000048	OneK1K_reannotated	CD8+ TCM cell	naive	ge	single-cell	0.01748725361990805	1.57131e-10	-0.364852	-6.599306130928399	ENSG00000103415_L1	55	0.6538198615140269	rs11639998	SNP	hidden_lt0.2	neural_enriched	core_exact_n10
16:53499315	rs1861351	16:53000000	RBL2	QTD000890	QTS000048	OneK1K_reannotated	CD8+ TCM cell	naive	ge	single-cell	0.017217270883571393	5.12865e-12	-0.320651	-7.210660334992106	ENSG00000103479_L1	68	0.863762622063797	rs1861351	SNP	moderate_0.2_0.5	systemic_non_neural	lower_recurrence_exact
16:89483154	rs8043788	16:89000000	SPG7	QTD000890	QTS000048	OneK1K_reannotated	CD8+ TCM cell	naive	ge	single-cell	0.007036291536995422	1.0559e-06	0.280147	5.060747536097487	ENSG00000197912_L1	87	0.8663776576796886	rs8043788	SNP	moderate_0.2_0.5	systemic_other	lower_recurrence_exact
17:82490657	rs8081734	17:82000000	NARF	QTD000890	QTS000048	OneK1K_reannotated	CD8+ TCM cell	naive	ge	single-cell	0.0045623903145493114	1.79815e-07	-0.268124	-5.400384945077668	ENSG00000141562_L1	60	0.3373676182019086	rs8081734	SNP	moderate_0.2_0.5	systemic_non_neural	lower_recurrence_exact
22:31220315	rs1034588	22:31000000	LIMK2	QTD000890	QTS000048	OneK1K_reannotated	CD8+ TCM cell	naive	ge	single-cell	0.004744909860725349	2.91168e-07	0.305225	5.3271071571480935	ENSG00000182541_L1	183	0.43256601360242375	rs1034588	SNP	moderate_0.2_0.5	neural_enriched	lower_recurrence_exact
9:79688411	rs4877501	9:79500000	TLE4	QTD000890	QTS000048	OneK1K_reannotated	CD8+ TCM cell	naive	ge	single-cell	0.021978594636629416	1.45734e-09	-0.327396	-6.273446844512006	ENSG00000106829_L1	35	0.7564430736035133	rs4877501	SNP	moderate_0.2_0.5	neuro_systemic	lower_recurrence_exact
1:86998412	rs17099785	1:86500000	SELENOF	QTD000891	QTS000048	OneK1K_reannotated	CD4+ TCM cell	naive	ge	single-cell	0.005782683540930746	5.31328e-06	0.174421	4.757408422173783	ENSG00000183291_L1	150	0.36636401554561665	rs17099785	SNP	moderate_0.2_0.5	systemic_other	lower_recurrence_exact
1:87074196	rs11161932	1:87000000	SH3GLB1	QTD000891	QTS000048	OneK1K_reannotated	CD4+ TCM cell	naive	ge	single-cell	0.00959205196398547	0.000485607	-0.249549	-3.5938794010095854	ENSG00000097033_L2	90	0.7233520295619122	rs11161932	SNP	moderate_0.2_0.5	systemic_non_neural	lower_recurrence_exact
1:235838479	rs6668242	1:235500000	LYST	QTD000891	QTS000048	OneK1K_reannotated	CD4+ TCM cell	naive	ge	single-cell	0.3432518788337677	2.31408e-20	-0.315129	-9.583507745722287	ENSG00000143669_L1	5	0.9058760845625684	rs6668242	SNP	moderate_0.2_0.5	neural_enriched	core_exact_n10
10:28254787	rs11006956	10:28000000	MPP7	QTD000891	QTS000048	OneK1K_reannotated	CD4+ TCM cell	naive	ge	single-cell	0.006989558767409937	0.194809	-0.051208	-1.2387460933771326	ENSG00000150054_L2	19	0.2580791975286186	rs11006956	SNP	moderate_0.2_0.5	neural_enriched	lower_recurrence_exact
10:84374498	rs7095983	10:84000000	CCSER2	QTD000891	QTS000048	OneK1K_reannotated	CD4+ TCM cell	naive	ge	single-cell	0.0036280884060925344	0.597027	-0.0256213	-0.3046430197156559	ENSG00000107771_L2	22	0.812809819942218	rs7095983	SNP	moderate_0.2_0.5	neuro_systemic	lower_recurrence_exact
11:111990466	rs489417	11:111500000	DIXDC1	QTD000891	QTS000048	OneK1K_reannotated	CD4+ TCM cell	naive	ge	single-cell	0.002644289833378772	2.0218e-22	0.425487	10.193309667334926	ENSG00000150764_L1	65	0.9047397700210944	rs489417	SNP	moderate_0.2_0.5	systemic_non_neural	lower_recurrence_exact
12:6900438	rs2187611	12:6500000	LRRC23	QTD000891	QTS000048	OneK1K_reannotated	CD4+ TCM cell	naive	ge	single-cell	0.012835950711675858	1.65724e-20	-0.297505	-9.729289922859984	ENSG00000010626_L1	55	0.9531831046948016	rs2187611	SNP	moderate_0.2_0.5	systemic_other	lower_recurrence_exact
12:110451678	rs3759382	12:110000000	PPTC7	QTD000891	QTS000048	OneK1K_reannotated	CD4+ TCM cell	naive	ge	single-cell	0.000509379148945932	1.00051e-08	-0.378979	-5.905926401660321	ENSG00000196850_L1	178	0.33218164556596985	rs3759382	SNP	moderate_0.2_0.5	systemic_other	lower_recurrence_exact
12:111991665	rs12423126	12:111500000	TMEM116	QTD000891	QTS000048	OneK1K_reannotated	CD4+ TCM cell	naive	ge	single-cell	0.004350733370449584	2.52107e-13	0.30659	7.648343818788624	ENSG00000198270_L1	278	0.8310047251685551	rs12423126	SNP	moderate_0.2_0.5	systemic_other	lower_recurrence_exact
12:120496143	rs12857	12:120000000	POP5	QTD000891	QTS000048	OneK1K_reannotated	CD4+ TCM cell	naive	ge	single-cell	0.010065395008190113	1.85414e-07	-0.211391	-5.362138917432777	ENSG00000167272_L1	59	0.27824732356764714	rs12857	SNP	moderate_0.2_0.5	neuro_systemic	lower_recurrence_exact
12:122244789	rs7953290	12:122000000	VPS33A	QTD000891	QTS000048	OneK1K_reannotated	CD4+ TCM cell	naive	ge	single-cell	0.01210673162016758	6.97879e-12	0.519436	6.884835536697886	ENSG00000139719_L1	58	0.792971234157156	rs7953290	SNP	moderate_0.2_0.5	neural_enriched	core_exact_n10
14:21499294	rs3168880	14:21000000	TOX4	QTD000891	QTS000048	OneK1K_reannotated	CD4+ TCM cell	naive	ge	single-cell	0.02845008448247257	4.04712e-09	0.210567	5.922206234241366	ENSG00000092203_L1	23	0.8049251962208934	rs3168880	SNP	moderate_0.2_0.5	systemic_other	lower_recurrence_exact
15:74995034	rs7172715	15:74500000	PPCDC	QTD000891	QTS000048	OneK1K_reannotated	CD4+ TCM cell	naive	ge	single-cell	0.008294855333141567	1.1613e-08	0.478096	5.618450802894323	ENSG00000138621_L1	72	0.8386272196227753	rs7172715	SNP	moderate_0.2_0.5	systemic_other	lower_recurrence_exact
15:75390172	rs7166737	15:75000000	MAN2C1	QTD000891	QTS000048	OneK1K_reannotated	CD4+ TCM cell	naive	ge	single-cell	0.03218755201316182	2.13693e-18	0.386765	9.095766261800113	ENSG00000140400_L1	89	0.9183282383676845	rs7166737	SNP	moderate_0.2_0.5	systemic_non_neural	lower_recurrence_exact
15:82995439	rs1037403	15:82500000	C15ORF40	QTD000891	QTS000048	OneK1K_reannotated	CD4+ TCM cell	naive	ge	single-cell	0.07697180053475763	3.43607e-17	0.310758	9.19712494964878	ENSG00000169609_L2	5	0.9714410959812403	rs1037403	SNP	moderate_0.2_0.5	systemic_non_neural	lower_recurrence_exact
16:4477108	rs11639998	16:4000000	CORO7	QTD000891	QTS000048	OneK1K_reannotated	CD4+ TCM cell	naive	ge	single-cell	0.000919699777654473	4.10444e-05	0.164531	4.246737870262413	ENSG00000262246_L1	132	0.459767882124589	rs11639998	SNP	hidden_lt0.2	neural_enriched	core_exact_n10
16:4477108	rs11639998	16:4000000	HMOX2	QTD000891	QTS000048	OneK1K_reannotated	CD4+ TCM cell	naive	ge	single-cell	0.006730350760258152	1.35606e-21	-0.3029	-9.937140939529293	ENSG00000103415_L1	33	0.888687277904308	rs11639998	SNP	hidden_lt0.2	neural_enriched	core_exact_n10
16:67499395	rs3893749	16:67000000	ATP6V0D1	QTD000891	QTS000048	OneK1K_reannotated	CD4+ TCM cell	naive	ge	single-cell	0.005572040713272211	1.09048e-17	0.602228	8.905906804369549	ENSG00000159720_L1	90	0.8686921356646058	rs3893749	SNP	moderate_0.2_0.5	systemic_other	lower_recurrence_exact
17:78806566	rs4796817	17:78500000	USP36	QTD000891	QTS000048	OneK1K_reannotated	CD4+ TCM cell	naive	ge	single-cell	0.17875450469087387	5.19236e-19	-0.247865	-8.571038688931532	ENSG00000055483_L2	5	0.33025320070361197	rs4796817	SNP	moderate_0.2_0.5	systemic_other	lower_recurrence_exact
2:95992840	rs11687113	2:95500000	STARD7	QTD000891	QTS000048	OneK1K_reannotated	CD4+ TCM cell	naive	ge	single-cell	0.0006976515177392869	0.472139	0.0374999	1.2441698974381314	ENSG00000084090_L2	163	0.3191194138974374	rs11687113	SNP	moderate_0.2_0.5	systemic_non_neural	lower_recurrence_exact
2:112487093	rs10167775	2:112000000	CHCHD5	QTD000891	QTS000048	OneK1K_reannotated	CD4+ TCM cell	naive	ge	single-cell	0.027914907246232523	1.91132e-10	0.268985	7.112879081511906	ENSG00000125611_L1	44	0.3155645383494581	rs10167775	SNP	moderate_0.2_0.5	systemic_non_neural	lower_recurrence_exact
2:174972115	rs3771917	2:174500000	CHN1	QTD000891	QTS000048	OneK1K_reannotated	CD4+ TCM cell	naive	ge	single-cell	0.026187772764017906	7.24526e-22	-0.3628	-10.065373486439814	ENSG00000128656_L1	77	0.6163827591870283	rs3771917	SNP	moderate_0.2_0.5	systemic_non_neural	core_exact_n10
20:2947150	rs6076448	20:2500000	PTPRA	QTD000891	QTS000048	OneK1K_reannotated	CD4+ TCM cell	naive	ge	single-cell	0.06090271558913339	4.43666e-07	0.244617	5.24614249784764	ENSG00000132670_L1	69	0.595058398434773	rs6076448	SNP	moderate_0.2_0.5	systemic_non_neural	core_exact_n10
20:18497226	rs2247757	20:18000000	SEC23B	QTD000891	QTS000048	OneK1K_reannotated	CD4+ TCM cell	naive	ge	single-cell	0.040877433189510884	7.02492e-24	-0.701631	-10.297193908313865	ENSG00000101310_L1	43	0.8409539809008458	rs2247757	SNP	hidden_lt0.2	neural_enriched	core_exact_n10
3:37054533	rs749072	3:37000000	MLH1	QTD000891	QTS000048	OneK1K_reannotated	CD4+ TCM cell	naive	ge	single-cell	0.9613402787927878	8.01933e-15	0.323437	7.964018631157083	ENSG00000076242_L1	1	1.0	rs749072	SNP	moderate_0.2_0.5	systemic_other	lower_recurrence_exact
3:47789251	rs6776963	3:47500000	MAP4	QTD000891	QTS000048	OneK1K_reannotated	CD4+ TCM cell	naive	ge	single-cell	0.0005448405478501378	7.19482e-13	0.212768	7.659416209471762	ENSG00000047849_L1	246	0.5157034942195766	rs6776963	SNP	hidden_lt0.2	systemic_non_neural	core_exact_n10
5:126988743	rs10065302	5:126500000	C5ORF63	QTD000891	QTS000048	OneK1K_reannotated	CD4+ TCM cell	naive	ge	single-cell	0.04983710426100382	7.20109e-29	0.435977	11.882895131836069	ENSG00000164241_L1	48	0.6875502274038575	rs10065302	SNP	moderate_0.2_0.5	systemic_non_neural	lower_recurrence_exact
7:44988209	rs1859489	7:44500000	CCM2	QTD000891	QTS000048	OneK1K_reannotated	CD4+ TCM cell	naive	ge	single-cell	0.005782764757612188	8.51646e-12	0.197434	7.048313781952397	ENSG00000136280_L1	124	0.7762918488603373	rs1859489	SNP	moderate_0.2_0.5	systemic_non_neural	lower_recurrence_exact
7:44999010	rs6463259	7:44500000	CCM2	QTD000891	QTS000048	OneK1K_reannotated	CD4+ TCM cell	naive	ge	single-cell	0.010836091959768373	2.37398e-12	0.198899	7.138945032592067	ENSG00000136280_L1	124	0.7762918488603373	rs6463259	SNP	moderate_0.2_0.5	systemic_non_neural	lower_recurrence_exact
7:102410192	rs7384178	7:102000000	PRKRIP1	QTD000891	QTS000048	OneK1K_reannotated	CD4+ TCM cell	naive	ge	single-cell	0.12708640683693648	1.84455e-08	-0.458832	-6.1209361155332545	ENSG00000128563_L1	12	0.839873458422386	rs7384178	SNP	moderate_0.2_0.5	systemic_non_neural	lower_recurrence_exact
8:103373488	rs2575695	8:103000000	DCAF13	QTD000891	QTS000048	OneK1K_reannotated	CD4+ TCM cell	naive	ge	single-cell	0.018841515208351218	1.4088e-09	0.289275	6.096109509767606	ENSG00000164934_L1	70	0.25442263534182463	rs2575695	SNP	moderate_0.2_0.5	systemic_other	core_exact_n10
9:127955698	rs7028190	9:127500000	DPM2	QTD000891	QTS000048	OneK1K_reannotated	CD4+ TCM cell	naive	ge	single-cell	0.009104081960430695	7.63831e-10	-0.310814	-6.22346586726343	ENSG00000136908_L1	35	0.8805401618809977	rs7028190	SNP	moderate_0.2_0.5	systemic_non_neural	lower_recurrence_exact
9:136805512	rs2811793	9:136500000	RABL6	QTD000891	QTS000048	OneK1K_reannotated	CD4+ TCM cell	naive	ge	single-cell	0.0693122325269433	1.93728e-14	-0.311506	-8.123036838306849	ENSG00000196642_L1	20	0.7530059298171091	rs2811793	SNP	moderate_0.2_0.5	systemic_non_neural	lower_recurrence_exact
9:136806153	rs2811795	9:136500000	RABL6	QTD000891	QTS000048	OneK1K_reannotated	CD4+ TCM cell	naive	ge	single-cell	0.06728101479999916	4.59868e-15	-0.304276	-8.115406105883181	ENSG00000196642_L1	20	0.7530059298171091	rs2811795	SNP	moderate_0.2_0.5	systemic_non_neural	lower_recurrence_exact
18:23994495	rs8089140	18:23500000	TTC39C	QTD000892	QTS000048	OneK1K_reannotated	CD4+ TEM cell	naive	ge	single-cell	0.007008709097569288	2.70654e-11	-0.40015	-6.980669765535069	ENSG00000168234_L1	6	0.33254405528797154	rs8089140	SNP	moderate_0.2_0.5	neural_enriched	core_exact_n10
2:11783292	rs4129757	2:11500000	LPIN1	QTD000892	QTS000048	OneK1K_reannotated	CD4+ TEM cell	naive	ge	single-cell	0.042599889295841936	0.000783403	0.194691	3.302503279878256	ENSG00000134324_L2	5	0.8632584793287542	rs4129757	SNP	moderate_0.2_0.5	systemic_other	lower_recurrence_exact
1:37868646	rs2306426	1:37500000	INPP5B	QTD000893	QTS000048	OneK1K_reannotated	Tem/Temra cytotoxic T cell	naive	ge	single-cell	0.00721646336908607	2.85079e-06	0.25234	4.823511731040238	ENSG00000204084_L1	33	0.34470479946827276	rs2306426	SNP	moderate_0.2_0.5	systemic_other	core_exact_n10
1:235838479	rs6668242	1:235500000	LYST	QTD000893	QTS000048	OneK1K_reannotated	Tem/Temra cytotoxic T cell	naive	ge	single-cell	0.08222578678179908	2.74439e-18	-0.309788	-9.196039992246206	ENSG00000143669_L1	11	0.818002199728544	rs6668242	SNP	moderate_0.2_0.5	neural_enriched	core_exact_n10
16:89483154	rs8043788	16:89000000	SPG7	QTD000893	QTS000048	OneK1K_reannotated	Tem/Temra cytotoxic T cell	naive	ge	single-cell	0.014207121150330008	3.29533e-19	0.414469	9.420409017825527	ENSG00000197912_L1	82	0.8434433022526321	rs8043788	SNP	moderate_0.2_0.5	systemic_other	lower_recurrence_exact
2:11783292	rs4129757	2:11500000	LPIN1	QTD000893	QTS000048	OneK1K_reannotated	Tem/Temra cytotoxic T cell	naive	ge	single-cell	0.1538319132459937	5.23805e-05	0.178407	4.022814742605928	ENSG00000134324_L2	2	0.8386045480079865	rs4129757	SNP	moderate_0.2_0.5	systemic_other	lower_recurrence_exact
1:235838479	rs6668242	1:235500000	LYST	QTD000894	QTS000048	OneK1K_reannotated	CD8+ TEM cell	naive	ge	single-cell	0.013486221166748184	4.87513e-16	-0.395009	-8.392363809402893	ENSG00000143669_L1	12	0.8272832733475795	rs6668242	SNP	moderate_0.2_0.5	neural_enriched	core_exact_n10
16:67499395	rs3893749	16:67000000	ATP6V0D1	QTD000894	QTS000048	OneK1K_reannotated	CD8+ TEM cell	naive	ge	single-cell	0.0025719784077500446	1.77515e-06	0.463387	4.901968416887296	ENSG00000159720_L1	411	0.2686387551271339	rs3893749	SNP	moderate_0.2_0.5	systemic_other	lower_recurrence_exact
2:11783292	rs4129757	2:11500000	LPIN1	QTD000894	QTS000048	OneK1K_reannotated	CD8+ TEM cell	naive	ge	single-cell	0.09001691954560585	4.9292e-05	0.188686	4.060858813818306	ENSG00000134324_L2	2	0.850855058349937	rs4129757	SNP	moderate_0.2_0.5	systemic_other	lower_recurrence_exact
7:55898655	rs2331096	7:55500000	CHCHD2	QTD000894	QTS000048	OneK1K_reannotated	CD8+ TEM cell	naive	ge	single-cell	0.004268735970342893	5.30537e-09	-0.219984	-6.281627132539884	ENSG00000106153_L1	95	0.5557475500492008	rs2331096	SNP	moderate_0.2_0.5	systemic_other	lower_recurrence_exact
11:57499839	rs2584856	11:57000000	TIMM10	QTD000897	QTS000049	Nathan_2022_reannotated	regulatory T cell	naive	ge	single-cell	0.012989408965412603	3.41787e-09	-0.489355	-6.922152325648855	ENSG00000134809_L1	23	0.6764281351602354	rs2584856	SNP	moderate_0.2_0.5	mixed_trait_axis	core_exact_n10
15:44736389	rs3759878	15:44500000	PATL2	QTD000897	QTS000049	Nathan_2022_reannotated	regulatory T cell	naive	ge	single-cell	0.0022829400124548573	9.91982e-07	0.482395	5.7322751250800374	ENSG00000229474_L1	85	0.7753824944607505	rs3759878	SNP	moderate_0.2_0.5	systemic_other	lower_recurrence_exact
15:74995034	rs7172715	15:74500000	PPCDC	QTD000897	QTS000049	Nathan_2022_reannotated	regulatory T cell	naive	ge	single-cell	0.009019292092062056	1.23709e-09	0.644463	7.3774141755845015	ENSG00000138621_L1	65	0.6628875472569895	rs7172715	SNP	moderate_0.2_0.5	systemic_other	lower_recurrence_exact
16:89483154	rs8043788	16:89000000	SPG7	QTD000897	QTS000049	Nathan_2022_reannotated	regulatory T cell	naive	ge	single-cell	0.001760483688196522	1.16387e-09	0.626098	7.516150817181312	ENSG00000197912_L1	99	0.6343404129285292	rs8043788	SNP	moderate_0.2_0.5	systemic_other	lower_recurrence_exact
1:32713303	rs403352	1:32500000	ZBTB8OS	QTD000898	QTS000049	Nathan_2022_reannotated	CD4+ TCM cell	naive	ge	single-cell	0.006059928027369688	2.34776e-06	-0.332078	-5.484065001638043	ENSG00000176261_L1	237	0.4449853398968234	rs403352	SNP	moderate_0.2_0.5	systemic_non_neural	lower_recurrence_exact
1:235838479	rs6668242	1:235500000	LYST	QTD000898	QTS000049	Nathan_2022_reannotated	CD4+ TCM cell	naive	ge	single-cell	0.05601791218234201	3.39408e-08	-0.368922	-6.6921732359970445	ENSG00000143669_L1	22	0.7797435711476798	rs6668242	SNP	moderate_0.2_0.5	neural_enriched	core_exact_n10
11:61436889	rs896831	11:61000000	TMEM216	QTD000898	QTS000049	Nathan_2022_reannotated	CD4+ TCM cell	naive	ge	single-cell	0.005637498171398827	1.37272e-06	-0.517324	-5.4696119427718655	ENSG00000187049_L1	69	0.4908477637539914	rs896831	SNP	hidden_lt0.2	systemic_non_neural	core_exact_n10
15:44736389	rs3759878	15:44500000	TRIM69	QTD000898	QTS000049	Nathan_2022_reannotated	CD4+ TCM cell	naive	ge	single-cell	0.009716397305376852	1.25496e-14	0.518317	9.27077328481214	ENSG00000185880_L1	72	0.8568252532571754	rs3759878	SNP	moderate_0.2_0.5	systemic_other	lower_recurrence_exact
15:44736389	rs3759878	15:44500000	PATL2	QTD000898	QTS000049	Nathan_2022_reannotated	CD4+ TCM cell	naive	ge	single-cell	0.018569622111516488	1.1898e-23	0.910651	12.157880250467274	ENSG00000229474_L1	61	0.7915307470897164	rs3759878	SNP	moderate_0.2_0.5	systemic_other	lower_recurrence_exact
15:74995034	rs7172715	15:74500000	PPCDC	QTD000898	QTS000049	Nathan_2022_reannotated	CD4+ TCM cell	naive	ge	single-cell	0.07896069405463334	4.60277e-26	0.779961	14.138026062504123	ENSG00000138621_L1	17	0.9014525358993135	rs7172715	SNP	moderate_0.2_0.5	systemic_other	lower_recurrence_exact
16:89483154	rs8043788	16:89000000	SPG7	QTD000898	QTS000049	Nathan_2022_reannotated	CD4+ TCM cell	naive	ge	single-cell	0.03154627355010994	2.49132e-27	0.627411	14.668112213731265	ENSG00000197912_L1	73	0.9293277891104338	rs8043788	SNP	moderate_0.2_0.5	systemic_other	lower_recurrence_exact
17:75477378	rs3935674	17:75000000	TSEN54	QTD000898	QTS000049	Nathan_2022_reannotated	CD4+ TCM cell	naive	ge	single-cell	0.02919203861751531	1.85872e-16	-0.71447	-10.112919065763394	ENSG00000182173_L1	33	0.7933083714916486	rs3935674	SNP	moderate_0.2_0.5	systemic_non_neural	lower_recurrence_exact
17:75488672	rs11652993	17:75000000	TSEN54	QTD000898	QTS000049	Nathan_2022_reannotated	CD4+ TCM cell	naive	ge	single-cell	0.02919203861751531	1.92683e-16	-0.714721	-10.112919065763394	ENSG00000182173_L1	33	0.7933083714916486	rs11652993	SNP	moderate_0.2_0.5	systemic_non_neural	core_exact_n10
20:18497226	rs2247757	20:18000000	SEC23B	QTD000898	QTS000049	Nathan_2022_reannotated	CD4+ TCM cell	naive	ge	single-cell	0.1242942998555737	1.55991e-44	-0.938813	-20.876642252269075	ENSG00000101310_L1	8	1.0	rs2247757	SNP	hidden_lt0.2	neural_enriched	core_exact_n10
22:31220315	rs1034588	22:31000000	LIMK2	QTD000898	QTS000049	Nathan_2022_reannotated	CD4+ TCM cell	naive	ge	single-cell	0.0029972709761571415	4.51693e-07	0.327509	5.664737839613002	ENSG00000182541_L1	150	0.4238183518529702	rs1034588	SNP	moderate_0.2_0.5	neural_enriched	lower_recurrence_exact
3:37054533	rs749072	3:37000000	MLH1	QTD000898	QTS000049	Nathan_2022_reannotated	CD4+ TCM cell	naive	ge	single-cell	0.19820407344640176	3.10554e-13	0.43771	8.727825674402299	ENSG00000076242_L1	4	0.9354505331852511	rs749072	SNP	moderate_0.2_0.5	systemic_other	lower_recurrence_exact
3:44761331	rs1876223	3:44500000	ZNF502	QTD000898	QTS000049	Nathan_2022_reannotated	CD4+ TCM cell	naive	ge	single-cell	0.006385550924533309	1.69558e-08	0.530663	6.5973931861227095	ENSG00000196653_L2	50	0.48608315649403083	rs1876223	SNP	moderate_0.2_0.5	systemic_non_neural	lower_recurrence_exact
5:126988743	rs10065302	5:126500000	C5ORF63	QTD000898	QTS000049	Nathan_2022_reannotated	CD4+ TCM cell	naive	ge	single-cell	0.0016734208994872407	1.88553e-07	0.589267	5.7314300824025635	ENSG00000164241_L1	31	0.45589871453010256	rs10065302	SNP	moderate_0.2_0.5	systemic_non_neural	lower_recurrence_exact
6:78911497	rs9361468	6:78500000	IRAK1BP1	QTD000898	QTS000049	Nathan_2022_reannotated	CD4+ TCM cell	naive	ge	single-cell	0.013349126829058646	1.12458e-09	-1.02913	-6.937920986689542	ENSG00000146243_L1	72	0.9209873937694477	rs9361468	SNP	moderate_0.2_0.5	systemic_other	lower_recurrence_exact
6:158207173	rs4710052	6:158000000	GTF2H5	QTD000898	QTS000049	Nathan_2022_reannotated	CD4+ TCM cell	naive	ge	single-cell	0.0019424914944039346	3.20997e-12	-0.387888	-8.220658556623334	ENSG00000272047_L2	101	0.5084524957322512	rs4710052	SNP	hidden_lt0.2	systemic_other	core_exact_n10
1:24763955	rs6604978	1:24500000	CLIC4	QTD000899	QTS000049	Nathan_2022_reannotated	CD4+ TEM cell	naive	ge	single-cell	0.009567730254845409	3.0513e-09	0.503395	6.778300502085003	ENSG00000169504_L1	62	0.8185628380810722	rs6604978	SNP	moderate_0.2_0.5	systemic_non_neural	core_exact_n10
1:24768223	rs6692599	1:24500000	CLIC4	QTD000899	QTS000049	Nathan_2022_reannotated	CD4+ TEM cell	naive	ge	single-cell	0.009567730254845409	3.06263e-09	0.503202	6.778300502085003	ENSG00000169504_L1	62	0.8185628380810722	rs6692599	SNP	moderate_0.2_0.5	systemic_non_neural	core_exact_n10
1:24771754	rs9332415	1:24500000	CLIC4	QTD000899	QTS000049	Nathan_2022_reannotated	CD4+ TEM cell	naive	ge	single-cell	0.009567730254845409	3.05413e-09	0.503157	6.778300502085003	ENSG00000169504_L1	62	0.8185628380810722	rs9332415	SNP	moderate_0.2_0.5	systemic_non_neural	core_exact_n10
1:235838479	rs6668242	1:235500000	LYST	QTD000899	QTS000049	Nathan_2022_reannotated	CD4+ TEM cell	naive	ge	single-cell	0.037570982274542794	2.76162e-09	-0.567692	-7.194212386386023	ENSG00000143669_L1	21	0.7952215815445381	rs6668242	SNP	moderate_0.2_0.5	neural_enriched	core_exact_n10
10:581271	rs1672535	10:500000	DIP2C	QTD000899	QTS000049	Nathan_2022_reannotated	CD4+ TEM cell	naive	ge	single-cell	0.06914524888711412	2.69643e-07	-0.603671	-6.156752556118987	ENSG00000151240_L1	23	0.8209322362219612	rs1672535	SNP	moderate_0.2_0.5	systemic_other	lower_recurrence_exact
10:650297	rs10904535	10:500000	DIP2C	QTD000899	QTS000049	Nathan_2022_reannotated	CD4+ TEM cell	naive	ge	single-cell	0.031587573117361115	1.63243e-07	-0.497391	-6.0297382369039765	ENSG00000151240_L1	23	0.8209322362219612	rs10904535	SNP	moderate_0.2_0.5	systemic_non_neural	core_exact_n10
15:44736389	rs3759878	15:44500000	TRIM69	QTD000899	QTS000049	Nathan_2022_reannotated	CD4+ TEM cell	naive	ge	single-cell	0.006339254563357585	5.41864e-10	0.523781	7.324688573361372	ENSG00000185880_L1	103	0.777355357501516	rs3759878	SNP	moderate_0.2_0.5	systemic_other	lower_recurrence_exact
15:44736389	rs3759878	15:44500000	PATL2	QTD000899	QTS000049	Nathan_2022_reannotated	CD4+ TEM cell	naive	ge	single-cell	0.011341408621774862	7.02478e-13	0.710888	8.440299925660925	ENSG00000229474_L1	82	0.763066674933633	rs3759878	SNP	moderate_0.2_0.5	systemic_other	lower_recurrence_exact
15:74995034	rs7172715	15:74500000	PPCDC	QTD000899	QTS000049	Nathan_2022_reannotated	CD4+ TEM cell	naive	ge	single-cell	0.06104154952296631	5.95178e-10	0.571661	7.283512072910407	ENSG00000138621_L1	51	0.5018010709586327	rs7172715	SNP	moderate_0.2_0.5	systemic_other	lower_recurrence_exact
16:89483154	rs8043788	16:89000000	SPG7	QTD000899	QTS000049	Nathan_2022_reannotated	CD4+ TEM cell	naive	ge	single-cell	0.008647026304611902	5.36742e-12	0.6078	8.310218271507097	ENSG00000197912_L1	143	0.878811383744637	rs8043788	SNP	moderate_0.2_0.5	systemic_other	lower_recurrence_exact
17:75477378	rs3935674	17:75000000	TSEN54	QTD000899	QTS000049	Nathan_2022_reannotated	CD4+ TEM cell	naive	ge	single-cell	0.03513892421536606	1.8327e-11	-0.656184	-8.022985402103354	ENSG00000182173_L1	35	0.7046061925841244	rs3935674	SNP	moderate_0.2_0.5	systemic_non_neural	lower_recurrence_exact
17:75488672	rs11652993	17:75000000	TSEN54	QTD000899	QTS000049	Nathan_2022_reannotated	CD4+ TEM cell	naive	ge	single-cell	0.03513892421536606	1.82225e-11	-0.656367	-8.022985402103354	ENSG00000182173_L1	35	0.7046061925841244	rs11652993	SNP	moderate_0.2_0.5	systemic_non_neural	core_exact_n10
20:18497226	rs2247757	20:18000000	SEC23B	QTD000899	QTS000049	Nathan_2022_reannotated	CD4+ TEM cell	naive	ge	single-cell	0.07041220043969472	1.03462e-25	-0.855425	-13.740301036206242	ENSG00000101310_L1	28	0.9303264005559891	rs2247757	SNP	hidden_lt0.2	neural_enriched	core_exact_n10
22:42500468	rs2413692	22:42500000	RRP7A	QTD000899	QTS000049	Nathan_2022_reannotated	CD4+ TEM cell	naive	ge	single-cell	0.01775582470253204	1.19036e-09	-0.59093	-7.293733423435994	ENSG00000189306_L1	114	0.38261694664996543	rs2413692	SNP	moderate_0.2_0.5	neuro_systemic	lower_recurrence_exact
6:78911497	rs9361468	6:78500000	IRAK1BP1	QTD000899	QTS000049	Nathan_2022_reannotated	CD4+ TEM cell	naive	ge	single-cell	0.012794942612988783	4.81481e-08	-1.22157	-6.286912334604593	ENSG00000146243_L1	81	0.7361996868123221	rs9361468	SNP	moderate_0.2_0.5	systemic_other	lower_recurrence_exact
12:93484015	rs10745654	12:93000000	MRPL42	QTD000900	QTS000049	Nathan_2022_reannotated	Tem/Temra cytotoxic T cell	naive	ge	single-cell	0.0050335540735808116	8.35659e-08	0.519795	6.237649113406414	ENSG00000198015_L1	114	0.5151654342254498	rs10745654	SNP	hidden_lt0.2	systemic_other	core_exact_n10
16:89483154	rs8043788	16:89000000	SPG7	QTD000900	QTS000049	Nathan_2022_reannotated	Tem/Temra cytotoxic T cell	naive	ge	single-cell	0.020476401402610016	1.59015e-08	0.543102	6.653672614048434	ENSG00000197912_L1	165	0.7345200799450236	rs8043788	SNP	moderate_0.2_0.5	systemic_other	lower_recurrence_exact
20:18497226	rs2247757	20:18000000	SEC23B	QTD000900	QTS000049	Nathan_2022_reannotated	Tem/Temra cytotoxic T cell	naive	ge	single-cell	0.05052110633777119	1.4668e-11	-0.644275	-8.079101558856522	ENSG00000101310_L1	58	0.9190686345182019	rs2247757	SNP	hidden_lt0.2	neural_enriched	core_exact_n10
12:93484015	rs10745654	12:93000000	MRPL42	QTD000901	QTS000049	Nathan_2022_reannotated	CD8+ TEM cell	naive	ge	single-cell	0.010733652876663292	4.02326e-11	0.669286	7.890182578626678	ENSG00000198015_L1	84	0.6087127243929308	rs10745654	SNP	hidden_lt0.2	systemic_other	core_exact_n10
3:47789251	rs6776963	3:47500000	MAP4	QTD000902	QTS000050	Cytoimmgen_reannotated	T cell	anti-CD3-CD28_40H	ge	single-cell	0.0011417130775214683	3.35684e-08	0.359012	8.226310747878392	ENSG00000047849_L1	68	0.6043743867248123	rs6776963	SNP	hidden_lt0.2	systemic_non_neural	core_exact_n10
11:57499839	rs2584856	11:57000000	TIMM10	QTD000903	QTS000050	Cytoimmgen_reannotated	T cell	anti-CD3-CD28_5D	ge	single-cell	0.077085781073432	9.75732e-16	-0.884463	-14.177967602856794	ENSG00000134809_L1	13	0.9680759309822954	rs2584856	SNP	moderate_0.2_0.5	mixed_trait_axis	core_exact_n10
1:37493869	rs215211	1:37000000	MEAF6	QTD000904	QTS000050	Cytoimmgen_reannotated	regulatory T cell	anti-CD3-CD28_16H	ge	single-cell	0.03425271245620157	0.0501694	-0.398887	-2.7035222433142643	ENSG00000163875_L2	28	1.0	rs215211	SNP	moderate_0.2_0.5	systemic_other	core_exact_n10
11:57499839	rs2584856	11:57000000	TIMM10	QTD000905	QTS000050	Cytoimmgen_reannotated	regulatory T cell	anti-CD3-CD28_40H	ge	single-cell	0.07260502658944125	1.15939e-18	-0.854602	-16.47552350313057	ENSG00000134809_L1	15	0.9652472904642303	rs2584856	SNP	moderate_0.2_0.5	mixed_trait_axis	core_exact_n10
2:131491303	rs6709245	2:131000000	CCDC74A	QTD000906	QTS000050	Cytoimmgen_reannotated	regulatory T cell	anti-CD3-CD28_5D	ge	single-cell	0.012418812540173803	7.6218e-12	1.11772	11.038855472785697	ENSG00000163040_L1	29	0.6036836637928055	rs6709245	SNP	moderate_0.2_0.5	systemic_non_neural	lower_recurrence_exact
11:111990466	rs489417	11:111500000	DIXDC1	QTD000908	QTS000050	Cytoimmgen_reannotated	regulatory T cell	anti-CD3-CD28_16H	ge	single-cell	0.013637953988149617	4.09976e-10	0.852519	9.39174497860398	ENSG00000150764_L1	83	0.6682124065911004	rs489417	SNP	moderate_0.2_0.5	systemic_non_neural	lower_recurrence_exact
13:114339973	rs9562202	13:114000000	UPF3A	QTD000908	QTS000050	Cytoimmgen_reannotated	regulatory T cell	anti-CD3-CD28_16H	ge	single-cell	0.011310323243133646	9.42048e-06	1.60385	5.982451731328991	ENSG00000169062_L1	79	0.9164658422718986	rs9562202	SNP	moderate_0.2_0.5	systemic_other	lower_recurrence_exact
16:30489440	rs3087438	16:30000000	SEPHS2	QTD000908	QTS000050	Cytoimmgen_reannotated	regulatory T cell	anti-CD3-CD28_16H	ge	single-cell	0.017939843287584866	3.79606e-06	0.470837	6.3664093160167345	ENSG00000179918_L1	12	0.47000956444319014	rs3087438	SNP	moderate_0.2_0.5	neural_enriched	core_exact_n10
6:78911497	rs9361468	6:78500000	IRAK1BP1	QTD000908	QTS000050	Cytoimmgen_reannotated	regulatory T cell	anti-CD3-CD28_16H	ge	single-cell	0.026736303492023817	1.5e-06	-0.730584	-6.643957536905804	ENSG00000146243_L1	77	0.8895652164547215	rs9361468	SNP	moderate_0.2_0.5	systemic_other	lower_recurrence_exact
9:127979614	rs1571141	9:127500000	DPM2	QTD000908	QTS000050	Cytoimmgen_reannotated	regulatory T cell	anti-CD3-CD28_16H	ge	single-cell	0.0060725889572946275	4.45224e-09	-1.13904	-8.382055056680755	ENSG00000136908_L1	64	0.8072802518506778	rs1571141	SNP	moderate_0.2_0.5	systemic_other	lower_recurrence_exact
12:6900438	rs2187611	12:6500000	LRRC23	QTD000909	QTS000050	Cytoimmgen_reannotated	regulatory T cell	anti-CD3-CD28_40H	ge	single-cell	0.011530764824467365	2.21977e-12	0.753873	11.433270437086113	ENSG00000010626_L1	72	0.8509503768778806	rs2187611	SNP	moderate_0.2_0.5	systemic_other	lower_recurrence_exact
7:50068524	rs1911750	7:50000000	ZPBP	QTD000909	QTS000050	Cytoimmgen_reannotated	regulatory T cell	anti-CD3-CD28_40H	ge	single-cell	0.013612709900419883	1.69133e-07	-0.933005	-7.714653089007446	ENSG00000042813_L1	70	1.0	rs1911750	SNP	moderate_0.2_0.5	neural_enriched	core_exact_n10
9:127955698	rs7028190	9:127500000	DPM2	QTD000909	QTS000050	Cytoimmgen_reannotated	regulatory T cell	anti-CD3-CD28_40H	ge	single-cell	0.024741029050931528	8.03608e-09	-0.760049	-8.727782762841192	ENSG00000136908_L1	41	0.6835559015239809	rs7028190	SNP	moderate_0.2_0.5	systemic_non_neural	lower_recurrence_exact
16:53499315	rs1861351	16:53000000	RBL2	QTD000911	QTS000050	Cytoimmgen_reannotated	CD4+ TCM cell	anti-CD3-CD28_16H	ge	single-cell	0.007662112734094029	7.60884e-10	-0.440066	-8.793147548029612	ENSG00000103479_L1	62	0.8786613251122285	rs1861351	SNP	moderate_0.2_0.5	systemic_non_neural	lower_recurrence_exact
14:21499294	rs3168880	14:21000000	TOX4	QTD000914	QTS000050	Cytoimmgen_reannotated	CD4+ TCM cell	naive_16H	ge	single-cell	0.06641506259982521	3.88006e-08	0.541054	7.909427454045581	ENSG00000092203_L1	17	0.9231233890445101	rs3168880	SNP	moderate_0.2_0.5	systemic_other	lower_recurrence_exact
16:53499315	rs1861351	16:53000000	RBL2	QTD000914	QTS000050	Cytoimmgen_reannotated	CD4+ TCM cell	naive_16H	ge	single-cell	0.016508117310713076	1.79864e-15	-0.382305	-12.914987444263318	ENSG00000103479_L1	57	0.9631156770050021	rs1861351	SNP	moderate_0.2_0.5	systemic_non_neural	lower_recurrence_exact
1:31818647	rs6675370	1:31500000	SPOCD1	QTD001000	QTS000053	INTERVAL_RNA	blood	naive	ge	bulk	0.20371876205660897	2.81879e-72	-0.272737	-18.405377375837766	ENSG00000134668_L1	7	0.9836444931107269	rs6675370	SNP	moderate_0.2_0.5	systemic_other	lower_recurrence_exact
1:35097364	rs2971408	1:35000000	ZMYM1	QTD001000	QTS000053	INTERVAL_RNA	blood	naive	ge	bulk	0.016543620182647146	5.051e-17	-0.205994	-8.478220947740509	ENSG00000197056_L2	17	0.7564881776450408	rs2971408	SNP	moderate_0.2_0.5	systemic_non_neural	core_exact_n10
1:202890640	rs7531745	1:202500000	KLHL12	QTD001000	QTS000053	INTERVAL_RNA	blood	naive	ge	bulk	0.029612729485387315	1.26224e-98	-0.313072	-21.729854684090604	ENSG00000117153_L2	22	0.9755810907588525	rs7531745	SNP	moderate_0.2_0.5	neuro_systemic	lower_recurrence_exact
1:224315369	rs10916585	1:224000000	NVL	QTD001000	QTS000053	INTERVAL_RNA	blood	naive	ge	bulk	0.013893213538660965	5.01593e-100	0.733606	21.87939644106374	ENSG00000143748_L1	43	0.9602582561460339	rs10916585	SNP	moderate_0.2_0.5	systemic_non_neural	lower_recurrence_exact
10:99677148	rs4919382	10:99500000	ENTPD7	QTD001000	QTS000053	INTERVAL_RNA	blood	naive	ge	bulk	0.003113619942343575	7.85609e-34	-0.25774	-12.290716288333202	ENSG00000198018_L2	69	0.9754643050173659	rs4919382	SNP	moderate_0.2_0.5	systemic_non_neural	lower_recurrence_exact
10:100985903	rs1535349	10:100500000	LZTS2	QTD001000	QTS000053	INTERVAL_RNA	blood	naive	ge	bulk	0.01469123249699591	1.31003e-49	-0.285162	-15.066537150571218	ENSG00000107816_L1	6	0.8077404256812092	rs1535349	SNP	hidden_lt0.2	systemic_non_neural	core_exact_n10
11:472576	rs7394670	11:0	ANO9	QTD001000	QTS000053	INTERVAL_RNA	blood	naive	ge	bulk	0.998240233094872	8.21092e-38	-0.158148	-13.058260436590658	ENSG00000185101_L4	1	1.0	rs7394670	SNP	moderate_0.2_0.5	systemic_non_neural	lower_recurrence_exact
11:36502062	rs331457	11:36500000	PRR5L	QTD001000	QTS000053	INTERVAL_RNA	blood	naive	ge	bulk	0.010175998654932463	0.841906	-0.00242619	-0.18708919631551388	ENSG00000135362_L6	33	0.48957451967463916	rs331457	SNP	moderate_0.2_0.5	neural_enriched	core_exact_n10
11:46494352	rs3802888	11:46000000	ATG13	QTD001000	QTS000053	INTERVAL_RNA	blood	naive	ge	bulk	0.008241281696282635	1.89659e-54	-0.16417	-15.83115868954501	ENSG00000175224_L1	82	0.952413273482043	rs3802888	SNP	moderate_0.2_0.5	systemic_non_neural	lower_recurrence_exact
11:57499839	rs2584856	11:57000000	SLC43A1	QTD001000	QTS000053	INTERVAL_RNA	blood	naive	ge	bulk	0.04479763198464039	8.71411e-25	0.139126	10.413092688327774	ENSG00000149150_L2	18	0.6194955660807999	rs2584856	SNP	moderate_0.2_0.5	mixed_trait_axis	core_exact_n10
11:65985381	rs645571	11:65500000	BANF1	QTD001000	QTS000053	INTERVAL_RNA	blood	naive	ge	bulk	0.049262323231532554	6.71001e-18	0.0887479	8.709444542852872	ENSG00000175334_L2	31	0.8095823097118117	rs645571	SNP	moderate_0.2_0.5	systemic_other	lower_recurrence_exact
11:67315781	rs7934433	11:67000000	SSH3	QTD001000	QTS000053	INTERVAL_RNA	blood	naive	ge	bulk	0.013327056446739085	1.87541e-28	0.23684	11.19844056453641	ENSG00000172830_L2	43	0.9031632707793662	rs7934433	SNP	moderate_0.2_0.5	systemic_non_neural	lower_recurrence_exact
11:67666945	rs4646823	11:67500000	NUDT8	QTD001000	QTS000053	INTERVAL_RNA	blood	naive	ge	bulk	0.023845166700053762	1.87697e-07	-0.148365	-5.247038652442654	ENSG00000167799_L2	65	0.4297404871544297	rs4646823	SNP	moderate_0.2_0.5	systemic_non_neural	lower_recurrence_exact
11:104918779	rs632806	11:104500000	CASP4	QTD001000	QTS000053	INTERVAL_RNA	blood	naive	ge	bulk	0.008533692008382292	4.1677e-41	0.099763	13.660910305949287	ENSG00000196954_L4	40	0.9223124927107835	rs632806	SNP	moderate_0.2_0.5	neural_enriched	lower_recurrence_exact
12:6999256	rs16933023	12:6500000	LPCAT3	QTD001000	QTS000053	INTERVAL_RNA	blood	naive	ge	bulk	0.010610597956144163	3.95162e-25	-0.201268	-10.484483729870918	ENSG00000111684_L1	33	0.912273631953242	rs16933023	SNP	moderate_0.2_0.5	systemic_other	core_exact_n10
12:56129273	rs10747761	12:56000000	SMARCC2	QTD001000	QTS000053	INTERVAL_RNA	blood	naive	ge	bulk	0.11224832903856717	3.79646e-32	-0.139655	-11.969982844116382	ENSG00000139613_L1	20	0.7932762683556321	rs10747761	SNP	moderate_0.2_0.5	systemic_non_neural	lower_recurrence_exact
12:56288587	rs1274493	12:56000000	CS	QTD001000	QTS000053	INTERVAL_RNA	blood	naive	ge	bulk	0.021571872557708448	4.37992e-28	-0.157081	-11.171664430700451	ENSG00000062485_L1	124	0.911945854109884	rs1274493	SNP	moderate_0.2_0.5	systemic_non_neural	core_exact_n10
12:82383993	rs10746244	12:82000000	METTL25	QTD001000	QTS000053	INTERVAL_RNA	blood	naive	ge	bulk	0.013705864158372045	1.43113e-43	-0.359641	-14.068081689165508	ENSG00000127720_L1	83	0.9120383788696894	rs10746244	SNP	moderate_0.2_0.5	systemic_other	lower_recurrence_exact
12:110426788	rs11829321	12:110000000	ATP2A2	QTD001000	QTS000053	INTERVAL_RNA	blood	naive	ge	bulk	0.007092410125738383	2.45101e-15	-0.101973	-7.982351928492232	ENSG00000174437_L2	190	0.8238197963919123	rs11829321	SNP	moderate_0.2_0.5	systemic_non_neural	lower_recurrence_exact
12:110451678	rs3759382	12:110000000	PPTC7	QTD001000	QTS000053	INTERVAL_RNA	blood	naive	ge	bulk	0.005389038326284579	4.12709e-09	-0.0643253	-5.927308687973499	ENSG00000196850_L1	278	0.6390066219077098	rs3759382	SNP	moderate_0.2_0.5	systemic_other	lower_recurrence_exact
12:110451678	rs3759382	12:110000000	VPS29	QTD001000	QTS000053	INTERVAL_RNA	blood	naive	ge	bulk	0.003180870212435065	0.0821686	0.0267987	1.7287664084819758	ENSG00000111237_L2	195	0.770993997577698	rs3759382	SNP	moderate_0.2_0.5	systemic_other	lower_recurrence_exact
12:110451678	rs3759382	12:110000000	FAM216A	QTD001000	QTS000053	INTERVAL_RNA	blood	naive	ge	bulk	0.007377200153548575	4.13997e-96	-0.532329	-21.426347777421352	ENSG00000204856_L2	122	0.9482602145188769	rs3759382	SNP	moderate_0.2_0.5	systemic_other	lower_recurrence_exact
12:110451678	rs3759382	12:110000000	ATP2A2	QTD001000	QTS000053	INTERVAL_RNA	blood	naive	ge	bulk	0.005791526663077253	2.99546e-15	-0.100848	-7.95718160568092	ENSG00000174437_L2	190	0.8238197963919123	rs3759382	SNP	moderate_0.2_0.5	systemic_other	lower_recurrence_exact
12:110451678	rs3759382	12:110000000	RAD9B	QTD001000	QTS000053	INTERVAL_RNA	blood	naive	ge	bulk	0.0023660990665451717	0.307202	0.0324479	1.0181335666649054	ENSG00000151164_L2	339	0.7191770804031411	rs3759382	SNP	moderate_0.2_0.5	systemic_other	lower_recurrence_exact
12:120052572	rs7968557	12:120000000	BICDL1	QTD001000	QTS000053	INTERVAL_RNA	blood	naive	ge	bulk	0.02439803502972309	3.81544e-14	0.108872	7.6427789668741335	ENSG00000135127_L1	51	0.876507063722584	rs7968557	SNP	moderate_0.2_0.5	systemic_non_neural	lower_recurrence_exact
12:122244789	rs7953290	12:122000000	DIABLO	QTD001000	QTS000053	INTERVAL_RNA	blood	naive	ge	bulk	0.019220519505279886	4.80005e-09	-0.21036	-5.906040308166385	ENSG00000184047_L1	46	0.6487145763473104	rs7953290	SNP	moderate_0.2_0.5	neural_enriched	core_exact_n10
14:21499294	rs3168880	14:21000000	RAB2B	QTD001000	QTS000053	INTERVAL_RNA	blood	naive	ge	bulk	0.048608432302852916	8.3412e-13	-0.0824652	-7.228284911863278	ENSG00000129472_L2	22	0.9508840390292229	rs3168880	SNP	moderate_0.2_0.5	systemic_other	lower_recurrence_exact
14:23006817	rs3751498	14:23000000	AJUBA	QTD001000	QTS000053	INTERVAL_RNA	blood	naive	ge	bulk	0.009545329599533225	7.2699e-09	0.0920224	5.8392772676370255	ENSG00000129474_L1	11	0.6125320162139244	rs3751498	SNP	moderate_0.2_0.5	neural_enriched	lower_recurrence_exact
14:69190206	rs61980267	14:69000000	DCAF5	QTD001000	QTS000053	INTERVAL_RNA	blood	naive	ge	bulk	0.018103144169164424	7.0873e-79	-0.168921	-19.297057437848412	ENSG00000139990_L2	62	0.6630742906044405	rs61980267	SNP	moderate_0.2_0.5	neural_enriched	core_exact_n10
14:69726964	rs1275823	14:69500000	SUSD6	QTD001000	QTS000053	INTERVAL_RNA	blood	naive	ge	bulk	0.01795438924736783	8.13056e-21	0.0751311	9.455684198601329	ENSG00000100647_L3	22	0.7352234489694781	rs1275823	SNP	moderate_0.2_0.5	neural_enriched	core_exact_n10
15:40746016	rs7167854	15:40500000	DNAJC17	QTD001000	QTS000053	INTERVAL_RNA	blood	naive	ge	bulk	0.015408755499355815	0.4128	0.00867468	0.822679221609638	ENSG00000104129_L3	73	0.44782213620461275	rs7167854	SNP	moderate_0.2_0.5	neural_enriched	core_exact_n10
15:44736389	rs3759878	15:44500000	TRIM69	QTD001000	QTS000053	INTERVAL_RNA	blood	naive	ge	bulk	0.0038138334116882893	1.03003e-08	0.148363	5.758893229651128	ENSG00000185880_L7	57	0.7087392946151698	rs3759878	SNP	moderate_0.2_0.5	systemic_other	lower_recurrence_exact
16:3124544	rs443540	16:3000000	ZNF205	QTD001000	QTS000053	INTERVAL_RNA	blood	naive	ge	bulk	0.08944103524084336	5.86341e-50	0.337849	15.127714273846115	ENSG00000122386_L2	16	0.7693062740845735	rs443540	SNP	moderate_0.2_0.5	systemic_other	lower_recurrence_exact
16:3124544	rs443540	16:3000000	ZNF213	QTD001000	QTS000053	INTERVAL_RNA	blood	naive	ge	bulk	0.009460750357503154	1.52802e-64	-0.207355	-17.31976363653667	ENSG00000085644_L1	9	0.888561568314947	rs443540	SNP	moderate_0.2_0.5	systemic_other	lower_recurrence_exact
16:4477108	rs11639998	16:4000000	HMOX2	QTD001000	QTS000053	INTERVAL_RNA	blood	naive	ge	bulk	0.03538834885476754	3.81626e-52	-0.146153	-15.480305648261874	ENSG00000103415_L1	15	0.968440826784326	rs11639998	SNP	hidden_lt0.2	neural_enriched	core_exact_n10
16:46907700	rs4967621	16:46500000	GPT2	QTD001000	QTS000053	INTERVAL_RNA	blood	naive	ge	bulk	0.013675306664672001	6.16239e-09	-0.137465	-5.852236341033865	ENSG00000166123_L3	72	0.7949469796172428	rs4967621	SNP	moderate_0.2_0.5	neuro_systemic	lower_recurrence_exact
16:47129963	rs7200954	16:47000000	PHKB	QTD001000	QTS000053	INTERVAL_RNA	blood	naive	ge	bulk	0.09653279530575179	2.49831e-25	0.121987	10.515532684227768	ENSG00000102893_L2	12	0.8988072340727294	rs7200954	SNP	moderate_0.2_0.5	neuro_systemic	lower_recurrence_exact
16:80993537	rs2549860	16:80500000	CMC2	QTD001000	QTS000053	INTERVAL_RNA	blood	naive	ge	bulk	0.060488911601255586	4.81822e-88	-0.185756	-20.41678499834763	ENSG00000103121_L2	19	0.9500737478639536	rs2549860	SNP	moderate_0.2_0.5	systemic_non_neural	core_exact_n10
17:34991293	rs3135983	17:34500000	RAD51D	QTD001000	QTS000053	INTERVAL_RNA	blood	naive	ge	bulk	0.023025134716035983	3.14509e-13	0.168474	7.358941653585227	ENSG00000185379_L3	39	0.8699544755226964	rs3135983	SNP	hidden_lt0.2	systemic_non_neural	core_exact_n10
17:40324405	rs12946680	17:40000000	RARA	QTD001000	QTS000053	INTERVAL_RNA	blood	naive	ge	bulk	0.0935903357088984	5.4946e-30	0.116081	11.535121492494039	ENSG00000131759_L1	36	0.9504080974680198	rs12946680	SNP	moderate_0.2_0.5	systemic_non_neural	lower_recurrence_exact
17:64712166	rs7225993	17:64500000	SMURF2	QTD001000	QTS000053	INTERVAL_RNA	blood	naive	ge	bulk	0.035974032036064994	4.29732e-06	0.062676	4.622867596374916	ENSG00000108854_L3	52	0.5575455748779578	rs7225993	SNP	moderate_0.2_0.5	systemic_non_neural	core_exact_n10
17:64745971	rs2521880	17:64500000	SMURF2	QTD001000	QTS000053	INTERVAL_RNA	blood	naive	ge	bulk	0.006268468754341335	0.000163462	0.0581015	3.786722078986447	ENSG00000108854_L3	52	0.5575455748779578	rs2521880	SNP	moderate_0.2_0.5	neuro_systemic	core_exact_n10
17:76080334	rs2257020	17:76000000	EXOC7	QTD001000	QTS000053	INTERVAL_RNA	blood	naive	ge	bulk	0.26127757547415953	2.33359e-15	-0.0955551	-7.990015773528303	ENSG00000182473_L1	3	0.9902186785639074	rs2257020	SNP	moderate_0.2_0.5	systemic_other	lower_recurrence_exact
17:78806566	rs4796817	17:78500000	USP36	QTD001000	QTS000053	INTERVAL_RNA	blood	naive	ge	bulk	1.0	7.31143e-227	-0.519371	-34.24086241744083	ENSG00000055483_L5	1	1.0	rs4796817	SNP	moderate_0.2_0.5	systemic_other	lower_recurrence_exact
19:1181718	rs2019107	19:1000000	SBNO2	QTD001000	QTS000053	INTERVAL_RNA	blood	naive	ge	bulk	0.310094700362076	1.77323e-16	0.0438296	8.313527194140578	ENSG00000064932_L2	7	0.5909301532926343	rs2019107	SNP	moderate_0.2_0.5	systemic_non_neural	lower_recurrence_exact
19:7000999	rs11669654	19:7000000	ADGRE1	QTD001000	QTS000053	INTERVAL_RNA	blood	naive	ge	bulk	0.22372740255684972	4.98128e-11	-0.0947996	-6.626995155158122	ENSG00000174837_L8	4	0.9998330760732136	rs11669654	SNP	hidden_lt0.2	neural_enriched	core_exact_n10
2:88692973	rs10179543	2:88500000	EIF2AK3	QTD001000	QTS000053	INTERVAL_RNA	blood	naive	ge	bulk	0.13817341359597157	7.99099e-24	0.109537	10.19156762779041	ENSG00000172071_L2	28	0.735202768247788	rs10179543	SNP	moderate_0.2_0.5	systemic_non_neural	lower_recurrence_exact
2:177187775	rs6433653	2:177000000	NFE2L2	QTD001000	QTS000053	INTERVAL_RNA	blood	naive	ge	bulk	0.04350797228239238	3.54027e-05	0.0703953	4.168191892799513	ENSG00000116044_L5	22	0.9242016441775962	rs6433653	SNP	moderate_0.2_0.5	systemic_non_neural	core_exact_n10
2:177203431	rs2251139	2:177000000	NFE2L2	QTD001000	QTS000053	INTERVAL_RNA	blood	naive	ge	bulk	0.03755738026742608	4.10876e-05	0.0684362	4.131235809400437	ENSG00000116044_L5	22	0.9242016441775962	rs2251139	SNP	hidden_lt0.2	systemic_other	core_exact_n10
2:177224061	rs2706113	2:177000000	NFE2L2	QTD001000	QTS000053	INTERVAL_RNA	blood	naive	ge	bulk	0.05178525835608241	4.02227e-05	0.0707147	4.136976315483913	ENSG00000116044_L5	22	0.9242016441775962	rs2706113	SNP	moderate_0.2_0.5	neural_enriched	core_exact_n10
2:202966073	rs10755020	2:202500000	NBEAL1	QTD001000	QTS000053	INTERVAL_RNA	blood	naive	ge	bulk	0.023182159326446208	1.64392e-16	0.278664	8.315541915480894	ENSG00000144426_L1	46	0.9461967702347024	rs10755020	SNP	moderate_0.2_0.5	systemic_non_neural	lower_recurrence_exact
2:202966073	rs10755020	2:202500000	CARF	QTD001000	QTS000053	INTERVAL_RNA	blood	naive	ge	bulk	0.01676654985423927	9.65271e-26	-0.264325	-10.61324745139401	ENSG00000138380_L1	47	0.9337029060567968	rs10755020	SNP	moderate_0.2_0.5	systemic_non_neural	lower_recurrence_exact
2:202969678	rs2052944	2:202500000	NBEAL1	QTD001000	QTS000053	INTERVAL_RNA	blood	naive	ge	bulk	0.028874100860889113	1.33559e-16	0.278792	8.34072491641379	ENSG00000144426_L1	46	0.9461967702347024	rs2052944	SNP	moderate_0.2_0.5	systemic_non_neural	lower_recurrence_exact
2:202969678	rs2052944	2:202500000	CARF	QTD001000	QTS000053	INTERVAL_RNA	blood	naive	ge	bulk	0.015550487396104914	8.98424e-26	-0.263828	-10.62008216233945	ENSG00000138380_L1	47	0.9337029060567968	rs2052944	SNP	moderate_0.2_0.5	systemic_non_neural	lower_recurrence_exact
2:223909693	rs519275	2:223500000	WDFY1	QTD001000	QTS000053	INTERVAL_RNA	blood	naive	ge	bulk	0.02531250298083026	2.01219e-51	-0.302704	-15.367342538102768	ENSG00000085449_L3	18	0.9129082130616542	rs519275	SNP	moderate_0.2_0.5	systemic_other	lower_recurrence_exact
20:504677	rs6037819	20:500000	CSNK2A1	QTD001000	QTS000053	INTERVAL_RNA	blood	naive	ge	bulk	0.021025316852460597	2.75991e-09	-0.113889	-5.9760775003546875	ENSG00000101266_L1	23	0.6196619102073574	rs6037819	SNP	moderate_0.2_0.5	neuro_systemic	core_exact_n10
20:17505647	rs4052812	20:17500000	BFSP1	QTD001000	QTS000053	INTERVAL_RNA	blood	naive	ge	bulk	0.9999999999998084	1.13669e-56	0.242955	16.180685721121357	ENSG00000125864_L4	1	1.0	rs4052812	SNP	hidden_lt0.2	systemic_non_neural	core_exact_n10
20:18497226	rs2247757	20:18000000	SEC23B	QTD001000	QTS000053	INTERVAL_RNA	blood	naive	ge	bulk	0.008118592038950916	4.65994e-38	-0.300362	-13.094074871469747	ENSG00000101310_L2	34	0.9388374795107025	rs2247757	SNP	hidden_lt0.2	neural_enriched	core_exact_n10
22:41620695	rs2267437	22:41500000	SNU13	QTD001000	QTS000053	INTERVAL_RNA	blood	naive	ge	bulk	0.04349708557963532	5.64256e-68	0.115151	17.826475042170912	ENSG00000100138_L1	7	0.9466945714680389	rs2267437	SNP	moderate_0.2_0.5	neural_enriched	lower_recurrence_exact
3:25830785	rs4681079	3:25500000	NGLY1	QTD001000	QTS000053	INTERVAL_RNA	blood	naive	ge	bulk	0.0028242773651476205	3.4856e-12	-0.0788357	-6.997849900149042	ENSG00000151092_L2	111	0.7183709052866101	rs4681079	SNP	moderate_0.2_0.5	systemic_non_neural	lower_recurrence_exact
3:44761331	rs1876223	3:44500000	ZNF852	QTD001000	QTS000053	INTERVAL_RNA	blood	naive	ge	bulk	0.026812636289761865	6.37398e-11	0.0833203	6.592555098543459	ENSG00000178917_L1	44	0.7812992590194656	rs1876223	SNP	moderate_0.2_0.5	systemic_non_neural	lower_recurrence_exact
3:53309906	rs2358619	3:53000000	DCP1A	QTD001000	QTS000053	INTERVAL_RNA	blood	naive	ge	bulk	0.022485883037778296	3.47048e-17	-0.0935381	-8.51895600457793	ENSG00000272886_L3	48	0.902373671168635	rs2358619	SNP	moderate_0.2_0.5	systemic_non_neural	lower_recurrence_exact
3:53323991	rs6806814	3:53000000	DCP1A	QTD001000	QTS000053	INTERVAL_RNA	blood	naive	ge	bulk	0.012932098715887595	6.69918e-17	-0.0924841	-8.439996501696438	ENSG00000272886_L3	48	0.902373671168635	rs6806814	SNP	moderate_0.2_0.5	systemic_non_neural	lower_recurrence_exact
3:72738289	rs2679208	3:72500000	SHQ1	QTD001000	QTS000053	INTERVAL_RNA	blood	naive	ge	bulk	0.0025363127160921675	1.06792e-10	-0.0976645	-6.509033252162857	ENSG00000144736_L1	123	0.648723884215824	rs2679208	SNP	hidden_lt0.2	systemic_non_neural	core_exact_n10
3:146109277	rs7642940	3:146000000	PLOD2	QTD001000	QTS000053	INTERVAL_RNA	blood	naive	ge	bulk	0.02254229154625579	0.0126693	-0.0316453	-2.501567073254836	ENSG00000152952_L2	48	0.6452265588101443	rs7642940	SNP	moderate_0.2_0.5	neural_enriched	lower_recurrence_exact
3:197802008	rs624721	3:197500000	FYTTD1	QTD001000	QTS000053	INTERVAL_RNA	blood	naive	ge	bulk	0.011277590712808977	9.41566e-39	-0.146705	-13.248247418555835	ENSG00000122068_L1	13	0.9037169043261095	rs624721	SNP	moderate_0.2_0.5	systemic_other	core_exact_n10
4:25252373	rs313567	4:25000000	PI4K2B	QTD001000	QTS000053	INTERVAL_RNA	blood	naive	ge	bulk	0.002858960803117457	0.0156757	-0.0323559	-2.436536733952949	ENSG00000038210_L6	57	0.2594429756791476	rs313567	SNP	moderate_0.2_0.5	neural_enriched	core_exact_n10
5:115262507	rs267307	5:115000000	CCDC112	QTD001000	QTS000053	INTERVAL_RNA	blood	naive	ge	bulk	0.11044190970199405	2.29146e-30	-0.150733	-11.594905395339481	ENSG00000164221_L3	17	0.8520440290456988	rs267307	SNP	moderate_0.2_0.5	neuro_systemic	lower_recurrence_exact
5:141511628	rs4912608	5:141500000	RELL2	QTD001000	QTS000053	INTERVAL_RNA	blood	naive	ge	bulk	0.02678959629889844	3.39493e-25	0.0978787	10.494604199391933	ENSG00000164620_L4	9	0.7930590695863522	rs4912608	SNP	moderate_0.2_0.5	neuro_systemic	lower_recurrence_exact
5:176496353	rs2963669	5:176000000	FAF2	QTD001000	QTS000053	INTERVAL_RNA	blood	naive	ge	bulk	0.007363935300848909	8.25243e-15	-0.109456	-7.838109746900228	ENSG00000113194_L1	30	0.7119037809647114	rs2963669	SNP	moderate_0.2_0.5	systemic_other	lower_recurrence_exact
6:3086686	rs9392453	6:3000000	RIPK1	QTD001000	QTS000053	INTERVAL_RNA	blood	naive	ge	bulk	0.12219120837393885	8.55953e-28	-0.29336	-11.062273287194634	ENSG00000137275_L2	4	0.9337597134589108	rs9392453	SNP	moderate_0.2_0.5	systemic_non_neural	lower_recurrence_exact
6:13638752	rs4715451	6:13500000	RANBP9	QTD001000	QTS000053	INTERVAL_RNA	blood	naive	ge	bulk	0.1063614345636613	1.84408e-08	-0.0648733	-5.66136523735766	ENSG00000010017_L1	10	0.28310888841266324	rs4715451	SNP	moderate_0.2_0.5	neuro_systemic	lower_recurrence_exact
6:37868275	rs2180514	6:37500000	ZFAND3	QTD001000	QTS000053	INTERVAL_RNA	blood	naive	ge	bulk	0.026061515692278183	0.000114995	-0.0383651	-3.8715667583942817	ENSG00000156639_L2	51	0.7551190303073745	rs2180514	SNP	hidden_lt0.2	systemic_non_neural	core_exact_n10
7:5995876	rs2286680	7:5500000	AIMP2	QTD001000	QTS000053	INTERVAL_RNA	blood	naive	ge	bulk	0.035869349147390275	1.49514e-18	-0.170585	-8.877423976039562	ENSG00000106305_L2	25	0.8619056958532572	rs2286680	SNP	moderate_0.2_0.5	systemic_other	core_exact_n10
7:44988209	rs1859489	7:44500000	CCM2	QTD001000	QTS000053	INTERVAL_RNA	blood	naive	ge	bulk	0.04985539417447924	0.010215	0.0283535	2.5683762486819677	ENSG00000136280_L3	17	0.9810367270870323	rs1859489	SNP	moderate_0.2_0.5	systemic_non_neural	lower_recurrence_exact
7:44999010	rs6463259	7:44500000	CCM2	QTD001000	QTS000053	INTERVAL_RNA	blood	naive	ge	bulk	0.10915375032538825	0.00994003	0.0284726	2.5785159173548227	ENSG00000136280_L3	17	0.9810367270870323	rs6463259	SNP	moderate_0.2_0.5	systemic_non_neural	lower_recurrence_exact
7:44999010	rs6463259	7:44500000	MYO1G	QTD001000	QTS000053	INTERVAL_RNA	blood	naive	ge	bulk	0.03264253576710141	0.000233892	-0.0404945	-3.7047254077565426	ENSG00000136286_L3	46	0.8608854571065847	rs6463259	SNP	moderate_0.2_0.5	systemic_non_neural	lower_recurrence_exact
7:65751112	rs4718273	7:65500000	GUSB	QTD001000	QTS000053	INTERVAL_RNA	blood	naive	ge	bulk	0.003198908782092675	3.10585e-147	-0.467566	-26.939599949607683	ENSG00000169919_L1	146	0.9721813482054551	rs4718273	SNP	moderate_0.2_0.5	systemic_non_neural	lower_recurrence_exact
7:65751112	rs4718273	7:65500000	VKORC1L1	QTD001000	QTS000053	INTERVAL_RNA	blood	naive	ge	bulk	0.08895817806297865	6.82143e-307	-0.644438	-40.674727976460645	ENSG00000196715_L1	69	0.9883248025910606	rs4718273	SNP	moderate_0.2_0.5	systemic_non_neural	lower_recurrence_exact
7:102410192	rs7384178	7:102000000	PRKRIP1	QTD001000	QTS000053	INTERVAL_RNA	blood	naive	ge	bulk	0.013524943326773035	3.42697e-193	-0.581497	-31.2946813270615	ENSG00000128563_L1	28	0.9933913573066105	rs7384178	SNP	moderate_0.2_0.5	systemic_non_neural	lower_recurrence_exact
7:143503455	rs12532738	7:143500000	ZYX	QTD001000	QTS000053	INTERVAL_RNA	blood	naive	ge	bulk	0.022604163131321926	7.99634e-10	0.0887602	6.193175904612407	ENSG00000159840_L6	8	0.8598407581566977	rs12532738	SNP	moderate_0.2_0.5	neuro_systemic	lower_recurrence_exact
7:143505171	rs2949752	7:143500000	ZYX	QTD001000	QTS000053	INTERVAL_RNA	blood	naive	ge	bulk	0.02299675149785751	7.94164e-10	0.0887775	6.194274267156641	ENSG00000159840_L6	8	0.8598407581566977	rs2949752	SNP	moderate_0.2_0.5	neuro_systemic	lower_recurrence_exact
8:37860950	rs1054748	8:37500000	RAB11FIP1	QTD001000	QTS000053	INTERVAL_RNA	blood	naive	ge	bulk	0.29685943745037097	8.84289e-58	0.113654	16.338477021641392	ENSG00000156675_L1	3	0.9811408793743714	rs1054748	SNP	moderate_0.2_0.5	systemic_non_neural	core_exact_n10
8:43139740	rs4523300	8:43000000	FNTA	QTD001000	QTS000053	INTERVAL_RNA	blood	naive	ge	bulk	0.011272470691831708	7.01326e-16	0.135693	8.15119452253011	ENSG00000168522_L1	29	0.689826922574461	rs4523300	SNP	moderate_0.2_0.5	neural_enriched	lower_recurrence_exact
8:47511193	rs114653490	8:47500000	SPIDR	QTD001000	QTS000053	INTERVAL_RNA	blood	naive	ge	bulk	0.11377380235922668	1.4859e-29	0.213324	11.432216890834349	ENSG00000164808_L1	8	0.989351898674128	rs114653490	SNP	moderate_0.2_0.5	neuro_systemic	lower_recurrence_exact
8:54023722	rs9298497	8:54000000	MRPL15	QTD001000	QTS000053	INTERVAL_RNA	blood	naive	ge	bulk	0.0067539427164186585	7.42465e-12	0.143519	6.907006620722998	ENSG00000137547_L1	78	0.6647761051137402	rs9298497	SNP	moderate_0.2_0.5	neural_enriched	lower_recurrence_exact
9:77751343	rs10869964	9:77500000	GNAQ	QTD001000	QTS000053	INTERVAL_RNA	blood	naive	ge	bulk	0.005886367825004029	0.000489733	0.0315451	3.501374697051551	ENSG00000156052_L2	113	0.6062198720511558	rs10869964	SNP	moderate_0.2_0.5	systemic_non_neural	lower_recurrence_exact
9:77763780	rs10781459	9:77500000	GNAQ	QTD001000	QTS000053	INTERVAL_RNA	blood	naive	ge	bulk	0.005124306149294659	0.000427724	0.0316156	3.5375767198479617	ENSG00000156052_L2	113	0.6062198720511558	rs10781459	SNP	moderate_0.2_0.5	systemic_non_neural	lower_recurrence_exact
9:113469226	rs7046202	9:113000000	RGS3	QTD001000	QTS000053	INTERVAL_RNA	blood	naive	ge	bulk	0.010795307202879507	7.87072e-127	-0.426986	-24.85650947668562	ENSG00000138835_L3	161	0.9847442328120757	rs7046202	SNP	hidden_lt0.2	systemic_other	core_exact_n10
9:127955698	rs7028190	9:127500000	PIP5KL1	QTD001000	QTS000053	INTERVAL_RNA	blood	naive	ge	bulk	0.0359443936872301	6.32779e-107	-0.42609	-22.67209507308828	ENSG00000167103_L1	22	0.9473730481060679	rs7028190	SNP	moderate_0.2_0.5	systemic_non_neural	lower_recurrence_exact
9:133418269	rs3118665	9:133000000	ADAMTS13	QTD001000	QTS000053	INTERVAL_RNA	blood	naive	ge	bulk	0.8560844434658117	2.42989e-71	0.448269	18.2795905658508	ENSG00000160323_L1	3	0.9496848913197354	rs3118665	SNP	moderate_0.2_0.5	systemic_non_neural	lower_recurrence_exact
1:3499885	rs7553399	1:3000000	MEGF6	QTD001001	QTS000053	INTERVAL_RNA	blood	naive	leafcutter	bulk	0.8399026371680975	1.81855e-18	0.19949	8.854910503487885	1:3501385:3501796:clu_61775_+_L1	2	0.9313441274016491	rs7553399	SNP	moderate_0.2_0.5	systemic_other	core_exact_n10
1:53981254	rs6697447	1:53500000	LRRC42	QTD001001	QTS000053	INTERVAL_RNA	blood	naive	leafcutter	bulk	0.07496624271413566	2.06241e-09	0.227664	6.039731897824161	1:53946549:53951986:clu_11707_-_L1	9	0.8868139533120949	rs6697447	SNP	moderate_0.2_0.5	systemic_non_neural	core_exact_n10
1:224315369	rs10916585	1:224000000	NVL	QTD001001	QTS000053	INTERVAL_RNA	blood	naive	leafcutter	bulk	0.00941850054493548	6.6221e-09	0.25691	5.842821451811811	1:224268133:224269732:clu_65336_+_L2	121	0.767770024947224	rs10916585	SNP	moderate_0.2_0.5	systemic_non_neural	lower_recurrence_exact
1:224315369	rs10916585	1:224000000	NVL	QTD001001	QTS000053	INTERVAL_RNA	blood	naive	leafcutter	bulk	0.002999549556306411	3.21735e-15	-0.354145	-7.952995260242909	1:224300663:224303723:clu_65337_+_L1	93	0.7940350366561942	rs10916585	SNP	moderate_0.2_0.5	systemic_non_neural	lower_recurrence_exact
11:61436889	rs896831	11:61000000	TMEM216	QTD001001	QTS000053	INTERVAL_RNA	blood	naive	leafcutter	bulk	0.010588360037183001	5.36647e-31	-0.34812	-11.747294382741796	11:61397975:61398270:clu_80439_+_L1	14	0.9759446723031199	rs896831	SNP	hidden_lt0.2	systemic_non_neural	core_exact_n10
11:66318125	rs7941602	11:66000000	RIN1	QTD001001	QTS000053	INTERVAL_RNA	blood	naive	leafcutter	bulk	0.021033654494371737	3.17333e-07	-0.217894	-5.150426204675228	11:66332968:66333258:clu_46633_-_L1	39	0.4747930788554022	rs7941602	SNP	moderate_0.2_0.5	systemic_non_neural	core_exact_n10
11:66322836	rs1190621	11:66000000	RIN1	QTD001001	QTS000053	INTERVAL_RNA	blood	naive	leafcutter	bulk	0.04525747519644529	1.41243e-07	-0.192964	-5.303544904370767	11:66332968:66333258:clu_46633_-_L1	39	0.4747930788554022	rs1190621	SNP	moderate_0.2_0.5	systemic_non_neural	lower_recurrence_exact
11:67315781	rs7934433	11:67000000	SSH3	QTD001001	QTS000053	INTERVAL_RNA	blood	naive	leafcutter	bulk	0.015257690499464384	3.16728e-14	-0.438957	-7.658092615752714	11:67303691:67304118:clu_46691_-_L1	61	0.767306562547783	rs7934433	SNP	moderate_0.2_0.5	systemic_non_neural	lower_recurrence_exact
11:111990466	rs489417	11:111500000	DIXDC1	QTD001001	QTS000053	INTERVAL_RNA	blood	naive	leafcutter	bulk	0.0037993517779862916	6.94766e-06	-0.0986966	-4.539362963496465	11:111974607:111974876:clu_47267_-_L1	140	0.38600944269792004	rs489417	SNP	moderate_0.2_0.5	systemic_non_neural	lower_recurrence_exact
11:125513189	rs2845835	11:125500000	EI24	QTD001001	QTS000053	INTERVAL_RNA	blood	naive	leafcutter	bulk	0.07754359334561041	1.34355e-18	-0.205595	-8.892688156018856	11:125581322:125582346:clu_47585_-_L1	29	0.6462859407271725	rs2845835	SNP	moderate_0.2_0.5	neural_enriched	core_exact_n10
12:6900438	rs2187611	12:6500000	LRRC23	QTD001001	QTS000053	INTERVAL_RNA	blood	naive	leafcutter	bulk	0.0044668010295619166	2.36948e-21	0.219732	9.59029007629723	12:6907445:6913891:clu_59555_-_L1	99	0.7869043833807937	rs2187611	SNP	moderate_0.2_0.5	systemic_other	lower_recurrence_exact
12:110638018	rs11065687	12:110500000	TRPV4	QTD001001	QTS000053	INTERVAL_RNA	blood	naive	leafcutter	bulk	0.005371846411102641	3.17708e-08	-0.134283	-5.578998520950192	12:109794487:109798614:clu_22394_+_L1	34	0.4289541220563267	rs11065687	SNP	moderate_0.2_0.5	systemic_non_neural	lower_recurrence_exact
14:61730580	rs12434438	14:61500000	HIF1A	QTD001001	QTS000053	INTERVAL_RNA	blood	naive	leafcutter	bulk	0.07267989318338788	1.49118e-10	0.164764	6.458546121035157	14:61744813:61746934:clu_78904_-_L1	20	0.6181392276126343	rs12434438	SNP	moderate_0.2_0.5	systemic_other	lower_recurrence_exact
14:64493913	rs11851236	14:64000000	ZBTB25	QTD001001	QTS000053	INTERVAL_RNA	blood	naive	leafcutter	bulk	0.012506854518286857	6.17525e-13	0.159728	7.265683565121221	14:64486294:64487114:clu_27533_+_L1	77	0.7235586226103622	rs11851236	SNP	moderate_0.2_0.5	systemic_other	core_exact_n10
14:64493913	rs11851236	14:64000000	ZBTB25	QTD001001	QTS000053	INTERVAL_RNA	blood	naive	leafcutter	bulk	0.09946947079061823	1.27983e-16	-0.181339	-8.355393929504656	14:64490540:64495243:clu_27536_+_L1	62	0.6300232251350146	rs11851236	SNP	moderate_0.2_0.5	systemic_other	core_exact_n10
14:102499659	rs1044503	14:102000000	ANKRD9	QTD001001	QTS000053	INTERVAL_RNA	blood	naive	leafcutter	bulk	0.005879679688874209	0.00100221	-0.080635	-3.311243152582245	14:102508549:102509529:clu_28110_+_L2	32	0.5187369926300469	rs1044503	SNP	moderate_0.2_0.5	systemic_other	lower_recurrence_exact
15:75390172	rs7166737	15:75000000	MAN2C1	QTD001001	QTS000053	INTERVAL_RNA	blood	naive	leafcutter	bulk	0.019539561205145658	1.97015e-09	-0.140009	-6.053814607174739	15:75358344:75358507:clu_5861_-_L1	59	0.5815110909312728	rs7166737	SNP	moderate_0.2_0.5	systemic_non_neural	lower_recurrence_exact
15:75390172	rs7166737	15:75000000	MAN2C1	QTD001001	QTS000053	INTERVAL_RNA	blood	naive	leafcutter	bulk	0.009150589865580046	2.70333e-93	0.479395	21.077876357380568	15:75358344:75358462:clu_41707_+_L2	123	0.37675122654076876	rs7166737	SNP	moderate_0.2_0.5	systemic_non_neural	lower_recurrence_exact
15:75390172	rs7166737	15:75000000	MAN2C1	QTD001001	QTS000053	INTERVAL_RNA	blood	naive	leafcutter	bulk	0.028296040733718324	6.33181e-58	0.338469	16.36219084299952	15:75362748:75363210:clu_41710_+_L1	25	0.9545272136277265	rs7166737	SNP	moderate_0.2_0.5	systemic_non_neural	lower_recurrence_exact
15:75390172	rs7166737	15:75000000	MAN2C1	QTD001001	QTS000053	INTERVAL_RNA	blood	naive	leafcutter	bulk	0.021597957583741598	1.20876e-19	0.203713	9.156314070791112	15:75359438:75359620:clu_41709_+_L1	102	0.8250048842973252	rs7166737	SNP	moderate_0.2_0.5	systemic_non_neural	lower_recurrence_exact
15:75390172	rs7166737	15:75000000	MAN2C1	QTD001001	QTS000053	INTERVAL_RNA	blood	naive	leafcutter	bulk	0.0057122256902338905	5.50205e-28	0.243413	11.102474726601523	15:75359191:75359328:clu_41708_+_L1	85	0.8599563910810931	rs7166737	SNP	moderate_0.2_0.5	systemic_non_neural	lower_recurrence_exact
16:29911667	rs8047140	16:29500000	KCTD13	QTD001001	QTS000053	INTERVAL_RNA	blood	naive	leafcutter	bulk	0.9999999999725883	8.87896e-23	0.273793	9.92495060918458	16:29911173:29911815:clu_29392_+_L1	1	1.0	rs8047140	SNP	moderate_0.2_0.5	neuro_systemic	lower_recurrence_exact
16:71746582	rs2270832	16:71500000	PHLPP2	QTD001001	QTS000053	INTERVAL_RNA	blood	naive	leafcutter	bulk	0.00727309966653702	1.05424e-13	0.158425	7.504435278750357	16:71644855:71652790:clu_30034_+_L1	101	0.9020496201596087	rs2270832	SNP	moderate_0.2_0.5	neural_enriched	core_exact_n10
16:89483154	rs8043788	16:89000000	SPG7	QTD001001	QTS000053	INTERVAL_RNA	blood	naive	leafcutter	bulk	0.004444207943023408	7.46059e-12	-0.141392	-6.9029475766724	16:89540977:89541048:clu_4324_-_L1	84	0.6298193825114596	rs8043788	SNP	moderate_0.2_0.5	systemic_other	lower_recurrence_exact
17:44170978	rs7218599	17:44000000	TMUB2	QTD001001	QTS000053	INTERVAL_RNA	blood	naive	leafcutter	bulk	0.16613902785994566	2.35241e-09	0.173579	6.019946270675259	17:44188009:44188935:clu_51925_-_L1	9	0.6123591434917927	rs7218599	SNP	moderate_0.2_0.5	systemic_non_neural	core_exact_n10
17:82490657	rs8081734	17:82000000	NARF	QTD001001	QTS000053	INTERVAL_RNA	blood	naive	leafcutter	bulk	0.014888914440991602	3.95036e-07	-0.10233	-5.1036988102864145	17:82472698:82478571:clu_53113_-_L1	50	0.6484765327261431	rs8081734	SNP	moderate_0.2_0.5	systemic_non_neural	lower_recurrence_exact
2:96009558	rs2969478	2:96000000	ANKRD36C	QTD001001	QTS000053	INTERVAL_RNA	blood	naive	leafcutter	bulk	0.33289429385926417	1.22735e-11	-0.319403	-6.833059203399714	2:95960667:95962352:clu_36377_+_L1	5	0.9643950212917979	rs2969478	SNP	moderate_0.2_0.5	neuro_systemic	core_exact_n10
2:177203431	rs2251139	2:177000000	NFE2L2	QTD001001	QTS000053	INTERVAL_RNA	blood	naive	leafcutter	bulk	0.8108223838932282	3.94467e-171	0.9713	29.266632043332187	2:177232008:177232392:clu_37202_+_L1	5	0.9840921827682854	rs2251139	SNP	hidden_lt0.2	systemic_other	core_exact_n10
2:230008407	rs720041	2:230000000	TRIP12	QTD001001	QTS000053	INTERVAL_RNA	blood	naive	leafcutter	bulk	0.0018201611649924258	7.55908e-07	-0.110891	-4.982911691423369	2:229769325:229774097:clu_37667_+_L1	106	0.41558867324310733	rs720041	SNP	moderate_0.2_0.5	neural_enriched	lower_recurrence_exact
20:25398271	rs2263205	20:25000000	PYGB	QTD001001	QTS000053	INTERVAL_RNA	blood	naive	leafcutter	bulk	0.007101909508949202	6.21704e-18	-0.220361	-8.712437316418587	20:25284251:25288425:clu_49754_-_L1	68	0.8009098260353025	rs2263205	SNP	moderate_0.2_0.5	systemic_non_neural	lower_recurrence_exact
22:26499371	rs1008530	22:26000000	HPS4	QTD001001	QTS000053	INTERVAL_RNA	blood	naive	leafcutter	bulk	0.024539869633788996	0.00182464	-0.099115	-3.14387474501563	22:26465551:26466226:clu_70204_+_L2	33	0.8703654061803519	rs1008530	SNP	moderate_0.2_0.5	systemic_non_neural	lower_recurrence_exact
22:26499371	rs1008530	22:26000000	SRRD	QTD001001	QTS000053	INTERVAL_RNA	blood	naive	leafcutter	bulk	0.009117677236273113	5.78562e-10	-0.188988	-6.233573651719649	22:26486063:26488029:clu_9349_-_L1	36	0.7532144011448346	rs1008530	SNP	moderate_0.2_0.5	systemic_non_neural	lower_recurrence_exact
22:31220315	rs1034588	22:31000000	LIMK2	QTD001001	QTS000053	INTERVAL_RNA	blood	naive	leafcutter	bulk	0.003947523450402941	1.88293e-15	0.188232	8.023133315470671	22:31275308:31278297:clu_70373_+_L1	117	0.763222092809494	rs1034588	SNP	moderate_0.2_0.5	neural_enriched	lower_recurrence_exact
3:112117193	rs729641	3:112000000	GCSAM	QTD001001	QTS000053	INTERVAL_RNA	blood	naive	leafcutter	bulk	0.21265222871865902	7.59799e-18	0.188092	8.696342683383468	3:112117229:112126987:clu_39118_+_L1	5	0.9950000379844863	rs729641	SNP	hidden_lt0.2	systemic_non_neural	core_exact_n10
3:129228874	rs11719332	3:129000000	CNBP	QTD001001	QTS000053	INTERVAL_RNA	blood	naive	leafcutter	bulk	0.12437246645187863	4.47051e-150	1.64641	27.23597516590108	3:129171508:129171634:clu_39374_+_L1	2	0.99573648412941	rs11719332	SNP	moderate_0.2_0.5	systemic_non_neural	core_exact_n10
3:197748569	rs2885470	3:197500000	RUBCN	QTD001001	QTS000053	INTERVAL_RNA	blood	naive	leafcutter	bulk	0.0031494717411665036	2.22033e-08	0.167622	5.635877321688395	3:197748445:197749269:clu_40138_+_L1	59	0.3291599324046707	rs2885470	SNP	moderate_0.2_0.5	systemic_non_neural	core_exact_n10
4:128914539	rs318542	4:128500000	SCLT1	QTD001001	QTS000053	INTERVAL_RNA	blood	naive	leafcutter	bulk	0.01269005980059951	2.25214e-98	-0.444227	-21.68904831705097	4:128936851:128939784:clu_34937_+_L2	72	0.9628613879185085	rs318542	SNP	moderate_0.2_0.5	neural_enriched	lower_recurrence_exact
4:143907834	rs2036880	4:143500000	GYPB	QTD001001	QTS000053	INTERVAL_RNA	blood	naive	leafcutter	bulk	0.0008352060394477556	2.22909e-38	-0.289883	-13.147790373877845	4:143997558:143999411:clu_35006_+_L2	977	0.8084552192959886	rs2036880	SNP	moderate_0.2_0.5	systemic_non_neural	lower_recurrence_exact
5:55993318	rs6863337	5:55500000	IL6ST	QTD001001	QTS000053	INTERVAL_RNA	blood	naive	leafcutter	bulk	0.03022510236221058	5.99673e-08	-0.162307	-5.4630227616652745	5:55957291:55960402:clu_48047_+_L1	54	0.6557500699042152	rs6863337	SNP	hidden_lt0.2	systemic_other	core_exact_n10
6:36431343	rs7741260	6:36000000	STK38	QTD001001	QTS000053	INTERVAL_RNA	blood	naive	leafcutter	bulk	0.005677317717666885	0.000202462	-0.0979914	-3.7383383588229053	6:36540207:36541769:clu_42918_+_L2	9	0.6313671053365241	rs7741260	SNP	moderate_0.2_0.5	systemic_other	lower_recurrence_exact
6:78911497	rs9361468	6:78500000	IRAK1BP1	QTD001001	QTS000053	INTERVAL_RNA	blood	naive	leafcutter	bulk	0.005121824443625739	6.07459e-09	0.194571	5.854244962543787	6:78867891:78877471:clu_8204_-_L1	102	0.5654929701931106	rs9361468	SNP	moderate_0.2_0.5	systemic_other	lower_recurrence_exact
6:78911497	rs9361468	6:78500000	IRAK1BP1	QTD001001	QTS000053	INTERVAL_RNA	blood	naive	leafcutter	bulk	0.005915642866391883	9.12195e-13	0.240358	7.20740164153666	6:78885443:78935461:clu_8205_-_L1	61	0.9111521214628024	rs9361468	SNP	moderate_0.2_0.5	systemic_other	lower_recurrence_exact
7:5997349	rs1805319	7:5500000	EIF2AK1	QTD001001	QTS000053	INTERVAL_RNA	blood	naive	leafcutter	bulk	0.036896205169462355	7.63506e-12	-0.183013	-6.919626534615112	7:6024381:6024709:clu_67491_-_L1	13	0.8707837395497003	rs1805319	SNP	moderate_0.2_0.5	systemic_non_neural	core_exact_n10
7:44999010	rs6463259	7:44500000	CCM2	QTD001001	QTS000053	INTERVAL_RNA	blood	naive	leafcutter	bulk	0.0041876471729970005	6.06038e-09	0.151408	5.858071318416891	7:45000363:45038253:clu_67884_-_L3	121	0.7909530191790052	rs6463259	SNP	moderate_0.2_0.5	systemic_non_neural	lower_recurrence_exact
8:37870499	rs7817179	8:37500000	RAB11FIP1	QTD001001	QTS000053	INTERVAL_RNA	blood	naive	leafcutter	bulk	0.13604800244742654	1.79589e-09	-0.105786	-6.0499507771132865	8:37873179:37874515:clu_14710_+_L1	11	0.331730300645462	rs7817179	SNP	hidden_lt0.2	neural_enriched	core_exact_n10
8:37870501	rs7820872	8:37500000	RAB11FIP1	QTD001001	QTS000053	INTERVAL_RNA	blood	naive	leafcutter	bulk	0.08237211370161666	3.01589e-09	-0.107852	-5.96335634847132	8:37873179:37874515:clu_14710_+_L1	11	0.331730300645462	rs7820872	SNP	moderate_0.2_0.5	mixed_trait_axis	core_exact_n10
8:47511193	rs114653490	8:47500000	SPIDR	QTD001001	QTS000053	INTERVAL_RNA	blood	naive	leafcutter	bulk	0.08767599889329732	2.26495e-10	-0.298582	-6.3991305519743795	8:47440542:47483335:clu_44609_-_L1	12	0.90264158479885	rs114653490	SNP	moderate_0.2_0.5	neuro_systemic	lower_recurrence_exact
8:98193384	rs3735887	8:98000000	NIPAL2	QTD001001	QTS000053	INTERVAL_RNA	blood	naive	leafcutter	bulk	0.8092370166741023	1.02405e-37	-0.259916	-13.02976136736706	8:98193090:98193385:clu_15119_+_L1	2	0.9465933682402785	rs3735887	SNP	moderate_0.2_0.5	systemic_other	lower_recurrence_exact
8:144204623	rs12542868	8:144000000	MROH1	QTD001001	QTS000053	INTERVAL_RNA	blood	naive	leafcutter	bulk	0.02931919554636704	9.91138e-09	-0.123141	-5.773802851352474	8:144241517:144242211:clu_45403_-_L1	25	0.3962263967316559	rs12542868	SNP	moderate_0.2_0.5	neural_enriched	core_exact_n10
8:144204623	rs12542868	8:144000000	MROH1	QTD001001	QTS000053	INTERVAL_RNA	blood	naive	leafcutter	bulk	0.018375691028614194	2.40013e-09	0.119877	6.021018940385222	8:144200541:144220600:clu_45391_-_L1	30	0.6285606268367965	rs12542868	SNP	moderate_0.2_0.5	neural_enriched	core_exact_n10
9:122978819	rs2791438	9:122500000	RABGAP1	QTD001001	QTS000053	INTERVAL_RNA	blood	naive	leafcutter	bulk	0.001974430816246853	1.67746e-22	-0.305651	-9.86423018002835	9:123070424:123073552:clu_31572_-_L1	112	0.7413082924475435	rs2791438	SNP	hidden_lt0.2	systemic_non_neural	core_exact_n10
9:127955698	rs7028190	9:127500000	DPM2	QTD001001	QTS000053	INTERVAL_RNA	blood	naive	leafcutter	bulk	0.0605787142456267	2.65921e-22	-0.295506	-9.819624360932293	9:127935314:127936553:clu_31686_-_L1	26	0.9897817455728573	rs7028190	SNP	moderate_0.2_0.5	systemic_non_neural	lower_recurrence_exact
9:128084930	rs10739708	9:128000000	SLC25A25	QTD001001	QTS000053	INTERVAL_RNA	blood	naive	leafcutter	bulk	0.012871448566639191	1.60855e-14	0.222803	7.749689258376018	9:128068580:128084288:clu_31689_-_L1	88	0.8963426871791156	rs10739708	SNP	moderate_0.2_0.5	neural_enriched	core_exact_n10
1:3499885	rs7553399	1:3000000	MEGF6	QTD001002	QTS000053	INTERVAL_RNA	blood	naive	majiq	bulk	0.4807492551789585	4.71347e-11	-0.133586	-6.635939751154547	ENSG00000162591:s:3499588-3499716:3498826-3499588_L1	4	0.5433634530471055	rs7553399	SNP	moderate_0.2_0.5	systemic_other	core_exact_n10
1:16396773	rs7529767	1:16000000	SZRD1	QTD001002	QTS000053	INTERVAL_RNA	blood	naive	majiq	bulk	0.01233703652330599	1.22148e-17	0.251754	8.645421885895814	ENSG00000055070:s:16367088-16367308:16367308-16387055_L1	97	0.7212285942063353	rs7529767	SNP	moderate_0.2_0.5	systemic_other	core_exact_n10
1:31818647	rs6675370	1:31500000	SPOCD1	QTD001002	QTS000053	INTERVAL_RNA	blood	naive	majiq	bulk	0.07029182639252829	1.31849e-19	0.175901	9.122361856382174	ENSG00000134668:t:31794018-31794235:31794235-31796593_L1	15	0.9557203563136507	rs6675370	SNP	moderate_0.2_0.5	systemic_other	lower_recurrence_exact
1:31818647	rs6675370	1:31500000	SPOCD1	QTD001002	QTS000053	INTERVAL_RNA	blood	naive	majiq	bulk	0.08864130044042826	6.89019e-12	0.141268	6.871484007762621	ENSG00000134668:s:31798207-31798323:31794235-31798207_L1	15	0.9557203563136507	rs6675370	SNP	moderate_0.2_0.5	systemic_other	lower_recurrence_exact
1:31818647	rs6675370	1:31500000	SPOCD1	QTD001002	QTS000053	INTERVAL_RNA	blood	naive	majiq	bulk	0.06283951031123926	1.59363e-26	0.206613	10.781736467986399	ENSG00000134668:s:31793747-31793897:31793429-31793746_L1	13	0.9619817303268956	rs6675370	SNP	moderate_0.2_0.5	systemic_other	lower_recurrence_exact
1:31818647	rs6675370	1:31500000	SPOCD1	QTD001002	QTS000053	INTERVAL_RNA	blood	naive	majiq	bulk	0.06331005630958092	2.66992e-17	0.157913	8.570536444781622	ENSG00000134668:s:31792678-31792767:31791252-31792678_L1	15	0.8019973511180435	rs6675370	SNP	moderate_0.2_0.5	systemic_other	lower_recurrence_exact
1:31818647	rs6675370	1:31500000	SPOCD1	QTD001002	QTS000053	INTERVAL_RNA	blood	naive	majiq	bulk	0.06941818143357593	1.93419e-15	0.152388	7.935876945712844	ENSG00000134668:t:31790422-31791291:31791252-31792678_L1	14	0.8036279639622377	rs6675370	SNP	moderate_0.2_0.5	systemic_other	lower_recurrence_exact
1:31818647	rs6675370	1:31500000	SPOCD1	QTD001002	QTS000053	INTERVAL_RNA	blood	naive	majiq	bulk	0.0861594072935392	1.9982e-23	0.187062	10.129581157771547	ENSG00000134668:s:31798442-31798839:31798324-31798441_L1	14	0.9557203563136507	rs6675370	SNP	moderate_0.2_0.5	systemic_other	lower_recurrence_exact
1:37868646	rs2306426	1:37500000	INPP5B	QTD001002	QTS000053	INTERVAL_RNA	blood	naive	majiq	bulk	0.012187627128135876	6.29595e-42	0.206412	13.815176025975415	ENSG00000204084:t:37868501-37868614:37868614-37869925_L2	28	0.8207741238141828	rs2306426	SNP	moderate_0.2_0.5	systemic_other	core_exact_n10
1:37868646	rs2306426	1:37500000	INPP5B	QTD001002	QTS000053	INTERVAL_RNA	blood	naive	majiq	bulk	0.009396999518378225	4.89777e-65	0.244829	17.411652577525434	ENSG00000204084:s:37872930-37873387:37862430-37872930_L2	19	0.9584023812831786	rs2306426	SNP	moderate_0.2_0.5	systemic_other	core_exact_n10
1:51732511	rs6695389	1:51500000	OSBPL9	QTD001002	QTS000053	INTERVAL_RNA	blood	naive	majiq	bulk	0.004025837107104386	4.15592e-07	0.091908	5.01298861874722	ENSG00000117859:s:51756320-51756657:51756358-51756941_L1	80	0.4572744265803816	rs6695389	SNP	moderate_0.2_0.5	systemic_other	lower_recurrence_exact
1:86998412	rs17099785	1:86500000	SELENOF	QTD001002	QTS000053	INTERVAL_RNA	blood	naive	majiq	bulk	0.0017392713603385042	1.75208e-06	0.0850192	4.740981566012377	ENSG00000183291:t:86862445-86863605:86863605-86866072_L1	54	0.6183715929019031	rs17099785	SNP	moderate_0.2_0.5	systemic_other	lower_recurrence_exact
1:87089675	rs1419132	1:87000000	HS2ST1	QTD001002	QTS000053	INTERVAL_RNA	blood	naive	majiq	bulk	0.004876494917477324	5.40616e-08	-0.104986	-5.52237999019961	ENSG00000153936:t:87072934-87073172:86958507-87072934_L1	160	0.38731995346186354	rs1419132	SNP	moderate_0.2_0.5	neural_enriched	core_exact_n10
1:87089675	rs1419132	1:87000000	HS2ST1	QTD001002	QTS000053	INTERVAL_RNA	blood	naive	majiq	bulk	0.00875271013877789	1.94367e-08	-0.106246	-5.678962598319287	ENSG00000153936:s:86914635-86915160:86915160-86974912_L1	174	0.382273686222123	rs1419132	SNP	moderate_0.2_0.5	neural_enriched	core_exact_n10
1:151990922	rs1552607	1:151500000	THEM4	QTD001002	QTS000053	INTERVAL_RNA	blood	naive	majiq	bulk	0.00454610992555885	7.91903e-12	-0.205403	-6.930777492027955	ENSG00000159445:s:151894830-151895194:151890214-151895008_L2	158	0.2927389464817057	rs1552607	SNP	moderate_0.2_0.5	systemic_non_neural	lower_recurrence_exact
1:224315369	rs10916585	1:224000000	NVL	QTD001002	QTS000053	INTERVAL_RNA	blood	naive	majiq	bulk	0.011970062233255384	1.56706e-07	-0.219494	-5.2627242002811645	ENSG00000143748:t:224268034-224268133:224268133-224275339_L1	150	0.7002816117773618	rs10916585	SNP	moderate_0.2_0.5	systemic_non_neural	lower_recurrence_exact
1:224315369	rs10916585	1:224000000	NVL	QTD001002	QTS000053	INTERVAL_RNA	blood	naive	majiq	bulk	0.013753238064608394	1.84585e-07	-0.173946	-5.253285112108951	ENSG00000143748:t:224231226-224231296:224231296-224236506_L1	149	0.7002816117773618	rs10916585	SNP	moderate_0.2_0.5	systemic_non_neural	lower_recurrence_exact
1:224315369	rs10916585	1:224000000	NVL	QTD001002	QTS000053	INTERVAL_RNA	blood	naive	majiq	bulk	0.004837421395267411	2.33105e-09	-0.207421	-5.98546203193132	ENSG00000143748:s:224236506-224236647:224231296-224236506_L1	153	0.5610870608972761	rs10916585	SNP	moderate_0.2_0.5	systemic_non_neural	lower_recurrence_exact
1:228159651	rs6668719	1:228000000	GUK1	QTD001002	QTS000053	INTERVAL_RNA	blood	naive	majiq	bulk	0.05939666228987547	1.856e-07	-0.219467	-5.35331270080778	ENSG00000143774:s:228141382-228141507:228141508-228141625_L1	46	0.6235688025093813	rs6668719	SNP	moderate_0.2_0.5	systemic_other	core_exact_n10
11:45983212	rs2959095	11:45500000	PHF21A	QTD001002	QTS000053	INTERVAL_RNA	blood	naive	majiq	bulk	0.004398784890473439	9.29433e-29	0.20805	11.31457708243654	ENSG00000135365:s:45971116-45971369:45969929-45971115_L1	61	0.9350178896802807	rs2959095	SNP	moderate_0.2_0.5	systemic_non_neural	core_exact_n10
11:45984278	rs1401421	11:45500000	PHF21A	QTD001002	QTS000053	INTERVAL_RNA	blood	naive	majiq	bulk	0.004389624661323601	9.3441e-29	0.208033	11.314135181808947	ENSG00000135365:s:45971116-45971369:45969929-45971115_L1	61	0.9350178896802807	rs1401421	SNP	moderate_0.2_0.5	systemic_non_neural	core_exact_n10
11:64772163	rs680273	11:64500000	RASGRP2	QTD001002	QTS000053	INTERVAL_RNA	blood	naive	majiq	bulk	0.017795698476521182	7.85782e-96	0.589562	21.387392050771023	ENSG00000068831:s:64735903-64735980:64735665-64735902_L1	31	0.9404499339556305	rs680273	SNP	moderate_0.2_0.5	neural_enriched	core_exact_n10
11:64772163	rs680273	11:64500000	RASGRP2	QTD001002	QTS000053	INTERVAL_RNA	blood	naive	majiq	bulk	0.002646977644174776	2.07159e-10	-0.214211	-6.293801522820885	ENSG00000068831:s:64744742-64744867:64744482-64744742_L1	67	0.6979770782990773	rs680273	SNP	moderate_0.2_0.5	neural_enriched	core_exact_n10
11:64772163	rs680273	11:64500000	RASGRP2	QTD001002	QTS000053	INTERVAL_RNA	blood	naive	majiq	bulk	0.0032580748424300096	4.60146e-09	0.0895081	5.862542207773095	ENSG00000068831:s:64728863-64729042:64727364-64728862_L1	81	0.4622082521521568	rs680273	SNP	moderate_0.2_0.5	neural_enriched	core_exact_n10
11:64855397	rs10897533	11:64500000	EHD1	QTD001002	QTS000053	INTERVAL_RNA	blood	naive	majiq	bulk	0.056644351205764075	2.44668e-13	-0.185774	-7.53635461264308	ENSG00000110047:t:64851642-64854857:64854857-64855322_L1	20	0.911231808670146	rs10897533	SNP	moderate_0.2_0.5	systemic_other	lower_recurrence_exact
11:64855397	rs10897533	11:64500000	EHD1	QTD001002	QTS000053	INTERVAL_RNA	blood	naive	majiq	bulk	0.056274082361209336	3.60566e-67	-0.222793	-17.81252429858424	ENSG00000110047:s:64859626-64860336:64855486-64859924_L1	11	0.9777850322704972	rs10897533	SNP	moderate_0.2_0.5	systemic_other	lower_recurrence_exact
11:64855397	rs10897533	11:64500000	EHD1	QTD001002	QTS000053	INTERVAL_RNA	blood	naive	majiq	bulk	0.0894949185202533	8.50948e-41	0.359012	13.60382897311862	ENSG00000110047:s:64855322-64856663:64855096-64855321_L1	14	0.9677372475702984	rs10897533	SNP	moderate_0.2_0.5	systemic_other	lower_recurrence_exact
11:66322836	rs1190621	11:66000000	RIN1	QTD001002	QTS000053	INTERVAL_RNA	blood	naive	majiq	bulk	0.038166719199123046	8.54664e-47	-0.417978	-14.634455265344348	ENSG00000174791:t:66335762-66335876:66335876-66336674_L1	17	0.9241134388205554	rs1190621	SNP	moderate_0.2_0.5	systemic_non_neural	lower_recurrence_exact
11:66322836	rs1190621	11:66000000	RIN1	QTD001002	QTS000053	INTERVAL_RNA	blood	naive	majiq	bulk	0.03686636793391918	4.58104e-10	-0.152237	-6.298516888115542	ENSG00000174791:s:66336317-66336436:66335876-66336317_L1	28	0.7191832316037378	rs1190621	SNP	moderate_0.2_0.5	systemic_non_neural	lower_recurrence_exact
11:66322836	rs1190621	11:66000000	RIN1	QTD001002	QTS000053	INTERVAL_RNA	blood	naive	majiq	bulk	0.09251806416621934	3.95134e-52	-0.488857	-15.450704475077435	ENSG00000174791:s:66335407-66335498:66335251-66335407_L1	12	0.9494161826588037	rs1190621	SNP	moderate_0.2_0.5	systemic_non_neural	lower_recurrence_exact
11:67315781	rs7934433	11:67000000	SSH3	QTD001002	QTS000053	INTERVAL_RNA	blood	naive	majiq	bulk	0.015584247513950173	1.41764e-10	-0.150752	-6.428776167110265	ENSG00000172830:t:67310304-67310339:67307906-67310304_L2	62	0.687948336432054	rs7934433	SNP	moderate_0.2_0.5	systemic_non_neural	lower_recurrence_exact
11:67315781	rs7934433	11:67000000	SSH3	QTD001002	QTS000053	INTERVAL_RNA	blood	naive	majiq	bulk	0.010286142493498797	9.26672e-17	-0.160986	-8.348764285982263	ENSG00000172830:s:67311591-67312014:67311663-67312383_L2	48	0.8260616365259825	rs7934433	SNP	moderate_0.2_0.5	systemic_non_neural	lower_recurrence_exact
11:67315781	rs7934433	11:67000000	SSH3	QTD001002	QTS000053	INTERVAL_RNA	blood	naive	majiq	bulk	0.02067242141711023	9.79389e-07	-0.174698	-4.940172356152812	ENSG00000172830:s:67307846-67307939:67307906-67310304_L2	75	0.5003007099185278	rs7934433	SNP	moderate_0.2_0.5	systemic_non_neural	lower_recurrence_exact
11:70231392	rs480105	11:70000000	PPFIA1	QTD001002	QTS000053	INTERVAL_RNA	blood	naive	majiq	bulk	0.01100244045533858	0.00377882	0.0365754	2.936213370254316	ENSG00000131626:t:70348189-70348300:70346009-70348189_L2	38	0.4454419855849606	rs480105	SNP	moderate_0.2_0.5	neuro_systemic	lower_recurrence_exact
11:70231855	rs2509158	11:70000000	PPFIA1	QTD001002	QTS000053	INTERVAL_RNA	blood	naive	majiq	bulk	0.011673510935623547	0.00350911	0.0368512	2.960020855762847	ENSG00000131626:t:70348189-70348300:70346009-70348189_L2	38	0.4454419855849606	rs2509158	SNP	moderate_0.2_0.5	neuro_systemic	lower_recurrence_exact
11:75278232	rs1676890	11:75000000	ARRB1	QTD001002	QTS000053	INTERVAL_RNA	blood	naive	majiq	bulk	0.030610352645868658	7.64356e-17	0.154073	8.506895311893821	ENSG00000137486:t:75287315-75287375:75287375-75312062_L2	6	0.880553831379571	rs1676890	SNP	moderate_0.2_0.5	systemic_other	lower_recurrence_exact
11:75278232	rs1676890	11:75000000	ARRB1	QTD001002	QTS000053	INTERVAL_RNA	blood	naive	majiq	bulk	0.011902927132592982	1.0194e-11	0.132381	6.867593767261443	ENSG00000137486:t:75290009-75290039:75290039-75312062_L2	12	0.6787336969724488	rs1676890	SNP	moderate_0.2_0.5	systemic_other	lower_recurrence_exact
11:125516527	rs600883	11:125500000	EI24	QTD001002	QTS000053	INTERVAL_RNA	blood	naive	majiq	bulk	0.014839128971983763	1.00011e-07	0.174055	5.30673257437976	ENSG00000149547:s:125577504-125577570:125577570-125578133_L1	63	0.42317601083321094	rs600883	SNP	moderate_0.2_0.5	mixed_trait_axis	core_exact_n10
12:6900438	rs2187611	12:6500000	TPI1	QTD001002	QTS000053	INTERVAL_RNA	blood	naive	majiq	bulk	0.006720216175238047	0.701106	0.00727462	0.3796116715059732	ENSG00000111669:s:6869548-6869773:6869774-6870016_L2	101	0.7774794575597395	rs2187611	SNP	moderate_0.2_0.5	systemic_other	lower_recurrence_exact
12:6900438	rs2187611	12:6500000	LRRC23	QTD001002	QTS000053	INTERVAL_RNA	blood	naive	majiq	bulk	0.013966856644503627	5.10269e-11	-0.0849852	-6.615266281196499	ENSG00000010626:t:6913891-6914241:6913027-6913891_L1	105	0.6027596729880578	rs2187611	SNP	moderate_0.2_0.5	systemic_other	lower_recurrence_exact
12:6900438	rs2187611	12:6500000	LRRC23	QTD001002	QTS000053	INTERVAL_RNA	blood	naive	majiq	bulk	0.012914742313128592	2.30686e-25	-0.132029	-10.458506703962668	ENSG00000010626:s:6904733-6904903:6904903-6905585_L1	85	0.7759796243256334	rs2187611	SNP	moderate_0.2_0.5	systemic_other	lower_recurrence_exact
12:6900438	rs2187611	12:6500000	LRRC23	QTD001002	QTS000053	INTERVAL_RNA	blood	naive	majiq	bulk	0.01683708644820804	1.41694e-44	-0.224933	-14.204224624055723	ENSG00000010626:s:6907315-6907733:6907445-6909890_L1	50	0.9664433358574814	rs2187611	SNP	moderate_0.2_0.5	systemic_other	lower_recurrence_exact
12:6900438	rs2187611	12:6500000	LRRC23	QTD001002	QTS000053	INTERVAL_RNA	blood	naive	majiq	bulk	0.016317454085732565	7.74563e-46	-0.254271	-14.427424193846614	ENSG00000010626:s:6905585-6905759:6905759-6906409_L1	50	0.922258127713584	rs2187611	SNP	moderate_0.2_0.5	systemic_other	lower_recurrence_exact
12:6900438	rs2187611	12:6500000	LRRC23	QTD001002	QTS000053	INTERVAL_RNA	blood	naive	majiq	bulk	0.01640842624037587	8.99877e-64	-0.32118	-17.207371446874255	ENSG00000010626:s:6906409-6906755:6906662-6913891_L1	51	0.9659735859304648	rs2187611	SNP	moderate_0.2_0.5	systemic_other	lower_recurrence_exact
12:6900438	rs2187611	12:6500000	LRRC23	QTD001002	QTS000053	INTERVAL_RNA	blood	naive	majiq	bulk	0.015830963006552165	1.28533e-24	-0.132642	-10.305595233084738	ENSG00000010626:t:6905585-6905759:6883919-6905585_L1	88	0.7799366618550423	rs2187611	SNP	moderate_0.2_0.5	systemic_other	lower_recurrence_exact
12:6900438	rs2187611	12:6500000	LRRC23	QTD001002	QTS000053	INTERVAL_RNA	blood	naive	majiq	bulk	0.009802283090697576	1.75777e-11	-0.0889392	-6.72733237600365	ENSG00000010626:s:6909890-6910026:6910026-6912730_L1	99	0.6519049917682096	rs2187611	SNP	moderate_0.2_0.5	systemic_other	lower_recurrence_exact
12:6999256	rs16933023	12:6500000	LPCAT3	QTD001002	QTS000053	INTERVAL_RNA	blood	naive	majiq	bulk	0.0042006916473858	1.86173e-07	0.114317	5.201051887253594	ENSG00000111684:t:6977367-6977525:6977525-6978421_L1	77	0.38600552988013137	rs16933023	SNP	moderate_0.2_0.5	systemic_other	core_exact_n10
12:6999256	rs16933023	12:6500000	LPCAT3	QTD001002	QTS000053	INTERVAL_RNA	blood	naive	majiq	bulk	0.033726279063671	7.27457e-11	0.152715	6.500745028921937	ENSG00000111684:t:6981809-6981904:6981904-7018274_L1	39	0.8475387193825566	rs16933023	SNP	moderate_0.2_0.5	systemic_other	core_exact_n10
12:6999256	rs16933023	12:6500000	LPCAT3	QTD001002	QTS000053	INTERVAL_RNA	blood	naive	majiq	bulk	0.01166103184482352	2.33779e-07	0.116508	5.237661661995512	ENSG00000111684:s:6977840-6978507:6977525-6978421_L1	82	0.444953954996932	rs16933023	SNP	moderate_0.2_0.5	systemic_other	core_exact_n10
12:54353322	rs11170880	12:54000000	COPZ1	QTD001002	QTS000053	INTERVAL_RNA	blood	naive	majiq	bulk	0.07873803126278672	4.76554e-16	-0.257487	-8.190793127985666	ENSG00000111481:t:54347767-54347972:54346674-54347767_L1	19	0.8222055993166446	rs11170880	SNP	moderate_0.2_0.5	systemic_other	lower_recurrence_exact
12:56288587	rs1274493	12:56000000	CS	QTD001002	QTS000053	INTERVAL_RNA	blood	naive	majiq	bulk	0.01777495596284396	7.48299e-20	-0.160786	-9.156638883687732	ENSG00000062485:t:56283792-56283858:56283857-56286595_L1	126	0.8577251201722443	rs1274493	SNP	moderate_0.2_0.5	systemic_non_neural	core_exact_n10
12:56288587	rs1274493	12:56000000	CS	QTD001002	QTS000053	INTERVAL_RNA	blood	naive	majiq	bulk	0.009517030920159696	7.33856e-20	0.161854	9.250350054164057	ENSG00000062485:t:56285916-56286091:56285961-56286625_L1	136	0.8436803543342357	rs1274493	SNP	moderate_0.2_0.5	systemic_non_neural	core_exact_n10
12:56288587	rs1274493	12:56000000	CS	QTD001002	QTS000053	INTERVAL_RNA	blood	naive	majiq	bulk	0.026385146278066634	4.95133e-24	-0.168779	-10.21220517432425	ENSG00000062485:s:56285916-56286091:56282608-56285916_L1	111	0.900001017303191	rs1274493	SNP	moderate_0.2_0.5	systemic_non_neural	core_exact_n10
12:56288587	rs1274493	12:56000000	CS	QTD001002	QTS000053	INTERVAL_RNA	blood	naive	majiq	bulk	0.009858635722291665	1.57321e-19	0.170233	9.212389029785973	ENSG00000062485:s:56286160-56286620:56283857-56286595_L1	139	0.859788075427112	rs1274493	SNP	moderate_0.2_0.5	systemic_non_neural	core_exact_n10
12:56288587	rs1274493	12:56000000	CNPY2	QTD001002	QTS000053	INTERVAL_RNA	blood	naive	majiq	bulk	0.005050443584569046	5.03154e-07	0.147396	5.126607333228417	ENSG00000257727:s:56314490-56314968:56311395-56314851_L1	151	0.7834047292567349	rs1274493	SNP	moderate_0.2_0.5	systemic_non_neural	core_exact_n10
12:57209032	rs7956957	12:57000000	SHMT2	QTD001002	QTS000053	INTERVAL_RNA	blood	naive	majiq	bulk	0.009662882257234771	1.30013e-07	-0.0946296	-5.318991909601146	ENSG00000182199:s:57230701-57231000:57231001-57231161_L1	11	0.8327313870368724	rs7956957	SNP	moderate_0.2_0.5	systemic_non_neural	lower_recurrence_exact
12:89499935	rs10858884	12:89000000	POC1B	QTD001002	QTS000053	INTERVAL_RNA	blood	naive	majiq	bulk	0.009955182636625575	6.04811e-09	0.0926304	5.848573294582974	ENSG00000139323:t:89472168-89472275:89472275-89472581_L1	86	0.787469470886232	rs10858884	SNP	moderate_0.2_0.5	systemic_non_neural	core_exact_n10
12:110426788	rs11829321	12:110000000	ARPC3	QTD001002	QTS000053	INTERVAL_RNA	blood	naive	majiq	bulk	0.0026734870960702195	1.0579e-28	0.137712	11.242134531202266	ENSG00000111229:s:110436110-110436204:110435217-110436110_L2	253	0.44731990664704513	rs11829321	SNP	moderate_0.2_0.5	systemic_non_neural	lower_recurrence_exact
12:110426788	rs11829321	12:110000000	ATP2A2	QTD001002	QTS000053	INTERVAL_RNA	blood	naive	majiq	bulk	0.008245402909502726	6.57545e-27	0.235067	10.962459391754223	ENSG00000174437:s:110346201-110346621:110346321-110347393_L1	157	0.9206352356325077	rs11829321	SNP	moderate_0.2_0.5	systemic_non_neural	lower_recurrence_exact
12:110451678	rs3759382	12:110000000	VPS29	QTD001002	QTS000053	INTERVAL_RNA	blood	naive	majiq	bulk	0.003958005352858615	3.81104e-13	-0.245397	-7.316368744206288	ENSG00000111237:s:110499457-110499546:110498859-110499535_L2	206	0.7549872785268622	rs3759382	SNP	moderate_0.2_0.5	systemic_other	lower_recurrence_exact
12:110451678	rs3759382	12:110000000	VPS29	QTD001002	QTS000053	INTERVAL_RNA	blood	naive	majiq	bulk	0.0043627737700065025	1.13989e-11	-0.237632	-6.827187042587195	ENSG00000111237:t:110496012-110496217:110496203-110498820_L2	253	0.5814644292849503	rs3759382	SNP	moderate_0.2_0.5	systemic_other	lower_recurrence_exact
12:110451678	rs3759382	12:110000000	ATP2A2	QTD001002	QTS000053	INTERVAL_RNA	blood	naive	majiq	bulk	0.006459579952525951	8.27762e-27	0.232751	10.939825603986229	ENSG00000174437:s:110346201-110346621:110346321-110347393_L1	157	0.9206352356325077	rs3759382	SNP	moderate_0.2_0.5	systemic_other	lower_recurrence_exact
12:110614660	rs684596	12:110500000	ARPC3	QTD001002	QTS000053	INTERVAL_RNA	blood	naive	majiq	bulk	0.15168169298054626	1.13164e-10	0.102623	6.511489656248233	ENSG00000111229:s:110445452-110445587:110440388-110445452_L1	6	0.8781711713039012	rs684596	SNP	hidden_lt0.2	neuro_systemic	core_exact_n10
12:113234772	rs1458366	12:113000000	TPCN1	QTD001002	QTS000053	INTERVAL_RNA	blood	naive	majiq	bulk	0.046980611309091404	1.97473e-07	-0.126227	-5.256515819718801	ENSG00000186815:s:113284581-113284637:113284637-113285889_L1	57	0.33581771017866024	rs1458366	SNP	moderate_0.2_0.5	systemic_other	lower_recurrence_exact
12:120496143	rs12857	12:120000000	RNF10	QTD001002	QTS000053	INTERVAL_RNA	blood	naive	majiq	bulk	0.016142070541551215	3.43912e-13	-0.19515	-7.136843841471177	ENSG00000022840:t:120571172-120571291:120566980-120571191_L1	49	0.9176189390711319	rs12857	SNP	moderate_0.2_0.5	neuro_systemic	lower_recurrence_exact
12:120496143	rs12857	12:120000000	RNF10	QTD001002	QTS000053	INTERVAL_RNA	blood	naive	majiq	bulk	0.012444590615642312	4.34854e-13	0.200084	7.144256716033696	ENSG00000022840:s:120565428-120565529:120565529-120571191_L1	47	0.9376675876211493	rs12857	SNP	moderate_0.2_0.5	neuro_systemic	lower_recurrence_exact
12:122244789	rs7953290	12:122000000	DIABLO	QTD001002	QTS000053	INTERVAL_RNA	blood	naive	majiq	bulk	0.03818892986668302	6.67372e-49	-0.626045	-14.935909401262784	ENSG00000184047:s:122216488-122216584:122209858-122216488_L1	22	0.9542712016274936	rs7953290	SNP	moderate_0.2_0.5	neural_enriched	core_exact_n10
12:122244789	rs7953290	12:122000000	DIABLO	QTD001002	QTS000053	INTERVAL_RNA	blood	naive	majiq	bulk	0.029964494464005117	4.85422e-45	0.602846	14.360413385045135	ENSG00000184047:t:122207663-122208577:122208577-122216488_L1	23	0.9715187456684565	rs7953290	SNP	moderate_0.2_0.5	neural_enriched	core_exact_n10
14:21499294	rs3168880	14:21000000	METTL3	QTD001002	QTS000053	INTERVAL_RNA	blood	naive	majiq	bulk	0.0754624003382472	3.11226e-12	-0.0875799	-7.051141148509704	ENSG00000165819:s:21499492-21499600:21499371-21499492_L2	22	0.9529512139859436	rs3168880	SNP	moderate_0.2_0.5	systemic_other	lower_recurrence_exact
14:21499294	rs3168880	14:21000000	TOX4	QTD001002	QTS000053	INTERVAL_RNA	blood	naive	majiq	bulk	0.022283391652000252	2.38309e-16	0.137305	8.334202895040308	ENSG00000092203:s:21487451-21487860:21487861-21488557_L1	22	0.8140241506287477	rs3168880	SNP	moderate_0.2_0.5	systemic_other	lower_recurrence_exact
14:61730580	rs12434438	14:61500000	HIF1A	QTD001002	QTS000053	INTERVAL_RNA	blood	naive	majiq	bulk	0.10632396326240003	5.56482e-08	0.139223	5.426497193290191	ENSG00000100644:s:61744705-61744813:61744813-61746934_L1	19	0.6320813836883421	rs12434438	SNP	moderate_0.2_0.5	systemic_other	lower_recurrence_exact
14:61730580	rs12434438	14:61500000	HIF1A	QTD001002	QTS000053	INTERVAL_RNA	blood	naive	majiq	bulk	0.12519404255719918	1.28009e-07	0.135348	5.288577134371815	ENSG00000100644:t:61746934-61748259:61744813-61746934_L1	22	0.5304865701729601	rs12434438	SNP	moderate_0.2_0.5	systemic_other	lower_recurrence_exact
14:69190206	rs61980267	14:69000000	DCAF5	QTD001002	QTS000053	INTERVAL_RNA	blood	naive	majiq	bulk	0.021053442823494136	2.0088e-28	0.233041	11.158993365306317	ENSG00000139990:s:69091674-69091887:69075411-69091674_L1	48	0.9563573511120149	rs61980267	SNP	moderate_0.2_0.5	neural_enriched	core_exact_n10
14:74257557	rs8016365	14:74000000	ABCD4	QTD001002	QTS000053	INTERVAL_RNA	blood	naive	majiq	bulk	0.016413952094933248	1.52492e-09	-0.110022	-6.207839390138664	ENSG00000119688:t:74288660-74288768:74288769-74289078_L1	95	0.25040592694973085	rs8016365	SNP	moderate_0.2_0.5	systemic_other	lower_recurrence_exact
14:100447329	rs1203548	14:100000000	WDR25	QTD001002	QTS000053	INTERVAL_RNA	blood	naive	majiq	bulk	0.015738414963159694	6.89574e-31	-0.249679	-11.691375999534255	ENSG00000176473:t:100468021-100468168:100382151-100468021_L2	24	0.723614838414979	rs1203548	SNP	moderate_0.2_0.5	systemic_non_neural	lower_recurrence_exact
14:102499659	rs1044503	14:102000000	ANKRD9	QTD001002	QTS000053	INTERVAL_RNA	blood	naive	majiq	bulk	0.006267999922017054	4.89664e-27	0.207494	10.945638889383883	ENSG00000156381:s:102509529-102509799:102508846-102509529_L2	31	0.4838508972466088	rs1044503	SNP	moderate_0.2_0.5	systemic_other	lower_recurrence_exact
15:44983500	rs12916850	15:44500000	SORD	QTD001002	QTS000053	INTERVAL_RNA	blood	naive	majiq	bulk	0.03834778074115219	5.53018e-15	0.242228	7.8742691652282835	ENSG00000140263:s:45068877-45069052:45069052-45069859_L1	27	0.8529147119398571	rs12916850	SNP	moderate_0.2_0.5	systemic_other	core_exact_n10
15:44983500	rs12916850	15:44500000	SORD	QTD001002	QTS000053	INTERVAL_RNA	blood	naive	majiq	bulk	0.03556031521310267	1.64514e-24	0.292956	10.28155681870758	ENSG00000140263:t:45072317-45072510:45070654-45072317_L1	25	0.9480137546558606	rs12916850	SNP	moderate_0.2_0.5	systemic_other	core_exact_n10
15:44983500	rs12916850	15:44500000	SORD	QTD001002	QTS000053	INTERVAL_RNA	blood	naive	majiq	bulk	0.029724165018358374	5.18279e-19	0.238457	8.958695397264957	ENSG00000140263:s:45043257-45043421:45043421-45060982_L1	28	0.7121584501575629	rs12916850	SNP	moderate_0.2_0.5	systemic_other	core_exact_n10
15:44983500	rs12916850	15:44500000	SORD	QTD001002	QTS000053	INTERVAL_RNA	blood	naive	majiq	bulk	0.007021030004859906	5.06386e-10	0.176417	6.242173187787438	ENSG00000140263:s:45023147-45023349:45023349-45035750_L1	103	0.4641121339467964	rs12916850	SNP	moderate_0.2_0.5	systemic_other	core_exact_n10
15:75390172	rs7166737	15:75000000	MAN2C1	QTD001002	QTS000053	INTERVAL_RNA	blood	naive	majiq	bulk	0.004237632149301471	1.85221e-20	-0.164351	-9.335238368763564	ENSG00000140400:s:75366516-75366592:75366009-75366522_L1	90	0.7456532484662077	rs7166737	SNP	moderate_0.2_0.5	systemic_non_neural	lower_recurrence_exact
15:75390172	rs7166737	15:75000000	MAN2C1	QTD001002	QTS000053	INTERVAL_RNA	blood	naive	majiq	bulk	0.01536313354072431	1.18507e-93	-0.286265	-21.095577970434622	ENSG00000140400:s:75368073-75368198:75364134-75368073_L1	29	0.9550260093459716	rs7166737	SNP	moderate_0.2_0.5	systemic_non_neural	lower_recurrence_exact
15:75390172	rs7166737	15:75000000	MAN2C1	QTD001002	QTS000053	INTERVAL_RNA	blood	naive	majiq	bulk	0.03631077615160017	1.93727e-17	-0.178965	-8.569825365537033	ENSG00000140400:s:75360090-75360523:75360062-75360089_L1	95	0.6968615383674366	rs7166737	SNP	moderate_0.2_0.5	systemic_non_neural	lower_recurrence_exact
15:75390172	rs7166737	15:75000000	MAN2C1	QTD001002	QTS000053	INTERVAL_RNA	blood	naive	majiq	bulk	0.03402775621659257	1.01295e-32	-0.242559	-12.004607222328914	ENSG00000140400:s:75360565-75360688:75360524-75360564_L1	54	0.9024484121719173	rs7166737	SNP	moderate_0.2_0.5	systemic_non_neural	lower_recurrence_exact
15:75390172	rs7166737	15:75000000	MAN2C1	QTD001002	QTS000053	INTERVAL_RNA	blood	naive	majiq	bulk	0.09928009761221707	2.25059e-62	0.299599	17.056373046650172	ENSG00000140400:s:75360955-75361062:75360688-75361046_L1	28	0.9488120301029113	rs7166737	SNP	moderate_0.2_0.5	systemic_non_neural	lower_recurrence_exact
15:75390172	rs7166737	15:75000000	MAN2C1	QTD001002	QTS000053	INTERVAL_RNA	blood	naive	majiq	bulk	0.011574551283387607	1.57838e-36	0.291382	12.764347606062612	ENSG00000140400:s:75359328-75359438:75359191-75359328_L1	56	0.8898848509172071	rs7166737	SNP	moderate_0.2_0.5	systemic_non_neural	lower_recurrence_exact
15:75390172	rs7166737	15:75000000	MAN2C1	QTD001002	QTS000053	INTERVAL_RNA	blood	naive	majiq	bulk	0.0373604602504299	1.48797e-59	-0.262924	-16.58535791488889	ENSG00000140400:s:75359620-75359775:75359439-75359619_L1	38	0.9379052593326064	rs7166737	SNP	moderate_0.2_0.5	systemic_non_neural	lower_recurrence_exact
15:75390172	rs7166737	15:75000000	MAN2C1	QTD001002	QTS000053	INTERVAL_RNA	blood	naive	majiq	bulk	0.024067082298541643	2.73484e-25	-0.19889	-10.478421180159717	ENSG00000140400:s:75361604-75361720:75361382-75361603_L1	64	0.8364631572178897	rs7166737	SNP	moderate_0.2_0.5	systemic_non_neural	lower_recurrence_exact
15:75390172	rs7166737	15:75000000	MAN2C1	QTD001002	QTS000053	INTERVAL_RNA	blood	naive	majiq	bulk	0.015909938475305876	3.92581e-11	0.147885	6.645011800317399	ENSG00000140400:s:75364488-75364665:75362748-75364488_L1	90	0.8367195350189129	rs7166737	SNP	moderate_0.2_0.5	systemic_non_neural	lower_recurrence_exact
15:75390172	rs7166737	15:75000000	MAN2C1	QTD001002	QTS000053	INTERVAL_RNA	blood	naive	majiq	bulk	0.032467020769381114	8.82631e-26	-0.203712	-10.575993804988832	ENSG00000140400:s:75356606-75356685:75356474-75356605_L1	43	0.9382062073354053	rs7166737	SNP	moderate_0.2_0.5	systemic_non_neural	lower_recurrence_exact
15:75390172	rs7166737	15:75000000	MAN2C1	QTD001002	QTS000053	INTERVAL_RNA	blood	naive	majiq	bulk	0.024617112363996975	2.31308e-78	-0.276905	-19.137547480310943	ENSG00000140400:t:75367511-75368006:75367634-75368483_L1	33	0.9466967013430975	rs7166737	SNP	moderate_0.2_0.5	systemic_non_neural	lower_recurrence_exact
15:75390172	rs7166737	15:75000000	MAN2C1	QTD001002	QTS000053	INTERVAL_RNA	blood	naive	majiq	bulk	0.016044017990716662	9.51858e-104	-0.248912	-22.440638720006707	ENSG00000140400:t:75361855-75362025:75361947-75362065_L1	67	0.9183872178736878	rs7166737	SNP	moderate_0.2_0.5	systemic_non_neural	lower_recurrence_exact
15:75390172	rs7166737	15:75000000	MAN2C1	QTD001002	QTS000053	INTERVAL_RNA	blood	naive	majiq	bulk	0.029651097961349786	2.03912e-56	0.345446	16.06709175449262	ENSG00000140400:t:75362642-75363179:75362748-75363210_L1	19	0.9691689776648577	rs7166737	SNP	moderate_0.2_0.5	systemic_non_neural	lower_recurrence_exact
15:75390172	rs7166737	15:75000000	MAN2C1	QTD001002	QTS000053	INTERVAL_RNA	blood	naive	majiq	bulk	0.012073076172085088	4.61972e-15	-0.170414	-7.939278508368367	ENSG00000140400:t:75362343-75362637:75362638-75362641_L1	87	0.6411944089502254	rs7166737	SNP	moderate_0.2_0.5	systemic_non_neural	lower_recurrence_exact
15:75390172	rs7166737	15:75000000	MAN2C1	QTD001002	QTS000053	INTERVAL_RNA	blood	naive	majiq	bulk	0.015257868698551424	2.8846e-80	-0.234593	-19.55748878618988	ENSG00000140400:t:75363754-75364134:75364134-75368073_L1	20	0.9223024445528122	rs7166737	SNP	moderate_0.2_0.5	systemic_non_neural	lower_recurrence_exact
15:82995439	rs1037403	15:82500000	C15ORF40	QTD001002	QTS000053	INTERVAL_RNA	blood	naive	majiq	bulk	0.10217975573621757	6.57916e-14	-0.120938	-7.5292954437073405	ENSG00000169609:s:83010237-83010363:82989157-83010237_L3	9	0.8959250917684888	rs1037403	SNP	moderate_0.2_0.5	systemic_non_neural	lower_recurrence_exact
16:3124544	rs443540	16:3000000	ZNF213	QTD001002	QTS000053	INTERVAL_RNA	blood	naive	majiq	bulk	0.02229597385251024	6.76255e-19	0.131992	8.893266162108503	ENSG00000085644:s:3140689-3142353:3142353-3142464_L2	18	0.740225119851332	rs443540	SNP	moderate_0.2_0.5	systemic_other	lower_recurrence_exact
16:4477108	rs11639998	16:4000000	CDIP1	QTD001002	QTS000053	INTERVAL_RNA	blood	naive	majiq	bulk	0.006614611135453649	7.4714e-09	-0.0794137	-5.819137610923258	ENSG00000089486:t:4513694-4513851:4513851-4514631_L1	51	0.5250818507008305	rs11639998	SNP	hidden_lt0.2	neural_enriched	core_exact_n10
16:4477108	rs11639998	16:4000000	CDIP1	QTD001002	QTS000053	INTERVAL_RNA	blood	naive	majiq	bulk	0.002402146081405765	2.30473e-07	-0.070656	-5.186372042317023	ENSG00000089486:s:4514575-4515109:4513851-4514631_L1	133	0.3780868095116129	rs11639998	SNP	hidden_lt0.2	neural_enriched	core_exact_n10
16:4477108	rs11639998	16:4000000	HMOX2	QTD001002	QTS000053	INTERVAL_RNA	blood	naive	majiq	bulk	0.010650816774834733	5.08152e-21	-0.168217	-9.54413772782614	ENSG00000103415:s:4483637-4483754:4483754-4495900_L1	40	0.7806394190715069	rs11639998	SNP	hidden_lt0.2	neural_enriched	core_exact_n10
16:4477108	rs11639998	16:4000000	CDIP1	QTD001002	QTS000053	INTERVAL_RNA	blood	naive	majiq	bulk	0.002573985673762514	3.24633e-06	-0.0641605	-4.732405198231416	ENSG00000089486:s:4513694-4513851:4512611-4513696_L1	106	0.4449326718651129	rs11639998	SNP	hidden_lt0.2	neural_enriched	core_exact_n10
16:22071566	rs1862648	16:22000000	UQCRC2	QTD001002	QTS000053	INTERVAL_RNA	blood	naive	majiq	bulk	0.07155027580029141	6.60668e-15	0.0998854	7.847789884626232	ENSG00000140740:s:21971923-21972122:21972122-21980547_L1	20	0.7346366384281807	rs1862648	SNP	moderate_0.2_0.5	systemic_other	core_exact_n10
16:22073022	rs9788908	16:22000000	UQCRC2	QTD001002	QTS000053	INTERVAL_RNA	blood	naive	majiq	bulk	0.07848804773453097	5.96673e-15	0.100037	7.8615099831722555	ENSG00000140740:s:21971923-21972122:21972122-21980547_L1	20	0.7346366384281807	rs9788908	SNP	hidden_lt0.2	systemic_other	core_exact_n10
16:23492720	rs7202661	16:23000000	EARS2	QTD001002	QTS000053	INTERVAL_RNA	blood	naive	majiq	bulk	0.005540199686799844	3.42768e-11	-0.159942	-6.726674542961461	ENSG00000103356:s:23525244-23525379:23525171-23525243_L1	64	0.8450701898329193	rs7202661	SNP	moderate_0.2_0.5	systemic_non_neural	core_exact_n10
16:23492720	rs7202661	16:23000000	GGA2	QTD001002	QTS000053	INTERVAL_RNA	blood	naive	majiq	bulk	0.03314382922190133	1.39433e-51	-0.250156	-15.313784488333827	ENSG00000103365:s:23467432-23467700:23466778-23467432_L1	38	0.9806728198099532	rs7202661	SNP	moderate_0.2_0.5	systemic_non_neural	core_exact_n10
16:23492720	rs7202661	16:23000000	EARS2	QTD001002	QTS000053	INTERVAL_RNA	blood	naive	majiq	bulk	0.011151077141350723	6.4491e-10	-0.128131	-6.223524305974302	ENSG00000103356:t:23520754-23523417:23523205-23523964_L1	81	0.7302390561083962	rs7202661	SNP	moderate_0.2_0.5	systemic_non_neural	core_exact_n10
16:23492720	rs7202661	16:23000000	GGA2	QTD001002	QTS000053	INTERVAL_RNA	blood	naive	majiq	bulk	0.0008493057703923512	4.9034e-10	-0.0825292	-6.190999736605445	ENSG00000103365:t:23466590-23466830:23466830-23466989_L1	99	0.6169656942594258	rs7202661	SNP	moderate_0.2_0.5	systemic_non_neural	core_exact_n10
16:23492927	rs7203580	16:23000000	EARS2	QTD001002	QTS000053	INTERVAL_RNA	blood	naive	majiq	bulk	0.008608822685760594	8.38988e-10	-0.128422	-6.181983928107938	ENSG00000103356:t:23520754-23523417:23523205-23523964_L1	81	0.7302390561083962	rs7203580	SNP	moderate_0.2_0.5	systemic_non_neural	core_exact_n10
16:23499005	rs2040574	16:23000000	EARS2	QTD001002	QTS000053	INTERVAL_RNA	blood	naive	majiq	bulk	0.007494708060096934	2.51757e-11	-0.160202	-6.772995680010316	ENSG00000103356:s:23525244-23525379:23525171-23525243_L1	64	0.8450701898329193	rs2040574	SNP	moderate_0.2_0.5	systemic_non_neural	core_exact_n10
16:23499005	rs2040574	16:23000000	EARS2	QTD001002	QTS000053	INTERVAL_RNA	blood	naive	majiq	bulk	0.012626825789045127	5.68508e-10	-0.127877	-6.243939747406031	ENSG00000103356:t:23520754-23523417:23523205-23523964_L1	81	0.7302390561083962	rs2040574	SNP	moderate_0.2_0.5	systemic_non_neural	core_exact_n10
16:29911667	rs8047140	16:29500000	KCTD13	QTD001002	QTS000053	INTERVAL_RNA	blood	naive	majiq	bulk	0.9999969596573808	3.10046e-17	-0.257186	-8.636066764972785	ENSG00000174943:s:29911661-29911867:29911557-29911815_L1	1	1.0	rs8047140	SNP	moderate_0.2_0.5	neuro_systemic	lower_recurrence_exact
16:29911667	rs8047140	16:29500000	KCTD13	QTD001002	QTS000053	INTERVAL_RNA	blood	naive	majiq	bulk	0.9999985862103934	6.2372e-13	0.188035	7.297733635623915	ENSG00000174943:t:29910978-29911173:29911173-29911815_L1	1	1.0	rs8047140	SNP	moderate_0.2_0.5	neuro_systemic	lower_recurrence_exact
16:30128579	rs4787493	16:30000000	GDPD3	QTD001002	QTS000053	INTERVAL_RNA	blood	naive	majiq	bulk	0.0038014731981509267	3.26492e-09	-0.0978781	-5.9559065135933675	ENSG00000102886:s:30113022-30113064:30112794-30113021_L1	27	0.3574474624474325	rs4787493	SNP	moderate_0.2_0.5	systemic_other	lower_recurrence_exact
16:30128579	rs4787493	16:30000000	GDPD3	QTD001002	QTS000053	INTERVAL_RNA	blood	naive	majiq	bulk	0.016309691359347744	2.08053e-09	-0.1024	-5.993261913209893	ENSG00000102886:s:30113340-30113537:30113065-30113339_L1	24	0.3435409341991345	rs4787493	SNP	moderate_0.2_0.5	systemic_other	lower_recurrence_exact
16:30128579	rs4787493	16:30000000	GDPD3	QTD001002	QTS000053	INTERVAL_RNA	blood	naive	majiq	bulk	0.051468618602442916	3.82284e-28	-0.158433	-11.064508272987288	ENSG00000102886:t:30104810-30105009:30105009-30108121_L2	8	0.6017378943548195	rs4787493	SNP	moderate_0.2_0.5	systemic_other	lower_recurrence_exact
16:30489440	rs3087438	16:30000000	ITGAL	QTD001002	QTS000053	INTERVAL_RNA	blood	naive	majiq	bulk	0.038858952467416476	8.0748e-60	0.139617	16.606278359372755	ENSG00000005844:t:30483827-30483964:30481585-30483826_L1	7	0.9145793711278208	rs3087438	SNP	moderate_0.2_0.5	neural_enriched	core_exact_n10
16:47129963	rs7200954	16:47000000	ITFG1	QTD001002	QTS000053	INTERVAL_RNA	blood	naive	majiq	bulk	0.050998073452418274	1.03077e-06	0.0744665	4.9364372399439445	ENSG00000129636:t:47260545-47260695:47260695-47262767_L1	18	0.5443011828771998	rs7200954	SNP	moderate_0.2_0.5	neuro_systemic	lower_recurrence_exact
16:47129963	rs7200954	16:47000000	ITFG1	QTD001002	QTS000053	INTERVAL_RNA	blood	naive	majiq	bulk	0.03827158897274927	2.24101e-06	0.0645054	4.751425579508802	ENSG00000129636:t:47311240-47311412:47311412-47311889_L1	18	0.5859924190437968	rs7200954	SNP	moderate_0.2_0.5	neuro_systemic	lower_recurrence_exact
16:67499395	rs3893749	16:67000000	ATP6V0D1	QTD001002	QTS000053	INTERVAL_RNA	blood	naive	majiq	bulk	0.005231724511510804	1.85834e-16	0.306673	8.35931924713347	ENSG00000159720:s:67453544-67453715:67445965-67453544_L1	102	0.7786566085399471	rs3893749	SNP	moderate_0.2_0.5	systemic_other	lower_recurrence_exact
16:67499395	rs3893749	16:67000000	ATP6V0D1	QTD001002	QTS000053	INTERVAL_RNA	blood	naive	majiq	bulk	0.007933220108121421	6.23676e-08	0.229001	5.429799498797275	ENSG00000159720:t:67444528-67444706:67444706-67445812_L1	131	0.7361952547080429	rs3893749	SNP	moderate_0.2_0.5	systemic_other	lower_recurrence_exact
16:67499395	rs3893749	16:67000000	ATP6V0D1	QTD001002	QTS000053	INTERVAL_RNA	blood	naive	majiq	bulk	0.061504605052662975	1.13298e-121	0.475164	24.227094758233267	ENSG00000159720:t:67453544-67453715:67453715-67459098_L1	21	0.9713387542096711	rs3893749	SNP	moderate_0.2_0.5	systemic_other	lower_recurrence_exact
16:80993537	rs2549860	16:80500000	CMC2	QTD001002	QTS000053	INTERVAL_RNA	blood	naive	majiq	bulk	0.06153344592920484	4.13803e-164	0.71473	28.617396449804435	ENSG00000103121:s:80997314-80997607:80981877-80997314_L1	14	0.9840472989777325	rs2549860	SNP	moderate_0.2_0.5	systemic_non_neural	core_exact_n10
16:80993537	rs2549860	16:80500000	CMC2	QTD001002	QTS000053	INTERVAL_RNA	blood	naive	majiq	bulk	0.03547327458120756	6.20694e-13	0.167891	7.23917473085019	ENSG00000103121:s:80980770-80980879:80978415-80980770_L1	31	0.8974914837522344	rs2549860	SNP	moderate_0.2_0.5	systemic_non_neural	core_exact_n10
16:80993537	rs2549860	16:80500000	CMC2	QTD001002	QTS000053	INTERVAL_RNA	blood	naive	majiq	bulk	0.043600444689993766	1.62899e-08	0.156488	5.708940388407501	ENSG00000103121:s:80981806-80981877:80976179-80981806_L1	28	0.911649214961848	rs2549860	SNP	moderate_0.2_0.5	systemic_non_neural	core_exact_n10
16:80993537	rs2549860	16:80500000	CMC2	QTD001002	QTS000053	INTERVAL_RNA	blood	naive	majiq	bulk	0.06879098585593114	1.62222e-107	-0.593166	-22.770800493081442	ENSG00000103121:t:80966448-80976179:80976179-80997314_L1	13	0.9944004994178275	rs2549860	SNP	moderate_0.2_0.5	systemic_non_neural	core_exact_n10
16:80993537	rs2549860	16:80500000	CMC2	QTD001002	QTS000053	INTERVAL_RNA	blood	naive	majiq	bulk	0.06396174147487751	7.20987e-21	0.223582	9.465797280843262	ENSG00000103121:t:80980770-80980879:80980879-80981806_L1	23	0.9331592541930744	rs2549860	SNP	moderate_0.2_0.5	systemic_non_neural	core_exact_n10
16:89483154	rs8043788	16:89000000	SPG7	QTD001002	QTS000053	INTERVAL_RNA	blood	naive	majiq	bulk	0.008258009711281688	2.08832e-20	-0.162892	-9.335942378585695	ENSG00000197912:t:89542983-89544772:89532636-89544648_L1	79	0.8798121611896017	rs8043788	SNP	moderate_0.2_0.5	systemic_other	lower_recurrence_exact
16:89483154	rs8043788	16:89000000	SPG7	QTD001002	QTS000053	INTERVAL_RNA	blood	naive	majiq	bulk	0.0053703683945953195	1.91492e-09	-0.0696939	-5.988583848025123	ENSG00000197912:s:89524228-89524247:89524247-89529135_L1	126	0.6433883538681283	rs8043788	SNP	moderate_0.2_0.5	systemic_other	lower_recurrence_exact
17:18004454	rs11656629	17:18000000	ATPAF2	QTD001002	QTS000053	INTERVAL_RNA	blood	naive	majiq	bulk	0.12152736199480496	6.88808e-30	0.412409	11.498381027196507	ENSG00000171953:s:18028111-18028377:18028046-18028232_L1	13	0.8647233162597815	rs11656629	SNP	moderate_0.2_0.5	neural_enriched	lower_recurrence_exact
17:18004454	rs11656629	17:18000000	ATPAF2	QTD001002	QTS000053	INTERVAL_RNA	blood	naive	majiq	bulk	0.1305663293463927	5.03396e-19	0.369751	9.00538736992639	ENSG00000171953:s:18028615-18028659:18026416-18028615_L1	15	0.8969222786363125	rs11656629	SNP	moderate_0.2_0.5	neural_enriched	lower_recurrence_exact
17:18004454	rs11656629	17:18000000	ATPAF2	QTD001002	QTS000053	INTERVAL_RNA	blood	naive	majiq	bulk	0.02765312415774907	7.40744e-28	0.379901	11.127502292099031	ENSG00000171953:s:18024624-18024704:17989592-18024624_L1	13	0.8569029822442533	rs11656629	SNP	moderate_0.2_0.5	neural_enriched	lower_recurrence_exact
17:18004454	rs11656629	17:18000000	ATPAF2	QTD001002	QTS000053	INTERVAL_RNA	blood	naive	majiq	bulk	0.01564502701909623	9.73438e-12	0.307584	6.935600850844759	ENSG00000171953:s:18021745-18021857:18021663-18021745_L1	17	0.8253171411528176	rs11656629	SNP	moderate_0.2_0.5	neural_enriched	lower_recurrence_exact
17:18004454	rs11656629	17:18000000	ATPAF2	QTD001002	QTS000053	INTERVAL_RNA	blood	naive	majiq	bulk	0.0461500815674281	4.36025e-15	0.330224	7.905844643373891	ENSG00000171953:t:18026319-18026535:18026416-18028615_L1	16	0.8591978001965428	rs11656629	SNP	moderate_0.2_0.5	neural_enriched	lower_recurrence_exact
17:18004454	rs11656629	17:18000000	ATPAF2	QTD001002	QTS000053	INTERVAL_RNA	blood	naive	majiq	bulk	0.040649687185610184	1.08355e-22	0.385176	9.926338034235147	ENSG00000171953:t:18024624-18024704:18024704-18025251_L1	14	0.8549134636913757	rs11656629	SNP	moderate_0.2_0.5	neural_enriched	lower_recurrence_exact
17:18004454	rs11656629	17:18000000	ATPAF2	QTD001002	QTS000053	INTERVAL_RNA	blood	naive	majiq	bulk	0.15116241416025675	3.77162e-27	0.410865	10.942006678526601	ENSG00000171953:t:18021123-18021264:18021238-18024624_L1	9	0.9222824217763472	rs11656629	SNP	moderate_0.2_0.5	neural_enriched	lower_recurrence_exact
17:34991293	rs3135983	17:34500000	RFFL	QTD001002	QTS000053	INTERVAL_RNA	blood	naive	majiq	bulk	0.0033730355429797076	3.95403e-06	-0.0998044	-4.778984570213815	ENSG00000092871:t:35026374-35026568:35026561-35088741_L1	48	0.2694197082465862	rs3135983	SNP	hidden_lt0.2	systemic_non_neural	core_exact_n10
17:35059842	rs8065886	17:35000000	RFFL	QTD001002	QTS000053	INTERVAL_RNA	blood	naive	majiq	bulk	0.011626245749477987	2.37611e-07	0.115696	5.2654855042909245	ENSG00000092871:s:35089105-35089319:35069658-35089105_L1	42	0.764311662107388	rs8065886	SNP	moderate_0.2_0.5	systemic_other	lower_recurrence_exact
17:40324405	rs12946680	17:40000000	RARA	QTD001002	QTS000053	INTERVAL_RNA	blood	naive	majiq	bulk	0.016828102069922142	4.4643e-11	-0.178523	-6.672874098011464	ENSG00000131759:s:40341996-40342706:40342706-40342796_L1	102	0.6501160254090546	rs12946680	SNP	moderate_0.2_0.5	systemic_non_neural	lower_recurrence_exact
17:40324405	rs12946680	17:40000000	RARA	QTD001002	QTS000053	INTERVAL_RNA	blood	naive	majiq	bulk	0.04061528273818591	8.17009e-68	-0.491107	-17.71187069783007	ENSG00000131759:t:40348316-40348464:40331396-40348316_L1	35	0.9548601114743066	rs12946680	SNP	moderate_0.2_0.5	systemic_non_neural	lower_recurrence_exact
17:44170978	rs7218599	17:44000000	TMUB2	QTD001002	QTS000053	INTERVAL_RNA	blood	naive	majiq	bulk	0.33247658158633875	5.78725e-12	0.199694	6.939266130402392	ENSG00000168591:s:44190501-44190886:44190886-44191106_L2	5	0.9513465016140473	rs7218599	SNP	moderate_0.2_0.5	systemic_non_neural	core_exact_n10
17:75477378	rs3935674	17:75000000	TSEN54	QTD001002	QTS000053	INTERVAL_RNA	blood	naive	majiq	bulk	0.01472732194210168	3.59388e-10	0.18268	6.2868884525770685	ENSG00000182173:s:75516970-75517072:75517073-75517160_L1	35	0.6716981841734897	rs3935674	SNP	moderate_0.2_0.5	systemic_non_neural	lower_recurrence_exact
17:75488672	rs11652993	17:75000000	TSEN54	QTD001002	QTS000053	INTERVAL_RNA	blood	naive	majiq	bulk	0.022191207923121712	2.37939e-10	0.184541	6.354538539409836	ENSG00000182173:s:75516970-75517072:75517073-75517160_L1	35	0.6716981841734897	rs11652993	SNP	moderate_0.2_0.5	systemic_non_neural	core_exact_n10
17:75736441	rs820176	17:75500000	SAP30BP	QTD001002	QTS000053	INTERVAL_RNA	blood	naive	majiq	bulk	0.008560632298177485	1.94266e-07	0.0762532	5.187231457510137	ENSG00000161526:s:75704772-75705480:75704814-75706008_L1	82	0.2710116313242532	rs820176	SNP	moderate_0.2_0.5	systemic_non_neural	lower_recurrence_exact
17:75997465	rs12945114	17:75500000	TEN1	QTD001002	QTS000053	INTERVAL_RNA	blood	naive	majiq	bulk	0.19234472647880713	2.09924e-24	-0.20981	-10.321135735602986	ENSG00000257949:s:75991466-75991623:75991577-76000141_L1	5	0.9781741419426389	rs12945114	SNP	moderate_0.2_0.5	systemic_non_neural	core_exact_n10
17:75997465	rs12945114	17:75500000	TEN1	QTD001002	QTS000053	INTERVAL_RNA	blood	naive	majiq	bulk	0.5628051834034563	3.23726e-126	-0.370246	-24.873664488353278	ENSG00000257949:t:75986137-75986284:75984718-75986187_L1	2	0.9969531619957255	rs12945114	SNP	moderate_0.2_0.5	systemic_non_neural	core_exact_n10
17:75997465	rs12945114	17:75500000	TEN1	QTD001002	QTS000053	INTERVAL_RNA	blood	naive	majiq	bulk	0.7465938134860428	3.9709e-125	-0.370622	-24.75837562740317	ENSG00000257949:s:75979240-75979511:75979511-75984581_L1	2	0.9969531619957255	rs12945114	SNP	moderate_0.2_0.5	systemic_non_neural	core_exact_n10
17:78806566	rs4796817	17:78500000	USP36	QTD001002	QTS000053	INTERVAL_RNA	blood	naive	majiq	bulk	0.999999994502863	8.61501e-44	0.183289	14.048789698769065	ENSG00000055483:t:78796317-78796494:78796494-78798400_L3	1	1.0	rs4796817	SNP	moderate_0.2_0.5	systemic_other	lower_recurrence_exact
17:78806566	rs4796817	17:78500000	USP36	QTD001002	QTS000053	INTERVAL_RNA	blood	naive	majiq	bulk	1.0	6.05201e-109	0.215582	22.90221983804305	ENSG00000055483:t:78795652-78795842:78795842-78796847_L3	1	1.0	rs4796817	SNP	moderate_0.2_0.5	systemic_other	lower_recurrence_exact
17:78806566	rs4796817	17:78500000	USP36	QTD001002	QTS000053	INTERVAL_RNA	blood	naive	majiq	bulk	0.9999999999944853	3.08843e-54	0.175619	15.717640261728814	ENSG00000055483:s:78796847-78797061:78795842-78796847_L3	1	1.0	rs4796817	SNP	moderate_0.2_0.5	systemic_other	lower_recurrence_exact
17:82490657	rs8081734	17:82000000	NARF	QTD001002	QTS000053	INTERVAL_RNA	blood	naive	majiq	bulk	0.01228777458357299	1.45832e-09	0.119371	6.154746482307141	ENSG00000141562:s:82472564-82472698:82472698-82478800_L1	43	0.4905482017430119	rs8081734	SNP	moderate_0.2_0.5	systemic_non_neural	lower_recurrence_exact
17:82490657	rs8081734	17:82000000	NARF	QTD001002	QTS000053	INTERVAL_RNA	blood	naive	majiq	bulk	0.033356494229195004	3.31285e-08	-0.0480412	-5.608227411274919	ENSG00000141562:t:82488202-82488215:82483742-82488202_L1	43	0.4097903214076696	rs8081734	SNP	moderate_0.2_0.5	systemic_non_neural	lower_recurrence_exact
17:82490657	rs8081734	17:82000000	NARF	QTD001002	QTS000053	INTERVAL_RNA	blood	naive	majiq	bulk	0.010027416176808416	6.83836e-08	0.0749195	5.373406497007259	ENSG00000141562:s:82458180-82458517:82458517-82459992_L1	39	0.8817084653998363	rs8081734	SNP	moderate_0.2_0.5	systemic_non_neural	lower_recurrence_exact
18:50891600	rs686709	18:50500000	ME2	QTD001002	QTS000053	INTERVAL_RNA	blood	naive	majiq	bulk	0.011190653804837912	1.798e-11	-0.17565	-6.767856349926473	ENSG00000082212:s:50940288-50940386:50940386-50942700_L1	42	0.34537573855646836	rs686709	SNP	hidden_lt0.2	systemic_non_neural	core_exact_n10
18:50891600	rs686709	18:50500000	ME2	QTD001002	QTS000053	INTERVAL_RNA	blood	naive	majiq	bulk	0.02624239440001955	2.84141e-17	-0.176163	-8.65827165394156	ENSG00000082212:t:50924098-50924212:50920758-50924098_L1	31	0.9084742243969278	rs686709	SNP	hidden_lt0.2	systemic_non_neural	core_exact_n10
18:50891600	rs686709	18:50500000	ME2	QTD001002	QTS000053	INTERVAL_RNA	blood	naive	majiq	bulk	0.01634399812573195	4.57445e-11	-0.130195	-6.6704809812427746	ENSG00000082212:t:50918110-50918213:50916243-50918110_L1	33	0.7333778690621523	rs686709	SNP	hidden_lt0.2	systemic_non_neural	core_exact_n10
18:50891600	rs686709	18:50500000	ME2	QTD001002	QTS000053	INTERVAL_RNA	blood	naive	majiq	bulk	0.021312875417661886	1.5627e-12	-0.136179	-7.114393401214068	ENSG00000082212:s:50908063-50908196:50908196-50918110_L1	33	0.6371896644013847	rs686709	SNP	hidden_lt0.2	systemic_non_neural	core_exact_n10
18:50891600	rs686709	18:50500000	ME2	QTD001002	QTS000053	INTERVAL_RNA	blood	naive	majiq	bulk	0.02251844234469469	1.38545e-12	-0.157964	-7.184031462008683	ENSG00000082212:s:50920661-50920758:50920758-50924098_L1	23	0.9543800720944241	rs686709	SNP	hidden_lt0.2	systemic_non_neural	core_exact_n10
19:586822	rs12609751	19:500000	BSG	QTD001002	QTS000053	INTERVAL_RNA	blood	naive	majiq	bulk	0.04906867173988398	2.45399e-26	0.135944	10.935947902187825	ENSG00000172270:s:578850-579656:579579-582520_L2	8	0.5755262469084218	rs12609751	SNP	moderate_0.2_0.5	neural_enriched	lower_recurrence_exact
19:587162	rs4919812	19:500000	BSG	QTD001002	QTS000053	INTERVAL_RNA	blood	naive	majiq	bulk	0.06485433220260377	1.99857e-26	0.136165	10.954299095398463	ENSG00000172270:s:578850-579656:579579-582520_L2	8	0.5755262469084218	rs4919812	SNP	moderate_0.2_0.5	neural_enriched	lower_recurrence_exact
19:4852513	rs11881908	19:4500000	PLIN3	QTD001002	QTS000053	INTERVAL_RNA	blood	naive	majiq	bulk	0.08821090272765511	2.76746e-14	0.247176	7.700963417121865	ENSG00000105355:s:4847691-4847890:4844793-4847817_L1	14	0.889227780740623	rs11881908	SNP	moderate_0.2_0.5	systemic_non_neural	core_exact_n10
19:5886721	rs1674159	19:5500000	NDUFA11	QTD001002	QTS000053	INTERVAL_RNA	blood	naive	majiq	bulk	0.3181000310696669	2.97177e-08	0.0758469	5.533176848090593	ENSG00000174886:s:5896453-5896681:5896184-5896452_L2	6	0.9731082170994284	rs1674159	SNP	moderate_0.2_0.5	systemic_other	lower_recurrence_exact
19:5886721	rs1674159	19:5500000	NDUFA11	QTD001002	QTS000053	INTERVAL_RNA	blood	naive	majiq	bulk	0.15718115193907148	0.000179804	-0.0602814	-3.7773670683221225	ENSG00000174886:t:5894675-5894854:5894854-5896453_L2	7	0.9731082170994284	rs1674159	SNP	moderate_0.2_0.5	systemic_other	lower_recurrence_exact
19:10859882	rs8100581	19:10500000	C19ORF38	QTD001002	QTS000053	INTERVAL_RNA	blood	naive	majiq	bulk	0.9991919294836116	6.45564e-109	0.643779	22.912726675399057	ENSG00000214212:t:10863170-10863207:10858343-10863170_L2	1	1.0	rs8100581	SNP	moderate_0.2_0.5	systemic_non_neural	core_exact_n10
19:16688116	rs2547112	19:16500000	SMIM7	QTD001002	QTS000053	INTERVAL_RNA	blood	naive	majiq	bulk	0.012710759738580081	6.94298e-06	0.0942901	4.5351682460526375	ENSG00000214046:t:16659395-16659447:16659447-16659959_L1	59	0.39641934731299644	rs2547112	SNP	moderate_0.2_0.5	systemic_non_neural	lower_recurrence_exact
19:18162237	rs1011320	19:18000000	PIK3R2	QTD001002	QTS000053	INTERVAL_RNA	blood	naive	majiq	bulk	0.038867960203907946	9.6485e-08	-0.200643	-5.342348305947246	ENSG00000105647:s:18163263-18163388:18163388-18166111_L1	22	0.3937015413347136	rs1011320	SNP	moderate_0.2_0.5	systemic_non_neural	core_exact_n10
19:40270501	rs8111561	19:40000000	PLD3	QTD001002	QTS000053	INTERVAL_RNA	blood	naive	majiq	bulk	0.03355895071357667	8.61951e-07	0.22132	5.023276890407539	ENSG00000105223:s:40366610-40366684:40366684-40366773_L1	21	0.8083610753275718	rs8111561	SNP	moderate_0.2_0.5	systemic_non_neural	lower_recurrence_exact
19:42172329	rs1195296	19:42000000	POU2F2	QTD001002	QTS000053	INTERVAL_RNA	blood	naive	majiq	bulk	0.14475045129050665	4.6467e-11	0.0713242	6.698369939214181	ENSG00000028277:s:42093467-42093895:42092271-42093466_L1	5	0.8961062409865417	rs1195296	SNP	moderate_0.2_0.5	systemic_non_neural	core_exact_n10
19:42501973	rs75171220	19:42500000	CEACAM1	QTD001002	QTS000053	INTERVAL_RNA	blood	naive	majiq	bulk	0.009799092048720605	2.43245e-18	-0.297712	-8.824579271145106	ENSG00000079385:t:42512350-42512479:42512479-42516773_L1	80	0.8154558589942917	rs75171220	SNP	moderate_0.2_0.5	neuro_systemic	core_exact_n10
19:42501975	rs75434673	19:42500000	CEACAM1	QTD001002	QTS000053	INTERVAL_RNA	blood	naive	majiq	bulk	0.010442774134563834	2.31409e-18	-0.298069	-8.831991263719914	ENSG00000079385:t:42512350-42512479:42512479-42516773_L1	80	0.8154558589942917	rs75434673	SNP	moderate_0.2_0.5	neuro_systemic	core_exact_n10
19:46660517	rs873286	19:46500000	PRKD2	QTD001002	QTS000053	INTERVAL_RNA	blood	naive	majiq	bulk	0.3105441714163361	9.69084e-16	-0.227652	-8.092225378620391	ENSG00000105287:s:46716815-46717127:46716536-46716814_L2	13	0.4824997249483548	rs873286	SNP	moderate_0.2_0.5	neural_enriched	lower_recurrence_exact
2:174972115	rs3771917	2:174500000	CHN1	QTD001002	QTS000053	INTERVAL_RNA	blood	naive	majiq	bulk	0.0011471331899873876	2.40804e-07	0.0559844	5.2881108794708505	ENSG00000128656:t:174801707-174802057:174801812-174811511_L1	107	0.5250292553084972	rs3771917	SNP	moderate_0.2_0.5	systemic_non_neural	core_exact_n10
2:241703438	rs6437282	2:241500000	ING5	QTD001002	QTS000053	INTERVAL_RNA	blood	naive	majiq	bulk	0.02936524030807184	3.48071e-44	-0.267462	-14.262089720890847	ENSG00000168395:s:241711978-241712380:241712071-241722939_L1	23	0.9116979121574184	rs6437282	SNP	moderate_0.2_0.5	mixed_trait_axis	core_exact_n10
2:241703438	rs6437282	2:241500000	ING5	QTD001002	QTS000053	INTERVAL_RNA	blood	naive	majiq	bulk	0.048858156690641294	5.79794e-19	-0.175129	-9.184555030163658	ENSG00000168395:s:241723210-241723271:241723271-241724989_L1	21	0.9545347931782892	rs6437282	SNP	moderate_0.2_0.5	mixed_trait_axis	core_exact_n10
2:241703438	rs6437282	2:241500000	ING5	QTD001002	QTS000053	INTERVAL_RNA	blood	naive	majiq	bulk	0.023961460994835215	4.58826e-10	-0.125632	-6.245073021615719	ENSG00000168395:t:241722939-241723074:241721430-241722939_L2	48	0.29074958641649606	rs6437282	SNP	moderate_0.2_0.5	mixed_trait_axis	core_exact_n10
2:241703438	rs6437282	2:241500000	ING5	QTD001002	QTS000053	INTERVAL_RNA	blood	naive	majiq	bulk	0.015262743046060782	1.53532e-07	-0.0888035	-5.318728483073729	ENSG00000168395:t:241704653-241704724:241690653-241704653_L1	52	0.4006364589713214	rs6437282	SNP	moderate_0.2_0.5	mixed_trait_axis	core_exact_n10
2:241703438	rs6437282	2:241500000	ING5	QTD001002	QTS000053	INTERVAL_RNA	blood	naive	majiq	bulk	0.030908801276596905	0.108651	-0.025289	-1.6576113182014414	ENSG00000168395:s:241689838-241690653:241690653-241704653_L2	28	0.8449953708385666	rs6437282	SNP	moderate_0.2_0.5	mixed_trait_axis	core_exact_n10
20:18497226	rs2247757	20:18000000	SEC23B	QTD001002	QTS000053	INTERVAL_RNA	blood	naive	majiq	bulk	0.005076406299074406	3.22235e-19	0.311231	9.086974915506236	ENSG00000101310:s:18507890-18508054:18507990-18509616_L2	111	0.7750476535611454	rs2247757	SNP	hidden_lt0.2	neural_enriched	core_exact_n10
20:25398271	rs2263205	20:25000000	ABHD12	QTD001002	QTS000053	INTERVAL_RNA	blood	naive	majiq	bulk	0.004568972638286099	0.0389162	0.0418904	2.1057178010728625	ENSG00000100997:t:25309499-25309575:25309575-25319052_L2	92	0.6003957953414657	rs2263205	SNP	moderate_0.2_0.5	systemic_non_neural	lower_recurrence_exact
21:33316609	rs2409488	21:33000000	IL10RB	QTD001002	QTS000053	INTERVAL_RNA	blood	naive	majiq	bulk	0.03439442337564639	6.22644e-25	-0.0845634	-10.522752153743573	ENSG00000243646:t:33296184-33297221:33288261-33296184_L3	31	0.641015016163414	rs2409488	SNP	moderate_0.2_0.5	neural_enriched	lower_recurrence_exact
22:31220315	rs1034588	22:31000000	LIMK2	QTD001002	QTS000053	INTERVAL_RNA	blood	naive	majiq	bulk	0.010945044236277623	1.70517e-16	0.131694	8.412801868373375	ENSG00000182541:t:31259121-31259230:31259047-31259120_L2	120	0.7558188564557136	rs1034588	SNP	moderate_0.2_0.5	neural_enriched	lower_recurrence_exact
22:31220315	rs1034588	22:31000000	LIMK2	QTD001002	QTS000053	INTERVAL_RNA	blood	naive	majiq	bulk	0.014191262804668826	5.46092e-176	0.251317	29.702701038985712	ENSG00000182541:t:31258291-31258484:31248770-31258290_L1	15	0.9840841988905855	rs1034588	SNP	moderate_0.2_0.5	neural_enriched	lower_recurrence_exact
22:31220315	rs1034588	22:31000000	LIMK2	QTD001002	QTS000053	INTERVAL_RNA	blood	naive	majiq	bulk	0.010838908750696362	2.11452e-244	-0.73266	-35.727770470214345	ENSG00000182541:s:31275151-31275665:31275308-31276789_L1	34	0.9733146685161352	rs1034588	SNP	moderate_0.2_0.5	neural_enriched	lower_recurrence_exact
22:31220315	rs1034588	22:31000000	LIMK2	QTD001002	QTS000053	INTERVAL_RNA	blood	naive	majiq	bulk	0.019862981494416305	4.14872e-33	0.102628	12.176476094714834	ENSG00000182541:s:31262595-31262791:31262792-31265945_L2	79	0.8187349440213301	rs1034588	SNP	moderate_0.2_0.5	neural_enriched	lower_recurrence_exact
22:31220315	rs1034588	22:31000000	LIMK2	QTD001002	QTS000053	INTERVAL_RNA	blood	naive	majiq	bulk	0.01076157320410049	3.55696e-20	0.123429	9.201306835480281	ENSG00000182541:s:31262134-31262239:31262240-31262594_L3	141	0.3877603878721592	rs1034588	SNP	moderate_0.2_0.5	neural_enriched	lower_recurrence_exact
22:31220315	rs1034588	22:31000000	LIMK2	QTD001002	QTS000053	INTERVAL_RNA	blood	naive	majiq	bulk	0.010123867700477107	5.68273e-27	0.110092	10.927491665662272	ENSG00000182541:s:31259889-31260077:31260078-31262133_L3	157	0.5794989804696068	rs1034588	SNP	moderate_0.2_0.5	neural_enriched	lower_recurrence_exact
22:31220315	rs1034588	22:31000000	LIMK2	QTD001002	QTS000053	INTERVAL_RNA	blood	naive	majiq	bulk	0.007787159881602071	8.22439e-28	0.146002	11.167102666509042	ENSG00000182541:s:31258291-31258484:31258485-31258958_L2	126	0.7851041267168304	rs1034588	SNP	moderate_0.2_0.5	neural_enriched	lower_recurrence_exact
22:31220315	rs1034588	22:31000000	LIMK2	QTD001002	QTS000053	INTERVAL_RNA	blood	naive	majiq	bulk	0.008916234563544515	8.36024e-41	0.303024	13.515175021072166	ENSG00000182541:s:31212239-31212424:31212424-31225720_L1	46	0.9697313946766511	rs1034588	SNP	moderate_0.2_0.5	neural_enriched	lower_recurrence_exact
22:31220315	rs1034588	22:31000000	LIMK2	QTD001002	QTS000053	INTERVAL_RNA	blood	naive	majiq	bulk	0.01625342471489745	4.97348e-22	-0.148964	-9.689974356068603	ENSG00000182541:t:31278297-31280080:31277639-31278296_L1	70	0.8309858776677472	rs1034588	SNP	moderate_0.2_0.5	neural_enriched	lower_recurrence_exact
22:31220315	rs1034588	22:31000000	LIMK2	QTD001002	QTS000053	INTERVAL_RNA	blood	naive	majiq	bulk	0.026892016767367324	1.27972e-62	0.170206	17.07653056787326	ENSG00000182541:s:31225720-31225819:31225820-31235635_L1	58	0.9721002273273175	rs1034588	SNP	moderate_0.2_0.5	neural_enriched	lower_recurrence_exact
22:41620695	rs2267437	22:41500000	CCDC134	QTD001002	QTS000053	INTERVAL_RNA	blood	naive	majiq	bulk	0.01329917384929887	4.12532e-10	0.0890449	6.294485920759455	ENSG00000100147:s:41809879-41810000:41810000-41825698_L1	12	0.8860567754011823	rs2267437	SNP	moderate_0.2_0.5	neural_enriched	lower_recurrence_exact
3:25830785	rs4681079	3:25500000	NGLY1	QTD001002	QTS000053	INTERVAL_RNA	blood	naive	majiq	bulk	0.00448356104230269	1.05327e-12	0.145918	7.1353743650730115	ENSG00000151092:t:25733872-25733984:25733985-25736003_L1	112	0.42231222952212216	rs4681079	SNP	moderate_0.2_0.5	systemic_non_neural	lower_recurrence_exact
3:37054533	rs749072	3:37000000	MLH1	QTD001002	QTS000053	INTERVAL_RNA	blood	naive	majiq	bulk	0.017913485165808093	2.56761e-07	-0.0910165	-5.306036654244939	ENSG00000076242:t:37025637-37026093:37017599-37025637_L1	4	0.6567177928858474	rs749072	SNP	moderate_0.2_0.5	systemic_other	lower_recurrence_exact
3:37054533	rs749072	3:37000000	MLH1	QTD001002	QTS000053	INTERVAL_RNA	blood	naive	majiq	bulk	0.04188151923817347	2.75662e-06	-0.0858034	-4.821913580713216	ENSG00000076242:s:36996619-36996709:36996709-37004401_L1	5	0.6567177928858474	rs749072	SNP	moderate_0.2_0.5	systemic_other	lower_recurrence_exact
3:37190967	rs13098279	3:37000000	MLH1	QTD001002	QTS000053	INTERVAL_RNA	blood	naive	majiq	bulk	0.046715354956174696	1.81685e-06	-0.0956786	-4.8437162383211465	ENSG00000076242:s:36996619-36996709:36996709-37004401_L1	5	0.6567177928858474	rs13098279	SNP	moderate_0.2_0.5	systemic_other	lower_recurrence_exact
3:37190967	rs13098279	3:37000000	MLH1	QTD001002	QTS000053	INTERVAL_RNA	blood	naive	majiq	bulk	0.0376524160253848	3.71217e-07	-0.103581	-5.227202655245266	ENSG00000076242:s:37040186-37040294:37040294-37050486_L1	7	0.30454214825313414	rs13098279	SNP	moderate_0.2_0.5	systemic_other	lower_recurrence_exact
3:37190967	rs13098279	3:37000000	MLH1	QTD001002	QTS000053	INTERVAL_RNA	blood	naive	majiq	bulk	0.03348340917842708	1.65528e-07	-0.108172	-5.243016462630673	ENSG00000076242:t:37004401-37004474:36996709-37004401_L1	3	0.933560855941127	rs13098279	SNP	moderate_0.2_0.5	systemic_other	lower_recurrence_exact
3:94011448	rs6786905	3:94000000	PROS1	QTD001002	QTS000053	INTERVAL_RNA	blood	naive	majiq	bulk	0.009945716829261469	2.53462e-07	-0.101879	-5.1653324423797455	ENSG00000184500:t:93879163-93879314:93879314-93881131_L1	49	0.7798322876693792	rs6786905	SNP	hidden_lt0.2	neuro_systemic	core_exact_n10
3:94011448	rs6786905	3:94000000	PROS1	QTD001002	QTS000053	INTERVAL_RNA	blood	naive	majiq	bulk	0.010637845246877107	2.52531e-07	-0.101902	-5.1658304407003	ENSG00000184500:s:93884728-93884896:93881318-93884728_L1	49	0.7798322876693792	rs6786905	SNP	hidden_lt0.2	neuro_systemic	core_exact_n10
3:105800472	rs2120103	3:105500000	CBLB	QTD001002	QTS000053	INTERVAL_RNA	blood	naive	majiq	bulk	0.006690503291395239	4.44868e-12	0.237753	6.939949203288583	ENSG00000114423:t:105867410-105867591:105867591-105868912_L1	60	0.4250159004989159	rs2120103	SNP	moderate_0.2_0.5	systemic_other	core_exact_n10
3:112573031	rs766968	3:112500000	SLC35A5	QTD001002	QTS000053	INTERVAL_RNA	blood	naive	majiq	bulk	0.017277235679944346	4.07415e-12	-0.163782	-7.0806131280412945	ENSG00000138459:t:112569171-112569269:112564366-112569171_L1	68	0.7604483699581722	rs766968	SNP	moderate_0.2_0.5	systemic_non_neural	lower_recurrence_exact
3:112573031	rs766968	3:112500000	SLC35A5	QTD001002	QTS000053	INTERVAL_RNA	blood	naive	majiq	bulk	0.04258492287366378	1.65581e-10	-0.19662	-6.550834373279309	ENSG00000138459:s:112569171-112569269:112569269-112570540_L1	32	0.8928055697290045	rs766968	SNP	moderate_0.2_0.5	systemic_non_neural	lower_recurrence_exact
3:113008337	rs2306857	3:113000000	GTPBP8	QTD001002	QTS000053	INTERVAL_RNA	blood	naive	majiq	bulk	0.02042685829171865	4.89345e-12	-0.160042	-6.98975466635429	ENSG00000163607:t:112996892-112996991:112993124-112996892_L1	14	0.834866405237889	rs2306857	SNP	moderate_0.2_0.5	neural_enriched	core_exact_n10
3:129228874	rs11719332	3:129000000	CNBP	QTD001002	QTS000053	INTERVAL_RNA	blood	naive	majiq	bulk	0.07439617847044101	7.52025e-10	0.178801	6.250390435002101	ENSG00000169714:s:129171446-129171538:129171310-129171445_L1	70	0.5337349335042452	rs11719332	SNP	moderate_0.2_0.5	systemic_non_neural	core_exact_n10
3:129228874	rs11719332	3:129000000	CNBP	QTD001002	QTS000053	INTERVAL_RNA	blood	naive	majiq	bulk	0.19368907816964062	7.31293e-151	1.59688	27.40363043467009	ENSG00000169714:s:129171634-129171771:129171508-129171634_L1	2	0.9957534844029778	rs11719332	SNP	moderate_0.2_0.5	systemic_non_neural	core_exact_n10
3:179613390	rs4147788	3:179500000	NDUFB5	QTD001002	QTS000053	INTERVAL_RNA	blood	naive	majiq	bulk	0.018025588523089105	4.89757e-08	0.0606075	5.489988846329999	ENSG00000136521:t:179615983-179616049:179607812-179615985_L1	48	0.40833972863656404	rs4147788	SNP	hidden_lt0.2	neuro_systemic	core_exact_n10
4:103011818	rs76281393	4:103000000	UBE2D3	QTD001002	QTS000053	INTERVAL_RNA	blood	naive	majiq	bulk	0.009941589453898735	1.40115e-07	-0.0772314	-5.305948641025493	ENSG00000109332:s:102802349-102802694:102801559-102802561_L1	55	0.7409717846026501	rs76281393	SNP	moderate_0.2_0.5	neural_enriched	lower_recurrence_exact
4:128914539	rs318542	4:128500000	SCLT1	QTD001002	QTS000053	INTERVAL_RNA	blood	naive	majiq	bulk	0.01970244849816993	8.53597e-99	-0.441153	-21.667074322570006	ENSG00000151466:t:128936655-128936851:128936851-128939784_L2	64	0.9784561507287911	rs318542	SNP	moderate_0.2_0.5	neural_enriched	lower_recurrence_exact
4:128914539	rs318542	4:128500000	SCLT1	QTD001002	QTS000053	INTERVAL_RNA	blood	naive	majiq	bulk	0.013557870480577147	6.55134e-63	-0.353411	-17.070227778186243	ENSG00000151466:s:128942996-128943188:128939894-128942996_L3	74	0.9468089305653357	rs318542	SNP	moderate_0.2_0.5	neural_enriched	lower_recurrence_exact
5:134195758	rs10051026	5:134000000	PPP2CA	QTD001002	QTS000053	INTERVAL_RNA	blood	naive	majiq	bulk	0.00963629971623122	1.26699e-12	0.0812957	7.227658438430541	ENSG00000113575:t:134205922-134206131:134206131-134224257_L1	67	0.9119752141960378	rs10051026	SNP	moderate_0.2_0.5	neural_enriched	core_exact_n10
5:134739241	rs17713112	5:134500000	SAR1B	QTD001002	QTS000053	INTERVAL_RNA	blood	naive	majiq	bulk	0.06109118431298456	4.58833e-14	0.237961	7.713937678542363	ENSG00000152700:t:134608372-134608503:134608503-134608976_L1	6	0.8530497600983052	rs17713112	SNP	moderate_0.2_0.5	systemic_non_neural	lower_recurrence_exact
5:134739241	rs17713112	5:134500000	SAR1B	QTD001002	QTS000053	INTERVAL_RNA	blood	naive	majiq	bulk	0.060675316240317204	6.87917e-14	0.236312	7.660865241602188	ENSG00000152700:s:134609571-134609674:134609133-134609571_L1	6	0.8530497600983052	rs17713112	SNP	moderate_0.2_0.5	systemic_non_neural	lower_recurrence_exact
5:179606093	rs4701139	5:179500000	RUFY1	QTD001002	QTS000053	INTERVAL_RNA	blood	naive	majiq	bulk	0.03157146553515927	1.94718e-18	0.216133	8.841103807926025	ENSG00000176783:t:179577075-179577136:179575648-179577075_L1	12	0.5563621954137794	rs4701139	SNP	moderate_0.2_0.5	systemic_other	lower_recurrence_exact
6:3023484	rs927340	6:3000000	NQO2	QTD001002	QTS000053	INTERVAL_RNA	blood	naive	majiq	bulk	0.03539770907497506	2.13455e-10	0.172228	6.388499329327186	ENSG00000124588:t:3016884-3016985:3015643-3016884_L5	22	0.8311849988000205	rs927340	SNP	moderate_0.2_0.5	systemic_non_neural	lower_recurrence_exact
6:35302802	rs9380501	6:35000000	ZNF76	QTD001002	QTS000053	INTERVAL_RNA	blood	naive	majiq	bulk	0.012041490561781741	4.09849e-11	-0.141707	-6.81169934400303	ENSG00000065029:s:35290641-35290716:35290717-35291277_L1	52	0.730789987360035	rs9380501	SNP	moderate_0.2_0.5	systemic_other	lower_recurrence_exact
6:35302802	rs9380501	6:35000000	ZNF76	QTD001002	QTS000053	INTERVAL_RNA	blood	naive	majiq	bulk	0.002000226995338938	9.36072e-10	-0.100669	-6.226147224797959	ENSG00000065029:t:35281056-35281224:35270523-35281056_L1	87	0.7583375657331729	rs9380501	SNP	moderate_0.2_0.5	systemic_other	lower_recurrence_exact
7:44999010	rs6463259	7:44500000	MYO1G	QTD001002	QTS000053	INTERVAL_RNA	blood	naive	majiq	bulk	0.008589932389993546	1.16732e-25	-0.143163	-10.626021425871494	ENSG00000136286:s:44969705-44969875:44969484-44969704_L2	136	0.7496479326258944	rs6463259	SNP	moderate_0.2_0.5	systemic_non_neural	lower_recurrence_exact
7:44999282	rs2158564	7:44500000	MYO1G	QTD001002	QTS000053	INTERVAL_RNA	blood	naive	majiq	bulk	0.03980763092447453	2.36261e-60	-0.156248	-16.760762767251432	ENSG00000136286:s:44966672-44966838:44966281-44966671_L2	43	0.5059401991402384	rs2158564	SNP	moderate_0.2_0.5	systemic_non_neural	core_exact_n10
7:65751112	rs4718273	7:65500000	ASL	QTD001002	QTS000053	INTERVAL_RNA	blood	naive	majiq	bulk	0.0009514356715232998	1.31419e-33	-0.352444	-12.248198435174768	ENSG00000126522:t:66089612-66089695:66089175-66089612_L2	555	0.6876405446316558	rs4718273	SNP	moderate_0.2_0.5	systemic_non_neural	lower_recurrence_exact
7:65751112	rs4718273	7:65500000	GUSB	QTD001002	QTS000053	INTERVAL_RNA	blood	naive	majiq	bulk	0.003760845241430033	3.71934e-09	0.139932	6.016882743173798	ENSG00000169919:t:65979386-65979541:65979541-65979834_L1	500	0.8414552865864124	rs4718273	SNP	moderate_0.2_0.5	systemic_non_neural	lower_recurrence_exact
7:65751112	rs4718273	7:65500000	GUSB	QTD001002	QTS000053	INTERVAL_RNA	blood	naive	majiq	bulk	0.004041325418146682	1.34666e-18	0.164203	8.888186305230624	ENSG00000169919:t:65980224-65980411:65980409-65980694_L1	277	0.9014499341901451	rs4718273	SNP	moderate_0.2_0.5	systemic_non_neural	lower_recurrence_exact
7:65751112	rs4718273	7:65500000	GUSB	QTD001002	QTS000053	INTERVAL_RNA	blood	naive	majiq	bulk	0.005364076052517984	1.2271e-15	0.166604	8.167401785441012	ENSG00000169919:s:65979727-65979911:65975071-65979834_L1	255	0.884815307854317	rs4718273	SNP	moderate_0.2_0.5	systemic_non_neural	lower_recurrence_exact
7:65751112	rs4718273	7:65500000	GUSB	QTD001002	QTS000053	INTERVAL_RNA	blood	naive	majiq	bulk	0.0023062993667766914	1.30867e-07	0.127728	5.3332212934398635	ENSG00000169919:s:65980224-65980411:65974704-65980224_L2	371	0.398899139282846	rs4718273	SNP	moderate_0.2_0.5	systemic_non_neural	lower_recurrence_exact
7:65751112	rs4718273	7:65500000	TPST1	QTD001002	QTS000053	INTERVAL_RNA	blood	naive	majiq	bulk	0.0006810105514327856	5.97259e-26	-0.296458	-10.62141482041576	ENSG00000169902:s:66356825-66356871:66356871-66359036_L9	642	0.3580004135513862	rs4718273	SNP	moderate_0.2_0.5	systemic_non_neural	lower_recurrence_exact
7:65770418	rs4718277	7:65500000	GUSB	QTD001002	QTS000053	INTERVAL_RNA	blood	naive	majiq	bulk	0.0038286095500836064	5.77399e-08	0.135025	5.48653709469287	ENSG00000169919:s:65980224-65980411:65974704-65980224_L2	371	0.398899139282846	rs4718277	SNP	moderate_0.2_0.5	systemic_non_neural	core_exact_n10
7:65770418	rs4718277	7:65500000	GUSB	QTD001002	QTS000053	INTERVAL_RNA	blood	naive	majiq	bulk	0.002630952181647928	5.27987e-09	0.142489	5.962896241962491	ENSG00000169919:t:65979386-65979541:65979541-65979834_L1	500	0.8414552865864124	rs4718277	SNP	moderate_0.2_0.5	systemic_non_neural	core_exact_n10
7:65770418	rs4718277	7:65500000	GUSB	QTD001002	QTS000053	INTERVAL_RNA	blood	naive	majiq	bulk	0.0030026870701355696	1.13186e-18	0.169232	8.910390258256989	ENSG00000169919:t:65980224-65980411:65980409-65980694_L1	277	0.9014499341901451	rs4718277	SNP	moderate_0.2_0.5	systemic_non_neural	core_exact_n10
7:65770418	rs4718277	7:65500000	GUSB	QTD001002	QTS000053	INTERVAL_RNA	blood	naive	majiq	bulk	0.0029772661192979622	1.79649e-15	0.170329	8.126036668376473	ENSG00000169919:s:65979727-65979911:65975071-65979834_L1	255	0.884815307854317	rs4718277	SNP	moderate_0.2_0.5	systemic_non_neural	core_exact_n10
7:65770418	rs4718277	7:65500000	ASL	QTD001002	QTS000053	INTERVAL_RNA	blood	naive	majiq	bulk	0.0007484803500207116	7.62714e-32	-0.352439	-11.902851250222039	ENSG00000126522:t:66089612-66089695:66089175-66089612_L2	555	0.6876405446316558	rs4718277	SNP	moderate_0.2_0.5	systemic_non_neural	core_exact_n10
7:102410192	rs7384178	7:102000000	PRKRIP1	QTD001002	QTS000053	INTERVAL_RNA	blood	naive	majiq	bulk	0.002832889934328453	3.73427e-07	-0.165614	-5.05873315261216	ENSG00000128563:s:102363872-102364411:102364411-102365974_L1	134	0.5943068508836175	rs7384178	SNP	moderate_0.2_0.5	systemic_non_neural	lower_recurrence_exact
7:102410192	rs7384178	7:102000000	LRWD1	QTD001002	QTS000053	INTERVAL_RNA	blood	naive	majiq	bulk	0.016480108527038326	4.16416e-48	-0.306334	-14.647917954293394	ENSG00000161036:s:102472692-102472804:102472804-102472882_L2	82	0.9496532457730915	rs7384178	SNP	moderate_0.2_0.5	systemic_non_neural	lower_recurrence_exact
7:102410192	rs7384178	7:102000000	LRWD1	QTD001002	QTS000053	INTERVAL_RNA	blood	naive	majiq	bulk	0.011079560044271873	0.147224	-0.0488689	-1.3627287731720834	ENSG00000161036:s:102464956-102465178:102465160-102465532_L2	99	0.7225150609450299	rs7384178	SNP	moderate_0.2_0.5	systemic_non_neural	lower_recurrence_exact
7:102410192	rs7384178	7:102000000	LRWD1	QTD001002	QTS000053	INTERVAL_RNA	blood	naive	majiq	bulk	0.027062091578728586	8.41765e-41	-0.347707	-13.532097550770116	ENSG00000161036:s:102467665-102467823:102467824-102468061_L2	76	0.9561175565087858	rs7384178	SNP	moderate_0.2_0.5	systemic_non_neural	lower_recurrence_exact
7:102410192	rs7384178	7:102000000	LRWD1	QTD001002	QTS000053	INTERVAL_RNA	blood	naive	majiq	bulk	0.0032392844481519897	2.42082e-06	0.166149	4.685200868402431	ENSG00000161036:s:102468062-102468187:102468187-102468263_L2	128	0.5513377600868181	rs7384178	SNP	moderate_0.2_0.5	systemic_non_neural	lower_recurrence_exact
7:102410192	rs7384178	7:102000000	LRWD1	QTD001002	QTS000053	INTERVAL_RNA	blood	naive	majiq	bulk	0.017695173896178074	9.26495e-08	-0.194935	-5.318863945083465	ENSG00000161036:s:102468263-102468445:102468446-102468553_L1	94	0.8804677486402428	rs7384178	SNP	moderate_0.2_0.5	systemic_non_neural	lower_recurrence_exact
7:102410192	rs7384178	7:102000000	LRWD1	QTD001002	QTS000053	INTERVAL_RNA	blood	naive	majiq	bulk	0.0037729285638334917	8.33736e-14	0.276993	7.667869649805842	ENSG00000161036:t:102465817-102466051:102465628-102465816_L2	148	0.4464096469933808	rs7384178	SNP	moderate_0.2_0.5	systemic_non_neural	lower_recurrence_exact
7:102451288	rs4481505	7:102000000	PRKRIP1	QTD001002	QTS000053	INTERVAL_RNA	blood	naive	majiq	bulk	0.01389075814288456	6.7888e-08	-0.177902	-5.377877903253303	ENSG00000128563:s:102363872-102364411:102364411-102365974_L1	134	0.5943068508836175	rs4481505	SNP	moderate_0.2_0.5	systemic_non_neural	core_exact_n10
7:102451288	rs4481505	7:102000000	LRWD1	QTD001002	QTS000053	INTERVAL_RNA	blood	naive	majiq	bulk	0.003993899035915431	1.67002e-06	0.17077	4.759551214031822	ENSG00000161036:s:102468062-102468187:102468187-102468263_L2	128	0.5513377600868181	rs4481505	SNP	moderate_0.2_0.5	systemic_non_neural	core_exact_n10
7:102451288	rs4481505	7:102000000	LRWD1	QTD001002	QTS000053	INTERVAL_RNA	blood	naive	majiq	bulk	0.013856610468026992	1.60942e-17	0.319533	8.736867859826353	ENSG00000161036:t:102465817-102466051:102465628-102465816_L2	148	0.4464096469933808	rs4481505	SNP	moderate_0.2_0.5	systemic_non_neural	core_exact_n10
8:37870499	rs7817179	8:37500000	RAB11FIP1	QTD001002	QTS000053	INTERVAL_RNA	blood	naive	majiq	bulk	0.27721321411475547	7.06186e-10	-0.104292	-6.218373574323559	ENSG00000156675:t:37870387-37870528:37870529-37871277_L1	10	0.8741417996818288	rs7817179	SNP	hidden_lt0.2	neural_enriched	core_exact_n10
8:37870501	rs7820872	8:37500000	RAB11FIP1	QTD001002	QTS000053	INTERVAL_RNA	blood	naive	majiq	bulk	0.10997639772210373	1.92587e-09	-0.105058	-6.06236896179275	ENSG00000156675:t:37870387-37870528:37870529-37871277_L1	10	0.8741417996818288	rs7820872	SNP	moderate_0.2_0.5	mixed_trait_axis	core_exact_n10
8:47511193	rs114653490	8:47500000	SPIDR	QTD001002	QTS000053	INTERVAL_RNA	blood	naive	majiq	bulk	0.0928593595756446	1.9067e-06	-0.150362	-4.769909859081455	ENSG00000164808:s:47728720-47729102:47729102-47735307_L1	17	0.6049155906139192	rs114653490	SNP	moderate_0.2_0.5	neuro_systemic	lower_recurrence_exact
8:143996235	rs7459603	8:143500000	PARP10	QTD001002	QTS000053	INTERVAL_RNA	blood	naive	majiq	bulk	0.007272370486856796	2.57435e-09	0.0674491	6.02560663843471	ENSG00000178685:s:143991878-143992078:143991805-143991877_L1	63	0.5928761923330494	rs7459603	SNP	moderate_0.2_0.5	systemic_non_neural	core_exact_n10
8:143996235	rs7459603	8:143500000	PARP10	QTD001002	QTS000053	INTERVAL_RNA	blood	naive	majiq	bulk	0.019993843349512326	2.68539e-12	0.0843649	7.046762168652452	ENSG00000178685:s:143992245-143992373:143992079-143992244_L1	33	0.7355478662987792	rs7459603	SNP	moderate_0.2_0.5	systemic_non_neural	core_exact_n10
8:143996235	rs7459603	8:143500000	PARP10	QTD001002	QTS000053	INTERVAL_RNA	blood	naive	majiq	bulk	0.0018407592833324892	2.24107e-11	0.108723	6.788631257382492	ENSG00000178685:t:143985718-143985975:143985975-143986358_L1	39	0.6250787784469308	rs7459603	SNP	moderate_0.2_0.5	systemic_non_neural	core_exact_n10
8:143996235	rs7459603	8:143500000	PARP10	QTD001002	QTS000053	INTERVAL_RNA	blood	naive	majiq	bulk	0.057784030354531946	3.13605e-31	0.131128	11.805627761631706	ENSG00000178685:s:143992692--1:143992609-143992691_L1	19	0.9275269556789718	rs7459603	SNP	moderate_0.2_0.5	systemic_non_neural	core_exact_n10
8:144204623	rs12542868	8:144000000	MROH1	QTD001002	QTS000053	INTERVAL_RNA	blood	naive	majiq	bulk	0.10320287603858476	5.97605e-12	-0.118894	-6.924808697135054	ENSG00000179832:s:144241395-144241517:144241517-144242211_L1	25	0.8088651156933849	rs12542868	SNP	moderate_0.2_0.5	neural_enriched	core_exact_n10
9:37432267	rs309455	9:37000000	GRHPR	QTD001002	QTS000053	INTERVAL_RNA	blood	naive	majiq	bulk	0.1625303756477004	2.69716e-44	-0.367196	-14.194580922716415	ENSG00000137106:s:37429732-37429836:37429837-37430510_L2	11	0.926320882142986	rs309455	SNP	moderate_0.2_0.5	systemic_other	lower_recurrence_exact
9:71821776	rs4330750	9:71500000	C9ORF85	QTD001002	QTS000053	INTERVAL_RNA	blood	naive	majiq	bulk	0.0043404124381431685	5.27295e-09	-0.170136	-5.905777139796024	ENSG00000155621:s:71971505-71971618:71971618-71982657_L1	138	0.5059680517774545	rs4330750	SNP	hidden_lt0.2	systemic_other	core_exact_n10
9:79688411	rs4877501	9:79500000	TLE4	QTD001002	QTS000053	INTERVAL_RNA	blood	naive	majiq	bulk	0.010079224701631069	1.19193e-16	-0.167387	-8.415020996891313	ENSG00000106829:s:79627374-79627752:79627448-79649820_L1	38	0.7307054585992617	rs4877501	SNP	moderate_0.2_0.5	neuro_systemic	lower_recurrence_exact
9:127955698	rs7028190	9:127500000	DPM2	QTD001002	QTS000053	INTERVAL_RNA	blood	naive	majiq	bulk	0.08979802344380149	2.32844e-126	-0.703111	-24.7345430365837	ENSG00000136908:s:127937818-127937854:127936655-127937818_L1	15	0.9903241236689887	rs7028190	SNP	moderate_0.2_0.5	systemic_non_neural	lower_recurrence_exact
9:127955698	rs7028190	9:127500000	DPM2	QTD001002	QTS000053	INTERVAL_RNA	blood	naive	majiq	bulk	0.19012624178442764	2.23402e-185	0.718442	30.656668603556767	ENSG00000136908:t:127936034-127936655:127936656-127937283_L1	10	0.9944151240504889	rs7028190	SNP	moderate_0.2_0.5	systemic_non_neural	lower_recurrence_exact
9:127955698	rs7028190	9:127500000	DPM2	QTD001002	QTS000053	INTERVAL_RNA	blood	naive	majiq	bulk	0.2017552477962206	1.40572e-159	0.669486	28.242185017696144	ENSG00000136908:s:127937284-127937779:127936656-127937283_L1	15	0.9902979389549861	rs7028190	SNP	moderate_0.2_0.5	systemic_non_neural	lower_recurrence_exact
1:27296637	rs3813790	1:27000000	WDTC1	QTD001003	QTS000054	INTERVAL_RNA_WGS	blood	naive	ge	bulk	0.0479885990414295	0.210055	0.0168906	1.007900904808755	ENSG00000142784_L3	7	0.7432987951763407	rs3813790	SNP	moderate_0.2_0.5	systemic_non_neural	lower_recurrence_exact
1:35097364	rs2971408	1:35000000	ZMYM1	QTD001003	QTS000054	INTERVAL_RNA_WGS	blood	naive	ge	bulk	0.016803526942191314	4.03589e-10	-0.203151	-6.200988980103382	ENSG00000197056_L2	19	0.44119161963080195	rs2971408	SNP	moderate_0.2_0.5	systemic_non_neural	core_exact_n10
1:145990515	rs4636400	1:145500000	RBM8A	QTD001003	QTS000054	INTERVAL_RNA_WGS	blood	naive	ge	bulk	0.7575620214666408	2.99882e-14	0.0982876	7.690109705697402	ENSG00000265241_L2	5	0.5304261945733308	rs4636400	SNP	moderate_0.2_0.5	neural_enriched	lower_recurrence_exact
10:99677148	rs4919382	10:99500000	ENTPD7	QTD001003	QTS000054	INTERVAL_RNA_WGS	blood	naive	ge	bulk	0.016557313415994954	1.0036e-18	-0.237962	-9.066980986646348	ENSG00000198018_L2	50	0.6773299059105052	rs4919382	SNP	moderate_0.2_0.5	systemic_non_neural	lower_recurrence_exact
10:100985903	rs1535349	10:100500000	LZTS2	QTD001003	QTS000054	INTERVAL_RNA_WGS	blood	naive	ge	bulk	0.04166754038305446	2.16205e-29	-0.259014	-10.952279068372047	ENSG00000107816_L1	4	0.6551461014307589	rs1535349	SNP	hidden_lt0.2	systemic_non_neural	core_exact_n10
11:57499839	rs2584856	11:57000000	SLC43A1	QTD001003	QTS000054	INTERVAL_RNA_WGS	blood	naive	ge	bulk	0.013334364376937696	3.64841e-15	0.137353	7.687003494863046	ENSG00000149150_L2	9	0.29424570189645716	rs2584856	SNP	moderate_0.2_0.5	mixed_trait_axis	core_exact_n10
11:65429413	rs580933	11:65000000	SLC25A45	QTD001003	QTS000054	INTERVAL_RNA_WGS	blood	naive	ge	bulk	0.015900528671695974	3.60396e-19	-0.14255	-9.092469137942983	ENSG00000162241_L1	4	0.5066853555517323	rs580933	SNP	moderate_0.2_0.5	systemic_non_neural	core_exact_n10
12:6813536	rs10774450	12:6500000	CD4	QTD001003	QTS000054	INTERVAL_RNA_WGS	blood	naive	ge	bulk	0.0991935829290779	2.29516e-05	-0.0400785	-4.43034600177329	ENSG00000010610_L4	4	0.5918537818038874	rs10774450	SNP	hidden_lt0.2	systemic_other	core_exact_n10
12:6999256	rs16933023	12:6500000	LPCAT3	QTD001003	QTS000054	INTERVAL_RNA_WGS	blood	naive	ge	bulk	0.0035298782607471038	7.23912e-17	-0.206935	-8.256421419453401	ENSG00000111684_L1	28	0.4873155359521019	rs16933023	SNP	moderate_0.2_0.5	systemic_other	core_exact_n10
12:93484015	rs10745654	12:93000000	MRPL42	QTD001003	QTS000054	INTERVAL_RNA_WGS	blood	naive	ge	bulk	0.042339246512057664	1.24744e-85	0.349202	20.093355430746676	ENSG00000198015_L5	38	0.3070618137583971	rs10745654	SNP	hidden_lt0.2	systemic_other	core_exact_n10
13:44387022	rs9533839	13:44000000	TSC22D1	QTD001003	QTS000054	INTERVAL_RNA_WGS	blood	naive	ge	bulk	0.07849921582940014	9.1484e-07	-0.0468689	-4.700917618619474	ENSG00000102804_L1	37	0.3060476383336017	rs9533839	SNP	moderate_0.2_0.5	neuro_systemic	lower_recurrence_exact
16:23499005	rs2040574	16:23000000	EARS2	QTD001003	QTS000054	INTERVAL_RNA_WGS	blood	naive	ge	bulk	0.8473760273818969	4.77953e-41	0.330058	14.334750708000044	ENSG00000103356_L1	4	0.8365561113477239	rs2040574	SNP	moderate_0.2_0.5	systemic_non_neural	core_exact_n10
16:47129963	rs7200954	16:47000000	ITFG1	QTD001003	QTS000054	INTERVAL_RNA_WGS	blood	naive	ge	bulk	0.025917447666580926	3.58258e-18	-0.0916309	-8.380178313843276	ENSG00000129636_L1	6	0.8495206208986917	rs7200954	SNP	moderate_0.2_0.5	neuro_systemic	lower_recurrence_exact
17:4395961	rs9909751	17:4000000	UBE2G1	QTD001003	QTS000054	INTERVAL_RNA_WGS	blood	naive	ge	bulk	0.02857546158480366	2.06878e-07	-0.0846011	-4.999030840222949	ENSG00000132388_L1	6	0.6557991759285721	rs9909751	SNP	moderate_0.2_0.5	systemic_other	lower_recurrence_exact
17:36492592	rs1542611	17:36000000	MYO19	QTD001003	QTS000054	INTERVAL_RNA_WGS	blood	naive	ge	bulk	0.07272321279570064	6.83224e-05	-0.0835411	-4.087640574636995	ENSG00000278259_L2	10	0.47791519287471734	rs1542611	SNP	moderate_0.2_0.5	systemic_other	core_exact_n10
17:78806566	rs4796817	17:78500000	USP36	QTD001003	QTS000054	INTERVAL_RNA_WGS	blood	naive	ge	bulk	1.0	3.534e-161	-0.457491	-27.799763316914476	ENSG00000055483_L2	1	1.0	rs4796817	SNP	moderate_0.2_0.5	systemic_other	lower_recurrence_exact
17:78876003	rs1531795	17:78500000	TIMP2	QTD001003	QTS000054	INTERVAL_RNA_WGS	blood	naive	ge	bulk	0.011615055435329882	3.2813e-11	0.130505	6.394339159943149	ENSG00000035862_L4	10	0.722500876242047	rs1531795	SNP	moderate_0.2_0.5	systemic_other	lower_recurrence_exact
19:1274540	rs8108009	19:1000000	CIRBP	QTD001003	QTS000054	INTERVAL_RNA_WGS	blood	naive	ge	bulk	0.44035965316758374	9.37752e-20	0.0561833	9.441247005707389	ENSG00000099622_L1	4	0.742161128697092	rs8108009	SNP	moderate_0.2_0.5	systemic_non_neural	core_exact_n10
19:4852513	rs11881908	19:4500000	PLIN3	QTD001003	QTS000054	INTERVAL_RNA_WGS	blood	naive	ge	bulk	0.030224236085781602	5.33669e-34	-0.189585	-11.99696124875395	ENSG00000105355_L2	8	0.6336630344494263	rs11881908	SNP	moderate_0.2_0.5	systemic_non_neural	core_exact_n10
19:7000999	rs11669654	19:7000000	ADGRE1	QTD001003	QTS000054	INTERVAL_RNA_WGS	blood	naive	ge	bulk	0.7456336710891882	2.14142e-06	-0.0800176	-4.884368638380286	ENSG00000174837_L7	3	0.8105865930784597	rs11669654	SNP	hidden_lt0.2	neural_enriched	core_exact_n10
19:47213090	rs884171	19:47000000	BBC3	QTD001003	QTS000054	INTERVAL_RNA_WGS	blood	naive	ge	bulk	0.928839674575919	2.03392e-37	-0.173118	-13.06644653271906	ENSG00000105327_L1	2	0.751313615542218	rs884171	SNP	moderate_0.2_0.5	systemic_non_neural	lower_recurrence_exact
2:202966073	rs10755020	2:202500000	NBEAL1	QTD001003	QTS000054	INTERVAL_RNA_WGS	blood	naive	ge	bulk	0.03762085874836558	1.13385e-10	0.279977	6.455446477153316	ENSG00000144426_L1	20	0.6134020261225841	rs10755020	SNP	moderate_0.2_0.5	systemic_non_neural	lower_recurrence_exact
2:202966073	rs10755020	2:202500000	CARF	QTD001003	QTS000054	INTERVAL_RNA_WGS	blood	naive	ge	bulk	0.13464786289236627	1.21661e-17	-0.279135	-8.871906587923435	ENSG00000138380_L1	11	0.7379192897488343	rs10755020	SNP	moderate_0.2_0.5	systemic_non_neural	lower_recurrence_exact
2:202969678	rs2052944	2:202500000	NBEAL1	QTD001003	QTS000054	INTERVAL_RNA_WGS	blood	naive	ge	bulk	0.06829503639363141	1.5265e-09	0.26161	6.5277369809185295	ENSG00000144426_L1	20	0.6134020261225841	rs2052944	SNP	moderate_0.2_0.5	systemic_non_neural	lower_recurrence_exact
20:504677	rs6037819	20:500000	CSNK2A1	QTD001003	QTS000054	INTERVAL_RNA_WGS	blood	naive	ge	bulk	0.06104946472248831	4.27808e-06	-0.107724	-4.525883323538133	ENSG00000101266_L2	18	0.5078614378875418	rs6037819	SNP	moderate_0.2_0.5	neuro_systemic	core_exact_n10
20:17505647	rs4052812	20:17500000	BFSP1	QTD001003	QTS000054	INTERVAL_RNA_WGS	blood	naive	ge	bulk	0.9999999977210338	8.12123e-43	0.239023	13.600047483824492	ENSG00000125864_L3	1	1.0	rs4052812	SNP	hidden_lt0.2	systemic_non_neural	core_exact_n10
22:41620695	rs2267437	22:41500000	SNU13	QTD001003	QTS000054	INTERVAL_RNA_WGS	blood	naive	ge	bulk	0.29066533365652014	7.03391e-36	0.101595	12.01487813654667	ENSG00000100138_L1	5	0.7789997327850288	rs2267437	SNP	moderate_0.2_0.5	neural_enriched	lower_recurrence_exact
3:13496095	rs1812622	3:13000000	HDAC11	QTD001003	QTS000054	INTERVAL_RNA_WGS	blood	naive	ge	bulk	0.0662733624478714	2.14491e-08	-0.125734	-6.104421068795952	ENSG00000163517_L3	4	0.4974748145012129	rs1812622	SNP	moderate_0.2_0.5	systemic_non_neural	lower_recurrence_exact
3:53309906	rs2358619	3:53000000	DCP1A	QTD001003	QTS000054	INTERVAL_RNA_WGS	blood	naive	ge	bulk	0.028750425338698947	2.8196e-12	-0.100796	-7.236049136444673	ENSG00000272886_L4	24	0.5923791798021257	rs2358619	SNP	moderate_0.2_0.5	systemic_non_neural	lower_recurrence_exact
3:146109277	rs7642940	3:146000000	PLOD2	QTD001003	QTS000054	INTERVAL_RNA_WGS	blood	naive	ge	bulk	0.010142935100471909	0.0112896	-0.0407505	-2.6466795912345837	ENSG00000152952_L3	28	0.6320669443851327	rs7642940	SNP	moderate_0.2_0.5	neural_enriched	lower_recurrence_exact
3:197802712	rs7616886	3:197500000	FYTTD1	QTD001003	QTS000054	INTERVAL_RNA_WGS	blood	naive	ge	bulk	0.0842094370200998	1.12678e-22	-0.141535	-10.354878230978446	ENSG00000122068_L1	6	0.7726043546248949	rs7616886	SNP	moderate_0.2_0.5	systemic_non_neural	lower_recurrence_exact
5:176496353	rs2963669	5:176000000	FAF2	QTD001003	QTS000054	INTERVAL_RNA_WGS	blood	naive	ge	bulk	0.0180367684707278	7.91929e-10	-0.111555	-5.99802837420434	ENSG00000113194_L1	25	0.29039432578152863	rs2963669	SNP	moderate_0.2_0.5	systemic_other	lower_recurrence_exact
6:37868275	rs2180514	6:37500000	ZFAND3	QTD001003	QTS000054	INTERVAL_RNA_WGS	blood	naive	ge	bulk	0.011554209865583979	0.000658348	-0.0410199	-3.5937480502502983	ENSG00000156639_L2	10	0.6670492631789442	rs2180514	SNP	hidden_lt0.2	systemic_non_neural	core_exact_n10
7:44988209	rs1859489	7:44500000	CCM2	QTD001003	QTS000054	INTERVAL_RNA_WGS	blood	naive	ge	bulk	0.022987452223729717	0.225236	0.0169275	1.032969358892826	ENSG00000136280_L2	29	0.6268417237297285	rs1859489	SNP	moderate_0.2_0.5	systemic_non_neural	lower_recurrence_exact
7:44999010	rs6463259	7:44500000	CCM2	QTD001003	QTS000054	INTERVAL_RNA_WGS	blood	naive	ge	bulk	0.028976868107569588	0.199808	0.0178474	0.9311768001872881	ENSG00000136280_L2	29	0.6268417237297285	rs6463259	SNP	moderate_0.2_0.5	systemic_non_neural	lower_recurrence_exact
8:37860950	rs1054748	8:37500000	RAB11FIP1	QTD001003	QTS000054	INTERVAL_RNA_WGS	blood	naive	ge	bulk	0.5772423619852388	1.22647e-48	0.120902	14.797106596022392	ENSG00000156675_L1	3	0.8576986985107525	rs1054748	SNP	moderate_0.2_0.5	systemic_non_neural	core_exact_n10
8:47511193	rs114653490	8:47500000	SPIDR	QTD001003	QTS000054	INTERVAL_RNA_WGS	blood	naive	ge	bulk	0.378508753882288	3.4603e-14	0.178408	7.741889871275111	ENSG00000164808_L1	7	0.630805450820485	rs114653490	SNP	moderate_0.2_0.5	neuro_systemic	lower_recurrence_exact
8:54023722	rs9298497	8:54000000	MRPL15	QTD001003	QTS000054	INTERVAL_RNA_WGS	blood	naive	ge	bulk	0.002201468813942113	1.70803e-06	0.12359	4.654884750925771	ENSG00000137547_L3	65	0.5500925659533138	rs9298497	SNP	moderate_0.2_0.5	neural_enriched	lower_recurrence_exact
9:71985601	rs10869073	9:71500000	C9ORF85	QTD001003	QTS000054	INTERVAL_RNA_WGS	blood	naive	ge	bulk	0.9869974161814943	1.75286e-08	-0.115006	-5.636889595111557	ENSG00000155621_L2	1	1.0	rs10869073	SNP	moderate_0.2_0.5	systemic_other	lower_recurrence_exact
9:77751343	rs10869964	9:77500000	GNAQ	QTD001003	QTS000054	INTERVAL_RNA_WGS	blood	naive	ge	bulk	0.024121334673723224	0.0035318	0.0316404	3.686376055865573	ENSG00000156052_L2	67	0.39133140212934836	rs10869964	SNP	moderate_0.2_0.5	systemic_non_neural	lower_recurrence_exact
9:133418269	rs3118665	9:133000000	ADAMTS13	QTD001003	QTS000054	INTERVAL_RNA_WGS	blood	naive	ge	bulk	0.10348805308919079	3.08447e-39	0.388399	12.43928996058139	ENSG00000160323_L2	2	0.8261834375956022	rs3118665	SNP	moderate_0.2_0.5	systemic_non_neural	lower_recurrence_exact
1:3499885	rs7553399	1:3000000	MEGF6	QTD001004	QTS000054	INTERVAL_RNA_WGS	blood	naive	leafcutter	bulk	0.7854836607342436	1.11302e-11	0.204675	6.1911218436252105	1:3501385:3501796:clu_61775_+_L1	2	0.733927781669267	rs7553399	SNP	moderate_0.2_0.5	systemic_other	core_exact_n10
11:67315781	rs7934433	11:67000000	SSH3	QTD001004	QTS000054	INTERVAL_RNA_WGS	blood	naive	leafcutter	bulk	0.014360314215534223	6.57212e-07	-0.374603	-5.078729905019682	11:67303691:67304118:clu_46691_-_L1	40	0.38775564470037416	rs7934433	SNP	moderate_0.2_0.5	systemic_non_neural	lower_recurrence_exact
14:22936899	rs11623624	14:22500000	HAUS4	QTD001004	QTS000054	INTERVAL_RNA_WGS	blood	naive	leafcutter	bulk	0.07079191938113134	9.38519e-09	0.234587	5.7371038228590026	14:22950410:22952328:clu_27079_+_L1	9	0.334540301048838	rs11623624	SNP	moderate_0.2_0.5	neuro_systemic	lower_recurrence_exact
14:23006817	rs3751498	14:23000000	HAUS4	QTD001004	QTS000054	INTERVAL_RNA_WGS	blood	naive	leafcutter	bulk	0.03515260211651763	1.83877e-17	0.223697	8.427305768272321	14:22955176:22956746:clu_27111_+_L1	3	0.5050674049510856	rs3751498	SNP	moderate_0.2_0.5	neural_enriched	lower_recurrence_exact
15:75390172	rs7166737	15:75000000	MAN2C1	QTD001004	QTS000054	INTERVAL_RNA_WGS	blood	naive	leafcutter	bulk	0.004484105303759352	1.7801e-14	0.214761	7.565639152279115	15:75359438:75359620:clu_41709_+_L1	28	0.5073973735054046	rs7166737	SNP	moderate_0.2_0.5	systemic_non_neural	lower_recurrence_exact
15:75390172	rs7166737	15:75000000	MAN2C1	QTD001004	QTS000054	INTERVAL_RNA_WGS	blood	naive	leafcutter	bulk	0.021296488553153525	4.09204e-07	-0.144933	-5.2182614587774605	15:75358344:75358507:clu_5861_-_L1	29	0.6196823149147255	rs7166737	SNP	moderate_0.2_0.5	systemic_non_neural	lower_recurrence_exact
16:29911667	rs8047140	16:29500000	KCTD13	QTD001004	QTS000054	INTERVAL_RNA_WGS	blood	naive	leafcutter	bulk	0.9999999326670858	4.1643e-15	0.281858	7.812970061440081	16:29911173:29911815:clu_29392_+_L1	1	1.0	rs8047140	SNP	moderate_0.2_0.5	neuro_systemic	lower_recurrence_exact
2:177224061	rs2706113	2:177000000	NFE2L2	QTD001004	QTS000054	INTERVAL_RNA_WGS	blood	naive	leafcutter	bulk	0.9970229166123117	4.16621e-100	0.972976	21.844242767732162	2:177232008:177232392:clu_37202_+_L1	1	1.0	rs2706113	SNP	moderate_0.2_0.5	neural_enriched	core_exact_n10
22:26499371	rs1008530	22:26000000	SRRD	QTD001004	QTS000054	INTERVAL_RNA_WGS	blood	naive	leafcutter	bulk	0.027599666679247372	8.15894e-06	-0.172095	-5.002326080569482	22:26486063:26488029:clu_9349_-_L1	35	0.3492024729314612	rs1008530	SNP	moderate_0.2_0.5	systemic_non_neural	lower_recurrence_exact
4:128914539	rs318542	4:128500000	SCLT1	QTD001004	QTS000054	INTERVAL_RNA_WGS	blood	naive	leafcutter	bulk	0.012294044199537101	8.56963e-54	-0.428058	-15.551048784531277	4:128936851:128939784:clu_34937_+_L2	30	0.763530119728732	rs318542	SNP	moderate_0.2_0.5	neural_enriched	lower_recurrence_exact
6:78911497	rs9361468	6:78500000	IRAK1BP1	QTD001004	QTS000054	INTERVAL_RNA_WGS	blood	naive	leafcutter	bulk	0.024410974949726397	4.10959e-08	0.229427	5.737124160371668	6:78885443:78935461:clu_8205_-_L1	50	0.5516498969029295	rs9361468	SNP	moderate_0.2_0.5	systemic_other	lower_recurrence_exact
8:98193384	rs3735887	8:98000000	NIPAL2	QTD001004	QTS000054	INTERVAL_RNA_WGS	blood	naive	leafcutter	bulk	0.06966235779843359	4.32515e-12	0.176098	7.025133664032641	8:98231855:98236155:clu_15121_+_L1	9	0.623032335188959	rs3735887	SNP	moderate_0.2_0.5	systemic_other	lower_recurrence_exact
8:98193384	rs3735887	8:98000000	NIPAL2	QTD001004	QTS000054	INTERVAL_RNA_WGS	blood	naive	leafcutter	bulk	0.16262162474191827	1.53731e-22	-0.253363	-9.511361171906847	8:98193090:98193385:clu_15119_+_L1	3	0.8210592906537322	rs3735887	SNP	moderate_0.2_0.5	systemic_other	lower_recurrence_exact
9:127955698	rs7028190	9:127500000	DPM2	QTD001004	QTS000054	INTERVAL_RNA_WGS	blood	naive	leafcutter	bulk	0.22006925289076174	2.11825e-242	1.06503	35.891557961073794	9:127935780:127936553:clu_75157_+_L1	2	0.938069378205556	rs7028190	SNP	moderate_0.2_0.5	systemic_non_neural	lower_recurrence_exact
9:127955698	rs7028190	9:127500000	DPM2	QTD001004	QTS000054	INTERVAL_RNA_WGS	blood	naive	leafcutter	bulk	0.12957745431209963	2.55627e-13	-0.295797	-7.124772150874205	9:127935314:127936553:clu_31686_-_L1	20	0.51586809053896	rs7028190	SNP	moderate_0.2_0.5	systemic_non_neural	lower_recurrence_exact
9:127979614	rs1571141	9:127500000	DPM2	QTD001004	QTS000054	INTERVAL_RNA_WGS	blood	naive	leafcutter	bulk	0.006340579069747148	3.09603e-11	-0.275235	-6.671444248023985	9:127935314:127936553:clu_31686_-_L1	20	0.51586809053896	rs1571141	SNP	moderate_0.2_0.5	systemic_other	lower_recurrence_exact
9:128084930	rs10739708	9:128000000	SLC25A25	QTD001004	QTS000054	INTERVAL_RNA_WGS	blood	naive	leafcutter	bulk	0.04818678797657393	1.91318e-10	0.230679	6.5779052708447034	9:128068580:128084288:clu_31689_-_L1	49	0.40869449656239404	rs10739708	SNP	moderate_0.2_0.5	neural_enriched	core_exact_n10
9:131442607	rs2966343	9:131000000	PRRC2B	QTD001004	QTS000054	INTERVAL_RNA_WGS	blood	naive	leafcutter	bulk	0.006555854714250353	1.51534e-08	-0.308062	-5.857438117573221	9:131486541:131487167:clu_31876_-_L1	58	0.5047175696297327	rs2966343	SNP	moderate_0.2_0.5	systemic_other	lower_recurrence_exact
1:16396773	rs7529767	1:16000000	SZRD1	QTD001005	QTS000054	INTERVAL_RNA_WGS	blood	naive	majiq	bulk	0.006322445371525754	3.1753e-11	0.198918	6.724889261667766	ENSG00000055070:s:16367088-16367308:16367308-16387502_L1	30	0.6486976075036877	rs7529767	SNP	moderate_0.2_0.5	systemic_other	core_exact_n10
1:31818647	rs6675370	1:31500000	SPOCD1	QTD001005	QTS000054	INTERVAL_RNA_WGS	blood	naive	majiq	bulk	0.045069182344679805	3.53138e-10	0.170287	5.727400399464006	ENSG00000134668:s:31798207-31798323:31796715-31798207_L1	13	0.2582166440234056	rs6675370	SNP	moderate_0.2_0.5	systemic_other	lower_recurrence_exact
1:87089675	rs1419132	1:87000000	SELENOF	QTD001005	QTS000054	INTERVAL_RNA_WGS	blood	naive	majiq	bulk	0.016817671457235207	9.45143e-11	-0.201459	-6.930977998957439	ENSG00000183291:s:86903281-86903448:86887196-86903281_L1	68	0.3334454080965086	rs1419132	SNP	moderate_0.2_0.5	neural_enriched	core_exact_n10
1:109668158	rs530021	1:109500000	GSTM5	QTD001005	QTS000054	INTERVAL_RNA_WGS	blood	naive	majiq	bulk	0.993446581645662	1.84948e-09	0.135668	6.582627627047877	ENSG00000134201:s:109713484-109713565:109713565-109713661_L1	1	1.0	rs530021	SNP	moderate_0.2_0.5	neural_enriched	core_exact_n10
1:145992816	rs7212	1:145500000	RBM8A	QTD001005	QTS000054	INTERVAL_RNA_WGS	blood	naive	majiq	bulk	0.01334079167767506	1.8429e-11	0.212009	6.645694641578389	ENSG00000265241:t:145922124-145923076:145923076-145925504_L1	21	0.3301785864488969	rs7212	SNP	moderate_0.2_0.5	neuro_systemic	lower_recurrence_exact
1:145992816	rs7212	1:145500000	RBM8A	QTD001005	QTS000054	INTERVAL_RNA_WGS	blood	naive	majiq	bulk	0.01849597739741431	3.16727e-11	0.235324	6.579843304430176	ENSG00000265241:s:145923267-145923965:145921963-145923267_L1	20	0.5881576487839018	rs7212	SNP	moderate_0.2_0.5	neuro_systemic	lower_recurrence_exact
10:101839568	rs874885	10:101500000	NPM3	QTD001005	QTS000054	INTERVAL_RNA_WGS	blood	naive	majiq	bulk	0.0369406323553434	5.27776e-09	-0.124758	-5.603880858884132	ENSG00000107833:s:101782478-101782648:101781854-101782478_L1	23	0.4741709955226402	rs874885	SNP	moderate_0.2_0.5	systemic_non_neural	lower_recurrence_exact
11:64757992	rs490980	11:64500000	RASGRP2	QTD001005	QTS000054	INTERVAL_RNA_WGS	blood	naive	majiq	bulk	0.19497529023879948	1.68039e-07	-0.195254	-5.594518501789116	ENSG00000068831:s:64728863-64729042:64727360-64728863_L1	33	0.3108234488482729	rs490980	SNP	moderate_0.2_0.5	neural_enriched	lower_recurrence_exact
11:64772163	rs680273	11:64500000	RASGRP2	QTD001005	QTS000054	INTERVAL_RNA_WGS	blood	naive	majiq	bulk	0.028924533969454533	1.39839e-07	-0.198309	-5.2206156955324525	ENSG00000068831:s:64728863-64729042:64727360-64728863_L1	33	0.3108234488482729	rs680273	SNP	moderate_0.2_0.5	neural_enriched	core_exact_n10
11:64855397	rs10897533	11:64500000	EHD1	QTD001005	QTS000054	INTERVAL_RNA_WGS	blood	naive	majiq	bulk	0.9901381198480816	4.64554e-25	0.35759	11.190936656260211	ENSG00000110047:s:64855322-64856663:64855096-64855321_L1	1	1.0	rs10897533	SNP	moderate_0.2_0.5	systemic_other	lower_recurrence_exact
11:64855397	rs10897533	11:64500000	EHD1	QTD001005	QTS000054	INTERVAL_RNA_WGS	blood	naive	majiq	bulk	0.018753552824929465	7.07598e-09	-0.183528	-5.7456020165475055	ENSG00000110047:t:64851642-64854857:64854857-64855322_L1	10	0.7067714133261385	rs10897533	SNP	moderate_0.2_0.5	systemic_other	lower_recurrence_exact
11:67315781	rs7934433	11:67000000	SSH3	QTD001005	QTS000054	INTERVAL_RNA_WGS	blood	naive	majiq	bulk	0.011457517068187156	6.68188e-08	-0.173991	-5.34592717614514	ENSG00000172830:t:67310304-67310339:67307906-67310304_L2	30	0.38946544515224907	rs7934433	SNP	moderate_0.2_0.5	systemic_non_neural	lower_recurrence_exact
11:75278232	rs1676890	11:75000000	ARRB1	QTD001005	QTS000054	INTERVAL_RNA_WGS	blood	naive	majiq	bulk	0.022915409130340018	5.28416e-12	0.168091	6.742960444946362	ENSG00000137486:t:75290009-75290039:75290039-75306553_L2	4	0.5419008760361762	rs1676890	SNP	moderate_0.2_0.5	systemic_other	lower_recurrence_exact
12:6900438	rs2187611	12:6500000	LRRC23	QTD001005	QTS000054	INTERVAL_RNA_WGS	blood	naive	majiq	bulk	0.02011478412402708	7.93374e-16	-0.153384	-8.328236658355854	ENSG00000010626:t:6905585-6905759:6883919-6905585_L1	11	0.6999871522785164	rs2187611	SNP	moderate_0.2_0.5	systemic_other	lower_recurrence_exact
12:6900438	rs2187611	12:6500000	LRRC23	QTD001005	QTS000054	INTERVAL_RNA_WGS	blood	naive	majiq	bulk	0.0161965683380176	1.20974e-15	-0.15144	-8.255872048204122	ENSG00000010626:s:6904733-6904903:6904904-6905010_L1	12	0.6687648970554766	rs2187611	SNP	moderate_0.2_0.5	systemic_other	lower_recurrence_exact
12:6900438	rs2187611	12:6500000	LRRC23	QTD001005	QTS000054	INTERVAL_RNA_WGS	blood	naive	majiq	bulk	0.021699336271069614	2.25857e-38	-0.331212	-12.70794651947823	ENSG00000010626:s:6905585-6905759:6905759-6906409_L1	10	0.8305757997140782	rs2187611	SNP	moderate_0.2_0.5	systemic_other	lower_recurrence_exact
12:6900438	rs2187611	12:6500000	LRRC23	QTD001005	QTS000054	INTERVAL_RNA_WGS	blood	naive	majiq	bulk	0.0048513870350952734	7.90176e-09	-0.113838	-6.024610803616148	ENSG00000010626:s:6909890-6910026:6910026-6912730_L1	50	0.3097401499375984	rs2187611	SNP	moderate_0.2_0.5	systemic_other	lower_recurrence_exact
12:54353322	rs11170880	12:54000000	COPZ1	QTD001005	QTS000054	INTERVAL_RNA_WGS	blood	naive	majiq	bulk	0.11720096077769357	4.35486e-17	-0.340242	-8.427860922193918	ENSG00000111481:s:54325083-54325181:54325181-54340463_L1	15	0.5025994323987094	rs11170880	SNP	moderate_0.2_0.5	systemic_other	lower_recurrence_exact
12:54353322	rs11170880	12:54000000	COPZ1	QTD001005	QTS000054	INTERVAL_RNA_WGS	blood	naive	majiq	bulk	0.024874425250258805	3.95501e-09	-0.234207	-5.642102748034784	ENSG00000111481:t:54347767-54347972:54346674-54347767_L1	18	0.5102848432316678	rs11170880	SNP	moderate_0.2_0.5	systemic_other	lower_recurrence_exact
12:54353322	rs11170880	12:54000000	COPZ1	QTD001005	QTS000054	INTERVAL_RNA_WGS	blood	naive	majiq	bulk	0.020700442370422997	1.13729e-10	-0.259593	-6.3861367565578	ENSG00000111481:s:54345460-54345515:54345515-54346612_L1	11	0.6956486430237938	rs11170880	SNP	moderate_0.2_0.5	systemic_other	lower_recurrence_exact
12:54353322	rs11170880	12:54000000	COPZ1	QTD001005	QTS000054	INTERVAL_RNA_WGS	blood	naive	majiq	bulk	0.07057464296675649	1.06928e-16	-0.337889	-8.269977464253747	ENSG00000111481:t:54340372-54340615:54325181-54340463_L1	15	0.5025994323987094	rs11170880	SNP	moderate_0.2_0.5	systemic_other	lower_recurrence_exact
12:110614660	rs684596	12:110500000	ARPC3	QTD001005	QTS000054	INTERVAL_RNA_WGS	blood	naive	majiq	bulk	0.04029887863512908	5.68264e-09	0.117367	5.561939768565451	ENSG00000111229:s:110445452-110445587:110440388-110445452_L1	5	0.8069387429951723	rs684596	SNP	hidden_lt0.2	neuro_systemic	core_exact_n10
12:120496143	rs12857	12:120000000	POP5	QTD001005	QTS000054	INTERVAL_RNA_WGS	blood	naive	majiq	bulk	0.008204750959478545	7.38391e-10	-0.181778	-6.012529775997329	ENSG00000167272:s:120579514-120579625:120579412-120579514_L1	29	0.5942903882797954	rs12857	SNP	moderate_0.2_0.5	neuro_systemic	lower_recurrence_exact
12:122244789	rs7953290	12:122000000	DIABLO	QTD001005	QTS000054	INTERVAL_RNA_WGS	blood	naive	majiq	bulk	0.04875868636296366	1.39976e-29	0.609709	11.477503553184844	ENSG00000184047:t:122207663-122208577:122208577-122216488_L1	6	0.8254472249964786	rs7953290	SNP	moderate_0.2_0.5	neural_enriched	core_exact_n10
14:23006817	rs3751498	14:23000000	RBM23	QTD001005	QTS000054	INTERVAL_RNA_WGS	blood	naive	majiq	bulk	0.027041278606610344	6.1921e-10	0.0958118	6.474785869725439	ENSG00000100461:t:22902187-22902432:22902382-22904261_L1	18	0.39530553473776403	rs3751498	SNP	moderate_0.2_0.5	neural_enriched	lower_recurrence_exact
15:44983500	rs12916850	15:44500000	SORD	QTD001005	QTS000054	INTERVAL_RNA_WGS	blood	naive	majiq	bulk	0.01967120136844801	5.08261e-14	0.288348	7.650080108114087	ENSG00000140263:t:45072317-45072510:45070654-45072317_L1	15	0.8200099681148438	rs12916850	SNP	moderate_0.2_0.5	systemic_other	core_exact_n10
15:44983500	rs12916850	15:44500000	SORD	QTD001005	QTS000054	INTERVAL_RNA_WGS	blood	naive	majiq	bulk	0.020916494824505794	3.36362e-09	0.24415	5.919547664078341	ENSG00000140263:s:45068877-45069052:45069052-45069859_L1	17	0.5762718485259587	rs12916850	SNP	moderate_0.2_0.5	systemic_other	core_exact_n10
15:75390172	rs7166737	15:75000000	MAN2C1	QTD001005	QTS000054	INTERVAL_RNA_WGS	blood	naive	majiq	bulk	0.00570319359330341	2.63732e-11	-0.166542	-6.904576867005749	ENSG00000140400:s:75359903-75360061:75359776-75359902_L1	12	0.5390801930634324	rs7166737	SNP	moderate_0.2_0.5	systemic_non_neural	lower_recurrence_exact
15:75390172	rs7166737	15:75000000	MAN2C1	QTD001005	QTS000054	INTERVAL_RNA_WGS	blood	naive	majiq	bulk	0.027252961558268327	3.44095e-48	0.328379	14.969060739306968	ENSG00000140400:s:75360955-75361062:75360688-75361046_L1	4	0.8641302279217389	rs7166737	SNP	moderate_0.2_0.5	systemic_non_neural	lower_recurrence_exact
15:75390172	rs7166737	15:75000000	MAN2C1	QTD001005	QTS000054	INTERVAL_RNA_WGS	blood	naive	majiq	bulk	0.023713744169582645	2.68412e-21	-0.245945	-9.584148814715219	ENSG00000140400:s:75360565-75360688:75360524-75360564_L1	22	0.6796857765668244	rs7166737	SNP	moderate_0.2_0.5	systemic_non_neural	lower_recurrence_exact
15:75390172	rs7166737	15:75000000	MAN2C1	QTD001005	QTS000054	INTERVAL_RNA_WGS	blood	naive	majiq	bulk	0.19127192162364162	3.46176e-33	-0.264246	-12.734224455113958	ENSG00000140400:s:75368483-75368612:75367634-75368483_L1	12	0.697714287836684	rs7166737	SNP	moderate_0.2_0.5	systemic_non_neural	lower_recurrence_exact
15:75390172	rs7166737	15:75000000	MAN2C1	QTD001005	QTS000054	INTERVAL_RNA_WGS	blood	naive	majiq	bulk	0.024201013644377132	4.83904e-73	-0.276624	-18.424857421912684	ENSG00000140400:t:75361855-75362025:75361947-75362065_L1	10	0.8298807598926016	rs7166737	SNP	moderate_0.2_0.5	systemic_non_neural	lower_recurrence_exact
15:75390172	rs7166737	15:75000000	MAN2C1	QTD001005	QTS000054	INTERVAL_RNA_WGS	blood	naive	majiq	bulk	0.002880103332118992	1.34063e-13	-0.209821	-7.365270762670386	ENSG00000140400:t:75362343-75362637:75362638-75362641_L1	25	0.6839823283186339	rs7166737	SNP	moderate_0.2_0.5	systemic_non_neural	lower_recurrence_exact
15:75390172	rs7166737	15:75000000	MAN2C1	QTD001005	QTS000054	INTERVAL_RNA_WGS	blood	naive	majiq	bulk	0.0046902140070615135	2.39805e-13	-0.201332	-7.228838146798026	ENSG00000140400:s:75360090-75360523:75360062-75360089_L1	40	0.6032887553218543	rs7166737	SNP	moderate_0.2_0.5	systemic_non_neural	lower_recurrence_exact
16:22071566	rs1862648	16:22000000	UQCRC2	QTD001005	QTS000054	INTERVAL_RNA_WGS	blood	naive	majiq	bulk	0.04537025128249135	1.95776e-15	-0.0742083	-7.936802003311678	ENSG00000140740:s:21976167-21976947:21976243-21980547_L1	2	0.8434482865007346	rs1862648	SNP	moderate_0.2_0.5	systemic_other	core_exact_n10
16:22071566	rs1862648	16:22000000	UQCRC2	QTD001005	QTS000054	INTERVAL_RNA_WGS	blood	naive	majiq	bulk	0.007320233473512124	4.5048e-12	0.116213	6.668952255569379	ENSG00000140740:s:21971923-21972122:21972122-21980547_L1	14	0.2945891845312719	rs1862648	SNP	moderate_0.2_0.5	systemic_other	core_exact_n10
16:22071566	rs1862648	16:22000000	UQCRC2	QTD001005	QTS000054	INTERVAL_RNA_WGS	blood	naive	majiq	bulk	0.05004985711765403	1.63555e-14	-0.0702138	-7.684303178895865	ENSG00000140740:t:21980262-21980700:21976243-21980547_L1	2	0.8434482865007346	rs1862648	SNP	moderate_0.2_0.5	systemic_other	core_exact_n10
16:22073022	rs9788908	16:22000000	UQCRC2	QTD001005	QTS000054	INTERVAL_RNA_WGS	blood	naive	majiq	bulk	0.2952040645642924	8.44778e-13	0.120204	7.261007419777338	ENSG00000140740:s:21971923-21972122:21972122-21980547_L1	14	0.2945891845312719	rs9788908	SNP	hidden_lt0.2	systemic_other	core_exact_n10
16:23492927	rs7203580	16:23000000	GGA2	QTD001005	QTS000054	INTERVAL_RNA_WGS	blood	naive	majiq	bulk	0.19470666432669853	3.1399e-08	-0.159684	-6.552402688276493	ENSG00000103365:s:23495343-23495778:23494378-23495714_L1	55	0.4163322177707178	rs7203580	SNP	moderate_0.2_0.5	systemic_non_neural	core_exact_n10
16:29911667	rs8047140	16:29500000	KCTD13	QTD001005	QTS000054	INTERVAL_RNA_WGS	blood	naive	majiq	bulk	0.9693493415538884	4.63157e-08	-0.179127	-5.409070437292213	ENSG00000174943:t:29910978-29911173:29911174-29911432_L1	1	1.0	rs8047140	SNP	moderate_0.2_0.5	neuro_systemic	lower_recurrence_exact
16:29911667	rs8047140	16:29500000	KCTD13	QTD001005	QTS000054	INTERVAL_RNA_WGS	blood	naive	majiq	bulk	0.9999694454812941	2.80434e-13	-0.284426	-7.217589956571781	ENSG00000174943:s:29911661-29911867:29911557-29911815_L1	1	1.0	rs8047140	SNP	moderate_0.2_0.5	neuro_systemic	lower_recurrence_exact
16:89483154	rs8043788	16:89000000	SPG7	QTD001005	QTS000054	INTERVAL_RNA_WGS	blood	naive	majiq	bulk	0.052233168155195	1.04686e-27	-0.228934	-11.351655962674553	ENSG00000197912:t:89530248-89530808:89529580-89530247_L1	5	0.7683384253019041	rs8043788	SNP	moderate_0.2_0.5	systemic_other	lower_recurrence_exact
16:89483154	rs8043788	16:89000000	SPG7	QTD001005	QTS000054	INTERVAL_RNA_WGS	blood	naive	majiq	bulk	0.002307002076389481	1.0345e-08	0.115648	5.3888144501668025	ENSG00000197912:t:89548427-89549432:89548368-89548426_L1	49	0.4165706209308703	rs8043788	SNP	moderate_0.2_0.5	systemic_other	lower_recurrence_exact
16:89483154	rs8043788	16:89000000	SPG7	QTD001005	QTS000054	INTERVAL_RNA_WGS	blood	naive	majiq	bulk	0.008109722729205448	6.42337e-09	0.104492	5.579575632418972	ENSG00000197912:t:89532463-89532522:89532066-89532463_L1	35	0.4802951616585943	rs8043788	SNP	moderate_0.2_0.5	systemic_other	lower_recurrence_exact
17:18004454	rs11656629	17:18000000	ATPAF2	QTD001005	QTS000054	INTERVAL_RNA_WGS	blood	naive	majiq	bulk	0.04029707396176844	2.17485e-15	0.40596	7.8327392851542275	ENSG00000171953:t:18024624-18024704:18024704-18025251_L1	10	0.5360250489874239	rs11656629	SNP	moderate_0.2_0.5	neural_enriched	lower_recurrence_exact
17:18004454	rs11656629	17:18000000	ATPAF2	QTD001005	QTS000054	INTERVAL_RNA_WGS	blood	naive	majiq	bulk	0.02303713745840967	4.35779e-07	0.277854	4.967988133780416	ENSG00000171953:t:18026319-18026535:18026416-18028615_L2	17	0.5360250489874239	rs11656629	SNP	moderate_0.2_0.5	neural_enriched	lower_recurrence_exact
17:18004454	rs11656629	17:18000000	ATPAF2	QTD001005	QTS000054	INTERVAL_RNA_WGS	blood	naive	majiq	bulk	0.044845070361559165	8.80559e-11	0.345265	6.4067312432252415	ENSG00000171953:s:18028615-18028659:18026416-18028615_L1	10	0.6736723519160871	rs11656629	SNP	moderate_0.2_0.5	neural_enriched	lower_recurrence_exact
17:35059842	rs8065886	17:35000000	RFFL	QTD001005	QTS000054	INTERVAL_RNA_WGS	blood	naive	majiq	bulk	0.02491737330665421	2.48576e-07	0.150313	5.18788664779414	ENSG00000092871:s:35089105-35089319:35069658-35089105_L1	27	0.6415591034654541	rs8065886	SNP	moderate_0.2_0.5	systemic_other	lower_recurrence_exact
17:40324405	rs12946680	17:40000000	RARA	QTD001005	QTS000054	INTERVAL_RNA_WGS	blood	naive	majiq	bulk	0.007530237299731769	9.54325e-10	-0.217644	-5.905611643294241	ENSG00000131759:s:40341996-40342706:40342706-40342796_L1	24	0.4904506898724263	rs12946680	SNP	moderate_0.2_0.5	systemic_non_neural	lower_recurrence_exact
17:75997465	rs12945114	17:75500000	TEN1	QTD001005	QTS000054	INTERVAL_RNA_WGS	blood	naive	majiq	bulk	0.03295576253120516	1.00397e-12	-0.195733	-7.04123893811456	ENSG00000257949:s:75991466-75991623:75991577-76000141_L1	5	0.4643163683888371	rs12945114	SNP	moderate_0.2_0.5	systemic_non_neural	core_exact_n10
17:78806566	rs4796817	17:78500000	USP36	QTD001005	QTS000054	INTERVAL_RNA_WGS	blood	naive	majiq	bulk	0.9999999999999994	1.16554e-72	0.201877	18.10727766785844	ENSG00000055483:t:78795652-78795842:78795842-78796847_L3	1	1.0	rs4796817	SNP	moderate_0.2_0.5	systemic_other	lower_recurrence_exact
17:78806566	rs4796817	17:78500000	USP36	QTD001005	QTS000054	INTERVAL_RNA_WGS	blood	naive	majiq	bulk	0.9999999999872836	2.83529e-40	0.174112	12.95420506062188	ENSG00000055483:s:78796847-78797061:78795842-78796847_L1	1	1.0	rs4796817	SNP	moderate_0.2_0.5	systemic_other	lower_recurrence_exact
17:78806566	rs4796817	17:78500000	USP36	QTD001005	QTS000054	INTERVAL_RNA_WGS	blood	naive	majiq	bulk	0.9955448969646002	5.65434e-26	0.276074	10.844071372435845	ENSG00000055483:s:78797786-78797902:78796494-78797786_L2	1	1.0	rs4796817	SNP	moderate_0.2_0.5	systemic_other	lower_recurrence_exact
17:78806566	rs4796817	17:78500000	USP36	QTD001005	QTS000054	INTERVAL_RNA_WGS	blood	naive	majiq	bulk	0.9999999557818977	1.24178e-32	0.182019	11.611555244188526	ENSG00000055483:t:78796317-78796494:78796494-78798400_L3	1	1.0	rs4796817	SNP	moderate_0.2_0.5	systemic_other	lower_recurrence_exact
17:82490657	rs8081734	17:82000000	NARF	QTD001005	QTS000054	INTERVAL_RNA_WGS	blood	naive	majiq	bulk	0.015300483225021304	4.1801e-07	0.128213	4.8440458247840805	ENSG00000141562:s:82472564-82472698:82472698-82478800_L1	27	0.5832720701554922	rs8081734	SNP	moderate_0.2_0.5	systemic_non_neural	lower_recurrence_exact
18:50891600	rs686709	18:50500000	ME2	QTD001005	QTS000054	INTERVAL_RNA_WGS	blood	naive	majiq	bulk	0.01123025734189654	1.80066e-07	-0.154134	-5.100564908513708	ENSG00000082212:s:50920661-50920758:50920758-50924098_L2	15	0.4302615769692739	rs686709	SNP	hidden_lt0.2	systemic_non_neural	core_exact_n10
19:1274540	rs8108009	19:1000000	CIRBP	QTD001005	QTS000054	INTERVAL_RNA_WGS	blood	naive	majiq	bulk	0.027622901716474673	1.00133e-14	-0.153746	-7.542274166691391	ENSG00000099622:t:1271329-1271467:1271246-1271329_L1	6	0.7438975416481636	rs8108009	SNP	moderate_0.2_0.5	systemic_non_neural	core_exact_n10
19:1274540	rs8108009	19:1000000	CIRBP	QTD001005	QTS000054	INTERVAL_RNA_WGS	blood	naive	majiq	bulk	0.3983269842266091	8.25575e-21	0.289397	9.60513645419859	ENSG00000099622:t:1271551-1271639:1271365-1271551_L1	4	0.8306559332998706	rs8108009	SNP	moderate_0.2_0.5	systemic_non_neural	core_exact_n10
19:1274540	rs8108009	19:1000000	CIRBP	QTD001005	QTS000054	INTERVAL_RNA_WGS	blood	naive	majiq	bulk	0.03705884437165777	1.88573e-11	-0.173339	-6.816789697576965	ENSG00000099622:s:1271551-1271639:1271640-1271980_L1	4	0.7779327265232591	rs8108009	SNP	moderate_0.2_0.5	systemic_non_neural	core_exact_n10
19:1274540	rs8108009	19:1000000	CIRBP	QTD001005	QTS000054	INTERVAL_RNA_WGS	blood	naive	majiq	bulk	0.3932692668283538	3.90695e-21	0.291889	9.709497153558033	ENSG00000099622:s:1271329-1271467:1271365-1271551_L1	4	0.8306559332998706	rs8108009	SNP	moderate_0.2_0.5	systemic_non_neural	core_exact_n10
19:40270501	rs8111561	19:40000000	PLD3	QTD001005	QTS000054	INTERVAL_RNA_WGS	blood	naive	majiq	bulk	0.34279810051000625	1.99387e-08	-0.324173	-5.275438114382317	ENSG00000105223:s:40366610-40366684:40366685-40366772_L1	13	0.30606366293657994	rs8111561	SNP	moderate_0.2_0.5	systemic_non_neural	lower_recurrence_exact
2:11783292	rs4129757	2:11500000	LPIN1	QTD001005	QTS000054	INTERVAL_RNA_WGS	blood	naive	majiq	bulk	0.31470505060517806	5.22848e-10	-0.129455	-6.393761448649693	ENSG00000134324:t:11791914-11792349:11791785-11791914_L1	5	0.6199674295517624	rs4129757	SNP	moderate_0.2_0.5	systemic_other	lower_recurrence_exact
2:11783292	rs4129757	2:11500000	LPIN1	QTD001005	QTS000054	INTERVAL_RNA_WGS	blood	naive	majiq	bulk	0.21246981545191923	1.08835e-09	-0.127037	-6.267249808164284	ENSG00000134324:s:11788387-11788456:11788456-11791708_L1	5	0.6199674295517624	rs4129757	SNP	moderate_0.2_0.5	systemic_other	lower_recurrence_exact
2:241703438	rs6437282	2:241500000	ING5	QTD001005	QTS000054	INTERVAL_RNA_WGS	blood	naive	majiq	bulk	0.1171558297365817	5.56516e-25	-0.259467	-10.420243542860275	ENSG00000168395:s:241711978-241712380:241712071-241722939_L1	6	0.7212255965200685	rs6437282	SNP	moderate_0.2_0.5	mixed_trait_axis	core_exact_n10
20:25398271	rs2263205	20:25000000	PYGB	QTD001005	QTS000054	INTERVAL_RNA_WGS	blood	naive	majiq	bulk	0.004422339811444405	7.00813e-32	0.281645	11.83257516622576	ENSG00000100994:t:25290481-25290622:25289930-25290481_L2	34	0.5915204862486203	rs2263205	SNP	moderate_0.2_0.5	systemic_non_neural	lower_recurrence_exact
22:26499371	rs1008530	22:26000000	SRRD	QTD001005	QTS000054	INTERVAL_RNA_WGS	blood	naive	majiq	bulk	0.0026975884097425974	3.03547e-05	0.165046	4.419217940340844	ENSG00000100104:s:26486023-26486063:26486063-26487983_L1	35	0.27362983032240007	rs1008530	SNP	moderate_0.2_0.5	systemic_non_neural	lower_recurrence_exact
22:31220315	rs1034588	22:31000000	LIMK2	QTD001005	QTS000054	INTERVAL_RNA_WGS	blood	naive	majiq	bulk	0.11089077540588134	4.04068e-18	0.0941241	9.208110146873238	ENSG00000182541:s:31262595-31262791:31262792-31265945_L2	37	0.7210797343286368	rs1034588	SNP	moderate_0.2_0.5	neural_enriched	lower_recurrence_exact
22:31220315	rs1034588	22:31000000	LIMK2	QTD001005	QTS000054	INTERVAL_RNA_WGS	blood	naive	majiq	bulk	0.0015420233347916946	1.14541e-11	0.116991	6.531865494037167	ENSG00000182541:s:31262134-31262239:31262240-31262594_L3	82	0.3216135928597308	rs1034588	SNP	moderate_0.2_0.5	neural_enriched	lower_recurrence_exact
22:31220315	rs1034588	22:31000000	LIMK2	QTD001005	QTS000054	INTERVAL_RNA_WGS	blood	naive	majiq	bulk	0.0030319871694576596	2.47421e-16	0.140248	8.043257002717112	ENSG00000182541:s:31258291-31258484:31258485-31258958_L2	59	0.30728494887698543	rs1034588	SNP	moderate_0.2_0.5	neural_enriched	lower_recurrence_exact
22:31220315	rs1034588	22:31000000	LIMK2	QTD001005	QTS000054	INTERVAL_RNA_WGS	blood	naive	majiq	bulk	0.04815206655192566	5.29232e-13	0.14733	7.447823208346667	ENSG00000182541:t:31259121-31259230:31259047-31259120_L2	80	0.3848158060993593	rs1034588	SNP	moderate_0.2_0.5	neural_enriched	lower_recurrence_exact
22:31220315	rs1034588	22:31000000	LIMK2	QTD001005	QTS000054	INTERVAL_RNA_WGS	blood	naive	majiq	bulk	0.012016919434895456	4.90627e-12	0.138999	7.100653947586821	ENSG00000182541:t:31278297-31280080:31275308-31278297_L1	36	0.5712481274256828	rs1034588	SNP	moderate_0.2_0.5	neural_enriched	lower_recurrence_exact
3:25830785	rs4681079	3:25500000	NGLY1	QTD001005	QTS000054	INTERVAL_RNA_WGS	blood	naive	majiq	bulk	0.0016218267073252579	5.00831e-06	0.122232	4.796249827627714	ENSG00000151092:t:25733872-25733984:25733985-25736003_L1	25	0.47129902023315773	rs4681079	SNP	moderate_0.2_0.5	systemic_non_neural	lower_recurrence_exact
3:37190967	rs13098279	3:37000000	MLH1	QTD001005	QTS000054	INTERVAL_RNA_WGS	blood	naive	majiq	bulk	0.04703965511899968	1.47336e-07	-0.120215	-5.250977669341324	ENSG00000076242:s:37017334-37017599:37017599-37025637_L1	2	0.8166393568992992	rs13098279	SNP	moderate_0.2_0.5	systemic_other	lower_recurrence_exact
3:113008337	rs2306857	3:113000000	GTPBP8	QTD001005	QTS000054	INTERVAL_RNA_WGS	blood	naive	majiq	bulk	0.022027490278874157	8.29082e-08	-0.165991	-4.971492219206725	ENSG00000163607:t:112996892-112996991:112993124-112996892_L1	11	0.5744899001567946	rs2306857	SNP	moderate_0.2_0.5	neural_enriched	core_exact_n10
5:14809959	rs42679	5:14500000	ANKH	QTD001005	QTS000054	INTERVAL_RNA_WGS	blood	naive	majiq	bulk	0.04365673370818949	2.32655e-13	0.157571	7.515968001259808	ENSG00000154122:t:14848776-14848863:14848864-14868414_L2	10	0.7841372479003738	rs42679	SNP	moderate_0.2_0.5	neuro_systemic	lower_recurrence_exact
5:134195758	rs10051026	5:134000000	PPP2CA	QTD001005	QTS000054	INTERVAL_RNA_WGS	blood	naive	majiq	bulk	0.006826866123811328	5.68474e-11	0.0965123	6.212727702938789	ENSG00000113575:t:134205922-134206131:134206131-134224257_L1	37	0.46481466818457806	rs10051026	SNP	moderate_0.2_0.5	neural_enriched	core_exact_n10
5:134739241	rs17713112	5:134500000	SAR1B	QTD001005	QTS000054	INTERVAL_RNA_WGS	blood	naive	majiq	bulk	0.06760216709738777	6.47758e-08	0.228794	5.31777862202908	ENSG00000152700:s:134620933-134621052:134618313-134620933_L1	5	0.7456694567021597	rs17713112	SNP	moderate_0.2_0.5	systemic_non_neural	lower_recurrence_exact
5:134739241	rs17713112	5:134500000	SAR1B	QTD001005	QTS000054	INTERVAL_RNA_WGS	blood	naive	majiq	bulk	0.08467454490390385	1.46395e-10	0.258345	6.362976489510307	ENSG00000152700:t:134612691-134612756:134612756-134613076_L1	4	0.7456694567021597	rs17713112	SNP	moderate_0.2_0.5	systemic_non_neural	lower_recurrence_exact
5:179606093	rs4701139	5:179500000	RUFY1	QTD001005	QTS000054	INTERVAL_RNA_WGS	blood	naive	majiq	bulk	0.0109205175275942	2.05885e-11	0.212166	6.358990150685188	ENSG00000176783:t:179577075-179577136:179575648-179577075_L1	8	0.4171548273999251	rs4701139	SNP	moderate_0.2_0.5	systemic_other	lower_recurrence_exact
7:44988209	rs1859489	7:44500000	CCM2	QTD001005	QTS000054	INTERVAL_RNA_WGS	blood	naive	majiq	bulk	0.0070488707518389475	3.30958e-09	-0.202178	-6.109918112203472	ENSG00000136280:t:45067636-45068579:45038426-45068443_L1	60	0.6646745760567342	rs1859489	SNP	moderate_0.2_0.5	systemic_non_neural	lower_recurrence_exact
7:65751112	rs4718273	7:65500000	GUSB	QTD001005	QTS000054	INTERVAL_RNA_WGS	blood	naive	majiq	bulk	0.000638788845994586	7.50135e-09	0.197713	5.932379753855271	ENSG00000169919:t:65975852-65976202:65976202-65981974_L1	56	0.44315622074860844	rs4718273	SNP	moderate_0.2_0.5	systemic_non_neural	lower_recurrence_exact
7:65751112	rs4718273	7:65500000	GUSB	QTD001005	QTS000054	INTERVAL_RNA_WGS	blood	naive	majiq	bulk	0.0014679977126005324	6.29488e-07	0.140756	4.9015339915506635	ENSG00000169919:s:65979727-65979911:65975071-65979834_L2	297	0.4802241045524588	rs4718273	SNP	moderate_0.2_0.5	systemic_non_neural	lower_recurrence_exact
7:65770418	rs4718277	7:65500000	GUSB	QTD001005	QTS000054	INTERVAL_RNA_WGS	blood	naive	majiq	bulk	0.05091174076287601	3.11297e-06	0.131173	5.655204252419391	ENSG00000169919:s:65979727-65979911:65975071-65979834_L2	297	0.4802241045524588	rs4718277	SNP	moderate_0.2_0.5	systemic_non_neural	core_exact_n10
7:100004399	rs6967287	7:100000000	ZNF3	QTD001005	QTS000054	INTERVAL_RNA_WGS	blood	naive	majiq	bulk	0.010885794656125629	4.47616e-06	0.139353	4.888914748797489	ENSG00000166526:s:100075135-100075261:100072212-100075135_L1	35	0.33624322931685835	rs6967287	SNP	moderate_0.2_0.5	neuro_systemic	lower_recurrence_exact
8:143996235	rs7459603	8:143500000	PARP10	QTD001005	QTS000054	INTERVAL_RNA_WGS	blood	naive	majiq	bulk	0.09813295710829881	5.59156e-38	0.214976	13.183505310809101	ENSG00000178685:s:143986055-143986233:143985648-143986055_L1	7	0.6391439394790274	rs7459603	SNP	moderate_0.2_0.5	systemic_non_neural	core_exact_n10
8:143996235	rs7459603	8:143500000	PARP10	QTD001005	QTS000054	INTERVAL_RNA_WGS	blood	naive	majiq	bulk	0.028920630745268423	4.561e-10	0.105501	6.219436537542928	ENSG00000178685:s:143992245-143992373:143992079-143992244_L1	26	0.49023704738170276	rs7459603	SNP	moderate_0.2_0.5	systemic_non_neural	core_exact_n10
8:143996235	rs7459603	8:143500000	PARP10	QTD001005	QTS000054	INTERVAL_RNA_WGS	blood	naive	majiq	bulk	0.0029125476955502863	1.30856e-06	0.086204	4.714463906421605	ENSG00000178685:t:143990177-143990311:143990312-143990605_L1	33	0.29757410184447014	rs7459603	SNP	moderate_0.2_0.5	systemic_non_neural	core_exact_n10
8:144204623	rs12542868	8:144000000	MROH1	QTD001005	QTS000054	INTERVAL_RNA_WGS	blood	naive	majiq	bulk	0.07440461760228993	2.81702e-08	-0.130288	-5.3827623478885585	ENSG00000179832:s:144241395-144241517:144241517-144242211_L1	16	0.4316426247984477	rs12542868	SNP	moderate_0.2_0.5	neural_enriched	core_exact_n10
9:37432267	rs309455	9:37000000	GRHPR	QTD001005	QTS000054	INTERVAL_RNA_WGS	blood	naive	majiq	bulk	0.04720820188546909	4.99323e-22	-0.319257	-9.550961873080704	ENSG00000137106:s:37429732-37429836:37429837-37430510_L2	11	0.3829072405962528	rs309455	SNP	moderate_0.2_0.5	systemic_other	lower_recurrence_exact
9:71821776	rs4330750	9:71500000	C9ORF85	QTD001005	QTS000054	INTERVAL_RNA_WGS	blood	naive	majiq	bulk	0.029131620242357614	2.00327e-07	-0.195102	-5.397338550916626	ENSG00000155621:s:71971505-71971618:71971618-71982657_L1	88	0.36345076033396256	rs4330750	SNP	hidden_lt0.2	systemic_other	core_exact_n10
9:127955698	rs7028190	9:127500000	DPM2	QTD001005	QTS000054	INTERVAL_RNA_WGS	blood	naive	majiq	bulk	0.18095601464930003	1.52263e-70	-0.702975	-18.22504140289376	ENSG00000136908:s:127937818-127937854:127936655-127937818_L1	4	0.7346130280220567	rs7028190	SNP	moderate_0.2_0.5	systemic_non_neural	lower_recurrence_exact
9:131442607	rs2966343	9:131000000	PRRC2B	QTD001005	QTS000054	INTERVAL_RNA_WGS	blood	naive	majiq	bulk	0.047070208836615765	1.52154e-10	0.343912	6.707672781083762	ENSG00000288701:t:131487167-131487294:131486182-131487167_L1	47	0.5046207770328005	rs2966343	SNP	moderate_0.2_0.5	systemic_other	lower_recurrence_exact
