set	permutation	null_concordant_variants	null_concordant_loci_500kb
overall_non_eqtl_tested	0	339	281
overall_non_eqtl_tested	1	318	271
overall_non_eqtl_tested	2	310	261
overall_non_eqtl_tested	3	306	252
overall_non_eqtl_tested	4	344	279
overall_non_eqtl_tested	5	335	271
overall_non_eqtl_tested	6	323	266
overall_non_eqtl_tested	7	349	274
overall_non_eqtl_tested	8	343	283
overall_non_eqtl_tested	9	345	274
overall_non_eqtl_tested	10	328	259
overall_non_eqtl_tested	11	332	274
overall_non_eqtl_tested	12	330	262
overall_non_eqtl_tested	13	343	276
overall_non_eqtl_tested	14	328	262
overall_non_eqtl_tested	15	344	288
overall_non_eqtl_tested	16	316	249
overall_non_eqtl_tested	17	300	252
overall_non_eqtl_tested	18	309	259
overall_non_eqtl_tested	19	336	279
overall_non_eqtl_tested	20	354	289
overall_non_eqtl_tested	21	314	251
overall_non_eqtl_tested	22	331	271
overall_non_eqtl_tested	23	334	272
overall_non_eqtl_tested	24	336	277
overall_non_eqtl_tested	25	330	256
overall_non_eqtl_tested	26	340	278
overall_non_eqtl_tested	27	316	267
overall_non_eqtl_tested	28	346	277
overall_non_eqtl_tested	29	318	253
overall_non_eqtl_tested	30	318	263
overall_non_eqtl_tested	31	327	270
overall_non_eqtl_tested	32	327	265
overall_non_eqtl_tested	33	318	263
overall_non_eqtl_tested	34	324	266
overall_non_eqtl_tested	35	338	269
overall_non_eqtl_tested	36	358	291
overall_non_eqtl_tested	37	330	270
overall_non_eqtl_tested	38	313	250
overall_non_eqtl_tested	39	326	271
overall_non_eqtl_tested	40	353	282
overall_non_eqtl_tested	41	317	259
overall_non_eqtl_tested	42	321	264
overall_non_eqtl_tested	43	364	295
overall_non_eqtl_tested	44	317	254
overall_non_eqtl_tested	45	338	266
overall_non_eqtl_tested	46	332	262
overall_non_eqtl_tested	47	293	244
overall_non_eqtl_tested	48	333	268
overall_non_eqtl_tested	49	334	271
overall_non_eqtl_tested	50	345	277
overall_non_eqtl_tested	51	330	277
overall_non_eqtl_tested	52	309	256
overall_non_eqtl_tested	53	316	257
overall_non_eqtl_tested	54	309	248
overall_non_eqtl_tested	55	306	251
overall_non_eqtl_tested	56	313	262
overall_non_eqtl_tested	57	327	263
overall_non_eqtl_tested	58	315	264
overall_non_eqtl_tested	59	335	271
overall_non_eqtl_tested	60	300	244
overall_non_eqtl_tested	61	328	267
overall_non_eqtl_tested	62	316	260
overall_non_eqtl_tested	63	333	269
overall_non_eqtl_tested	64	321	262
overall_non_eqtl_tested	65	332	267
overall_non_eqtl_tested	66	329	281
overall_non_eqtl_tested	67	295	236
overall_non_eqtl_tested	68	350	282
overall_non_eqtl_tested	69	339	272
overall_non_eqtl_tested	70	339	274
overall_non_eqtl_tested	71	346	274
overall_non_eqtl_tested	72	312	250
overall_non_eqtl_tested	73	334	269
overall_non_eqtl_tested	74	331	276
overall_non_eqtl_tested	75	346	283
overall_non_eqtl_tested	76	332	264
overall_non_eqtl_tested	77	333	272
overall_non_eqtl_tested	78	348	285
overall_non_eqtl_tested	79	345	286
overall_non_eqtl_tested	80	320	261
overall_non_eqtl_tested	81	328	268
overall_non_eqtl_tested	82	350	290
overall_non_eqtl_tested	83	319	270
overall_non_eqtl_tested	84	361	295
overall_non_eqtl_tested	85	313	262
overall_non_eqtl_tested	86	317	258
overall_non_eqtl_tested	87	318	260
overall_non_eqtl_tested	88	326	262
overall_non_eqtl_tested	89	321	263
overall_non_eqtl_tested	90	331	275
overall_non_eqtl_tested	91	313	254
overall_non_eqtl_tested	92	315	261
overall_non_eqtl_tested	93	329	273
overall_non_eqtl_tested	94	314	254
overall_non_eqtl_tested	95	329	267
overall_non_eqtl_tested	96	312	258
overall_non_eqtl_tested	97	339	279
overall_non_eqtl_tested	98	322	262
overall_non_eqtl_tested	99	314	251
overall_non_eqtl_tested	100	332	273
overall_non_eqtl_tested	101	335	273
overall_non_eqtl_tested	102	311	256
overall_non_eqtl_tested	103	318	259
overall_non_eqtl_tested	104	313	257
overall_non_eqtl_tested	105	334	272
overall_non_eqtl_tested	106	318	268
overall_non_eqtl_tested	107	324	269
overall_non_eqtl_tested	108	338	278
overall_non_eqtl_tested	109	338	269
overall_non_eqtl_tested	110	336	279
overall_non_eqtl_tested	111	335	279
overall_non_eqtl_tested	112	308	253
overall_non_eqtl_tested	113	344	279
overall_non_eqtl_tested	114	324	276
overall_non_eqtl_tested	115	343	279
overall_non_eqtl_tested	116	324	271
overall_non_eqtl_tested	117	345	273
overall_non_eqtl_tested	118	341	274
overall_non_eqtl_tested	119	305	257
overall_non_eqtl_tested	120	338	278
overall_non_eqtl_tested	121	348	280
overall_non_eqtl_tested	122	337	279
overall_non_eqtl_tested	123	323	253
overall_non_eqtl_tested	124	318	256
overall_non_eqtl_tested	125	320	265
overall_non_eqtl_tested	126	322	271
overall_non_eqtl_tested	127	317	259
overall_non_eqtl_tested	128	338	271
overall_non_eqtl_tested	129	326	272
overall_non_eqtl_tested	130	317	267
overall_non_eqtl_tested	131	344	279
overall_non_eqtl_tested	132	313	263
overall_non_eqtl_tested	133	300	238
overall_non_eqtl_tested	134	311	265
overall_non_eqtl_tested	135	344	286
overall_non_eqtl_tested	136	338	269
overall_non_eqtl_tested	137	350	279
overall_non_eqtl_tested	138	331	265
overall_non_eqtl_tested	139	314	252
overall_non_eqtl_tested	140	334	264
overall_non_eqtl_tested	141	328	269
overall_non_eqtl_tested	142	321	248
overall_non_eqtl_tested	143	323	249
overall_non_eqtl_tested	144	319	260
overall_non_eqtl_tested	145	336	280
overall_non_eqtl_tested	146	299	236
overall_non_eqtl_tested	147	332	270
overall_non_eqtl_tested	148	343	286
overall_non_eqtl_tested	149	319	256
overall_non_eqtl_tested	150	338	270
overall_non_eqtl_tested	151	325	270
overall_non_eqtl_tested	152	317	262
overall_non_eqtl_tested	153	322	267
overall_non_eqtl_tested	154	321	267
overall_non_eqtl_tested	155	335	275
overall_non_eqtl_tested	156	328	265
overall_non_eqtl_tested	157	346	280
overall_non_eqtl_tested	158	320	255
overall_non_eqtl_tested	159	317	262
overall_non_eqtl_tested	160	351	280
overall_non_eqtl_tested	161	332	266
overall_non_eqtl_tested	162	307	255
overall_non_eqtl_tested	163	312	257
overall_non_eqtl_tested	164	328	266
overall_non_eqtl_tested	165	305	241
overall_non_eqtl_tested	166	334	267
overall_non_eqtl_tested	167	328	265
overall_non_eqtl_tested	168	308	249
overall_non_eqtl_tested	169	348	279
overall_non_eqtl_tested	170	322	257
overall_non_eqtl_tested	171	329	268
overall_non_eqtl_tested	172	313	258
overall_non_eqtl_tested	173	314	258
overall_non_eqtl_tested	174	335	267
overall_non_eqtl_tested	175	349	289
overall_non_eqtl_tested	176	315	260
overall_non_eqtl_tested	177	341	277
overall_non_eqtl_tested	178	304	246
overall_non_eqtl_tested	179	332	287
overall_non_eqtl_tested	180	360	284
overall_non_eqtl_tested	181	298	251
overall_non_eqtl_tested	182	342	273
overall_non_eqtl_tested	183	340	275
overall_non_eqtl_tested	184	340	273
overall_non_eqtl_tested	185	330	267
overall_non_eqtl_tested	186	314	268
overall_non_eqtl_tested	187	330	270
overall_non_eqtl_tested	188	324	261
overall_non_eqtl_tested	189	295	248
overall_non_eqtl_tested	190	339	278
overall_non_eqtl_tested	191	338	277
overall_non_eqtl_tested	192	328	262
overall_non_eqtl_tested	193	290	239
overall_non_eqtl_tested	194	331	271
overall_non_eqtl_tested	195	334	270
overall_non_eqtl_tested	196	329	269
overall_non_eqtl_tested	197	331	266
overall_non_eqtl_tested	198	333	274
overall_non_eqtl_tested	199	320	259
overall_non_eqtl_tested	200	328	271
overall_non_eqtl_tested	201	350	287
overall_non_eqtl_tested	202	327	261
overall_non_eqtl_tested	203	326	262
overall_non_eqtl_tested	204	321	256
overall_non_eqtl_tested	205	339	281
overall_non_eqtl_tested	206	357	294
overall_non_eqtl_tested	207	346	285
overall_non_eqtl_tested	208	327	273
overall_non_eqtl_tested	209	297	251
overall_non_eqtl_tested	210	318	260
overall_non_eqtl_tested	211	344	292
overall_non_eqtl_tested	212	319	261
overall_non_eqtl_tested	213	343	276
overall_non_eqtl_tested	214	338	278
overall_non_eqtl_tested	215	345	284
overall_non_eqtl_tested	216	317	265
overall_non_eqtl_tested	217	321	255
overall_non_eqtl_tested	218	344	269
overall_non_eqtl_tested	219	314	254
overall_non_eqtl_tested	220	327	268
overall_non_eqtl_tested	221	338	288
overall_non_eqtl_tested	222	315	258
overall_non_eqtl_tested	223	331	272
overall_non_eqtl_tested	224	326	267
overall_non_eqtl_tested	225	348	287
overall_non_eqtl_tested	226	329	266
overall_non_eqtl_tested	227	327	264
overall_non_eqtl_tested	228	314	261
overall_non_eqtl_tested	229	315	260
overall_non_eqtl_tested	230	350	282
overall_non_eqtl_tested	231	311	243
overall_non_eqtl_tested	232	322	272
overall_non_eqtl_tested	233	321	258
overall_non_eqtl_tested	234	339	273
overall_non_eqtl_tested	235	324	261
overall_non_eqtl_tested	236	325	270
overall_non_eqtl_tested	237	334	270
overall_non_eqtl_tested	238	299	247
overall_non_eqtl_tested	239	310	255
overall_non_eqtl_tested	240	305	252
overall_non_eqtl_tested	241	313	254
overall_non_eqtl_tested	242	323	259
overall_non_eqtl_tested	243	330	271
overall_non_eqtl_tested	244	339	273
overall_non_eqtl_tested	245	333	275
overall_non_eqtl_tested	246	320	253
overall_non_eqtl_tested	247	321	265
overall_non_eqtl_tested	248	329	265
overall_non_eqtl_tested	249	309	257
overall_non_eqtl_tested	250	327	266
overall_non_eqtl_tested	251	341	271
overall_non_eqtl_tested	252	301	248
overall_non_eqtl_tested	253	323	262
overall_non_eqtl_tested	254	327	277
overall_non_eqtl_tested	255	341	275
overall_non_eqtl_tested	256	328	270
overall_non_eqtl_tested	257	309	246
overall_non_eqtl_tested	258	332	278
overall_non_eqtl_tested	259	316	260
overall_non_eqtl_tested	260	341	285
overall_non_eqtl_tested	261	307	255
overall_non_eqtl_tested	262	328	268
overall_non_eqtl_tested	263	329	268
overall_non_eqtl_tested	264	348	281
overall_non_eqtl_tested	265	321	262
overall_non_eqtl_tested	266	344	279
overall_non_eqtl_tested	267	323	267
overall_non_eqtl_tested	268	314	259
overall_non_eqtl_tested	269	326	268
overall_non_eqtl_tested	270	339	270
overall_non_eqtl_tested	271	356	290
overall_non_eqtl_tested	272	332	267
overall_non_eqtl_tested	273	333	270
overall_non_eqtl_tested	274	319	259
overall_non_eqtl_tested	275	328	265
overall_non_eqtl_tested	276	311	247
overall_non_eqtl_tested	277	322	257
overall_non_eqtl_tested	278	321	263
overall_non_eqtl_tested	279	324	259
overall_non_eqtl_tested	280	316	259
overall_non_eqtl_tested	281	315	256
overall_non_eqtl_tested	282	325	256
overall_non_eqtl_tested	283	318	257
overall_non_eqtl_tested	284	329	265
overall_non_eqtl_tested	285	336	274
overall_non_eqtl_tested	286	310	253
overall_non_eqtl_tested	287	323	265
overall_non_eqtl_tested	288	322	267
overall_non_eqtl_tested	289	322	260
overall_non_eqtl_tested	290	307	248
overall_non_eqtl_tested	291	319	259
overall_non_eqtl_tested	292	316	254
overall_non_eqtl_tested	293	336	270
overall_non_eqtl_tested	294	326	271
overall_non_eqtl_tested	295	331	275
overall_non_eqtl_tested	296	319	252
overall_non_eqtl_tested	297	327	267
overall_non_eqtl_tested	298	336	268
overall_non_eqtl_tested	299	341	277
overall_non_eqtl_tested	300	327	274
overall_non_eqtl_tested	301	313	250
overall_non_eqtl_tested	302	319	261
overall_non_eqtl_tested	303	328	267
overall_non_eqtl_tested	304	309	248
overall_non_eqtl_tested	305	334	270
overall_non_eqtl_tested	306	323	257
overall_non_eqtl_tested	307	329	270
overall_non_eqtl_tested	308	334	275
overall_non_eqtl_tested	309	334	273
overall_non_eqtl_tested	310	315	258
overall_non_eqtl_tested	311	337	274
overall_non_eqtl_tested	312	328	267
overall_non_eqtl_tested	313	328	270
overall_non_eqtl_tested	314	315	261
overall_non_eqtl_tested	315	314	259
overall_non_eqtl_tested	316	351	283
overall_non_eqtl_tested	317	327	277
overall_non_eqtl_tested	318	318	263
overall_non_eqtl_tested	319	321	269
overall_non_eqtl_tested	320	324	267
overall_non_eqtl_tested	321	353	287
overall_non_eqtl_tested	322	332	277
overall_non_eqtl_tested	323	332	271
overall_non_eqtl_tested	324	318	257
overall_non_eqtl_tested	325	324	267
overall_non_eqtl_tested	326	337	273
overall_non_eqtl_tested	327	312	255
overall_non_eqtl_tested	328	317	259
overall_non_eqtl_tested	329	349	284
overall_non_eqtl_tested	330	315	255
overall_non_eqtl_tested	331	308	259
overall_non_eqtl_tested	332	324	270
overall_non_eqtl_tested	333	314	254
overall_non_eqtl_tested	334	341	280
overall_non_eqtl_tested	335	298	244
overall_non_eqtl_tested	336	334	277
overall_non_eqtl_tested	337	299	246
overall_non_eqtl_tested	338	335	277
overall_non_eqtl_tested	339	314	263
overall_non_eqtl_tested	340	326	266
overall_non_eqtl_tested	341	323	266
overall_non_eqtl_tested	342	343	277
overall_non_eqtl_tested	343	333	270
overall_non_eqtl_tested	344	349	293
overall_non_eqtl_tested	345	317	261
overall_non_eqtl_tested	346	319	270
overall_non_eqtl_tested	347	346	280
overall_non_eqtl_tested	348	353	286
overall_non_eqtl_tested	349	326	269
overall_non_eqtl_tested	350	315	258
overall_non_eqtl_tested	351	317	264
overall_non_eqtl_tested	352	321	257
overall_non_eqtl_tested	353	321	255
overall_non_eqtl_tested	354	303	247
overall_non_eqtl_tested	355	323	258
overall_non_eqtl_tested	356	323	265
overall_non_eqtl_tested	357	311	250
overall_non_eqtl_tested	358	311	254
overall_non_eqtl_tested	359	309	254
overall_non_eqtl_tested	360	335	272
overall_non_eqtl_tested	361	306	251
overall_non_eqtl_tested	362	340	266
overall_non_eqtl_tested	363	317	248
overall_non_eqtl_tested	364	315	259
overall_non_eqtl_tested	365	352	282
overall_non_eqtl_tested	366	335	276
overall_non_eqtl_tested	367	321	268
overall_non_eqtl_tested	368	311	264
overall_non_eqtl_tested	369	323	264
overall_non_eqtl_tested	370	329	272
overall_non_eqtl_tested	371	313	253
overall_non_eqtl_tested	372	313	254
overall_non_eqtl_tested	373	312	254
overall_non_eqtl_tested	374	351	283
overall_non_eqtl_tested	375	332	277
overall_non_eqtl_tested	376	313	253
overall_non_eqtl_tested	377	339	271
overall_non_eqtl_tested	378	305	244
overall_non_eqtl_tested	379	311	253
overall_non_eqtl_tested	380	315	257
overall_non_eqtl_tested	381	330	270
overall_non_eqtl_tested	382	331	257
overall_non_eqtl_tested	383	323	258
overall_non_eqtl_tested	384	329	265
overall_non_eqtl_tested	385	334	268
overall_non_eqtl_tested	386	322	266
overall_non_eqtl_tested	387	319	268
overall_non_eqtl_tested	388	302	253
overall_non_eqtl_tested	389	340	277
overall_non_eqtl_tested	390	318	267
overall_non_eqtl_tested	391	310	259
overall_non_eqtl_tested	392	321	255
overall_non_eqtl_tested	393	337	269
overall_non_eqtl_tested	394	330	273
overall_non_eqtl_tested	395	323	271
overall_non_eqtl_tested	396	320	258
overall_non_eqtl_tested	397	341	275
overall_non_eqtl_tested	398	321	267
overall_non_eqtl_tested	399	317	261
overall_non_eqtl_tested	400	345	268
overall_non_eqtl_tested	401	325	271
overall_non_eqtl_tested	402	321	262
overall_non_eqtl_tested	403	320	255
overall_non_eqtl_tested	404	339	278
overall_non_eqtl_tested	405	316	262
overall_non_eqtl_tested	406	325	264
overall_non_eqtl_tested	407	332	267
overall_non_eqtl_tested	408	339	276
overall_non_eqtl_tested	409	334	271
overall_non_eqtl_tested	410	311	252
overall_non_eqtl_tested	411	323	260
overall_non_eqtl_tested	412	336	283
overall_non_eqtl_tested	413	337	277
overall_non_eqtl_tested	414	306	247
overall_non_eqtl_tested	415	335	269
overall_non_eqtl_tested	416	315	262
overall_non_eqtl_tested	417	312	261
overall_non_eqtl_tested	418	326	261
overall_non_eqtl_tested	419	330	272
overall_non_eqtl_tested	420	320	259
overall_non_eqtl_tested	421	337	272
overall_non_eqtl_tested	422	309	253
overall_non_eqtl_tested	423	347	286
overall_non_eqtl_tested	424	316	264
overall_non_eqtl_tested	425	309	257
overall_non_eqtl_tested	426	314	258
overall_non_eqtl_tested	427	331	269
overall_non_eqtl_tested	428	308	249
overall_non_eqtl_tested	429	327	259
overall_non_eqtl_tested	430	317	264
overall_non_eqtl_tested	431	312	257
overall_non_eqtl_tested	432	325	259
overall_non_eqtl_tested	433	345	279
overall_non_eqtl_tested	434	337	282
overall_non_eqtl_tested	435	324	270
overall_non_eqtl_tested	436	319	259
overall_non_eqtl_tested	437	329	274
overall_non_eqtl_tested	438	319	262
overall_non_eqtl_tested	439	344	272
overall_non_eqtl_tested	440	320	260
overall_non_eqtl_tested	441	334	278
overall_non_eqtl_tested	442	318	259
overall_non_eqtl_tested	443	326	269
overall_non_eqtl_tested	444	319	256
overall_non_eqtl_tested	445	351	282
overall_non_eqtl_tested	446	341	275
overall_non_eqtl_tested	447	332	270
overall_non_eqtl_tested	448	323	266
overall_non_eqtl_tested	449	354	287
overall_non_eqtl_tested	450	316	256
overall_non_eqtl_tested	451	327	266
overall_non_eqtl_tested	452	346	286
overall_non_eqtl_tested	453	345	280
overall_non_eqtl_tested	454	327	261
overall_non_eqtl_tested	455	311	250
overall_non_eqtl_tested	456	346	276
overall_non_eqtl_tested	457	339	283
overall_non_eqtl_tested	458	336	274
overall_non_eqtl_tested	459	332	272
overall_non_eqtl_tested	460	334	274
overall_non_eqtl_tested	461	336	269
overall_non_eqtl_tested	462	320	264
overall_non_eqtl_tested	463	340	270
overall_non_eqtl_tested	464	334	273
overall_non_eqtl_tested	465	326	267
overall_non_eqtl_tested	466	331	268
overall_non_eqtl_tested	467	340	273
overall_non_eqtl_tested	468	322	268
overall_non_eqtl_tested	469	319	252
overall_non_eqtl_tested	470	303	250
overall_non_eqtl_tested	471	329	270
overall_non_eqtl_tested	472	322	257
overall_non_eqtl_tested	473	327	263
overall_non_eqtl_tested	474	328	268
overall_non_eqtl_tested	475	323	267
overall_non_eqtl_tested	476	332	267
overall_non_eqtl_tested	477	328	266
overall_non_eqtl_tested	478	333	279
overall_non_eqtl_tested	479	327	269
overall_non_eqtl_tested	480	323	264
overall_non_eqtl_tested	481	322	271
overall_non_eqtl_tested	482	311	263
overall_non_eqtl_tested	483	360	285
overall_non_eqtl_tested	484	332	269
overall_non_eqtl_tested	485	353	288
overall_non_eqtl_tested	486	322	266
overall_non_eqtl_tested	487	321	257
overall_non_eqtl_tested	488	321	263
overall_non_eqtl_tested	489	333	275
overall_non_eqtl_tested	490	326	269
overall_non_eqtl_tested	491	326	262
overall_non_eqtl_tested	492	320	264
overall_non_eqtl_tested	493	335	272
overall_non_eqtl_tested	494	313	257
overall_non_eqtl_tested	495	356	283
overall_non_eqtl_tested	496	339	274
overall_non_eqtl_tested	497	332	269
overall_non_eqtl_tested	498	334	277
overall_non_eqtl_tested	499	324	261
overall_non_eqtl_tested	500	332	266
overall_non_eqtl_tested	501	338	267
overall_non_eqtl_tested	502	334	283
overall_non_eqtl_tested	503	332	269
overall_non_eqtl_tested	504	325	266
overall_non_eqtl_tested	505	327	272
overall_non_eqtl_tested	506	343	280
overall_non_eqtl_tested	507	340	280
overall_non_eqtl_tested	508	327	264
overall_non_eqtl_tested	509	328	265
overall_non_eqtl_tested	510	349	273
overall_non_eqtl_tested	511	341	283
overall_non_eqtl_tested	512	355	296
overall_non_eqtl_tested	513	339	274
overall_non_eqtl_tested	514	344	287
overall_non_eqtl_tested	515	307	255
overall_non_eqtl_tested	516	321	263
overall_non_eqtl_tested	517	346	285
overall_non_eqtl_tested	518	331	271
overall_non_eqtl_tested	519	344	280
overall_non_eqtl_tested	520	322	255
overall_non_eqtl_tested	521	311	259
overall_non_eqtl_tested	522	307	247
overall_non_eqtl_tested	523	316	262
overall_non_eqtl_tested	524	329	266
overall_non_eqtl_tested	525	325	257
overall_non_eqtl_tested	526	320	263
overall_non_eqtl_tested	527	326	264
overall_non_eqtl_tested	528	348	279
overall_non_eqtl_tested	529	309	254
overall_non_eqtl_tested	530	317	263
overall_non_eqtl_tested	531	311	249
overall_non_eqtl_tested	532	330	270
overall_non_eqtl_tested	533	342	277
overall_non_eqtl_tested	534	311	250
overall_non_eqtl_tested	535	313	254
overall_non_eqtl_tested	536	330	266
overall_non_eqtl_tested	537	330	271
overall_non_eqtl_tested	538	320	253
overall_non_eqtl_tested	539	331	273
overall_non_eqtl_tested	540	330	273
overall_non_eqtl_tested	541	334	278
overall_non_eqtl_tested	542	317	264
overall_non_eqtl_tested	543	318	255
overall_non_eqtl_tested	544	299	247
overall_non_eqtl_tested	545	319	256
overall_non_eqtl_tested	546	333	273
overall_non_eqtl_tested	547	328	270
overall_non_eqtl_tested	548	336	268
overall_non_eqtl_tested	549	312	260
overall_non_eqtl_tested	550	320	265
overall_non_eqtl_tested	551	320	255
overall_non_eqtl_tested	552	339	279
overall_non_eqtl_tested	553	333	277
overall_non_eqtl_tested	554	328	263
overall_non_eqtl_tested	555	349	291
overall_non_eqtl_tested	556	320	263
overall_non_eqtl_tested	557	343	281
overall_non_eqtl_tested	558	338	286
overall_non_eqtl_tested	559	320	256
overall_non_eqtl_tested	560	338	273
overall_non_eqtl_tested	561	328	262
overall_non_eqtl_tested	562	323	266
overall_non_eqtl_tested	563	349	292
overall_non_eqtl_tested	564	328	272
overall_non_eqtl_tested	565	313	261
overall_non_eqtl_tested	566	324	268
overall_non_eqtl_tested	567	339	279
overall_non_eqtl_tested	568	342	280
overall_non_eqtl_tested	569	362	293
overall_non_eqtl_tested	570	325	268
overall_non_eqtl_tested	571	316	252
overall_non_eqtl_tested	572	325	265
overall_non_eqtl_tested	573	328	270
overall_non_eqtl_tested	574	337	278
overall_non_eqtl_tested	575	307	254
overall_non_eqtl_tested	576	332	262
overall_non_eqtl_tested	577	324	260
overall_non_eqtl_tested	578	319	270
overall_non_eqtl_tested	579	309	248
overall_non_eqtl_tested	580	344	283
overall_non_eqtl_tested	581	313	263
overall_non_eqtl_tested	582	322	259
overall_non_eqtl_tested	583	319	267
overall_non_eqtl_tested	584	323	275
overall_non_eqtl_tested	585	333	275
overall_non_eqtl_tested	586	312	254
overall_non_eqtl_tested	587	322	266
overall_non_eqtl_tested	588	327	262
overall_non_eqtl_tested	589	325	262
overall_non_eqtl_tested	590	346	287
overall_non_eqtl_tested	591	306	250
overall_non_eqtl_tested	592	331	271
overall_non_eqtl_tested	593	338	284
overall_non_eqtl_tested	594	321	261
overall_non_eqtl_tested	595	348	279
overall_non_eqtl_tested	596	329	268
overall_non_eqtl_tested	597	345	274
overall_non_eqtl_tested	598	323	261
overall_non_eqtl_tested	599	325	269
overall_non_eqtl_tested	600	305	244
overall_non_eqtl_tested	601	337	277
overall_non_eqtl_tested	602	336	271
overall_non_eqtl_tested	603	328	268
overall_non_eqtl_tested	604	334	271
overall_non_eqtl_tested	605	314	260
overall_non_eqtl_tested	606	330	267
overall_non_eqtl_tested	607	333	262
overall_non_eqtl_tested	608	318	265
overall_non_eqtl_tested	609	326	262
overall_non_eqtl_tested	610	330	272
overall_non_eqtl_tested	611	331	273
overall_non_eqtl_tested	612	316	256
overall_non_eqtl_tested	613	327	272
overall_non_eqtl_tested	614	336	265
overall_non_eqtl_tested	615	318	252
overall_non_eqtl_tested	616	333	277
overall_non_eqtl_tested	617	357	283
overall_non_eqtl_tested	618	330	271
overall_non_eqtl_tested	619	291	234
overall_non_eqtl_tested	620	314	259
overall_non_eqtl_tested	621	319	255
overall_non_eqtl_tested	622	325	263
overall_non_eqtl_tested	623	323	265
overall_non_eqtl_tested	624	309	249
overall_non_eqtl_tested	625	330	269
overall_non_eqtl_tested	626	332	267
overall_non_eqtl_tested	627	334	261
overall_non_eqtl_tested	628	341	278
overall_non_eqtl_tested	629	325	270
overall_non_eqtl_tested	630	325	259
overall_non_eqtl_tested	631	330	276
overall_non_eqtl_tested	632	338	267
overall_non_eqtl_tested	633	327	278
overall_non_eqtl_tested	634	318	261
overall_non_eqtl_tested	635	300	247
overall_non_eqtl_tested	636	330	265
overall_non_eqtl_tested	637	318	257
overall_non_eqtl_tested	638	339	266
overall_non_eqtl_tested	639	316	258
overall_non_eqtl_tested	640	342	288
overall_non_eqtl_tested	641	305	252
overall_non_eqtl_tested	642	353	278
overall_non_eqtl_tested	643	313	259
overall_non_eqtl_tested	644	337	276
overall_non_eqtl_tested	645	325	271
overall_non_eqtl_tested	646	310	257
overall_non_eqtl_tested	647	322	259
overall_non_eqtl_tested	648	329	271
overall_non_eqtl_tested	649	312	256
overall_non_eqtl_tested	650	332	267
overall_non_eqtl_tested	651	324	263
overall_non_eqtl_tested	652	321	260
overall_non_eqtl_tested	653	335	276
overall_non_eqtl_tested	654	333	274
overall_non_eqtl_tested	655	334	277
overall_non_eqtl_tested	656	340	280
overall_non_eqtl_tested	657	319	260
overall_non_eqtl_tested	658	291	244
overall_non_eqtl_tested	659	325	274
overall_non_eqtl_tested	660	316	260
overall_non_eqtl_tested	661	325	274
overall_non_eqtl_tested	662	321	256
overall_non_eqtl_tested	663	324	269
overall_non_eqtl_tested	664	330	266
overall_non_eqtl_tested	665	327	261
overall_non_eqtl_tested	666	340	287
overall_non_eqtl_tested	667	333	277
overall_non_eqtl_tested	668	323	266
overall_non_eqtl_tested	669	300	244
overall_non_eqtl_tested	670	343	275
overall_non_eqtl_tested	671	345	274
overall_non_eqtl_tested	672	330	270
overall_non_eqtl_tested	673	332	271
overall_non_eqtl_tested	674	310	253
overall_non_eqtl_tested	675	321	273
overall_non_eqtl_tested	676	342	277
overall_non_eqtl_tested	677	339	277
overall_non_eqtl_tested	678	323	270
overall_non_eqtl_tested	679	298	245
overall_non_eqtl_tested	680	329	264
overall_non_eqtl_tested	681	315	256
overall_non_eqtl_tested	682	332	270
overall_non_eqtl_tested	683	328	269
overall_non_eqtl_tested	684	310	253
overall_non_eqtl_tested	685	333	270
overall_non_eqtl_tested	686	342	281
overall_non_eqtl_tested	687	310	250
overall_non_eqtl_tested	688	320	272
overall_non_eqtl_tested	689	336	269
overall_non_eqtl_tested	690	332	271
overall_non_eqtl_tested	691	310	251
overall_non_eqtl_tested	692	287	237
overall_non_eqtl_tested	693	313	257
overall_non_eqtl_tested	694	290	241
overall_non_eqtl_tested	695	326	271
overall_non_eqtl_tested	696	321	260
overall_non_eqtl_tested	697	325	263
overall_non_eqtl_tested	698	343	280
overall_non_eqtl_tested	699	324	271
overall_non_eqtl_tested	700	346	275
overall_non_eqtl_tested	701	336	271
overall_non_eqtl_tested	702	335	267
overall_non_eqtl_tested	703	326	267
overall_non_eqtl_tested	704	347	274
overall_non_eqtl_tested	705	334	267
overall_non_eqtl_tested	706	329	260
overall_non_eqtl_tested	707	317	267
overall_non_eqtl_tested	708	368	304
overall_non_eqtl_tested	709	331	271
overall_non_eqtl_tested	710	323	260
overall_non_eqtl_tested	711	301	250
overall_non_eqtl_tested	712	336	270
overall_non_eqtl_tested	713	351	282
overall_non_eqtl_tested	714	323	262
overall_non_eqtl_tested	715	331	285
overall_non_eqtl_tested	716	332	266
overall_non_eqtl_tested	717	324	268
overall_non_eqtl_tested	718	320	260
overall_non_eqtl_tested	719	318	263
overall_non_eqtl_tested	720	333	278
overall_non_eqtl_tested	721	344	290
overall_non_eqtl_tested	722	321	252
overall_non_eqtl_tested	723	314	259
overall_non_eqtl_tested	724	319	258
overall_non_eqtl_tested	725	362	300
overall_non_eqtl_tested	726	322	254
overall_non_eqtl_tested	727	322	267
overall_non_eqtl_tested	728	348	292
overall_non_eqtl_tested	729	295	242
overall_non_eqtl_tested	730	355	287
overall_non_eqtl_tested	731	329	269
overall_non_eqtl_tested	732	335	282
overall_non_eqtl_tested	733	323	262
overall_non_eqtl_tested	734	335	266
overall_non_eqtl_tested	735	317	256
overall_non_eqtl_tested	736	318	259
overall_non_eqtl_tested	737	308	249
overall_non_eqtl_tested	738	312	252
overall_non_eqtl_tested	739	315	256
overall_non_eqtl_tested	740	364	302
overall_non_eqtl_tested	741	334	274
overall_non_eqtl_tested	742	308	251
overall_non_eqtl_tested	743	333	274
overall_non_eqtl_tested	744	317	258
overall_non_eqtl_tested	745	323	269
overall_non_eqtl_tested	746	345	283
overall_non_eqtl_tested	747	330	266
overall_non_eqtl_tested	748	309	259
overall_non_eqtl_tested	749	327	267
overall_non_eqtl_tested	750	320	261
overall_non_eqtl_tested	751	307	254
overall_non_eqtl_tested	752	317	260
overall_non_eqtl_tested	753	330	266
overall_non_eqtl_tested	754	339	272
overall_non_eqtl_tested	755	318	264
overall_non_eqtl_tested	756	343	277
overall_non_eqtl_tested	757	323	265
overall_non_eqtl_tested	758	343	279
overall_non_eqtl_tested	759	330	269
overall_non_eqtl_tested	760	305	248
overall_non_eqtl_tested	761	338	273
overall_non_eqtl_tested	762	343	268
overall_non_eqtl_tested	763	314	256
overall_non_eqtl_tested	764	319	260
overall_non_eqtl_tested	765	313	263
overall_non_eqtl_tested	766	327	270
overall_non_eqtl_tested	767	339	278
overall_non_eqtl_tested	768	330	268
overall_non_eqtl_tested	769	314	260
overall_non_eqtl_tested	770	330	266
overall_non_eqtl_tested	771	314	262
overall_non_eqtl_tested	772	337	275
overall_non_eqtl_tested	773	353	282
overall_non_eqtl_tested	774	321	254
overall_non_eqtl_tested	775	320	261
overall_non_eqtl_tested	776	340	282
overall_non_eqtl_tested	777	316	262
overall_non_eqtl_tested	778	331	266
overall_non_eqtl_tested	779	329	265
overall_non_eqtl_tested	780	356	293
overall_non_eqtl_tested	781	296	247
overall_non_eqtl_tested	782	320	262
overall_non_eqtl_tested	783	315	254
overall_non_eqtl_tested	784	328	264
overall_non_eqtl_tested	785	333	260
overall_non_eqtl_tested	786	331	270
overall_non_eqtl_tested	787	314	266
overall_non_eqtl_tested	788	325	264
overall_non_eqtl_tested	789	318	261
overall_non_eqtl_tested	790	332	272
overall_non_eqtl_tested	791	313	262
overall_non_eqtl_tested	792	334	268
overall_non_eqtl_tested	793	316	266
overall_non_eqtl_tested	794	308	250
overall_non_eqtl_tested	795	324	253
overall_non_eqtl_tested	796	331	266
overall_non_eqtl_tested	797	349	282
overall_non_eqtl_tested	798	323	254
overall_non_eqtl_tested	799	341	280
overall_non_eqtl_tested	800	340	280
overall_non_eqtl_tested	801	339	278
overall_non_eqtl_tested	802	316	259
overall_non_eqtl_tested	803	337	285
overall_non_eqtl_tested	804	342	284
overall_non_eqtl_tested	805	322	263
overall_non_eqtl_tested	806	337	270
overall_non_eqtl_tested	807	335	272
overall_non_eqtl_tested	808	336	274
overall_non_eqtl_tested	809	335	279
overall_non_eqtl_tested	810	349	286
overall_non_eqtl_tested	811	320	262
overall_non_eqtl_tested	812	332	274
overall_non_eqtl_tested	813	317	261
overall_non_eqtl_tested	814	346	282
overall_non_eqtl_tested	815	317	263
overall_non_eqtl_tested	816	336	270
overall_non_eqtl_tested	817	328	268
overall_non_eqtl_tested	818	328	274
overall_non_eqtl_tested	819	300	245
overall_non_eqtl_tested	820	303	241
overall_non_eqtl_tested	821	339	274
overall_non_eqtl_tested	822	325	253
overall_non_eqtl_tested	823	326	268
overall_non_eqtl_tested	824	324	260
overall_non_eqtl_tested	825	318	258
overall_non_eqtl_tested	826	344	281
overall_non_eqtl_tested	827	333	266
overall_non_eqtl_tested	828	341	282
overall_non_eqtl_tested	829	345	279
overall_non_eqtl_tested	830	331	275
overall_non_eqtl_tested	831	316	258
overall_non_eqtl_tested	832	335	271
overall_non_eqtl_tested	833	313	262
overall_non_eqtl_tested	834	341	274
overall_non_eqtl_tested	835	332	270
overall_non_eqtl_tested	836	336	264
overall_non_eqtl_tested	837	331	267
overall_non_eqtl_tested	838	317	260
overall_non_eqtl_tested	839	310	255
overall_non_eqtl_tested	840	309	253
overall_non_eqtl_tested	841	341	292
overall_non_eqtl_tested	842	318	258
overall_non_eqtl_tested	843	331	268
overall_non_eqtl_tested	844	332	265
overall_non_eqtl_tested	845	331	274
overall_non_eqtl_tested	846	309	253
overall_non_eqtl_tested	847	352	286
overall_non_eqtl_tested	848	343	284
overall_non_eqtl_tested	849	351	276
overall_non_eqtl_tested	850	302	256
overall_non_eqtl_tested	851	297	240
overall_non_eqtl_tested	852	339	272
overall_non_eqtl_tested	853	358	295
overall_non_eqtl_tested	854	315	256
overall_non_eqtl_tested	855	343	276
overall_non_eqtl_tested	856	314	256
overall_non_eqtl_tested	857	344	277
overall_non_eqtl_tested	858	359	288
overall_non_eqtl_tested	859	321	259
overall_non_eqtl_tested	860	350	282
overall_non_eqtl_tested	861	326	265
overall_non_eqtl_tested	862	326	270
overall_non_eqtl_tested	863	315	263
overall_non_eqtl_tested	864	323	260
overall_non_eqtl_tested	865	325	272
overall_non_eqtl_tested	866	331	266
overall_non_eqtl_tested	867	316	263
overall_non_eqtl_tested	868	333	273
overall_non_eqtl_tested	869	323	266
overall_non_eqtl_tested	870	345	284
overall_non_eqtl_tested	871	317	256
overall_non_eqtl_tested	872	319	269
overall_non_eqtl_tested	873	331	263
overall_non_eqtl_tested	874	320	265
overall_non_eqtl_tested	875	317	258
overall_non_eqtl_tested	876	318	260
overall_non_eqtl_tested	877	339	279
overall_non_eqtl_tested	878	323	266
overall_non_eqtl_tested	879	310	259
overall_non_eqtl_tested	880	320	262
overall_non_eqtl_tested	881	330	273
overall_non_eqtl_tested	882	331	272
overall_non_eqtl_tested	883	347	281
overall_non_eqtl_tested	884	321	262
overall_non_eqtl_tested	885	311	252
overall_non_eqtl_tested	886	332	277
overall_non_eqtl_tested	887	331	263
overall_non_eqtl_tested	888	327	265
overall_non_eqtl_tested	889	298	244
overall_non_eqtl_tested	890	314	251
overall_non_eqtl_tested	891	306	248
overall_non_eqtl_tested	892	357	285
overall_non_eqtl_tested	893	345	280
overall_non_eqtl_tested	894	324	268
overall_non_eqtl_tested	895	311	253
overall_non_eqtl_tested	896	347	272
overall_non_eqtl_tested	897	320	262
overall_non_eqtl_tested	898	313	252
overall_non_eqtl_tested	899	301	250
overall_non_eqtl_tested	900	335	272
overall_non_eqtl_tested	901	314	251
overall_non_eqtl_tested	902	345	274
overall_non_eqtl_tested	903	305	255
overall_non_eqtl_tested	904	327	275
overall_non_eqtl_tested	905	305	250
overall_non_eqtl_tested	906	335	276
overall_non_eqtl_tested	907	314	259
overall_non_eqtl_tested	908	329	273
overall_non_eqtl_tested	909	322	272
overall_non_eqtl_tested	910	330	270
overall_non_eqtl_tested	911	321	254
overall_non_eqtl_tested	912	312	250
overall_non_eqtl_tested	913	317	255
overall_non_eqtl_tested	914	328	271
overall_non_eqtl_tested	915	347	284
overall_non_eqtl_tested	916	326	265
overall_non_eqtl_tested	917	320	257
overall_non_eqtl_tested	918	335	276
overall_non_eqtl_tested	919	315	266
overall_non_eqtl_tested	920	333	280
overall_non_eqtl_tested	921	318	257
overall_non_eqtl_tested	922	305	251
overall_non_eqtl_tested	923	322	264
overall_non_eqtl_tested	924	334	268
overall_non_eqtl_tested	925	311	263
overall_non_eqtl_tested	926	336	270
overall_non_eqtl_tested	927	350	268
overall_non_eqtl_tested	928	313	249
overall_non_eqtl_tested	929	328	265
overall_non_eqtl_tested	930	316	265
overall_non_eqtl_tested	931	321	265
overall_non_eqtl_tested	932	345	279
overall_non_eqtl_tested	933	304	253
overall_non_eqtl_tested	934	316	257
overall_non_eqtl_tested	935	327	260
overall_non_eqtl_tested	936	344	282
overall_non_eqtl_tested	937	344	274
overall_non_eqtl_tested	938	316	256
overall_non_eqtl_tested	939	321	266
overall_non_eqtl_tested	940	335	283
overall_non_eqtl_tested	941	321	255
overall_non_eqtl_tested	942	333	268
overall_non_eqtl_tested	943	339	270
overall_non_eqtl_tested	944	341	273
overall_non_eqtl_tested	945	352	288
overall_non_eqtl_tested	946	324	270
overall_non_eqtl_tested	947	319	261
overall_non_eqtl_tested	948	334	268
overall_non_eqtl_tested	949	313	257
overall_non_eqtl_tested	950	343	282
overall_non_eqtl_tested	951	328	261
overall_non_eqtl_tested	952	338	271
overall_non_eqtl_tested	953	321	263
overall_non_eqtl_tested	954	316	255
overall_non_eqtl_tested	955	341	283
overall_non_eqtl_tested	956	322	267
overall_non_eqtl_tested	957	302	246
overall_non_eqtl_tested	958	330	279
overall_non_eqtl_tested	959	322	271
overall_non_eqtl_tested	960	314	260
overall_non_eqtl_tested	961	324	258
overall_non_eqtl_tested	962	341	279
overall_non_eqtl_tested	963	333	268
overall_non_eqtl_tested	964	317	262
overall_non_eqtl_tested	965	344	276
overall_non_eqtl_tested	966	298	241
overall_non_eqtl_tested	967	320	256
overall_non_eqtl_tested	968	333	269
overall_non_eqtl_tested	969	323	255
overall_non_eqtl_tested	970	337	277
overall_non_eqtl_tested	971	318	253
overall_non_eqtl_tested	972	316	259
overall_non_eqtl_tested	973	318	256
overall_non_eqtl_tested	974	315	261
overall_non_eqtl_tested	975	323	259
overall_non_eqtl_tested	976	329	266
overall_non_eqtl_tested	977	322	263
overall_non_eqtl_tested	978	330	269
overall_non_eqtl_tested	979	303	241
overall_non_eqtl_tested	980	339	272
overall_non_eqtl_tested	981	331	276
overall_non_eqtl_tested	982	316	260
overall_non_eqtl_tested	983	342	280
overall_non_eqtl_tested	984	307	260
overall_non_eqtl_tested	985	350	284
overall_non_eqtl_tested	986	343	281
overall_non_eqtl_tested	987	313	255
overall_non_eqtl_tested	988	325	264
overall_non_eqtl_tested	989	331	270
overall_non_eqtl_tested	990	333	271
overall_non_eqtl_tested	991	352	281
overall_non_eqtl_tested	992	295	245
overall_non_eqtl_tested	993	309	261
overall_non_eqtl_tested	994	351	287
overall_non_eqtl_tested	995	326	271
overall_non_eqtl_tested	996	332	274
overall_non_eqtl_tested	997	325	267
overall_non_eqtl_tested	998	330	274
overall_non_eqtl_tested	999	348	283
overall_non_eqtl_tested	1000	332	258
overall_non_eqtl_tested	1001	336	278
overall_non_eqtl_tested	1002	321	265
overall_non_eqtl_tested	1003	323	263
overall_non_eqtl_tested	1004	298	240
overall_non_eqtl_tested	1005	339	283
overall_non_eqtl_tested	1006	347	279
overall_non_eqtl_tested	1007	318	265
overall_non_eqtl_tested	1008	322	268
overall_non_eqtl_tested	1009	315	253
overall_non_eqtl_tested	1010	338	274
overall_non_eqtl_tested	1011	331	268
overall_non_eqtl_tested	1012	323	263
overall_non_eqtl_tested	1013	317	256
overall_non_eqtl_tested	1014	334	275
overall_non_eqtl_tested	1015	342	272
overall_non_eqtl_tested	1016	354	282
overall_non_eqtl_tested	1017	351	280
overall_non_eqtl_tested	1018	332	267
overall_non_eqtl_tested	1019	314	256
overall_non_eqtl_tested	1020	306	251
overall_non_eqtl_tested	1021	336	273
overall_non_eqtl_tested	1022	346	278
overall_non_eqtl_tested	1023	325	269
overall_non_eqtl_tested	1024	325	266
overall_non_eqtl_tested	1025	321	264
overall_non_eqtl_tested	1026	314	252
overall_non_eqtl_tested	1027	319	256
overall_non_eqtl_tested	1028	318	259
overall_non_eqtl_tested	1029	351	283
overall_non_eqtl_tested	1030	283	242
overall_non_eqtl_tested	1031	323	261
overall_non_eqtl_tested	1032	336	273
overall_non_eqtl_tested	1033	342	281
overall_non_eqtl_tested	1034	317	255
overall_non_eqtl_tested	1035	316	254
overall_non_eqtl_tested	1036	325	266
overall_non_eqtl_tested	1037	326	267
overall_non_eqtl_tested	1038	348	293
overall_non_eqtl_tested	1039	332	273
overall_non_eqtl_tested	1040	307	251
overall_non_eqtl_tested	1041	323	276
overall_non_eqtl_tested	1042	317	262
overall_non_eqtl_tested	1043	320	262
overall_non_eqtl_tested	1044	330	272
overall_non_eqtl_tested	1045	329	267
overall_non_eqtl_tested	1046	334	272
overall_non_eqtl_tested	1047	346	281
overall_non_eqtl_tested	1048	353	290
overall_non_eqtl_tested	1049	305	251
overall_non_eqtl_tested	1050	310	249
overall_non_eqtl_tested	1051	326	260
overall_non_eqtl_tested	1052	307	245
overall_non_eqtl_tested	1053	330	262
overall_non_eqtl_tested	1054	315	257
overall_non_eqtl_tested	1055	334	279
overall_non_eqtl_tested	1056	346	277
overall_non_eqtl_tested	1057	337	282
overall_non_eqtl_tested	1058	358	300
overall_non_eqtl_tested	1059	325	272
overall_non_eqtl_tested	1060	310	253
overall_non_eqtl_tested	1061	342	285
overall_non_eqtl_tested	1062	347	281
overall_non_eqtl_tested	1063	327	269
overall_non_eqtl_tested	1064	334	271
overall_non_eqtl_tested	1065	327	268
overall_non_eqtl_tested	1066	321	265
overall_non_eqtl_tested	1067	306	249
overall_non_eqtl_tested	1068	339	279
overall_non_eqtl_tested	1069	324	260
overall_non_eqtl_tested	1070	326	266
overall_non_eqtl_tested	1071	357	286
overall_non_eqtl_tested	1072	312	257
overall_non_eqtl_tested	1073	314	254
overall_non_eqtl_tested	1074	324	267
overall_non_eqtl_tested	1075	312	264
overall_non_eqtl_tested	1076	353	284
overall_non_eqtl_tested	1077	322	259
overall_non_eqtl_tested	1078	328	272
overall_non_eqtl_tested	1079	325	263
overall_non_eqtl_tested	1080	333	272
overall_non_eqtl_tested	1081	323	260
overall_non_eqtl_tested	1082	316	262
overall_non_eqtl_tested	1083	330	271
overall_non_eqtl_tested	1084	304	248
overall_non_eqtl_tested	1085	309	250
overall_non_eqtl_tested	1086	318	263
overall_non_eqtl_tested	1087	304	248
overall_non_eqtl_tested	1088	314	261
overall_non_eqtl_tested	1089	335	281
overall_non_eqtl_tested	1090	346	278
overall_non_eqtl_tested	1091	339	282
overall_non_eqtl_tested	1092	323	269
overall_non_eqtl_tested	1093	320	261
overall_non_eqtl_tested	1094	326	267
overall_non_eqtl_tested	1095	318	260
overall_non_eqtl_tested	1096	316	263
overall_non_eqtl_tested	1097	316	264
overall_non_eqtl_tested	1098	327	268
overall_non_eqtl_tested	1099	327	259
overall_non_eqtl_tested	1100	325	269
overall_non_eqtl_tested	1101	359	284
overall_non_eqtl_tested	1102	315	255
overall_non_eqtl_tested	1103	331	269
overall_non_eqtl_tested	1104	322	258
overall_non_eqtl_tested	1105	343	275
overall_non_eqtl_tested	1106	309	254
overall_non_eqtl_tested	1107	324	271
overall_non_eqtl_tested	1108	329	265
overall_non_eqtl_tested	1109	312	257
overall_non_eqtl_tested	1110	314	260
overall_non_eqtl_tested	1111	326	266
overall_non_eqtl_tested	1112	309	255
overall_non_eqtl_tested	1113	311	254
overall_non_eqtl_tested	1114	326	270
overall_non_eqtl_tested	1115	320	263
overall_non_eqtl_tested	1116	334	279
overall_non_eqtl_tested	1117	315	259
overall_non_eqtl_tested	1118	319	257
overall_non_eqtl_tested	1119	340	280
overall_non_eqtl_tested	1120	330	266
overall_non_eqtl_tested	1121	328	262
overall_non_eqtl_tested	1122	346	284
overall_non_eqtl_tested	1123	332	275
overall_non_eqtl_tested	1124	341	280
overall_non_eqtl_tested	1125	313	254
overall_non_eqtl_tested	1126	334	267
overall_non_eqtl_tested	1127	348	286
overall_non_eqtl_tested	1128	306	250
overall_non_eqtl_tested	1129	327	263
overall_non_eqtl_tested	1130	335	270
overall_non_eqtl_tested	1131	320	263
overall_non_eqtl_tested	1132	313	249
overall_non_eqtl_tested	1133	303	243
overall_non_eqtl_tested	1134	304	244
overall_non_eqtl_tested	1135	295	243
overall_non_eqtl_tested	1136	333	267
overall_non_eqtl_tested	1137	343	286
overall_non_eqtl_tested	1138	313	254
overall_non_eqtl_tested	1139	339	273
overall_non_eqtl_tested	1140	317	251
overall_non_eqtl_tested	1141	302	249
overall_non_eqtl_tested	1142	337	278
overall_non_eqtl_tested	1143	333	274
overall_non_eqtl_tested	1144	311	252
overall_non_eqtl_tested	1145	340	276
overall_non_eqtl_tested	1146	323	259
overall_non_eqtl_tested	1147	347	279
overall_non_eqtl_tested	1148	351	282
overall_non_eqtl_tested	1149	326	269
overall_non_eqtl_tested	1150	357	282
overall_non_eqtl_tested	1151	322	260
overall_non_eqtl_tested	1152	338	271
overall_non_eqtl_tested	1153	331	272
overall_non_eqtl_tested	1154	308	259
overall_non_eqtl_tested	1155	306	251
overall_non_eqtl_tested	1156	321	263
overall_non_eqtl_tested	1157	323	253
overall_non_eqtl_tested	1158	328	271
overall_non_eqtl_tested	1159	338	276
overall_non_eqtl_tested	1160	312	262
overall_non_eqtl_tested	1161	336	278
overall_non_eqtl_tested	1162	316	258
overall_non_eqtl_tested	1163	316	267
overall_non_eqtl_tested	1164	339	264
overall_non_eqtl_tested	1165	301	246
overall_non_eqtl_tested	1166	328	265
overall_non_eqtl_tested	1167	330	264
overall_non_eqtl_tested	1168	326	271
overall_non_eqtl_tested	1169	310	253
overall_non_eqtl_tested	1170	318	258
overall_non_eqtl_tested	1171	354	291
overall_non_eqtl_tested	1172	327	268
overall_non_eqtl_tested	1173	338	274
overall_non_eqtl_tested	1174	320	254
overall_non_eqtl_tested	1175	334	272
overall_non_eqtl_tested	1176	348	285
overall_non_eqtl_tested	1177	329	271
overall_non_eqtl_tested	1178	321	258
overall_non_eqtl_tested	1179	329	274
overall_non_eqtl_tested	1180	335	283
overall_non_eqtl_tested	1181	335	274
overall_non_eqtl_tested	1182	358	292
overall_non_eqtl_tested	1183	336	274
overall_non_eqtl_tested	1184	312	257
overall_non_eqtl_tested	1185	327	271
overall_non_eqtl_tested	1186	313	255
overall_non_eqtl_tested	1187	317	259
overall_non_eqtl_tested	1188	340	277
overall_non_eqtl_tested	1189	331	260
overall_non_eqtl_tested	1190	335	278
overall_non_eqtl_tested	1191	327	262
overall_non_eqtl_tested	1192	328	274
overall_non_eqtl_tested	1193	314	254
overall_non_eqtl_tested	1194	337	278
overall_non_eqtl_tested	1195	337	276
overall_non_eqtl_tested	1196	320	261
overall_non_eqtl_tested	1197	332	277
overall_non_eqtl_tested	1198	335	280
overall_non_eqtl_tested	1199	313	248
overall_non_eqtl_tested	1200	349	288
overall_non_eqtl_tested	1201	311	245
overall_non_eqtl_tested	1202	347	280
overall_non_eqtl_tested	1203	313	252
overall_non_eqtl_tested	1204	321	256
overall_non_eqtl_tested	1205	342	285
overall_non_eqtl_tested	1206	320	263
overall_non_eqtl_tested	1207	303	250
overall_non_eqtl_tested	1208	332	268
overall_non_eqtl_tested	1209	296	242
overall_non_eqtl_tested	1210	345	272
overall_non_eqtl_tested	1211	336	282
overall_non_eqtl_tested	1212	322	265
overall_non_eqtl_tested	1213	328	264
overall_non_eqtl_tested	1214	314	253
overall_non_eqtl_tested	1215	333	268
overall_non_eqtl_tested	1216	340	278
overall_non_eqtl_tested	1217	330	268
overall_non_eqtl_tested	1218	339	267
overall_non_eqtl_tested	1219	306	249
overall_non_eqtl_tested	1220	323	263
overall_non_eqtl_tested	1221	332	271
overall_non_eqtl_tested	1222	314	254
overall_non_eqtl_tested	1223	340	277
overall_non_eqtl_tested	1224	333	262
overall_non_eqtl_tested	1225	312	256
overall_non_eqtl_tested	1226	322	273
overall_non_eqtl_tested	1227	317	253
overall_non_eqtl_tested	1228	331	269
overall_non_eqtl_tested	1229	330	268
overall_non_eqtl_tested	1230	331	269
overall_non_eqtl_tested	1231	332	275
overall_non_eqtl_tested	1232	311	258
overall_non_eqtl_tested	1233	327	268
overall_non_eqtl_tested	1234	329	271
overall_non_eqtl_tested	1235	332	272
overall_non_eqtl_tested	1236	332	269
overall_non_eqtl_tested	1237	323	264
overall_non_eqtl_tested	1238	321	262
overall_non_eqtl_tested	1239	325	269
overall_non_eqtl_tested	1240	310	255
overall_non_eqtl_tested	1241	337	271
overall_non_eqtl_tested	1242	318	260
overall_non_eqtl_tested	1243	325	264
overall_non_eqtl_tested	1244	350	282
overall_non_eqtl_tested	1245	318	255
overall_non_eqtl_tested	1246	323	268
overall_non_eqtl_tested	1247	306	251
overall_non_eqtl_tested	1248	314	253
overall_non_eqtl_tested	1249	339	273
overall_non_eqtl_tested	1250	321	258
overall_non_eqtl_tested	1251	318	265
overall_non_eqtl_tested	1252	333	270
overall_non_eqtl_tested	1253	323	267
overall_non_eqtl_tested	1254	325	264
overall_non_eqtl_tested	1255	330	269
overall_non_eqtl_tested	1256	307	255
overall_non_eqtl_tested	1257	329	266
overall_non_eqtl_tested	1258	299	242
overall_non_eqtl_tested	1259	326	264
overall_non_eqtl_tested	1260	320	268
overall_non_eqtl_tested	1261	329	266
overall_non_eqtl_tested	1262	337	270
overall_non_eqtl_tested	1263	343	279
overall_non_eqtl_tested	1264	335	274
overall_non_eqtl_tested	1265	324	265
overall_non_eqtl_tested	1266	340	282
overall_non_eqtl_tested	1267	341	270
overall_non_eqtl_tested	1268	328	267
overall_non_eqtl_tested	1269	337	278
overall_non_eqtl_tested	1270	338	278
overall_non_eqtl_tested	1271	324	261
overall_non_eqtl_tested	1272	338	281
overall_non_eqtl_tested	1273	328	270
overall_non_eqtl_tested	1274	326	266
overall_non_eqtl_tested	1275	331	267
overall_non_eqtl_tested	1276	319	259
overall_non_eqtl_tested	1277	321	266
overall_non_eqtl_tested	1278	337	269
overall_non_eqtl_tested	1279	314	257
overall_non_eqtl_tested	1280	334	267
overall_non_eqtl_tested	1281	325	261
overall_non_eqtl_tested	1282	327	275
overall_non_eqtl_tested	1283	323	262
overall_non_eqtl_tested	1284	311	257
overall_non_eqtl_tested	1285	350	285
overall_non_eqtl_tested	1286	296	243
overall_non_eqtl_tested	1287	335	265
overall_non_eqtl_tested	1288	319	264
overall_non_eqtl_tested	1289	333	265
overall_non_eqtl_tested	1290	339	282
overall_non_eqtl_tested	1291	334	268
overall_non_eqtl_tested	1292	338	279
overall_non_eqtl_tested	1293	323	270
overall_non_eqtl_tested	1294	340	275
overall_non_eqtl_tested	1295	341	290
overall_non_eqtl_tested	1296	329	263
overall_non_eqtl_tested	1297	310	256
overall_non_eqtl_tested	1298	328	270
overall_non_eqtl_tested	1299	305	250
overall_non_eqtl_tested	1300	336	273
overall_non_eqtl_tested	1301	332	278
overall_non_eqtl_tested	1302	334	280
overall_non_eqtl_tested	1303	336	274
overall_non_eqtl_tested	1304	314	258
overall_non_eqtl_tested	1305	308	247
overall_non_eqtl_tested	1306	345	277
overall_non_eqtl_tested	1307	320	258
overall_non_eqtl_tested	1308	330	270
overall_non_eqtl_tested	1309	316	251
overall_non_eqtl_tested	1310	316	255
overall_non_eqtl_tested	1311	329	276
overall_non_eqtl_tested	1312	344	283
overall_non_eqtl_tested	1313	353	269
overall_non_eqtl_tested	1314	339	275
overall_non_eqtl_tested	1315	320	255
overall_non_eqtl_tested	1316	316	259
overall_non_eqtl_tested	1317	303	248
overall_non_eqtl_tested	1318	346	271
overall_non_eqtl_tested	1319	324	266
overall_non_eqtl_tested	1320	308	257
overall_non_eqtl_tested	1321	347	282
overall_non_eqtl_tested	1322	333	269
overall_non_eqtl_tested	1323	318	260
overall_non_eqtl_tested	1324	329	266
overall_non_eqtl_tested	1325	336	277
overall_non_eqtl_tested	1326	348	288
overall_non_eqtl_tested	1327	326	268
overall_non_eqtl_tested	1328	328	262
overall_non_eqtl_tested	1329	335	267
overall_non_eqtl_tested	1330	352	275
overall_non_eqtl_tested	1331	310	251
overall_non_eqtl_tested	1332	325	267
overall_non_eqtl_tested	1333	336	272
overall_non_eqtl_tested	1334	331	272
overall_non_eqtl_tested	1335	345	277
overall_non_eqtl_tested	1336	322	268
overall_non_eqtl_tested	1337	323	260
overall_non_eqtl_tested	1338	311	256
overall_non_eqtl_tested	1339	329	263
overall_non_eqtl_tested	1340	312	250
overall_non_eqtl_tested	1341	333	269
overall_non_eqtl_tested	1342	337	276
overall_non_eqtl_tested	1343	324	268
overall_non_eqtl_tested	1344	320	257
overall_non_eqtl_tested	1345	339	270
overall_non_eqtl_tested	1346	318	260
overall_non_eqtl_tested	1347	328	275
overall_non_eqtl_tested	1348	337	282
overall_non_eqtl_tested	1349	326	270
overall_non_eqtl_tested	1350	310	248
overall_non_eqtl_tested	1351	332	277
overall_non_eqtl_tested	1352	309	253
overall_non_eqtl_tested	1353	342	284
overall_non_eqtl_tested	1354	313	267
overall_non_eqtl_tested	1355	320	254
overall_non_eqtl_tested	1356	313	260
overall_non_eqtl_tested	1357	296	239
overall_non_eqtl_tested	1358	321	265
overall_non_eqtl_tested	1359	325	267
overall_non_eqtl_tested	1360	323	265
overall_non_eqtl_tested	1361	309	254
overall_non_eqtl_tested	1362	329	266
overall_non_eqtl_tested	1363	330	254
overall_non_eqtl_tested	1364	361	299
overall_non_eqtl_tested	1365	314	260
overall_non_eqtl_tested	1366	336	265
overall_non_eqtl_tested	1367	316	263
overall_non_eqtl_tested	1368	354	274
overall_non_eqtl_tested	1369	314	254
overall_non_eqtl_tested	1370	323	266
overall_non_eqtl_tested	1371	298	244
overall_non_eqtl_tested	1372	341	275
overall_non_eqtl_tested	1373	320	261
overall_non_eqtl_tested	1374	330	273
overall_non_eqtl_tested	1375	326	263
overall_non_eqtl_tested	1376	324	262
overall_non_eqtl_tested	1377	332	271
overall_non_eqtl_tested	1378	323	256
overall_non_eqtl_tested	1379	330	262
overall_non_eqtl_tested	1380	316	254
overall_non_eqtl_tested	1381	300	251
overall_non_eqtl_tested	1382	309	239
overall_non_eqtl_tested	1383	347	275
overall_non_eqtl_tested	1384	325	261
overall_non_eqtl_tested	1385	333	277
overall_non_eqtl_tested	1386	321	265
overall_non_eqtl_tested	1387	333	275
overall_non_eqtl_tested	1388	321	266
overall_non_eqtl_tested	1389	343	282
overall_non_eqtl_tested	1390	343	284
overall_non_eqtl_tested	1391	311	261
overall_non_eqtl_tested	1392	349	284
overall_non_eqtl_tested	1393	318	264
overall_non_eqtl_tested	1394	321	259
overall_non_eqtl_tested	1395	305	250
overall_non_eqtl_tested	1396	296	242
overall_non_eqtl_tested	1397	341	281
overall_non_eqtl_tested	1398	330	272
overall_non_eqtl_tested	1399	320	259
overall_non_eqtl_tested	1400	345	278
overall_non_eqtl_tested	1401	306	252
overall_non_eqtl_tested	1402	323	266
overall_non_eqtl_tested	1403	331	276
overall_non_eqtl_tested	1404	352	287
overall_non_eqtl_tested	1405	331	270
overall_non_eqtl_tested	1406	320	265
overall_non_eqtl_tested	1407	309	253
overall_non_eqtl_tested	1408	328	266
overall_non_eqtl_tested	1409	335	270
overall_non_eqtl_tested	1410	322	259
overall_non_eqtl_tested	1411	339	276
overall_non_eqtl_tested	1412	329	266
overall_non_eqtl_tested	1413	306	250
overall_non_eqtl_tested	1414	308	248
overall_non_eqtl_tested	1415	326	258
overall_non_eqtl_tested	1416	336	268
overall_non_eqtl_tested	1417	336	263
overall_non_eqtl_tested	1418	327	268
overall_non_eqtl_tested	1419	306	259
overall_non_eqtl_tested	1420	329	266
overall_non_eqtl_tested	1421	341	274
overall_non_eqtl_tested	1422	317	258
overall_non_eqtl_tested	1423	320	256
overall_non_eqtl_tested	1424	318	259
overall_non_eqtl_tested	1425	338	275
overall_non_eqtl_tested	1426	314	255
overall_non_eqtl_tested	1427	329	266
overall_non_eqtl_tested	1428	329	268
overall_non_eqtl_tested	1429	319	254
overall_non_eqtl_tested	1430	294	246
overall_non_eqtl_tested	1431	337	268
overall_non_eqtl_tested	1432	323	265
overall_non_eqtl_tested	1433	333	269
overall_non_eqtl_tested	1434	330	260
overall_non_eqtl_tested	1435	326	267
overall_non_eqtl_tested	1436	310	252
overall_non_eqtl_tested	1437	336	277
overall_non_eqtl_tested	1438	331	280
overall_non_eqtl_tested	1439	352	281
overall_non_eqtl_tested	1440	336	276
overall_non_eqtl_tested	1441	312	263
overall_non_eqtl_tested	1442	334	270
overall_non_eqtl_tested	1443	337	276
overall_non_eqtl_tested	1444	322	267
overall_non_eqtl_tested	1445	314	259
overall_non_eqtl_tested	1446	346	276
overall_non_eqtl_tested	1447	319	254
overall_non_eqtl_tested	1448	309	246
overall_non_eqtl_tested	1449	335	276
overall_non_eqtl_tested	1450	316	254
overall_non_eqtl_tested	1451	340	278
overall_non_eqtl_tested	1452	312	257
overall_non_eqtl_tested	1453	312	250
overall_non_eqtl_tested	1454	348	287
overall_non_eqtl_tested	1455	334	265
overall_non_eqtl_tested	1456	293	247
overall_non_eqtl_tested	1457	331	271
overall_non_eqtl_tested	1458	314	260
overall_non_eqtl_tested	1459	353	286
overall_non_eqtl_tested	1460	317	257
overall_non_eqtl_tested	1461	335	276
overall_non_eqtl_tested	1462	332	276
overall_non_eqtl_tested	1463	322	260
overall_non_eqtl_tested	1464	329	274
overall_non_eqtl_tested	1465	327	268
overall_non_eqtl_tested	1466	313	258
overall_non_eqtl_tested	1467	302	248
overall_non_eqtl_tested	1468	336	271
overall_non_eqtl_tested	1469	296	246
overall_non_eqtl_tested	1470	303	254
overall_non_eqtl_tested	1471	322	255
overall_non_eqtl_tested	1472	313	259
overall_non_eqtl_tested	1473	323	260
overall_non_eqtl_tested	1474	307	250
overall_non_eqtl_tested	1475	351	284
overall_non_eqtl_tested	1476	322	264
overall_non_eqtl_tested	1477	325	265
overall_non_eqtl_tested	1478	326	258
overall_non_eqtl_tested	1479	323	263
overall_non_eqtl_tested	1480	309	257
overall_non_eqtl_tested	1481	339	273
overall_non_eqtl_tested	1482	341	274
overall_non_eqtl_tested	1483	300	241
overall_non_eqtl_tested	1484	329	268
overall_non_eqtl_tested	1485	314	258
overall_non_eqtl_tested	1486	317	261
overall_non_eqtl_tested	1487	320	262
overall_non_eqtl_tested	1488	333	271
overall_non_eqtl_tested	1489	333	272
overall_non_eqtl_tested	1490	309	250
overall_non_eqtl_tested	1491	315	246
overall_non_eqtl_tested	1492	339	274
overall_non_eqtl_tested	1493	330	272
overall_non_eqtl_tested	1494	326	273
overall_non_eqtl_tested	1495	322	260
overall_non_eqtl_tested	1496	337	273
overall_non_eqtl_tested	1497	335	272
overall_non_eqtl_tested	1498	351	294
overall_non_eqtl_tested	1499	336	272
overall_non_eqtl_tested	1500	334	266
overall_non_eqtl_tested	1501	324	264
overall_non_eqtl_tested	1502	331	269
overall_non_eqtl_tested	1503	325	263
overall_non_eqtl_tested	1504	337	266
overall_non_eqtl_tested	1505	336	269
overall_non_eqtl_tested	1506	333	277
overall_non_eqtl_tested	1507	332	269
overall_non_eqtl_tested	1508	328	275
overall_non_eqtl_tested	1509	349	293
overall_non_eqtl_tested	1510	326	259
overall_non_eqtl_tested	1511	307	257
overall_non_eqtl_tested	1512	336	262
overall_non_eqtl_tested	1513	332	264
overall_non_eqtl_tested	1514	310	256
overall_non_eqtl_tested	1515	327	265
overall_non_eqtl_tested	1516	329	266
overall_non_eqtl_tested	1517	303	248
overall_non_eqtl_tested	1518	343	281
overall_non_eqtl_tested	1519	319	265
overall_non_eqtl_tested	1520	309	256
overall_non_eqtl_tested	1521	328	273
overall_non_eqtl_tested	1522	336	277
overall_non_eqtl_tested	1523	337	288
overall_non_eqtl_tested	1524	341	278
overall_non_eqtl_tested	1525	326	269
overall_non_eqtl_tested	1526	344	286
overall_non_eqtl_tested	1527	303	248
overall_non_eqtl_tested	1528	319	262
overall_non_eqtl_tested	1529	335	269
overall_non_eqtl_tested	1530	333	272
overall_non_eqtl_tested	1531	325	268
overall_non_eqtl_tested	1532	316	252
overall_non_eqtl_tested	1533	335	271
overall_non_eqtl_tested	1534	321	270
overall_non_eqtl_tested	1535	330	266
overall_non_eqtl_tested	1536	323	256
overall_non_eqtl_tested	1537	316	261
overall_non_eqtl_tested	1538	325	273
overall_non_eqtl_tested	1539	325	259
overall_non_eqtl_tested	1540	300	245
overall_non_eqtl_tested	1541	312	255
overall_non_eqtl_tested	1542	338	270
overall_non_eqtl_tested	1543	340	275
overall_non_eqtl_tested	1544	326	271
overall_non_eqtl_tested	1545	343	281
overall_non_eqtl_tested	1546	322	264
overall_non_eqtl_tested	1547	375	304
overall_non_eqtl_tested	1548	336	279
overall_non_eqtl_tested	1549	325	263
overall_non_eqtl_tested	1550	329	265
overall_non_eqtl_tested	1551	316	258
overall_non_eqtl_tested	1552	311	252
overall_non_eqtl_tested	1553	333	272
overall_non_eqtl_tested	1554	326	266
overall_non_eqtl_tested	1555	340	274
overall_non_eqtl_tested	1556	338	274
overall_non_eqtl_tested	1557	324	270
overall_non_eqtl_tested	1558	321	261
overall_non_eqtl_tested	1559	315	256
overall_non_eqtl_tested	1560	328	267
overall_non_eqtl_tested	1561	358	296
overall_non_eqtl_tested	1562	331	277
overall_non_eqtl_tested	1563	326	274
overall_non_eqtl_tested	1564	320	257
overall_non_eqtl_tested	1565	313	253
overall_non_eqtl_tested	1566	316	267
overall_non_eqtl_tested	1567	339	271
overall_non_eqtl_tested	1568	321	261
overall_non_eqtl_tested	1569	336	270
overall_non_eqtl_tested	1570	330	270
overall_non_eqtl_tested	1571	308	254
overall_non_eqtl_tested	1572	306	251
overall_non_eqtl_tested	1573	330	271
overall_non_eqtl_tested	1574	317	256
overall_non_eqtl_tested	1575	307	252
overall_non_eqtl_tested	1576	340	282
overall_non_eqtl_tested	1577	306	261
overall_non_eqtl_tested	1578	307	254
overall_non_eqtl_tested	1579	340	275
overall_non_eqtl_tested	1580	336	273
overall_non_eqtl_tested	1581	336	270
overall_non_eqtl_tested	1582	319	267
overall_non_eqtl_tested	1583	335	266
overall_non_eqtl_tested	1584	323	269
overall_non_eqtl_tested	1585	346	277
overall_non_eqtl_tested	1586	330	272
overall_non_eqtl_tested	1587	324	259
overall_non_eqtl_tested	1588	315	262
overall_non_eqtl_tested	1589	316	251
overall_non_eqtl_tested	1590	326	266
overall_non_eqtl_tested	1591	320	260
overall_non_eqtl_tested	1592	334	274
overall_non_eqtl_tested	1593	341	282
overall_non_eqtl_tested	1594	324	254
overall_non_eqtl_tested	1595	323	266
overall_non_eqtl_tested	1596	314	255
overall_non_eqtl_tested	1597	339	276
overall_non_eqtl_tested	1598	341	277
overall_non_eqtl_tested	1599	326	266
overall_non_eqtl_tested	1600	317	257
overall_non_eqtl_tested	1601	318	258
overall_non_eqtl_tested	1602	321	274
overall_non_eqtl_tested	1603	317	257
overall_non_eqtl_tested	1604	339	281
overall_non_eqtl_tested	1605	345	284
overall_non_eqtl_tested	1606	347	273
overall_non_eqtl_tested	1607	320	260
overall_non_eqtl_tested	1608	332	273
overall_non_eqtl_tested	1609	339	275
overall_non_eqtl_tested	1610	318	254
overall_non_eqtl_tested	1611	324	263
overall_non_eqtl_tested	1612	335	266
overall_non_eqtl_tested	1613	331	274
overall_non_eqtl_tested	1614	334	284
overall_non_eqtl_tested	1615	322	266
overall_non_eqtl_tested	1616	315	257
overall_non_eqtl_tested	1617	312	253
overall_non_eqtl_tested	1618	334	264
overall_non_eqtl_tested	1619	334	273
overall_non_eqtl_tested	1620	340	277
overall_non_eqtl_tested	1621	319	261
overall_non_eqtl_tested	1622	315	259
overall_non_eqtl_tested	1623	311	251
overall_non_eqtl_tested	1624	314	263
overall_non_eqtl_tested	1625	319	268
overall_non_eqtl_tested	1626	321	267
overall_non_eqtl_tested	1627	321	263
overall_non_eqtl_tested	1628	303	248
overall_non_eqtl_tested	1629	325	258
overall_non_eqtl_tested	1630	358	293
overall_non_eqtl_tested	1631	331	265
overall_non_eqtl_tested	1632	339	277
overall_non_eqtl_tested	1633	347	276
overall_non_eqtl_tested	1634	307	246
overall_non_eqtl_tested	1635	316	260
overall_non_eqtl_tested	1636	346	280
overall_non_eqtl_tested	1637	323	267
overall_non_eqtl_tested	1638	320	269
overall_non_eqtl_tested	1639	336	277
overall_non_eqtl_tested	1640	324	269
overall_non_eqtl_tested	1641	311	259
overall_non_eqtl_tested	1642	314	263
overall_non_eqtl_tested	1643	323	262
overall_non_eqtl_tested	1644	336	274
overall_non_eqtl_tested	1645	336	271
overall_non_eqtl_tested	1646	327	270
overall_non_eqtl_tested	1647	302	252
overall_non_eqtl_tested	1648	334	267
overall_non_eqtl_tested	1649	315	263
overall_non_eqtl_tested	1650	324	260
overall_non_eqtl_tested	1651	331	268
overall_non_eqtl_tested	1652	332	272
overall_non_eqtl_tested	1653	326	258
overall_non_eqtl_tested	1654	343	283
overall_non_eqtl_tested	1655	329	272
overall_non_eqtl_tested	1656	341	276
overall_non_eqtl_tested	1657	330	275
overall_non_eqtl_tested	1658	350	284
overall_non_eqtl_tested	1659	319	257
overall_non_eqtl_tested	1660	330	272
overall_non_eqtl_tested	1661	332	271
overall_non_eqtl_tested	1662	298	245
overall_non_eqtl_tested	1663	341	275
overall_non_eqtl_tested	1664	332	269
overall_non_eqtl_tested	1665	318	263
overall_non_eqtl_tested	1666	331	272
overall_non_eqtl_tested	1667	316	262
overall_non_eqtl_tested	1668	319	258
overall_non_eqtl_tested	1669	323	257
overall_non_eqtl_tested	1670	334	280
overall_non_eqtl_tested	1671	337	272
overall_non_eqtl_tested	1672	309	261
overall_non_eqtl_tested	1673	309	254
overall_non_eqtl_tested	1674	310	256
overall_non_eqtl_tested	1675	319	255
overall_non_eqtl_tested	1676	327	271
overall_non_eqtl_tested	1677	326	261
overall_non_eqtl_tested	1678	314	258
overall_non_eqtl_tested	1679	333	270
overall_non_eqtl_tested	1680	350	283
overall_non_eqtl_tested	1681	325	274
overall_non_eqtl_tested	1682	315	256
overall_non_eqtl_tested	1683	314	255
overall_non_eqtl_tested	1684	327	268
overall_non_eqtl_tested	1685	334	275
overall_non_eqtl_tested	1686	362	309
overall_non_eqtl_tested	1687	311	254
overall_non_eqtl_tested	1688	323	267
overall_non_eqtl_tested	1689	341	274
overall_non_eqtl_tested	1690	333	271
overall_non_eqtl_tested	1691	325	266
overall_non_eqtl_tested	1692	347	277
overall_non_eqtl_tested	1693	333	271
overall_non_eqtl_tested	1694	331	261
overall_non_eqtl_tested	1695	312	257
overall_non_eqtl_tested	1696	351	274
overall_non_eqtl_tested	1697	325	265
overall_non_eqtl_tested	1698	321	260
overall_non_eqtl_tested	1699	352	282
overall_non_eqtl_tested	1700	327	270
overall_non_eqtl_tested	1701	345	286
overall_non_eqtl_tested	1702	321	267
overall_non_eqtl_tested	1703	344	285
overall_non_eqtl_tested	1704	322	262
overall_non_eqtl_tested	1705	315	251
overall_non_eqtl_tested	1706	343	275
overall_non_eqtl_tested	1707	312	256
overall_non_eqtl_tested	1708	314	255
overall_non_eqtl_tested	1709	340	271
overall_non_eqtl_tested	1710	325	261
overall_non_eqtl_tested	1711	337	267
overall_non_eqtl_tested	1712	318	257
overall_non_eqtl_tested	1713	296	249
overall_non_eqtl_tested	1714	329	267
overall_non_eqtl_tested	1715	336	273
overall_non_eqtl_tested	1716	329	272
overall_non_eqtl_tested	1717	326	263
overall_non_eqtl_tested	1718	338	277
overall_non_eqtl_tested	1719	325	254
overall_non_eqtl_tested	1720	322	267
overall_non_eqtl_tested	1721	314	254
overall_non_eqtl_tested	1722	315	263
overall_non_eqtl_tested	1723	317	263
overall_non_eqtl_tested	1724	324	264
overall_non_eqtl_tested	1725	315	255
overall_non_eqtl_tested	1726	340	278
overall_non_eqtl_tested	1727	307	243
overall_non_eqtl_tested	1728	370	294
overall_non_eqtl_tested	1729	349	286
overall_non_eqtl_tested	1730	331	276
overall_non_eqtl_tested	1731	334	278
overall_non_eqtl_tested	1732	322	258
overall_non_eqtl_tested	1733	352	281
overall_non_eqtl_tested	1734	308	251
overall_non_eqtl_tested	1735	333	263
overall_non_eqtl_tested	1736	342	275
overall_non_eqtl_tested	1737	312	260
overall_non_eqtl_tested	1738	323	268
overall_non_eqtl_tested	1739	333	265
overall_non_eqtl_tested	1740	318	263
overall_non_eqtl_tested	1741	293	246
overall_non_eqtl_tested	1742	335	268
overall_non_eqtl_tested	1743	345	276
overall_non_eqtl_tested	1744	303	248
overall_non_eqtl_tested	1745	327	267
overall_non_eqtl_tested	1746	318	254
overall_non_eqtl_tested	1747	329	269
overall_non_eqtl_tested	1748	311	256
overall_non_eqtl_tested	1749	333	269
overall_non_eqtl_tested	1750	324	262
overall_non_eqtl_tested	1751	312	262
overall_non_eqtl_tested	1752	314	249
overall_non_eqtl_tested	1753	322	258
overall_non_eqtl_tested	1754	316	259
overall_non_eqtl_tested	1755	334	265
overall_non_eqtl_tested	1756	317	267
overall_non_eqtl_tested	1757	339	272
overall_non_eqtl_tested	1758	327	267
overall_non_eqtl_tested	1759	303	240
overall_non_eqtl_tested	1760	331	270
overall_non_eqtl_tested	1761	344	280
overall_non_eqtl_tested	1762	325	270
overall_non_eqtl_tested	1763	328	265
overall_non_eqtl_tested	1764	331	265
overall_non_eqtl_tested	1765	321	252
overall_non_eqtl_tested	1766	298	245
overall_non_eqtl_tested	1767	332	270
overall_non_eqtl_tested	1768	337	282
overall_non_eqtl_tested	1769	328	265
overall_non_eqtl_tested	1770	326	270
overall_non_eqtl_tested	1771	318	254
overall_non_eqtl_tested	1772	324	263
overall_non_eqtl_tested	1773	336	276
overall_non_eqtl_tested	1774	312	252
overall_non_eqtl_tested	1775	317	259
overall_non_eqtl_tested	1776	328	266
overall_non_eqtl_tested	1777	322	265
overall_non_eqtl_tested	1778	305	251
overall_non_eqtl_tested	1779	332	267
overall_non_eqtl_tested	1780	306	243
overall_non_eqtl_tested	1781	329	270
overall_non_eqtl_tested	1782	330	264
overall_non_eqtl_tested	1783	311	250
overall_non_eqtl_tested	1784	332	269
overall_non_eqtl_tested	1785	311	252
overall_non_eqtl_tested	1786	321	259
overall_non_eqtl_tested	1787	321	261
overall_non_eqtl_tested	1788	307	256
overall_non_eqtl_tested	1789	327	264
overall_non_eqtl_tested	1790	336	273
overall_non_eqtl_tested	1791	306	256
overall_non_eqtl_tested	1792	320	266
overall_non_eqtl_tested	1793	326	262
overall_non_eqtl_tested	1794	351	280
overall_non_eqtl_tested	1795	329	262
overall_non_eqtl_tested	1796	310	260
overall_non_eqtl_tested	1797	358	279
overall_non_eqtl_tested	1798	332	273
overall_non_eqtl_tested	1799	325	267
overall_non_eqtl_tested	1800	340	270
overall_non_eqtl_tested	1801	343	283
overall_non_eqtl_tested	1802	339	272
overall_non_eqtl_tested	1803	322	266
overall_non_eqtl_tested	1804	308	250
overall_non_eqtl_tested	1805	354	291
overall_non_eqtl_tested	1806	349	279
overall_non_eqtl_tested	1807	310	253
overall_non_eqtl_tested	1808	311	258
overall_non_eqtl_tested	1809	328	269
overall_non_eqtl_tested	1810	309	253
overall_non_eqtl_tested	1811	307	252
overall_non_eqtl_tested	1812	317	263
overall_non_eqtl_tested	1813	343	282
overall_non_eqtl_tested	1814	319	259
overall_non_eqtl_tested	1815	307	247
overall_non_eqtl_tested	1816	357	291
overall_non_eqtl_tested	1817	320	259
overall_non_eqtl_tested	1818	332	272
overall_non_eqtl_tested	1819	307	251
overall_non_eqtl_tested	1820	337	270
overall_non_eqtl_tested	1821	310	255
overall_non_eqtl_tested	1822	318	262
overall_non_eqtl_tested	1823	289	242
overall_non_eqtl_tested	1824	320	252
overall_non_eqtl_tested	1825	342	278
overall_non_eqtl_tested	1826	292	240
overall_non_eqtl_tested	1827	309	255
overall_non_eqtl_tested	1828	343	284
overall_non_eqtl_tested	1829	325	262
overall_non_eqtl_tested	1830	327	271
overall_non_eqtl_tested	1831	323	266
overall_non_eqtl_tested	1832	318	263
overall_non_eqtl_tested	1833	314	251
overall_non_eqtl_tested	1834	315	264
overall_non_eqtl_tested	1835	358	285
overall_non_eqtl_tested	1836	303	247
overall_non_eqtl_tested	1837	331	268
overall_non_eqtl_tested	1838	339	280
overall_non_eqtl_tested	1839	331	274
overall_non_eqtl_tested	1840	323	260
overall_non_eqtl_tested	1841	332	272
overall_non_eqtl_tested	1842	323	256
overall_non_eqtl_tested	1843	335	264
overall_non_eqtl_tested	1844	326	274
overall_non_eqtl_tested	1845	313	251
overall_non_eqtl_tested	1846	321	259
overall_non_eqtl_tested	1847	322	265
overall_non_eqtl_tested	1848	330	262
overall_non_eqtl_tested	1849	333	270
overall_non_eqtl_tested	1850	349	281
overall_non_eqtl_tested	1851	328	269
overall_non_eqtl_tested	1852	312	259
overall_non_eqtl_tested	1853	334	277
overall_non_eqtl_tested	1854	323	257
overall_non_eqtl_tested	1855	328	277
overall_non_eqtl_tested	1856	330	274
overall_non_eqtl_tested	1857	327	267
overall_non_eqtl_tested	1858	329	261
overall_non_eqtl_tested	1859	300	244
overall_non_eqtl_tested	1860	317	260
overall_non_eqtl_tested	1861	327	256
overall_non_eqtl_tested	1862	340	283
overall_non_eqtl_tested	1863	320	262
overall_non_eqtl_tested	1864	344	281
overall_non_eqtl_tested	1865	340	274
overall_non_eqtl_tested	1866	353	283
overall_non_eqtl_tested	1867	327	266
overall_non_eqtl_tested	1868	341	272
overall_non_eqtl_tested	1869	317	257
overall_non_eqtl_tested	1870	340	280
overall_non_eqtl_tested	1871	329	259
overall_non_eqtl_tested	1872	336	263
overall_non_eqtl_tested	1873	314	255
overall_non_eqtl_tested	1874	340	285
overall_non_eqtl_tested	1875	326	265
overall_non_eqtl_tested	1876	308	253
overall_non_eqtl_tested	1877	345	280
overall_non_eqtl_tested	1878	337	274
overall_non_eqtl_tested	1879	324	264
overall_non_eqtl_tested	1880	310	246
overall_non_eqtl_tested	1881	349	279
overall_non_eqtl_tested	1882	322	257
overall_non_eqtl_tested	1883	340	272
overall_non_eqtl_tested	1884	347	278
overall_non_eqtl_tested	1885	318	264
overall_non_eqtl_tested	1886	337	275
overall_non_eqtl_tested	1887	305	250
overall_non_eqtl_tested	1888	304	251
overall_non_eqtl_tested	1889	334	272
overall_non_eqtl_tested	1890	323	267
overall_non_eqtl_tested	1891	334	272
overall_non_eqtl_tested	1892	323	262
overall_non_eqtl_tested	1893	299	240
overall_non_eqtl_tested	1894	322	259
overall_non_eqtl_tested	1895	343	283
overall_non_eqtl_tested	1896	328	270
overall_non_eqtl_tested	1897	333	281
overall_non_eqtl_tested	1898	326	265
overall_non_eqtl_tested	1899	332	274
overall_non_eqtl_tested	1900	333	267
overall_non_eqtl_tested	1901	345	286
overall_non_eqtl_tested	1902	329	269
overall_non_eqtl_tested	1903	315	254
overall_non_eqtl_tested	1904	333	272
overall_non_eqtl_tested	1905	311	253
overall_non_eqtl_tested	1906	326	273
overall_non_eqtl_tested	1907	322	269
overall_non_eqtl_tested	1908	327	271
overall_non_eqtl_tested	1909	309	253
overall_non_eqtl_tested	1910	317	265
overall_non_eqtl_tested	1911	345	284
overall_non_eqtl_tested	1912	351	282
overall_non_eqtl_tested	1913	327	261
overall_non_eqtl_tested	1914	325	271
overall_non_eqtl_tested	1915	330	271
overall_non_eqtl_tested	1916	324	262
overall_non_eqtl_tested	1917	316	256
overall_non_eqtl_tested	1918	328	263
overall_non_eqtl_tested	1919	339	281
overall_non_eqtl_tested	1920	321	266
overall_non_eqtl_tested	1921	317	261
overall_non_eqtl_tested	1922	311	257
overall_non_eqtl_tested	1923	333	272
overall_non_eqtl_tested	1924	333	268
overall_non_eqtl_tested	1925	333	267
overall_non_eqtl_tested	1926	314	258
overall_non_eqtl_tested	1927	332	273
overall_non_eqtl_tested	1928	318	254
overall_non_eqtl_tested	1929	332	270
overall_non_eqtl_tested	1930	313	257
overall_non_eqtl_tested	1931	328	274
overall_non_eqtl_tested	1932	345	275
overall_non_eqtl_tested	1933	321	257
overall_non_eqtl_tested	1934	314	248
overall_non_eqtl_tested	1935	318	256
overall_non_eqtl_tested	1936	307	245
overall_non_eqtl_tested	1937	325	259
overall_non_eqtl_tested	1938	302	240
overall_non_eqtl_tested	1939	331	267
overall_non_eqtl_tested	1940	328	263
overall_non_eqtl_tested	1941	326	272
overall_non_eqtl_tested	1942	345	281
overall_non_eqtl_tested	1943	359	289
overall_non_eqtl_tested	1944	321	265
overall_non_eqtl_tested	1945	337	268
overall_non_eqtl_tested	1946	329	270
overall_non_eqtl_tested	1947	322	261
overall_non_eqtl_tested	1948	330	263
overall_non_eqtl_tested	1949	317	257
overall_non_eqtl_tested	1950	334	270
overall_non_eqtl_tested	1951	339	279
overall_non_eqtl_tested	1952	333	277
overall_non_eqtl_tested	1953	327	266
overall_non_eqtl_tested	1954	335	284
overall_non_eqtl_tested	1955	317	266
overall_non_eqtl_tested	1956	326	262
overall_non_eqtl_tested	1957	335	269
overall_non_eqtl_tested	1958	335	270
overall_non_eqtl_tested	1959	315	255
overall_non_eqtl_tested	1960	299	244
overall_non_eqtl_tested	1961	368	304
overall_non_eqtl_tested	1962	316	261
overall_non_eqtl_tested	1963	330	270
overall_non_eqtl_tested	1964	329	261
overall_non_eqtl_tested	1965	334	264
overall_non_eqtl_tested	1966	362	292
overall_non_eqtl_tested	1967	323	267
overall_non_eqtl_tested	1968	321	268
overall_non_eqtl_tested	1969	317	264
overall_non_eqtl_tested	1970	315	261
overall_non_eqtl_tested	1971	305	250
overall_non_eqtl_tested	1972	308	244
overall_non_eqtl_tested	1973	339	276
overall_non_eqtl_tested	1974	332	269
overall_non_eqtl_tested	1975	337	280
overall_non_eqtl_tested	1976	337	274
overall_non_eqtl_tested	1977	347	288
overall_non_eqtl_tested	1978	327	266
overall_non_eqtl_tested	1979	323	262
overall_non_eqtl_tested	1980	340	274
overall_non_eqtl_tested	1981	305	249
overall_non_eqtl_tested	1982	310	255
overall_non_eqtl_tested	1983	320	261
overall_non_eqtl_tested	1984	326	268
overall_non_eqtl_tested	1985	331	280
overall_non_eqtl_tested	1986	342	283
overall_non_eqtl_tested	1987	344	286
overall_non_eqtl_tested	1988	329	276
overall_non_eqtl_tested	1989	324	266
overall_non_eqtl_tested	1990	326	272
overall_non_eqtl_tested	1991	323	258
overall_non_eqtl_tested	1992	334	271
overall_non_eqtl_tested	1993	349	279
overall_non_eqtl_tested	1994	309	250
overall_non_eqtl_tested	1995	322	258
overall_non_eqtl_tested	1996	318	263
overall_non_eqtl_tested	1997	318	256
overall_non_eqtl_tested	1998	307	247
overall_non_eqtl_tested	1999	339	268
source_core_exact_n10	0	200	170
source_core_exact_n10	1	204	166
source_core_exact_n10	2	200	169
source_core_exact_n10	3	184	156
source_core_exact_n10	4	193	165
source_core_exact_n10	5	206	173
source_core_exact_n10	6	194	166
source_core_exact_n10	7	203	174
source_core_exact_n10	8	184	155
source_core_exact_n10	9	213	173
source_core_exact_n10	10	206	169
source_core_exact_n10	11	209	180
source_core_exact_n10	12	206	177
source_core_exact_n10	13	220	180
source_core_exact_n10	14	203	171
source_core_exact_n10	15	204	171
source_core_exact_n10	16	202	174
source_core_exact_n10	17	211	176
source_core_exact_n10	18	215	177
source_core_exact_n10	19	176	147
source_core_exact_n10	20	206	169
source_core_exact_n10	21	185	154
source_core_exact_n10	22	172	149
source_core_exact_n10	23	182	158
source_core_exact_n10	24	203	168
source_core_exact_n10	25	192	165
source_core_exact_n10	26	192	162
source_core_exact_n10	27	188	157
source_core_exact_n10	28	205	170
source_core_exact_n10	29	206	173
source_core_exact_n10	30	193	160
source_core_exact_n10	31	215	175
source_core_exact_n10	32	186	160
source_core_exact_n10	33	200	163
source_core_exact_n10	34	202	169
source_core_exact_n10	35	208	175
source_core_exact_n10	36	216	181
source_core_exact_n10	37	205	170
source_core_exact_n10	38	206	173
source_core_exact_n10	39	198	168
source_core_exact_n10	40	209	174
source_core_exact_n10	41	206	172
source_core_exact_n10	42	196	166
source_core_exact_n10	43	207	172
source_core_exact_n10	44	218	183
source_core_exact_n10	45	193	166
source_core_exact_n10	46	220	178
source_core_exact_n10	47	193	165
source_core_exact_n10	48	212	170
source_core_exact_n10	49	213	180
source_core_exact_n10	50	187	157
source_core_exact_n10	51	200	173
source_core_exact_n10	52	222	185
source_core_exact_n10	53	179	154
source_core_exact_n10	54	197	169
source_core_exact_n10	55	211	177
source_core_exact_n10	56	215	184
source_core_exact_n10	57	196	170
source_core_exact_n10	58	198	165
source_core_exact_n10	59	195	166
source_core_exact_n10	60	202	172
source_core_exact_n10	61	193	158
source_core_exact_n10	62	209	173
source_core_exact_n10	63	196	169
source_core_exact_n10	64	199	165
source_core_exact_n10	65	193	166
source_core_exact_n10	66	210	179
source_core_exact_n10	67	188	157
source_core_exact_n10	68	208	172
source_core_exact_n10	69	212	178
source_core_exact_n10	70	198	167
source_core_exact_n10	71	198	166
source_core_exact_n10	72	189	165
source_core_exact_n10	73	205	171
source_core_exact_n10	74	209	171
source_core_exact_n10	75	212	174
source_core_exact_n10	76	209	179
source_core_exact_n10	77	208	178
source_core_exact_n10	78	195	163
source_core_exact_n10	79	205	171
source_core_exact_n10	80	209	176
source_core_exact_n10	81	190	158
source_core_exact_n10	82	195	164
source_core_exact_n10	83	206	168
source_core_exact_n10	84	177	151
source_core_exact_n10	85	199	168
source_core_exact_n10	86	199	167
source_core_exact_n10	87	203	170
source_core_exact_n10	88	207	174
source_core_exact_n10	89	217	182
source_core_exact_n10	90	195	165
source_core_exact_n10	91	200	167
source_core_exact_n10	92	186	153
source_core_exact_n10	93	201	167
source_core_exact_n10	94	192	163
source_core_exact_n10	95	218	184
source_core_exact_n10	96	223	182
source_core_exact_n10	97	195	159
source_core_exact_n10	98	189	162
source_core_exact_n10	99	203	170
source_core_exact_n10	100	222	176
source_core_exact_n10	101	192	164
source_core_exact_n10	102	212	175
source_core_exact_n10	103	200	168
source_core_exact_n10	104	182	158
source_core_exact_n10	105	192	164
source_core_exact_n10	106	193	160
source_core_exact_n10	107	186	156
source_core_exact_n10	108	215	184
source_core_exact_n10	109	216	188
source_core_exact_n10	110	203	166
source_core_exact_n10	111	208	174
source_core_exact_n10	112	203	170
source_core_exact_n10	113	194	167
source_core_exact_n10	114	209	181
source_core_exact_n10	115	188	154
source_core_exact_n10	116	194	166
source_core_exact_n10	117	204	167
source_core_exact_n10	118	227	191
source_core_exact_n10	119	205	174
source_core_exact_n10	120	208	175
source_core_exact_n10	121	203	174
source_core_exact_n10	122	195	166
source_core_exact_n10	123	190	160
source_core_exact_n10	124	195	163
source_core_exact_n10	125	204	174
source_core_exact_n10	126	201	167
source_core_exact_n10	127	192	160
source_core_exact_n10	128	200	170
source_core_exact_n10	129	214	182
source_core_exact_n10	130	186	156
source_core_exact_n10	131	228	194
source_core_exact_n10	132	193	165
source_core_exact_n10	133	206	167
source_core_exact_n10	134	189	155
source_core_exact_n10	135	203	164
source_core_exact_n10	136	202	172
source_core_exact_n10	137	211	177
source_core_exact_n10	138	202	170
source_core_exact_n10	139	194	164
source_core_exact_n10	140	205	173
source_core_exact_n10	141	202	166
source_core_exact_n10	142	226	190
source_core_exact_n10	143	200	166
source_core_exact_n10	144	206	172
source_core_exact_n10	145	218	175
source_core_exact_n10	146	210	171
source_core_exact_n10	147	207	173
source_core_exact_n10	148	215	175
source_core_exact_n10	149	199	170
source_core_exact_n10	150	215	178
source_core_exact_n10	151	204	176
source_core_exact_n10	152	204	167
source_core_exact_n10	153	201	168
source_core_exact_n10	154	184	153
source_core_exact_n10	155	216	177
source_core_exact_n10	156	198	163
source_core_exact_n10	157	211	179
source_core_exact_n10	158	203	169
source_core_exact_n10	159	222	180
source_core_exact_n10	160	194	163
source_core_exact_n10	161	212	176
source_core_exact_n10	162	198	167
source_core_exact_n10	163	206	175
source_core_exact_n10	164	205	168
source_core_exact_n10	165	191	160
source_core_exact_n10	166	209	173
source_core_exact_n10	167	205	176
source_core_exact_n10	168	215	183
source_core_exact_n10	169	188	154
source_core_exact_n10	170	179	152
source_core_exact_n10	171	200	165
source_core_exact_n10	172	189	162
source_core_exact_n10	173	205	172
source_core_exact_n10	174	226	190
source_core_exact_n10	175	199	167
source_core_exact_n10	176	189	164
source_core_exact_n10	177	210	175
source_core_exact_n10	178	208	176
source_core_exact_n10	179	187	157
source_core_exact_n10	180	202	167
source_core_exact_n10	181	201	169
source_core_exact_n10	182	208	177
source_core_exact_n10	183	192	160
source_core_exact_n10	184	201	168
source_core_exact_n10	185	187	159
source_core_exact_n10	186	219	189
source_core_exact_n10	187	186	163
source_core_exact_n10	188	183	158
source_core_exact_n10	189	205	180
source_core_exact_n10	190	196	166
source_core_exact_n10	191	206	170
source_core_exact_n10	192	204	178
source_core_exact_n10	193	207	171
source_core_exact_n10	194	200	169
source_core_exact_n10	195	201	171
source_core_exact_n10	196	193	164
source_core_exact_n10	197	200	168
source_core_exact_n10	198	202	170
source_core_exact_n10	199	209	171
source_core_exact_n10	200	211	177
source_core_exact_n10	201	204	169
source_core_exact_n10	202	201	171
source_core_exact_n10	203	208	178
source_core_exact_n10	204	198	164
source_core_exact_n10	205	206	170
source_core_exact_n10	206	194	163
source_core_exact_n10	207	206	175
source_core_exact_n10	208	196	158
source_core_exact_n10	209	200	172
source_core_exact_n10	210	201	166
source_core_exact_n10	211	202	169
source_core_exact_n10	212	202	173
source_core_exact_n10	213	209	174
source_core_exact_n10	214	203	170
source_core_exact_n10	215	194	163
source_core_exact_n10	216	197	167
source_core_exact_n10	217	213	174
source_core_exact_n10	218	213	178
source_core_exact_n10	219	205	171
source_core_exact_n10	220	212	173
source_core_exact_n10	221	209	180
source_core_exact_n10	222	194	163
source_core_exact_n10	223	189	163
source_core_exact_n10	224	201	173
source_core_exact_n10	225	217	181
source_core_exact_n10	226	205	172
source_core_exact_n10	227	196	167
source_core_exact_n10	228	189	158
source_core_exact_n10	229	200	169
source_core_exact_n10	230	213	185
source_core_exact_n10	231	188	158
source_core_exact_n10	232	192	166
source_core_exact_n10	233	204	168
source_core_exact_n10	234	204	171
source_core_exact_n10	235	202	168
source_core_exact_n10	236	200	170
source_core_exact_n10	237	195	159
source_core_exact_n10	238	202	165
source_core_exact_n10	239	194	163
source_core_exact_n10	240	195	163
source_core_exact_n10	241	192	164
source_core_exact_n10	242	208	172
source_core_exact_n10	243	199	168
source_core_exact_n10	244	195	163
source_core_exact_n10	245	206	171
source_core_exact_n10	246	216	181
source_core_exact_n10	247	203	172
source_core_exact_n10	248	191	163
source_core_exact_n10	249	186	151
source_core_exact_n10	250	208	171
source_core_exact_n10	251	195	163
source_core_exact_n10	252	193	163
source_core_exact_n10	253	204	169
source_core_exact_n10	254	209	176
source_core_exact_n10	255	203	167
source_core_exact_n10	256	211	172
source_core_exact_n10	257	201	169
source_core_exact_n10	258	194	161
source_core_exact_n10	259	204	170
source_core_exact_n10	260	193	160
source_core_exact_n10	261	198	165
source_core_exact_n10	262	215	180
source_core_exact_n10	263	221	184
source_core_exact_n10	264	207	172
source_core_exact_n10	265	197	166
source_core_exact_n10	266	216	177
source_core_exact_n10	267	202	168
source_core_exact_n10	268	185	159
source_core_exact_n10	269	204	172
source_core_exact_n10	270	193	154
source_core_exact_n10	271	202	169
source_core_exact_n10	272	203	174
source_core_exact_n10	273	195	164
source_core_exact_n10	274	202	172
source_core_exact_n10	275	198	170
source_core_exact_n10	276	196	165
source_core_exact_n10	277	193	159
source_core_exact_n10	278	215	173
source_core_exact_n10	279	186	157
source_core_exact_n10	280	181	148
source_core_exact_n10	281	182	152
source_core_exact_n10	282	185	161
source_core_exact_n10	283	206	173
source_core_exact_n10	284	193	165
source_core_exact_n10	285	203	169
source_core_exact_n10	286	204	168
source_core_exact_n10	287	198	167
source_core_exact_n10	288	211	176
source_core_exact_n10	289	196	167
source_core_exact_n10	290	193	165
source_core_exact_n10	291	221	186
source_core_exact_n10	292	202	166
source_core_exact_n10	293	195	167
source_core_exact_n10	294	195	161
source_core_exact_n10	295	196	160
source_core_exact_n10	296	209	173
source_core_exact_n10	297	195	165
source_core_exact_n10	298	186	156
source_core_exact_n10	299	203	168
source_core_exact_n10	300	201	173
source_core_exact_n10	301	204	172
source_core_exact_n10	302	196	169
source_core_exact_n10	303	200	166
source_core_exact_n10	304	197	169
source_core_exact_n10	305	187	157
source_core_exact_n10	306	205	173
source_core_exact_n10	307	222	190
source_core_exact_n10	308	205	169
source_core_exact_n10	309	204	171
source_core_exact_n10	310	208	174
source_core_exact_n10	311	193	166
source_core_exact_n10	312	209	172
source_core_exact_n10	313	193	159
source_core_exact_n10	314	200	161
source_core_exact_n10	315	199	169
source_core_exact_n10	316	218	179
source_core_exact_n10	317	198	164
source_core_exact_n10	318	202	169
source_core_exact_n10	319	198	173
source_core_exact_n10	320	207	179
source_core_exact_n10	321	200	166
source_core_exact_n10	322	201	167
source_core_exact_n10	323	196	166
source_core_exact_n10	324	204	177
source_core_exact_n10	325	220	186
source_core_exact_n10	326	203	171
source_core_exact_n10	327	198	166
source_core_exact_n10	328	212	180
source_core_exact_n10	329	204	167
source_core_exact_n10	330	195	163
source_core_exact_n10	331	205	170
source_core_exact_n10	332	185	158
source_core_exact_n10	333	194	163
source_core_exact_n10	334	208	179
source_core_exact_n10	335	215	180
source_core_exact_n10	336	178	150
source_core_exact_n10	337	213	174
source_core_exact_n10	338	193	167
source_core_exact_n10	339	217	182
source_core_exact_n10	340	186	155
source_core_exact_n10	341	208	178
source_core_exact_n10	342	203	172
source_core_exact_n10	343	203	173
source_core_exact_n10	344	205	169
source_core_exact_n10	345	207	176
source_core_exact_n10	346	212	177
source_core_exact_n10	347	199	167
source_core_exact_n10	348	214	182
source_core_exact_n10	349	213	176
source_core_exact_n10	350	213	179
source_core_exact_n10	351	201	172
source_core_exact_n10	352	183	152
source_core_exact_n10	353	202	171
source_core_exact_n10	354	206	169
source_core_exact_n10	355	178	150
source_core_exact_n10	356	199	165
source_core_exact_n10	357	200	166
source_core_exact_n10	358	199	169
source_core_exact_n10	359	190	156
source_core_exact_n10	360	200	168
source_core_exact_n10	361	203	171
source_core_exact_n10	362	200	168
source_core_exact_n10	363	216	186
source_core_exact_n10	364	201	167
source_core_exact_n10	365	199	168
source_core_exact_n10	366	202	165
source_core_exact_n10	367	188	161
source_core_exact_n10	368	192	166
source_core_exact_n10	369	204	170
source_core_exact_n10	370	220	184
source_core_exact_n10	371	198	173
source_core_exact_n10	372	214	186
source_core_exact_n10	373	196	168
source_core_exact_n10	374	204	165
source_core_exact_n10	375	208	174
source_core_exact_n10	376	208	179
source_core_exact_n10	377	197	167
source_core_exact_n10	378	208	177
source_core_exact_n10	379	202	164
source_core_exact_n10	380	209	173
source_core_exact_n10	381	182	154
source_core_exact_n10	382	195	163
source_core_exact_n10	383	200	173
source_core_exact_n10	384	207	175
source_core_exact_n10	385	182	149
source_core_exact_n10	386	204	170
source_core_exact_n10	387	195	166
source_core_exact_n10	388	209	177
source_core_exact_n10	389	182	155
source_core_exact_n10	390	210	175
source_core_exact_n10	391	200	166
source_core_exact_n10	392	206	174
source_core_exact_n10	393	186	148
source_core_exact_n10	394	211	177
source_core_exact_n10	395	206	170
source_core_exact_n10	396	189	161
source_core_exact_n10	397	200	163
source_core_exact_n10	398	205	172
source_core_exact_n10	399	197	167
source_core_exact_n10	400	198	166
source_core_exact_n10	401	203	172
source_core_exact_n10	402	216	185
source_core_exact_n10	403	194	160
source_core_exact_n10	404	215	180
source_core_exact_n10	405	190	160
source_core_exact_n10	406	200	170
source_core_exact_n10	407	199	165
source_core_exact_n10	408	202	168
source_core_exact_n10	409	190	162
source_core_exact_n10	410	197	166
source_core_exact_n10	411	211	181
source_core_exact_n10	412	197	161
source_core_exact_n10	413	201	170
source_core_exact_n10	414	200	172
source_core_exact_n10	415	207	177
source_core_exact_n10	416	212	170
source_core_exact_n10	417	188	161
source_core_exact_n10	418	211	178
source_core_exact_n10	419	201	167
source_core_exact_n10	420	199	170
source_core_exact_n10	421	209	172
source_core_exact_n10	422	197	163
source_core_exact_n10	423	205	169
source_core_exact_n10	424	203	171
source_core_exact_n10	425	208	177
source_core_exact_n10	426	210	180
source_core_exact_n10	427	176	154
source_core_exact_n10	428	204	170
source_core_exact_n10	429	195	166
source_core_exact_n10	430	214	178
source_core_exact_n10	431	196	166
source_core_exact_n10	432	201	165
source_core_exact_n10	433	192	166
source_core_exact_n10	434	223	182
source_core_exact_n10	435	215	177
source_core_exact_n10	436	191	159
source_core_exact_n10	437	186	161
source_core_exact_n10	438	198	162
source_core_exact_n10	439	204	171
source_core_exact_n10	440	193	154
source_core_exact_n10	441	216	180
source_core_exact_n10	442	201	172
source_core_exact_n10	443	207	171
source_core_exact_n10	444	198	163
source_core_exact_n10	445	192	165
source_core_exact_n10	446	195	161
source_core_exact_n10	447	199	172
source_core_exact_n10	448	203	168
source_core_exact_n10	449	197	163
source_core_exact_n10	450	195	161
source_core_exact_n10	451	190	159
source_core_exact_n10	452	200	162
source_core_exact_n10	453	205	173
source_core_exact_n10	454	195	169
source_core_exact_n10	455	201	170
source_core_exact_n10	456	187	163
source_core_exact_n10	457	208	175
source_core_exact_n10	458	209	180
source_core_exact_n10	459	204	168
source_core_exact_n10	460	205	172
source_core_exact_n10	461	215	183
source_core_exact_n10	462	203	170
source_core_exact_n10	463	211	176
source_core_exact_n10	464	187	159
source_core_exact_n10	465	203	165
source_core_exact_n10	466	193	159
source_core_exact_n10	467	199	164
source_core_exact_n10	468	185	158
source_core_exact_n10	469	210	176
source_core_exact_n10	470	184	155
source_core_exact_n10	471	212	182
source_core_exact_n10	472	191	163
source_core_exact_n10	473	219	184
source_core_exact_n10	474	202	169
source_core_exact_n10	475	209	173
source_core_exact_n10	476	188	161
source_core_exact_n10	477	214	179
source_core_exact_n10	478	190	159
source_core_exact_n10	479	196	158
source_core_exact_n10	480	204	176
source_core_exact_n10	481	189	157
source_core_exact_n10	482	201	171
source_core_exact_n10	483	200	165
source_core_exact_n10	484	195	168
source_core_exact_n10	485	194	157
source_core_exact_n10	486	213	179
source_core_exact_n10	487	204	171
source_core_exact_n10	488	200	170
source_core_exact_n10	489	209	178
source_core_exact_n10	490	204	170
source_core_exact_n10	491	180	150
source_core_exact_n10	492	203	170
source_core_exact_n10	493	217	190
source_core_exact_n10	494	206	175
source_core_exact_n10	495	204	170
source_core_exact_n10	496	204	170
source_core_exact_n10	497	214	181
source_core_exact_n10	498	208	174
source_core_exact_n10	499	189	159
source_core_exact_n10	500	211	177
source_core_exact_n10	501	205	172
source_core_exact_n10	502	211	176
source_core_exact_n10	503	201	170
source_core_exact_n10	504	208	178
source_core_exact_n10	505	199	165
source_core_exact_n10	506	198	169
source_core_exact_n10	507	202	172
source_core_exact_n10	508	205	177
source_core_exact_n10	509	190	162
source_core_exact_n10	510	208	171
source_core_exact_n10	511	214	174
source_core_exact_n10	512	186	156
source_core_exact_n10	513	214	173
source_core_exact_n10	514	202	163
source_core_exact_n10	515	203	168
source_core_exact_n10	516	199	169
source_core_exact_n10	517	198	163
source_core_exact_n10	518	190	162
source_core_exact_n10	519	214	175
source_core_exact_n10	520	204	174
source_core_exact_n10	521	193	163
source_core_exact_n10	522	203	171
source_core_exact_n10	523	193	166
source_core_exact_n10	524	204	171
source_core_exact_n10	525	199	174
source_core_exact_n10	526	212	174
source_core_exact_n10	527	211	171
source_core_exact_n10	528	204	171
source_core_exact_n10	529	202	169
source_core_exact_n10	530	201	172
source_core_exact_n10	531	198	168
source_core_exact_n10	532	195	165
source_core_exact_n10	533	193	158
source_core_exact_n10	534	205	175
source_core_exact_n10	535	196	162
source_core_exact_n10	536	203	174
source_core_exact_n10	537	199	163
source_core_exact_n10	538	193	164
source_core_exact_n10	539	209	176
source_core_exact_n10	540	180	156
source_core_exact_n10	541	189	160
source_core_exact_n10	542	202	171
source_core_exact_n10	543	184	151
source_core_exact_n10	544	197	166
source_core_exact_n10	545	209	169
source_core_exact_n10	546	204	169
source_core_exact_n10	547	210	174
source_core_exact_n10	548	208	176
source_core_exact_n10	549	204	175
source_core_exact_n10	550	189	159
source_core_exact_n10	551	209	174
source_core_exact_n10	552	200	171
source_core_exact_n10	553	190	158
source_core_exact_n10	554	207	175
source_core_exact_n10	555	193	170
source_core_exact_n10	556	195	160
source_core_exact_n10	557	200	167
source_core_exact_n10	558	210	182
source_core_exact_n10	559	192	163
source_core_exact_n10	560	202	168
source_core_exact_n10	561	199	172
source_core_exact_n10	562	203	171
source_core_exact_n10	563	200	169
source_core_exact_n10	564	184	158
source_core_exact_n10	565	207	172
source_core_exact_n10	566	218	185
source_core_exact_n10	567	191	163
source_core_exact_n10	568	237	203
source_core_exact_n10	569	206	173
source_core_exact_n10	570	200	178
source_core_exact_n10	571	195	164
source_core_exact_n10	572	211	169
source_core_exact_n10	573	183	157
source_core_exact_n10	574	208	177
source_core_exact_n10	575	208	180
source_core_exact_n10	576	212	177
source_core_exact_n10	577	204	169
source_core_exact_n10	578	191	164
source_core_exact_n10	579	187	153
source_core_exact_n10	580	196	167
source_core_exact_n10	581	203	169
source_core_exact_n10	582	216	181
source_core_exact_n10	583	213	186
source_core_exact_n10	584	206	175
source_core_exact_n10	585	199	168
source_core_exact_n10	586	195	161
source_core_exact_n10	587	195	169
source_core_exact_n10	588	201	169
source_core_exact_n10	589	202	170
source_core_exact_n10	590	203	164
source_core_exact_n10	591	198	168
source_core_exact_n10	592	209	175
source_core_exact_n10	593	207	169
source_core_exact_n10	594	207	172
source_core_exact_n10	595	198	162
source_core_exact_n10	596	216	180
source_core_exact_n10	597	184	156
source_core_exact_n10	598	195	158
source_core_exact_n10	599	223	186
source_core_exact_n10	600	216	179
source_core_exact_n10	601	194	166
source_core_exact_n10	602	202	168
source_core_exact_n10	603	210	178
source_core_exact_n10	604	212	175
source_core_exact_n10	605	206	174
source_core_exact_n10	606	195	166
source_core_exact_n10	607	197	168
source_core_exact_n10	608	212	178
source_core_exact_n10	609	215	179
source_core_exact_n10	610	191	158
source_core_exact_n10	611	212	178
source_core_exact_n10	612	195	162
source_core_exact_n10	613	205	171
source_core_exact_n10	614	186	158
source_core_exact_n10	615	218	180
source_core_exact_n10	616	190	158
source_core_exact_n10	617	212	174
source_core_exact_n10	618	196	162
source_core_exact_n10	619	210	176
source_core_exact_n10	620	195	166
source_core_exact_n10	621	199	167
source_core_exact_n10	622	229	195
source_core_exact_n10	623	195	166
source_core_exact_n10	624	203	167
source_core_exact_n10	625	217	182
source_core_exact_n10	626	186	160
source_core_exact_n10	627	199	168
source_core_exact_n10	628	210	174
source_core_exact_n10	629	201	166
source_core_exact_n10	630	199	168
source_core_exact_n10	631	201	170
source_core_exact_n10	632	209	171
source_core_exact_n10	633	201	169
source_core_exact_n10	634	213	179
source_core_exact_n10	635	199	170
source_core_exact_n10	636	200	166
source_core_exact_n10	637	198	165
source_core_exact_n10	638	215	182
source_core_exact_n10	639	201	171
source_core_exact_n10	640	198	166
source_core_exact_n10	641	215	174
source_core_exact_n10	642	212	180
source_core_exact_n10	643	182	153
source_core_exact_n10	644	221	182
source_core_exact_n10	645	199	166
source_core_exact_n10	646	216	182
source_core_exact_n10	647	214	177
source_core_exact_n10	648	198	166
source_core_exact_n10	649	208	179
source_core_exact_n10	650	180	148
source_core_exact_n10	651	191	158
source_core_exact_n10	652	212	181
source_core_exact_n10	653	197	163
source_core_exact_n10	654	200	168
source_core_exact_n10	655	203	169
source_core_exact_n10	656	197	162
source_core_exact_n10	657	185	156
source_core_exact_n10	658	198	162
source_core_exact_n10	659	199	169
source_core_exact_n10	660	186	161
source_core_exact_n10	661	197	163
source_core_exact_n10	662	214	180
source_core_exact_n10	663	199	167
source_core_exact_n10	664	223	184
source_core_exact_n10	665	209	177
source_core_exact_n10	666	203	172
source_core_exact_n10	667	204	168
source_core_exact_n10	668	208	179
source_core_exact_n10	669	198	166
source_core_exact_n10	670	216	181
source_core_exact_n10	671	187	156
source_core_exact_n10	672	199	164
source_core_exact_n10	673	196	161
source_core_exact_n10	674	201	176
source_core_exact_n10	675	202	170
source_core_exact_n10	676	209	174
source_core_exact_n10	677	198	165
source_core_exact_n10	678	221	182
source_core_exact_n10	679	192	159
source_core_exact_n10	680	212	179
source_core_exact_n10	681	214	181
source_core_exact_n10	682	187	160
source_core_exact_n10	683	186	159
source_core_exact_n10	684	193	163
source_core_exact_n10	685	207	172
source_core_exact_n10	686	221	185
source_core_exact_n10	687	213	175
source_core_exact_n10	688	207	173
source_core_exact_n10	689	204	169
source_core_exact_n10	690	213	177
source_core_exact_n10	691	204	166
source_core_exact_n10	692	204	173
source_core_exact_n10	693	212	173
source_core_exact_n10	694	192	168
source_core_exact_n10	695	197	167
source_core_exact_n10	696	196	166
source_core_exact_n10	697	190	160
source_core_exact_n10	698	209	178
source_core_exact_n10	699	200	171
source_core_exact_n10	700	182	153
source_core_exact_n10	701	183	154
source_core_exact_n10	702	205	172
source_core_exact_n10	703	200	173
source_core_exact_n10	704	192	161
source_core_exact_n10	705	205	172
source_core_exact_n10	706	209	179
source_core_exact_n10	707	194	161
source_core_exact_n10	708	208	166
source_core_exact_n10	709	220	184
source_core_exact_n10	710	214	176
source_core_exact_n10	711	212	177
source_core_exact_n10	712	204	170
source_core_exact_n10	713	179	153
source_core_exact_n10	714	204	171
source_core_exact_n10	715	209	173
source_core_exact_n10	716	215	175
source_core_exact_n10	717	192	162
source_core_exact_n10	718	204	169
source_core_exact_n10	719	187	156
source_core_exact_n10	720	203	169
source_core_exact_n10	721	212	181
source_core_exact_n10	722	199	169
source_core_exact_n10	723	201	167
source_core_exact_n10	724	196	163
source_core_exact_n10	725	194	159
source_core_exact_n10	726	195	166
source_core_exact_n10	727	195	168
source_core_exact_n10	728	196	162
source_core_exact_n10	729	194	161
source_core_exact_n10	730	202	171
source_core_exact_n10	731	205	178
source_core_exact_n10	732	206	169
source_core_exact_n10	733	187	154
source_core_exact_n10	734	194	156
source_core_exact_n10	735	194	166
source_core_exact_n10	736	209	175
source_core_exact_n10	737	196	162
source_core_exact_n10	738	195	160
source_core_exact_n10	739	192	165
source_core_exact_n10	740	180	150
source_core_exact_n10	741	220	180
source_core_exact_n10	742	179	153
source_core_exact_n10	743	197	169
source_core_exact_n10	744	206	172
source_core_exact_n10	745	190	155
source_core_exact_n10	746	187	154
source_core_exact_n10	747	198	166
source_core_exact_n10	748	203	170
source_core_exact_n10	749	190	152
source_core_exact_n10	750	200	164
source_core_exact_n10	751	185	152
source_core_exact_n10	752	202	168
source_core_exact_n10	753	207	172
source_core_exact_n10	754	199	171
source_core_exact_n10	755	199	161
source_core_exact_n10	756	195	163
source_core_exact_n10	757	201	163
source_core_exact_n10	758	196	168
source_core_exact_n10	759	199	170
source_core_exact_n10	760	191	164
source_core_exact_n10	761	203	171
source_core_exact_n10	762	211	174
source_core_exact_n10	763	204	176
source_core_exact_n10	764	213	169
source_core_exact_n10	765	197	166
source_core_exact_n10	766	223	182
source_core_exact_n10	767	203	170
source_core_exact_n10	768	205	166
source_core_exact_n10	769	177	144
source_core_exact_n10	770	192	162
source_core_exact_n10	771	195	166
source_core_exact_n10	772	194	165
source_core_exact_n10	773	216	180
source_core_exact_n10	774	208	174
source_core_exact_n10	775	198	169
source_core_exact_n10	776	194	164
source_core_exact_n10	777	206	169
source_core_exact_n10	778	212	177
source_core_exact_n10	779	204	176
source_core_exact_n10	780	189	160
source_core_exact_n10	781	225	188
source_core_exact_n10	782	204	167
source_core_exact_n10	783	209	176
source_core_exact_n10	784	204	165
source_core_exact_n10	785	208	178
source_core_exact_n10	786	196	163
source_core_exact_n10	787	187	155
source_core_exact_n10	788	228	189
source_core_exact_n10	789	214	177
source_core_exact_n10	790	208	177
source_core_exact_n10	791	198	164
source_core_exact_n10	792	197	164
source_core_exact_n10	793	202	167
source_core_exact_n10	794	201	178
source_core_exact_n10	795	189	156
source_core_exact_n10	796	185	158
source_core_exact_n10	797	194	161
source_core_exact_n10	798	190	161
source_core_exact_n10	799	206	172
source_core_exact_n10	800	194	164
source_core_exact_n10	801	209	169
source_core_exact_n10	802	207	172
source_core_exact_n10	803	195	163
source_core_exact_n10	804	205	175
source_core_exact_n10	805	195	169
source_core_exact_n10	806	217	179
source_core_exact_n10	807	205	173
source_core_exact_n10	808	213	180
source_core_exact_n10	809	197	166
source_core_exact_n10	810	204	167
source_core_exact_n10	811	197	161
source_core_exact_n10	812	198	162
source_core_exact_n10	813	196	158
source_core_exact_n10	814	208	179
source_core_exact_n10	815	197	167
source_core_exact_n10	816	189	156
source_core_exact_n10	817	193	163
source_core_exact_n10	818	200	172
source_core_exact_n10	819	206	166
source_core_exact_n10	820	203	174
source_core_exact_n10	821	206	174
source_core_exact_n10	822	189	161
source_core_exact_n10	823	203	170
source_core_exact_n10	824	203	168
source_core_exact_n10	825	192	160
source_core_exact_n10	826	210	173
source_core_exact_n10	827	188	155
source_core_exact_n10	828	201	170
source_core_exact_n10	829	208	173
source_core_exact_n10	830	198	167
source_core_exact_n10	831	206	173
source_core_exact_n10	832	190	158
source_core_exact_n10	833	193	164
source_core_exact_n10	834	197	159
source_core_exact_n10	835	195	162
source_core_exact_n10	836	195	160
source_core_exact_n10	837	213	182
source_core_exact_n10	838	202	171
source_core_exact_n10	839	206	171
source_core_exact_n10	840	194	164
source_core_exact_n10	841	215	172
source_core_exact_n10	842	188	158
source_core_exact_n10	843	192	161
source_core_exact_n10	844	195	161
source_core_exact_n10	845	201	171
source_core_exact_n10	846	198	170
source_core_exact_n10	847	214	175
source_core_exact_n10	848	200	171
source_core_exact_n10	849	206	171
source_core_exact_n10	850	206	170
source_core_exact_n10	851	195	165
source_core_exact_n10	852	195	158
source_core_exact_n10	853	201	167
source_core_exact_n10	854	211	171
source_core_exact_n10	855	198	172
source_core_exact_n10	856	199	166
source_core_exact_n10	857	207	170
source_core_exact_n10	858	205	168
source_core_exact_n10	859	195	158
source_core_exact_n10	860	204	172
source_core_exact_n10	861	199	169
source_core_exact_n10	862	208	173
source_core_exact_n10	863	208	175
source_core_exact_n10	864	195	168
source_core_exact_n10	865	200	168
source_core_exact_n10	866	205	175
source_core_exact_n10	867	195	166
source_core_exact_n10	868	211	173
source_core_exact_n10	869	195	161
source_core_exact_n10	870	192	158
source_core_exact_n10	871	201	167
source_core_exact_n10	872	203	169
source_core_exact_n10	873	196	163
source_core_exact_n10	874	194	169
source_core_exact_n10	875	207	173
source_core_exact_n10	876	189	161
source_core_exact_n10	877	205	176
source_core_exact_n10	878	197	167
source_core_exact_n10	879	199	171
source_core_exact_n10	880	200	169
source_core_exact_n10	881	186	155
source_core_exact_n10	882	207	175
source_core_exact_n10	883	190	158
source_core_exact_n10	884	196	160
source_core_exact_n10	885	199	165
source_core_exact_n10	886	197	166
source_core_exact_n10	887	198	167
source_core_exact_n10	888	196	167
source_core_exact_n10	889	215	178
source_core_exact_n10	890	206	167
source_core_exact_n10	891	199	164
source_core_exact_n10	892	204	167
source_core_exact_n10	893	204	169
source_core_exact_n10	894	207	171
source_core_exact_n10	895	216	183
source_core_exact_n10	896	195	164
source_core_exact_n10	897	198	167
source_core_exact_n10	898	191	156
source_core_exact_n10	899	212	177
source_core_exact_n10	900	207	173
source_core_exact_n10	901	220	187
source_core_exact_n10	902	199	169
source_core_exact_n10	903	192	167
source_core_exact_n10	904	192	164
source_core_exact_n10	905	214	179
source_core_exact_n10	906	220	184
source_core_exact_n10	907	187	154
source_core_exact_n10	908	207	174
source_core_exact_n10	909	211	181
source_core_exact_n10	910	186	158
source_core_exact_n10	911	207	170
source_core_exact_n10	912	203	170
source_core_exact_n10	913	200	173
source_core_exact_n10	914	211	172
source_core_exact_n10	915	209	175
source_core_exact_n10	916	206	170
source_core_exact_n10	917	203	174
source_core_exact_n10	918	203	173
source_core_exact_n10	919	198	165
source_core_exact_n10	920	198	165
source_core_exact_n10	921	213	177
source_core_exact_n10	922	191	155
source_core_exact_n10	923	201	169
source_core_exact_n10	924	206	175
source_core_exact_n10	925	204	171
source_core_exact_n10	926	208	170
source_core_exact_n10	927	218	186
source_core_exact_n10	928	201	171
source_core_exact_n10	929	217	178
source_core_exact_n10	930	198	165
source_core_exact_n10	931	189	160
source_core_exact_n10	932	203	171
source_core_exact_n10	933	210	179
source_core_exact_n10	934	192	158
source_core_exact_n10	935	197	162
source_core_exact_n10	936	192	157
source_core_exact_n10	937	194	165
source_core_exact_n10	938	203	172
source_core_exact_n10	939	196	164
source_core_exact_n10	940	206	174
source_core_exact_n10	941	215	181
source_core_exact_n10	942	190	165
source_core_exact_n10	943	198	154
source_core_exact_n10	944	197	170
source_core_exact_n10	945	191	161
source_core_exact_n10	946	216	177
source_core_exact_n10	947	204	167
source_core_exact_n10	948	192	165
source_core_exact_n10	949	203	174
source_core_exact_n10	950	205	173
source_core_exact_n10	951	206	176
source_core_exact_n10	952	204	170
source_core_exact_n10	953	206	172
source_core_exact_n10	954	212	180
source_core_exact_n10	955	182	156
source_core_exact_n10	956	190	159
source_core_exact_n10	957	196	169
source_core_exact_n10	958	195	163
source_core_exact_n10	959	198	168
source_core_exact_n10	960	217	179
source_core_exact_n10	961	203	171
source_core_exact_n10	962	196	164
source_core_exact_n10	963	202	165
source_core_exact_n10	964	194	163
source_core_exact_n10	965	198	159
source_core_exact_n10	966	188	158
source_core_exact_n10	967	191	164
source_core_exact_n10	968	200	170
source_core_exact_n10	969	199	171
source_core_exact_n10	970	211	177
source_core_exact_n10	971	182	151
source_core_exact_n10	972	212	175
source_core_exact_n10	973	207	171
source_core_exact_n10	974	199	163
source_core_exact_n10	975	216	181
source_core_exact_n10	976	211	172
source_core_exact_n10	977	199	163
source_core_exact_n10	978	181	153
source_core_exact_n10	979	195	168
source_core_exact_n10	980	205	169
source_core_exact_n10	981	200	164
source_core_exact_n10	982	204	173
source_core_exact_n10	983	199	164
source_core_exact_n10	984	195	165
source_core_exact_n10	985	201	168
source_core_exact_n10	986	199	168
source_core_exact_n10	987	192	165
source_core_exact_n10	988	209	173
source_core_exact_n10	989	202	169
source_core_exact_n10	990	192	162
source_core_exact_n10	991	201	170
source_core_exact_n10	992	192	163
source_core_exact_n10	993	200	168
source_core_exact_n10	994	202	168
source_core_exact_n10	995	192	159
source_core_exact_n10	996	200	171
source_core_exact_n10	997	204	173
source_core_exact_n10	998	201	171
source_core_exact_n10	999	201	175
source_core_exact_n10	1000	193	165
source_core_exact_n10	1001	205	174
source_core_exact_n10	1002	205	167
source_core_exact_n10	1003	206	169
source_core_exact_n10	1004	204	168
source_core_exact_n10	1005	209	176
source_core_exact_n10	1006	195	163
source_core_exact_n10	1007	199	164
source_core_exact_n10	1008	202	169
source_core_exact_n10	1009	189	153
source_core_exact_n10	1010	197	170
source_core_exact_n10	1011	207	171
source_core_exact_n10	1012	210	170
source_core_exact_n10	1013	191	159
source_core_exact_n10	1014	197	166
source_core_exact_n10	1015	207	168
source_core_exact_n10	1016	215	179
source_core_exact_n10	1017	197	170
source_core_exact_n10	1018	208	176
source_core_exact_n10	1019	194	162
source_core_exact_n10	1020	209	175
source_core_exact_n10	1021	212	181
source_core_exact_n10	1022	194	161
source_core_exact_n10	1023	187	159
source_core_exact_n10	1024	209	173
source_core_exact_n10	1025	196	162
source_core_exact_n10	1026	191	163
source_core_exact_n10	1027	187	163
source_core_exact_n10	1028	186	158
source_core_exact_n10	1029	205	172
source_core_exact_n10	1030	213	176
source_core_exact_n10	1031	183	154
source_core_exact_n10	1032	211	178
source_core_exact_n10	1033	193	158
source_core_exact_n10	1034	191	161
source_core_exact_n10	1035	202	175
source_core_exact_n10	1036	204	168
source_core_exact_n10	1037	188	161
source_core_exact_n10	1038	199	167
source_core_exact_n10	1039	198	164
source_core_exact_n10	1040	212	172
source_core_exact_n10	1041	210	171
source_core_exact_n10	1042	197	173
source_core_exact_n10	1043	196	166
source_core_exact_n10	1044	191	164
source_core_exact_n10	1045	205	168
source_core_exact_n10	1046	215	180
source_core_exact_n10	1047	192	166
source_core_exact_n10	1048	189	162
source_core_exact_n10	1049	203	175
source_core_exact_n10	1050	209	173
source_core_exact_n10	1051	207	169
source_core_exact_n10	1052	209	177
source_core_exact_n10	1053	192	166
source_core_exact_n10	1054	199	172
source_core_exact_n10	1055	202	167
source_core_exact_n10	1056	205	174
source_core_exact_n10	1057	210	174
source_core_exact_n10	1058	199	167
source_core_exact_n10	1059	205	176
source_core_exact_n10	1060	198	165
source_core_exact_n10	1061	221	183
source_core_exact_n10	1062	196	161
source_core_exact_n10	1063	193	167
source_core_exact_n10	1064	199	165
source_core_exact_n10	1065	186	156
source_core_exact_n10	1066	188	157
source_core_exact_n10	1067	215	177
source_core_exact_n10	1068	199	162
source_core_exact_n10	1069	187	159
source_core_exact_n10	1070	228	188
source_core_exact_n10	1071	212	180
source_core_exact_n10	1072	197	166
source_core_exact_n10	1073	185	152
source_core_exact_n10	1074	200	178
source_core_exact_n10	1075	213	177
source_core_exact_n10	1076	194	165
source_core_exact_n10	1077	192	161
source_core_exact_n10	1078	201	168
source_core_exact_n10	1079	205	173
source_core_exact_n10	1080	184	155
source_core_exact_n10	1081	182	155
source_core_exact_n10	1082	202	172
source_core_exact_n10	1083	202	166
source_core_exact_n10	1084	215	178
source_core_exact_n10	1085	197	161
source_core_exact_n10	1086	215	180
source_core_exact_n10	1087	202	168
source_core_exact_n10	1088	184	157
source_core_exact_n10	1089	198	166
source_core_exact_n10	1090	198	169
source_core_exact_n10	1091	200	162
source_core_exact_n10	1092	191	163
source_core_exact_n10	1093	203	167
source_core_exact_n10	1094	204	169
source_core_exact_n10	1095	197	165
source_core_exact_n10	1096	198	168
source_core_exact_n10	1097	190	162
source_core_exact_n10	1098	196	166
source_core_exact_n10	1099	190	156
source_core_exact_n10	1100	190	159
source_core_exact_n10	1101	190	158
source_core_exact_n10	1102	201	167
source_core_exact_n10	1103	200	163
source_core_exact_n10	1104	196	167
source_core_exact_n10	1105	211	177
source_core_exact_n10	1106	188	154
source_core_exact_n10	1107	188	155
source_core_exact_n10	1108	196	163
source_core_exact_n10	1109	198	159
source_core_exact_n10	1110	182	157
source_core_exact_n10	1111	190	161
source_core_exact_n10	1112	221	183
source_core_exact_n10	1113	201	171
source_core_exact_n10	1114	209	173
source_core_exact_n10	1115	200	168
source_core_exact_n10	1116	204	170
source_core_exact_n10	1117	199	164
source_core_exact_n10	1118	205	175
source_core_exact_n10	1119	200	162
source_core_exact_n10	1120	200	165
source_core_exact_n10	1121	210	169
source_core_exact_n10	1122	192	164
source_core_exact_n10	1123	186	157
source_core_exact_n10	1124	207	174
source_core_exact_n10	1125	200	166
source_core_exact_n10	1126	209	170
source_core_exact_n10	1127	211	179
source_core_exact_n10	1128	197	166
source_core_exact_n10	1129	192	168
source_core_exact_n10	1130	210	164
source_core_exact_n10	1131	207	175
source_core_exact_n10	1132	203	167
source_core_exact_n10	1133	192	162
source_core_exact_n10	1134	204	173
source_core_exact_n10	1135	189	162
source_core_exact_n10	1136	216	181
source_core_exact_n10	1137	189	155
source_core_exact_n10	1138	193	158
source_core_exact_n10	1139	215	179
source_core_exact_n10	1140	208	175
source_core_exact_n10	1141	215	180
source_core_exact_n10	1142	193	163
source_core_exact_n10	1143	201	176
source_core_exact_n10	1144	209	183
source_core_exact_n10	1145	209	172
source_core_exact_n10	1146	193	159
source_core_exact_n10	1147	188	157
source_core_exact_n10	1148	213	180
source_core_exact_n10	1149	191	163
source_core_exact_n10	1150	192	162
source_core_exact_n10	1151	201	171
source_core_exact_n10	1152	190	160
source_core_exact_n10	1153	195	169
source_core_exact_n10	1154	209	172
source_core_exact_n10	1155	208	179
source_core_exact_n10	1156	213	180
source_core_exact_n10	1157	199	169
source_core_exact_n10	1158	206	168
source_core_exact_n10	1159	188	158
source_core_exact_n10	1160	203	171
source_core_exact_n10	1161	214	178
source_core_exact_n10	1162	187	156
source_core_exact_n10	1163	196	166
source_core_exact_n10	1164	204	174
source_core_exact_n10	1165	195	164
source_core_exact_n10	1166	195	160
source_core_exact_n10	1167	181	151
source_core_exact_n10	1168	204	167
source_core_exact_n10	1169	191	162
source_core_exact_n10	1170	207	179
source_core_exact_n10	1171	191	165
source_core_exact_n10	1172	191	157
source_core_exact_n10	1173	192	157
source_core_exact_n10	1174	191	161
source_core_exact_n10	1175	210	174
source_core_exact_n10	1176	217	183
source_core_exact_n10	1177	203	169
source_core_exact_n10	1178	206	172
source_core_exact_n10	1179	198	170
source_core_exact_n10	1180	208	174
source_core_exact_n10	1181	194	160
source_core_exact_n10	1182	198	167
source_core_exact_n10	1183	209	175
source_core_exact_n10	1184	212	176
source_core_exact_n10	1185	202	172
source_core_exact_n10	1186	193	161
source_core_exact_n10	1187	207	178
source_core_exact_n10	1188	210	173
source_core_exact_n10	1189	191	161
source_core_exact_n10	1190	215	183
source_core_exact_n10	1191	202	170
source_core_exact_n10	1192	173	142
source_core_exact_n10	1193	197	162
source_core_exact_n10	1194	192	162
source_core_exact_n10	1195	222	183
source_core_exact_n10	1196	189	158
source_core_exact_n10	1197	208	170
source_core_exact_n10	1198	201	163
source_core_exact_n10	1199	199	166
source_core_exact_n10	1200	208	179
source_core_exact_n10	1201	207	174
source_core_exact_n10	1202	197	164
source_core_exact_n10	1203	213	175
source_core_exact_n10	1204	201	169
source_core_exact_n10	1205	188	159
source_core_exact_n10	1206	196	167
source_core_exact_n10	1207	203	165
source_core_exact_n10	1208	202	165
source_core_exact_n10	1209	192	161
source_core_exact_n10	1210	206	170
source_core_exact_n10	1211	197	173
source_core_exact_n10	1212	189	155
source_core_exact_n10	1213	194	162
source_core_exact_n10	1214	197	164
source_core_exact_n10	1215	209	176
source_core_exact_n10	1216	210	174
source_core_exact_n10	1217	198	167
source_core_exact_n10	1218	200	168
source_core_exact_n10	1219	202	167
source_core_exact_n10	1220	193	155
source_core_exact_n10	1221	203	172
source_core_exact_n10	1222	218	181
source_core_exact_n10	1223	189	157
source_core_exact_n10	1224	186	157
source_core_exact_n10	1225	192	163
source_core_exact_n10	1226	203	170
source_core_exact_n10	1227	203	168
source_core_exact_n10	1228	208	177
source_core_exact_n10	1229	190	158
source_core_exact_n10	1230	194	160
source_core_exact_n10	1231	195	165
source_core_exact_n10	1232	207	174
source_core_exact_n10	1233	191	156
source_core_exact_n10	1234	191	161
source_core_exact_n10	1235	189	158
source_core_exact_n10	1236	205	169
source_core_exact_n10	1237	209	173
source_core_exact_n10	1238	194	159
source_core_exact_n10	1239	185	157
source_core_exact_n10	1240	212	183
source_core_exact_n10	1241	175	143
source_core_exact_n10	1242	202	166
source_core_exact_n10	1243	203	173
source_core_exact_n10	1244	201	170
source_core_exact_n10	1245	190	154
source_core_exact_n10	1246	188	159
source_core_exact_n10	1247	190	158
source_core_exact_n10	1248	212	178
source_core_exact_n10	1249	199	169
source_core_exact_n10	1250	192	168
source_core_exact_n10	1251	209	171
source_core_exact_n10	1252	195	165
source_core_exact_n10	1253	207	172
source_core_exact_n10	1254	183	158
source_core_exact_n10	1255	197	172
source_core_exact_n10	1256	202	173
source_core_exact_n10	1257	188	153
source_core_exact_n10	1258	207	174
source_core_exact_n10	1259	196	165
source_core_exact_n10	1260	214	176
source_core_exact_n10	1261	222	186
source_core_exact_n10	1262	204	165
source_core_exact_n10	1263	227	189
source_core_exact_n10	1264	208	174
source_core_exact_n10	1265	198	169
source_core_exact_n10	1266	202	173
source_core_exact_n10	1267	202	167
source_core_exact_n10	1268	190	162
source_core_exact_n10	1269	214	178
source_core_exact_n10	1270	202	167
source_core_exact_n10	1271	215	181
source_core_exact_n10	1272	206	171
source_core_exact_n10	1273	202	169
source_core_exact_n10	1274	194	167
source_core_exact_n10	1275	216	180
source_core_exact_n10	1276	192	161
source_core_exact_n10	1277	200	165
source_core_exact_n10	1278	176	149
source_core_exact_n10	1279	211	177
source_core_exact_n10	1280	214	178
source_core_exact_n10	1281	192	168
source_core_exact_n10	1282	200	168
source_core_exact_n10	1283	212	172
source_core_exact_n10	1284	191	158
source_core_exact_n10	1285	199	168
source_core_exact_n10	1286	213	180
source_core_exact_n10	1287	209	173
source_core_exact_n10	1288	200	168
source_core_exact_n10	1289	187	159
source_core_exact_n10	1290	204	178
source_core_exact_n10	1291	200	171
source_core_exact_n10	1292	199	168
source_core_exact_n10	1293	193	157
source_core_exact_n10	1294	186	155
source_core_exact_n10	1295	215	174
source_core_exact_n10	1296	212	171
source_core_exact_n10	1297	202	166
source_core_exact_n10	1298	187	161
source_core_exact_n10	1299	210	181
source_core_exact_n10	1300	184	157
source_core_exact_n10	1301	201	171
source_core_exact_n10	1302	190	161
source_core_exact_n10	1303	195	167
source_core_exact_n10	1304	193	162
source_core_exact_n10	1305	204	170
source_core_exact_n10	1306	213	176
source_core_exact_n10	1307	220	183
source_core_exact_n10	1308	209	177
source_core_exact_n10	1309	212	176
source_core_exact_n10	1310	197	164
source_core_exact_n10	1311	223	188
source_core_exact_n10	1312	197	169
source_core_exact_n10	1313	181	151
source_core_exact_n10	1314	196	168
source_core_exact_n10	1315	191	158
source_core_exact_n10	1316	207	170
source_core_exact_n10	1317	196	164
source_core_exact_n10	1318	207	177
source_core_exact_n10	1319	194	163
source_core_exact_n10	1320	216	184
source_core_exact_n10	1321	207	169
source_core_exact_n10	1322	185	157
source_core_exact_n10	1323	215	184
source_core_exact_n10	1324	204	170
source_core_exact_n10	1325	213	176
source_core_exact_n10	1326	191	162
source_core_exact_n10	1327	201	167
source_core_exact_n10	1328	180	152
source_core_exact_n10	1329	189	165
source_core_exact_n10	1330	204	173
source_core_exact_n10	1331	206	174
source_core_exact_n10	1332	225	182
source_core_exact_n10	1333	193	160
source_core_exact_n10	1334	215	181
source_core_exact_n10	1335	221	188
source_core_exact_n10	1336	202	166
source_core_exact_n10	1337	193	156
source_core_exact_n10	1338	195	163
source_core_exact_n10	1339	198	163
source_core_exact_n10	1340	196	169
source_core_exact_n10	1341	208	172
source_core_exact_n10	1342	207	174
source_core_exact_n10	1343	188	160
source_core_exact_n10	1344	215	178
source_core_exact_n10	1345	196	163
source_core_exact_n10	1346	202	168
source_core_exact_n10	1347	202	172
source_core_exact_n10	1348	221	192
source_core_exact_n10	1349	213	182
source_core_exact_n10	1350	197	161
source_core_exact_n10	1351	188	156
source_core_exact_n10	1352	204	179
source_core_exact_n10	1353	211	176
source_core_exact_n10	1354	205	174
source_core_exact_n10	1355	194	163
source_core_exact_n10	1356	201	166
source_core_exact_n10	1357	192	166
source_core_exact_n10	1358	196	159
source_core_exact_n10	1359	221	189
source_core_exact_n10	1360	197	170
source_core_exact_n10	1361	203	167
source_core_exact_n10	1362	221	181
source_core_exact_n10	1363	184	156
source_core_exact_n10	1364	194	166
source_core_exact_n10	1365	189	163
source_core_exact_n10	1366	198	166
source_core_exact_n10	1367	209	177
source_core_exact_n10	1368	189	161
source_core_exact_n10	1369	204	172
source_core_exact_n10	1370	211	178
source_core_exact_n10	1371	197	162
source_core_exact_n10	1372	200	166
source_core_exact_n10	1373	186	157
source_core_exact_n10	1374	189	160
source_core_exact_n10	1375	195	165
source_core_exact_n10	1376	212	177
source_core_exact_n10	1377	183	155
source_core_exact_n10	1378	199	168
source_core_exact_n10	1379	200	168
source_core_exact_n10	1380	206	175
source_core_exact_n10	1381	200	168
source_core_exact_n10	1382	210	171
source_core_exact_n10	1383	208	178
source_core_exact_n10	1384	184	158
source_core_exact_n10	1385	210	178
source_core_exact_n10	1386	213	180
source_core_exact_n10	1387	186	152
source_core_exact_n10	1388	200	173
source_core_exact_n10	1389	190	163
source_core_exact_n10	1390	193	159
source_core_exact_n10	1391	211	174
source_core_exact_n10	1392	215	179
source_core_exact_n10	1393	199	167
source_core_exact_n10	1394	207	177
source_core_exact_n10	1395	200	162
source_core_exact_n10	1396	202	165
source_core_exact_n10	1397	211	175
source_core_exact_n10	1398	194	164
source_core_exact_n10	1399	191	161
source_core_exact_n10	1400	192	159
source_core_exact_n10	1401	195	154
source_core_exact_n10	1402	205	175
source_core_exact_n10	1403	214	181
source_core_exact_n10	1404	197	165
source_core_exact_n10	1405	205	167
source_core_exact_n10	1406	194	160
source_core_exact_n10	1407	195	169
source_core_exact_n10	1408	197	169
source_core_exact_n10	1409	198	165
source_core_exact_n10	1410	203	170
source_core_exact_n10	1411	203	171
source_core_exact_n10	1412	208	170
source_core_exact_n10	1413	189	157
source_core_exact_n10	1414	200	163
source_core_exact_n10	1415	223	186
source_core_exact_n10	1416	196	160
source_core_exact_n10	1417	210	179
source_core_exact_n10	1418	223	184
source_core_exact_n10	1419	195	164
source_core_exact_n10	1420	202	173
source_core_exact_n10	1421	206	173
source_core_exact_n10	1422	202	172
source_core_exact_n10	1423	207	181
source_core_exact_n10	1424	202	167
source_core_exact_n10	1425	193	170
source_core_exact_n10	1426	199	166
source_core_exact_n10	1427	197	165
source_core_exact_n10	1428	213	173
source_core_exact_n10	1429	221	183
source_core_exact_n10	1430	203	168
source_core_exact_n10	1431	210	176
source_core_exact_n10	1432	209	177
source_core_exact_n10	1433	206	171
source_core_exact_n10	1434	207	173
source_core_exact_n10	1435	213	179
source_core_exact_n10	1436	203	172
source_core_exact_n10	1437	209	173
source_core_exact_n10	1438	205	168
source_core_exact_n10	1439	191	154
source_core_exact_n10	1440	202	167
source_core_exact_n10	1441	197	168
source_core_exact_n10	1442	205	176
source_core_exact_n10	1443	200	171
source_core_exact_n10	1444	204	165
source_core_exact_n10	1445	215	182
source_core_exact_n10	1446	218	181
source_core_exact_n10	1447	202	172
source_core_exact_n10	1448	194	163
source_core_exact_n10	1449	190	160
source_core_exact_n10	1450	195	162
source_core_exact_n10	1451	201	170
source_core_exact_n10	1452	213	178
source_core_exact_n10	1453	215	177
source_core_exact_n10	1454	198	164
source_core_exact_n10	1455	214	181
source_core_exact_n10	1456	198	164
source_core_exact_n10	1457	213	181
source_core_exact_n10	1458	210	176
source_core_exact_n10	1459	180	153
source_core_exact_n10	1460	198	167
source_core_exact_n10	1461	198	171
source_core_exact_n10	1462	201	169
source_core_exact_n10	1463	213	179
source_core_exact_n10	1464	192	163
source_core_exact_n10	1465	211	183
source_core_exact_n10	1466	199	168
source_core_exact_n10	1467	189	162
source_core_exact_n10	1468	203	171
source_core_exact_n10	1469	219	179
source_core_exact_n10	1470	180	154
source_core_exact_n10	1471	200	171
source_core_exact_n10	1472	182	149
source_core_exact_n10	1473	200	172
source_core_exact_n10	1474	181	149
source_core_exact_n10	1475	210	177
source_core_exact_n10	1476	210	172
source_core_exact_n10	1477	195	166
source_core_exact_n10	1478	202	169
source_core_exact_n10	1479	204	171
source_core_exact_n10	1480	196	162
source_core_exact_n10	1481	204	173
source_core_exact_n10	1482	200	170
source_core_exact_n10	1483	196	171
source_core_exact_n10	1484	204	169
source_core_exact_n10	1485	186	157
source_core_exact_n10	1486	223	189
source_core_exact_n10	1487	194	166
source_core_exact_n10	1488	195	165
source_core_exact_n10	1489	192	159
source_core_exact_n10	1490	196	168
source_core_exact_n10	1491	206	164
source_core_exact_n10	1492	222	186
source_core_exact_n10	1493	203	171
source_core_exact_n10	1494	207	173
source_core_exact_n10	1495	205	174
source_core_exact_n10	1496	194	158
source_core_exact_n10	1497	202	174
source_core_exact_n10	1498	204	167
source_core_exact_n10	1499	204	170
source_core_exact_n10	1500	200	168
source_core_exact_n10	1501	230	186
source_core_exact_n10	1502	215	182
source_core_exact_n10	1503	210	177
source_core_exact_n10	1504	200	169
source_core_exact_n10	1505	212	178
source_core_exact_n10	1506	198	164
source_core_exact_n10	1507	212	174
source_core_exact_n10	1508	208	173
source_core_exact_n10	1509	195	165
source_core_exact_n10	1510	200	172
source_core_exact_n10	1511	226	187
source_core_exact_n10	1512	195	165
source_core_exact_n10	1513	213	178
source_core_exact_n10	1514	190	158
source_core_exact_n10	1515	216	186
source_core_exact_n10	1516	187	159
source_core_exact_n10	1517	197	164
source_core_exact_n10	1518	204	164
source_core_exact_n10	1519	204	173
source_core_exact_n10	1520	195	166
source_core_exact_n10	1521	199	168
source_core_exact_n10	1522	201	169
source_core_exact_n10	1523	193	163
source_core_exact_n10	1524	197	170
source_core_exact_n10	1525	202	172
source_core_exact_n10	1526	200	164
source_core_exact_n10	1527	197	164
source_core_exact_n10	1528	206	173
source_core_exact_n10	1529	195	161
source_core_exact_n10	1530	212	175
source_core_exact_n10	1531	192	163
source_core_exact_n10	1532	209	176
source_core_exact_n10	1533	213	178
source_core_exact_n10	1534	184	160
source_core_exact_n10	1535	216	183
source_core_exact_n10	1536	202	171
source_core_exact_n10	1537	198	162
source_core_exact_n10	1538	205	168
source_core_exact_n10	1539	191	159
source_core_exact_n10	1540	199	168
source_core_exact_n10	1541	206	173
source_core_exact_n10	1542	213	180
source_core_exact_n10	1543	201	172
source_core_exact_n10	1544	199	171
source_core_exact_n10	1545	206	173
source_core_exact_n10	1546	186	162
source_core_exact_n10	1547	200	167
source_core_exact_n10	1548	201	169
source_core_exact_n10	1549	204	171
source_core_exact_n10	1550	176	145
source_core_exact_n10	1551	205	173
source_core_exact_n10	1552	211	181
source_core_exact_n10	1553	209	174
source_core_exact_n10	1554	197	164
source_core_exact_n10	1555	206	172
source_core_exact_n10	1556	207	176
source_core_exact_n10	1557	189	154
source_core_exact_n10	1558	185	154
source_core_exact_n10	1559	200	163
source_core_exact_n10	1560	192	160
source_core_exact_n10	1561	197	168
source_core_exact_n10	1562	189	154
source_core_exact_n10	1563	207	169
source_core_exact_n10	1564	201	174
source_core_exact_n10	1565	197	169
source_core_exact_n10	1566	197	162
source_core_exact_n10	1567	179	153
source_core_exact_n10	1568	204	172
source_core_exact_n10	1569	198	170
source_core_exact_n10	1570	203	170
source_core_exact_n10	1571	212	181
source_core_exact_n10	1572	206	170
source_core_exact_n10	1573	191	160
source_core_exact_n10	1574	205	174
source_core_exact_n10	1575	214	181
source_core_exact_n10	1576	207	178
source_core_exact_n10	1577	205	178
source_core_exact_n10	1578	202	170
source_core_exact_n10	1579	197	162
source_core_exact_n10	1580	200	166
source_core_exact_n10	1581	212	172
source_core_exact_n10	1582	217	184
source_core_exact_n10	1583	202	169
source_core_exact_n10	1584	206	172
source_core_exact_n10	1585	192	159
source_core_exact_n10	1586	210	173
source_core_exact_n10	1587	210	180
source_core_exact_n10	1588	202	165
source_core_exact_n10	1589	196	165
source_core_exact_n10	1590	190	153
source_core_exact_n10	1591	197	164
source_core_exact_n10	1592	197	161
source_core_exact_n10	1593	202	165
source_core_exact_n10	1594	198	166
source_core_exact_n10	1595	210	178
source_core_exact_n10	1596	190	157
source_core_exact_n10	1597	201	164
source_core_exact_n10	1598	208	168
source_core_exact_n10	1599	194	165
source_core_exact_n10	1600	203	165
source_core_exact_n10	1601	200	168
source_core_exact_n10	1602	203	174
source_core_exact_n10	1603	192	164
source_core_exact_n10	1604	203	168
source_core_exact_n10	1605	213	182
source_core_exact_n10	1606	199	165
source_core_exact_n10	1607	213	176
source_core_exact_n10	1608	201	171
source_core_exact_n10	1609	198	161
source_core_exact_n10	1610	204	170
source_core_exact_n10	1611	191	158
source_core_exact_n10	1612	199	165
source_core_exact_n10	1613	200	166
source_core_exact_n10	1614	210	171
source_core_exact_n10	1615	197	166
source_core_exact_n10	1616	209	173
source_core_exact_n10	1617	192	166
source_core_exact_n10	1618	207	177
source_core_exact_n10	1619	191	159
source_core_exact_n10	1620	201	167
source_core_exact_n10	1621	207	172
source_core_exact_n10	1622	208	176
source_core_exact_n10	1623	193	168
source_core_exact_n10	1624	203	172
source_core_exact_n10	1625	206	174
source_core_exact_n10	1626	200	171
source_core_exact_n10	1627	186	158
source_core_exact_n10	1628	195	163
source_core_exact_n10	1629	206	173
source_core_exact_n10	1630	193	162
source_core_exact_n10	1631	198	164
source_core_exact_n10	1632	206	172
source_core_exact_n10	1633	199	167
source_core_exact_n10	1634	208	172
source_core_exact_n10	1635	209	176
source_core_exact_n10	1636	195	164
source_core_exact_n10	1637	197	167
source_core_exact_n10	1638	201	165
source_core_exact_n10	1639	213	173
source_core_exact_n10	1640	200	170
source_core_exact_n10	1641	190	159
source_core_exact_n10	1642	198	162
source_core_exact_n10	1643	215	190
source_core_exact_n10	1644	212	179
source_core_exact_n10	1645	213	175
source_core_exact_n10	1646	186	155
source_core_exact_n10	1647	212	181
source_core_exact_n10	1648	192	161
source_core_exact_n10	1649	217	184
source_core_exact_n10	1650	199	166
source_core_exact_n10	1651	204	177
source_core_exact_n10	1652	192	162
source_core_exact_n10	1653	192	163
source_core_exact_n10	1654	192	155
source_core_exact_n10	1655	207	168
source_core_exact_n10	1656	196	166
source_core_exact_n10	1657	191	159
source_core_exact_n10	1658	224	187
source_core_exact_n10	1659	198	172
source_core_exact_n10	1660	216	176
source_core_exact_n10	1661	201	169
source_core_exact_n10	1662	212	174
source_core_exact_n10	1663	197	165
source_core_exact_n10	1664	203	166
source_core_exact_n10	1665	203	172
source_core_exact_n10	1666	209	176
source_core_exact_n10	1667	191	160
source_core_exact_n10	1668	186	161
source_core_exact_n10	1669	201	167
source_core_exact_n10	1670	189	160
source_core_exact_n10	1671	215	181
source_core_exact_n10	1672	209	178
source_core_exact_n10	1673	192	162
source_core_exact_n10	1674	194	158
source_core_exact_n10	1675	201	168
source_core_exact_n10	1676	209	170
source_core_exact_n10	1677	199	171
source_core_exact_n10	1678	214	178
source_core_exact_n10	1679	191	156
source_core_exact_n10	1680	208	180
source_core_exact_n10	1681	192	158
source_core_exact_n10	1682	189	155
source_core_exact_n10	1683	219	182
source_core_exact_n10	1684	208	178
source_core_exact_n10	1685	195	165
source_core_exact_n10	1686	198	167
source_core_exact_n10	1687	202	169
source_core_exact_n10	1688	191	159
source_core_exact_n10	1689	186	154
source_core_exact_n10	1690	211	180
source_core_exact_n10	1691	195	165
source_core_exact_n10	1692	186	156
source_core_exact_n10	1693	189	162
source_core_exact_n10	1694	224	186
source_core_exact_n10	1695	199	166
source_core_exact_n10	1696	197	167
source_core_exact_n10	1697	201	170
source_core_exact_n10	1698	189	164
source_core_exact_n10	1699	211	173
source_core_exact_n10	1700	211	177
source_core_exact_n10	1701	212	177
source_core_exact_n10	1702	194	160
source_core_exact_n10	1703	203	171
source_core_exact_n10	1704	194	160
source_core_exact_n10	1705	197	167
source_core_exact_n10	1706	208	171
source_core_exact_n10	1707	210	173
source_core_exact_n10	1708	202	170
source_core_exact_n10	1709	210	178
source_core_exact_n10	1710	203	171
source_core_exact_n10	1711	191	160
source_core_exact_n10	1712	205	173
source_core_exact_n10	1713	194	163
source_core_exact_n10	1714	214	176
source_core_exact_n10	1715	201	170
source_core_exact_n10	1716	206	172
source_core_exact_n10	1717	208	171
source_core_exact_n10	1718	209	173
source_core_exact_n10	1719	181	156
source_core_exact_n10	1720	207	173
source_core_exact_n10	1721	201	171
source_core_exact_n10	1722	213	176
source_core_exact_n10	1723	199	168
source_core_exact_n10	1724	187	153
source_core_exact_n10	1725	205	176
source_core_exact_n10	1726	208	170
source_core_exact_n10	1727	202	168
source_core_exact_n10	1728	210	169
source_core_exact_n10	1729	200	165
source_core_exact_n10	1730	209	176
source_core_exact_n10	1731	207	174
source_core_exact_n10	1732	201	168
source_core_exact_n10	1733	200	165
source_core_exact_n10	1734	186	155
source_core_exact_n10	1735	200	171
source_core_exact_n10	1736	202	168
source_core_exact_n10	1737	190	156
source_core_exact_n10	1738	213	176
source_core_exact_n10	1739	207	168
source_core_exact_n10	1740	199	161
source_core_exact_n10	1741	197	166
source_core_exact_n10	1742	201	171
source_core_exact_n10	1743	210	168
source_core_exact_n10	1744	199	164
source_core_exact_n10	1745	189	161
source_core_exact_n10	1746	206	178
source_core_exact_n10	1747	209	177
source_core_exact_n10	1748	200	166
source_core_exact_n10	1749	212	178
source_core_exact_n10	1750	198	166
source_core_exact_n10	1751	207	178
source_core_exact_n10	1752	205	172
source_core_exact_n10	1753	192	163
source_core_exact_n10	1754	202	162
source_core_exact_n10	1755	211	173
source_core_exact_n10	1756	190	164
source_core_exact_n10	1757	191	160
source_core_exact_n10	1758	216	179
source_core_exact_n10	1759	199	168
source_core_exact_n10	1760	224	187
source_core_exact_n10	1761	200	167
source_core_exact_n10	1762	205	174
source_core_exact_n10	1763	202	173
source_core_exact_n10	1764	190	160
source_core_exact_n10	1765	176	150
source_core_exact_n10	1766	196	164
source_core_exact_n10	1767	184	155
source_core_exact_n10	1768	196	160
source_core_exact_n10	1769	207	174
source_core_exact_n10	1770	191	159
source_core_exact_n10	1771	196	163
source_core_exact_n10	1772	196	167
source_core_exact_n10	1773	193	163
source_core_exact_n10	1774	201	169
source_core_exact_n10	1775	217	178
source_core_exact_n10	1776	203	169
source_core_exact_n10	1777	204	168
source_core_exact_n10	1778	211	180
source_core_exact_n10	1779	193	166
source_core_exact_n10	1780	209	175
source_core_exact_n10	1781	221	182
source_core_exact_n10	1782	205	167
source_core_exact_n10	1783	192	163
source_core_exact_n10	1784	212	177
source_core_exact_n10	1785	195	166
source_core_exact_n10	1786	198	168
source_core_exact_n10	1787	200	170
source_core_exact_n10	1788	187	161
source_core_exact_n10	1789	198	172
source_core_exact_n10	1790	214	183
source_core_exact_n10	1791	205	177
source_core_exact_n10	1792	183	152
source_core_exact_n10	1793	196	161
source_core_exact_n10	1794	196	166
source_core_exact_n10	1795	196	160
source_core_exact_n10	1796	219	184
source_core_exact_n10	1797	201	165
source_core_exact_n10	1798	199	166
source_core_exact_n10	1799	197	162
source_core_exact_n10	1800	200	164
source_core_exact_n10	1801	201	170
source_core_exact_n10	1802	199	165
source_core_exact_n10	1803	194	166
source_core_exact_n10	1804	197	170
source_core_exact_n10	1805	194	165
source_core_exact_n10	1806	193	159
source_core_exact_n10	1807	205	178
source_core_exact_n10	1808	205	173
source_core_exact_n10	1809	199	161
source_core_exact_n10	1810	187	155
source_core_exact_n10	1811	205	174
source_core_exact_n10	1812	214	178
source_core_exact_n10	1813	202	177
source_core_exact_n10	1814	202	170
source_core_exact_n10	1815	195	159
source_core_exact_n10	1816	209	181
source_core_exact_n10	1817	200	170
source_core_exact_n10	1818	204	165
source_core_exact_n10	1819	204	172
source_core_exact_n10	1820	208	178
source_core_exact_n10	1821	211	179
source_core_exact_n10	1822	202	171
source_core_exact_n10	1823	195	167
source_core_exact_n10	1824	190	157
source_core_exact_n10	1825	203	169
source_core_exact_n10	1826	219	184
source_core_exact_n10	1827	196	159
source_core_exact_n10	1828	215	181
source_core_exact_n10	1829	196	167
source_core_exact_n10	1830	198	168
source_core_exact_n10	1831	213	180
source_core_exact_n10	1832	207	172
source_core_exact_n10	1833	196	167
source_core_exact_n10	1834	190	154
source_core_exact_n10	1835	205	173
source_core_exact_n10	1836	189	161
source_core_exact_n10	1837	190	164
source_core_exact_n10	1838	222	189
source_core_exact_n10	1839	213	180
source_core_exact_n10	1840	194	169
source_core_exact_n10	1841	197	159
source_core_exact_n10	1842	210	187
source_core_exact_n10	1843	199	164
source_core_exact_n10	1844	196	170
source_core_exact_n10	1845	185	155
source_core_exact_n10	1846	200	168
source_core_exact_n10	1847	185	156
source_core_exact_n10	1848	204	172
source_core_exact_n10	1849	199	166
source_core_exact_n10	1850	196	163
source_core_exact_n10	1851	187	153
source_core_exact_n10	1852	220	187
source_core_exact_n10	1853	189	157
source_core_exact_n10	1854	193	154
source_core_exact_n10	1855	206	172
source_core_exact_n10	1856	204	171
source_core_exact_n10	1857	213	180
source_core_exact_n10	1858	216	182
source_core_exact_n10	1859	209	176
source_core_exact_n10	1860	216	182
source_core_exact_n10	1861	205	172
source_core_exact_n10	1862	200	169
source_core_exact_n10	1863	196	170
source_core_exact_n10	1864	205	168
source_core_exact_n10	1865	203	171
source_core_exact_n10	1866	205	174
source_core_exact_n10	1867	190	162
source_core_exact_n10	1868	205	181
source_core_exact_n10	1869	193	164
source_core_exact_n10	1870	208	172
source_core_exact_n10	1871	197	166
source_core_exact_n10	1872	203	168
source_core_exact_n10	1873	197	166
source_core_exact_n10	1874	213	181
source_core_exact_n10	1875	208	178
source_core_exact_n10	1876	210	175
source_core_exact_n10	1877	211	166
source_core_exact_n10	1878	202	173
source_core_exact_n10	1879	187	161
source_core_exact_n10	1880	206	169
source_core_exact_n10	1881	178	150
source_core_exact_n10	1882	196	156
source_core_exact_n10	1883	189	157
source_core_exact_n10	1884	214	182
source_core_exact_n10	1885	203	169
source_core_exact_n10	1886	204	172
source_core_exact_n10	1887	212	176
source_core_exact_n10	1888	202	173
source_core_exact_n10	1889	202	170
source_core_exact_n10	1890	200	166
source_core_exact_n10	1891	184	153
source_core_exact_n10	1892	196	162
source_core_exact_n10	1893	189	159
source_core_exact_n10	1894	192	160
source_core_exact_n10	1895	199	162
source_core_exact_n10	1896	203	168
source_core_exact_n10	1897	214	180
source_core_exact_n10	1898	218	185
source_core_exact_n10	1899	207	178
source_core_exact_n10	1900	196	164
source_core_exact_n10	1901	208	173
source_core_exact_n10	1902	203	168
source_core_exact_n10	1903	201	168
source_core_exact_n10	1904	185	155
source_core_exact_n10	1905	209	177
source_core_exact_n10	1906	218	183
source_core_exact_n10	1907	190	164
source_core_exact_n10	1908	187	157
source_core_exact_n10	1909	201	169
source_core_exact_n10	1910	202	168
source_core_exact_n10	1911	197	158
source_core_exact_n10	1912	205	174
source_core_exact_n10	1913	196	162
source_core_exact_n10	1914	206	172
source_core_exact_n10	1915	189	155
source_core_exact_n10	1916	193	161
source_core_exact_n10	1917	201	168
source_core_exact_n10	1918	200	167
source_core_exact_n10	1919	191	157
source_core_exact_n10	1920	199	172
source_core_exact_n10	1921	204	171
source_core_exact_n10	1922	192	162
source_core_exact_n10	1923	218	179
source_core_exact_n10	1924	189	160
source_core_exact_n10	1925	204	177
source_core_exact_n10	1926	199	165
source_core_exact_n10	1927	208	174
source_core_exact_n10	1928	198	170
source_core_exact_n10	1929	202	169
source_core_exact_n10	1930	196	163
source_core_exact_n10	1931	201	172
source_core_exact_n10	1932	207	169
source_core_exact_n10	1933	188	161
source_core_exact_n10	1934	206	171
source_core_exact_n10	1935	217	185
source_core_exact_n10	1936	205	171
source_core_exact_n10	1937	196	161
source_core_exact_n10	1938	208	179
source_core_exact_n10	1939	215	175
source_core_exact_n10	1940	205	167
source_core_exact_n10	1941	207	169
source_core_exact_n10	1942	210	177
source_core_exact_n10	1943	200	168
source_core_exact_n10	1944	202	172
source_core_exact_n10	1945	189	162
source_core_exact_n10	1946	190	165
source_core_exact_n10	1947	195	166
source_core_exact_n10	1948	203	170
source_core_exact_n10	1949	202	165
source_core_exact_n10	1950	198	168
source_core_exact_n10	1951	216	179
source_core_exact_n10	1952	181	159
source_core_exact_n10	1953	205	171
source_core_exact_n10	1954	190	161
source_core_exact_n10	1955	224	187
source_core_exact_n10	1956	199	168
source_core_exact_n10	1957	216	187
source_core_exact_n10	1958	190	166
source_core_exact_n10	1959	189	162
source_core_exact_n10	1960	206	173
source_core_exact_n10	1961	196	166
source_core_exact_n10	1962	195	167
source_core_exact_n10	1963	198	166
source_core_exact_n10	1964	222	187
source_core_exact_n10	1965	187	155
source_core_exact_n10	1966	207	172
source_core_exact_n10	1967	200	172
source_core_exact_n10	1968	203	172
source_core_exact_n10	1969	201	169
source_core_exact_n10	1970	191	160
source_core_exact_n10	1971	198	158
source_core_exact_n10	1972	205	176
source_core_exact_n10	1973	188	156
source_core_exact_n10	1974	199	164
source_core_exact_n10	1975	201	167
source_core_exact_n10	1976	200	166
source_core_exact_n10	1977	200	171
source_core_exact_n10	1978	195	161
source_core_exact_n10	1979	214	176
source_core_exact_n10	1980	207	178
source_core_exact_n10	1981	201	174
source_core_exact_n10	1982	201	165
source_core_exact_n10	1983	215	183
source_core_exact_n10	1984	199	168
source_core_exact_n10	1985	206	176
source_core_exact_n10	1986	198	168
source_core_exact_n10	1987	204	172
source_core_exact_n10	1988	199	173
source_core_exact_n10	1989	208	178
source_core_exact_n10	1990	203	171
source_core_exact_n10	1991	217	185
source_core_exact_n10	1992	203	173
source_core_exact_n10	1993	198	167
source_core_exact_n10	1994	194	166
source_core_exact_n10	1995	208	174
source_core_exact_n10	1996	203	173
source_core_exact_n10	1997	194	163
source_core_exact_n10	1998	180	150
source_core_exact_n10	1999	210	182
source_lower_recurrence_exact	0	124	114
source_lower_recurrence_exact	1	110	101
source_lower_recurrence_exact	2	130	123
source_lower_recurrence_exact	3	140	127
source_lower_recurrence_exact	4	140	131
source_lower_recurrence_exact	5	125	113
source_lower_recurrence_exact	6	128	118
source_lower_recurrence_exact	7	116	105
source_lower_recurrence_exact	8	123	107
source_lower_recurrence_exact	9	127	117
source_lower_recurrence_exact	10	114	105
source_lower_recurrence_exact	11	120	108
source_lower_recurrence_exact	12	115	104
source_lower_recurrence_exact	13	138	126
source_lower_recurrence_exact	14	120	108
source_lower_recurrence_exact	15	118	110
source_lower_recurrence_exact	16	113	102
source_lower_recurrence_exact	17	118	111
source_lower_recurrence_exact	18	110	98
source_lower_recurrence_exact	19	114	102
source_lower_recurrence_exact	20	127	118
source_lower_recurrence_exact	21	125	116
source_lower_recurrence_exact	22	124	112
source_lower_recurrence_exact	23	132	120
source_lower_recurrence_exact	24	136	121
source_lower_recurrence_exact	25	131	115
source_lower_recurrence_exact	26	132	118
source_lower_recurrence_exact	27	110	100
source_lower_recurrence_exact	28	133	126
source_lower_recurrence_exact	29	136	127
source_lower_recurrence_exact	30	127	113
source_lower_recurrence_exact	31	126	113
source_lower_recurrence_exact	32	134	127
source_lower_recurrence_exact	33	127	116
source_lower_recurrence_exact	34	113	98
source_lower_recurrence_exact	35	129	118
source_lower_recurrence_exact	36	112	104
source_lower_recurrence_exact	37	143	130
source_lower_recurrence_exact	38	116	100
source_lower_recurrence_exact	39	122	110
source_lower_recurrence_exact	40	109	106
source_lower_recurrence_exact	41	128	117
source_lower_recurrence_exact	42	117	104
source_lower_recurrence_exact	43	131	119
source_lower_recurrence_exact	44	138	131
source_lower_recurrence_exact	45	125	113
source_lower_recurrence_exact	46	113	103
source_lower_recurrence_exact	47	133	123
source_lower_recurrence_exact	48	118	107
source_lower_recurrence_exact	49	123	113
source_lower_recurrence_exact	50	136	119
source_lower_recurrence_exact	51	133	121
source_lower_recurrence_exact	52	123	110
source_lower_recurrence_exact	53	121	110
source_lower_recurrence_exact	54	111	103
source_lower_recurrence_exact	55	124	112
source_lower_recurrence_exact	56	128	117
source_lower_recurrence_exact	57	118	111
source_lower_recurrence_exact	58	130	119
source_lower_recurrence_exact	59	118	105
source_lower_recurrence_exact	60	124	114
source_lower_recurrence_exact	61	122	111
source_lower_recurrence_exact	62	141	136
source_lower_recurrence_exact	63	123	109
source_lower_recurrence_exact	64	143	128
source_lower_recurrence_exact	65	120	113
source_lower_recurrence_exact	66	129	122
source_lower_recurrence_exact	67	123	111
source_lower_recurrence_exact	68	109	103
source_lower_recurrence_exact	69	139	128
source_lower_recurrence_exact	70	122	111
source_lower_recurrence_exact	71	140	127
source_lower_recurrence_exact	72	123	108
source_lower_recurrence_exact	73	132	120
source_lower_recurrence_exact	74	135	126
source_lower_recurrence_exact	75	146	136
source_lower_recurrence_exact	76	123	112
source_lower_recurrence_exact	77	132	119
source_lower_recurrence_exact	78	131	122
source_lower_recurrence_exact	79	137	121
source_lower_recurrence_exact	80	128	121
source_lower_recurrence_exact	81	131	120
source_lower_recurrence_exact	82	137	122
source_lower_recurrence_exact	83	125	108
source_lower_recurrence_exact	84	123	113
source_lower_recurrence_exact	85	133	120
source_lower_recurrence_exact	86	123	113
source_lower_recurrence_exact	87	128	119
source_lower_recurrence_exact	88	137	126
source_lower_recurrence_exact	89	127	119
source_lower_recurrence_exact	90	139	121
source_lower_recurrence_exact	91	128	119
source_lower_recurrence_exact	92	137	124
source_lower_recurrence_exact	93	125	114
source_lower_recurrence_exact	94	137	127
source_lower_recurrence_exact	95	113	107
source_lower_recurrence_exact	96	116	105
source_lower_recurrence_exact	97	108	94
source_lower_recurrence_exact	98	124	113
source_lower_recurrence_exact	99	142	128
source_lower_recurrence_exact	100	126	115
source_lower_recurrence_exact	101	122	117
source_lower_recurrence_exact	102	127	116
source_lower_recurrence_exact	103	128	121
source_lower_recurrence_exact	104	132	120
source_lower_recurrence_exact	105	121	113
source_lower_recurrence_exact	106	120	108
source_lower_recurrence_exact	107	124	115
source_lower_recurrence_exact	108	115	106
source_lower_recurrence_exact	109	116	105
source_lower_recurrence_exact	110	126	115
source_lower_recurrence_exact	111	123	107
source_lower_recurrence_exact	112	122	113
source_lower_recurrence_exact	113	139	128
source_lower_recurrence_exact	114	147	135
source_lower_recurrence_exact	115	120	108
source_lower_recurrence_exact	116	128	117
source_lower_recurrence_exact	117	127	118
source_lower_recurrence_exact	118	134	123
source_lower_recurrence_exact	119	105	95
source_lower_recurrence_exact	120	145	127
source_lower_recurrence_exact	121	103	96
source_lower_recurrence_exact	122	113	106
source_lower_recurrence_exact	123	123	112
source_lower_recurrence_exact	124	134	125
source_lower_recurrence_exact	125	131	122
source_lower_recurrence_exact	126	112	102
source_lower_recurrence_exact	127	131	123
source_lower_recurrence_exact	128	123	113
source_lower_recurrence_exact	129	116	105
source_lower_recurrence_exact	130	133	123
source_lower_recurrence_exact	131	131	119
source_lower_recurrence_exact	132	120	112
source_lower_recurrence_exact	133	128	116
source_lower_recurrence_exact	134	103	97
source_lower_recurrence_exact	135	130	116
source_lower_recurrence_exact	136	111	99
source_lower_recurrence_exact	137	119	110
source_lower_recurrence_exact	138	126	112
source_lower_recurrence_exact	139	126	115
source_lower_recurrence_exact	140	117	107
source_lower_recurrence_exact	141	133	118
source_lower_recurrence_exact	142	124	117
source_lower_recurrence_exact	143	132	119
source_lower_recurrence_exact	144	113	104
source_lower_recurrence_exact	145	123	116
source_lower_recurrence_exact	146	124	112
source_lower_recurrence_exact	147	131	115
source_lower_recurrence_exact	148	124	111
source_lower_recurrence_exact	149	115	101
source_lower_recurrence_exact	150	117	106
source_lower_recurrence_exact	151	111	101
source_lower_recurrence_exact	152	123	114
source_lower_recurrence_exact	153	136	122
source_lower_recurrence_exact	154	134	125
source_lower_recurrence_exact	155	128	116
source_lower_recurrence_exact	156	122	111
source_lower_recurrence_exact	157	138	125
source_lower_recurrence_exact	158	147	135
source_lower_recurrence_exact	159	125	117
source_lower_recurrence_exact	160	120	112
source_lower_recurrence_exact	161	133	125
source_lower_recurrence_exact	162	132	123
source_lower_recurrence_exact	163	138	120
source_lower_recurrence_exact	164	111	97
source_lower_recurrence_exact	165	130	118
source_lower_recurrence_exact	166	119	106
source_lower_recurrence_exact	167	121	106
source_lower_recurrence_exact	168	128	119
source_lower_recurrence_exact	169	154	142
source_lower_recurrence_exact	170	127	115
source_lower_recurrence_exact	171	129	115
source_lower_recurrence_exact	172	131	120
source_lower_recurrence_exact	173	119	109
source_lower_recurrence_exact	174	142	131
source_lower_recurrence_exact	175	142	125
source_lower_recurrence_exact	176	117	103
source_lower_recurrence_exact	177	134	126
source_lower_recurrence_exact	178	124	116
source_lower_recurrence_exact	179	128	113
source_lower_recurrence_exact	180	128	115
source_lower_recurrence_exact	181	125	113
source_lower_recurrence_exact	182	129	121
source_lower_recurrence_exact	183	129	118
source_lower_recurrence_exact	184	118	104
source_lower_recurrence_exact	185	114	106
source_lower_recurrence_exact	186	123	115
source_lower_recurrence_exact	187	142	124
source_lower_recurrence_exact	188	115	107
source_lower_recurrence_exact	189	134	121
source_lower_recurrence_exact	190	121	108
source_lower_recurrence_exact	191	129	113
source_lower_recurrence_exact	192	119	107
source_lower_recurrence_exact	193	121	114
source_lower_recurrence_exact	194	133	122
source_lower_recurrence_exact	195	110	99
source_lower_recurrence_exact	196	113	104
source_lower_recurrence_exact	197	136	125
source_lower_recurrence_exact	198	124	109
source_lower_recurrence_exact	199	132	121
source_lower_recurrence_exact	200	110	103
source_lower_recurrence_exact	201	145	129
source_lower_recurrence_exact	202	142	131
source_lower_recurrence_exact	203	129	119
source_lower_recurrence_exact	204	118	111
source_lower_recurrence_exact	205	126	112
source_lower_recurrence_exact	206	122	109
source_lower_recurrence_exact	207	134	117
source_lower_recurrence_exact	208	131	120
source_lower_recurrence_exact	209	113	104
source_lower_recurrence_exact	210	133	120
source_lower_recurrence_exact	211	117	108
source_lower_recurrence_exact	212	126	114
source_lower_recurrence_exact	213	126	113
source_lower_recurrence_exact	214	140	127
source_lower_recurrence_exact	215	120	107
source_lower_recurrence_exact	216	131	119
source_lower_recurrence_exact	217	122	116
source_lower_recurrence_exact	218	144	131
source_lower_recurrence_exact	219	146	132
source_lower_recurrence_exact	220	133	120
source_lower_recurrence_exact	221	122	114
source_lower_recurrence_exact	222	127	119
source_lower_recurrence_exact	223	125	116
source_lower_recurrence_exact	224	125	111
source_lower_recurrence_exact	225	114	106
source_lower_recurrence_exact	226	129	117
source_lower_recurrence_exact	227	116	105
source_lower_recurrence_exact	228	126	114
source_lower_recurrence_exact	229	125	116
source_lower_recurrence_exact	230	133	119
source_lower_recurrence_exact	231	118	109
source_lower_recurrence_exact	232	129	120
source_lower_recurrence_exact	233	130	117
source_lower_recurrence_exact	234	123	113
source_lower_recurrence_exact	235	137	117
source_lower_recurrence_exact	236	125	112
source_lower_recurrence_exact	237	129	117
source_lower_recurrence_exact	238	125	119
source_lower_recurrence_exact	239	122	114
source_lower_recurrence_exact	240	117	106
source_lower_recurrence_exact	241	119	109
source_lower_recurrence_exact	242	116	104
source_lower_recurrence_exact	243	124	115
source_lower_recurrence_exact	244	131	118
source_lower_recurrence_exact	245	129	117
source_lower_recurrence_exact	246	122	110
source_lower_recurrence_exact	247	142	129
source_lower_recurrence_exact	248	134	128
source_lower_recurrence_exact	249	126	115
source_lower_recurrence_exact	250	112	101
source_lower_recurrence_exact	251	127	116
source_lower_recurrence_exact	252	140	125
source_lower_recurrence_exact	253	121	105
source_lower_recurrence_exact	254	140	125
source_lower_recurrence_exact	255	144	129
source_lower_recurrence_exact	256	139	124
source_lower_recurrence_exact	257	128	109
source_lower_recurrence_exact	258	122	111
source_lower_recurrence_exact	259	131	119
source_lower_recurrence_exact	260	134	122
source_lower_recurrence_exact	261	117	106
source_lower_recurrence_exact	262	128	117
source_lower_recurrence_exact	263	130	120
source_lower_recurrence_exact	264	132	120
source_lower_recurrence_exact	265	131	118
source_lower_recurrence_exact	266	122	112
source_lower_recurrence_exact	267	118	108
source_lower_recurrence_exact	268	136	123
source_lower_recurrence_exact	269	124	117
source_lower_recurrence_exact	270	133	118
source_lower_recurrence_exact	271	131	119
source_lower_recurrence_exact	272	127	114
source_lower_recurrence_exact	273	119	113
source_lower_recurrence_exact	274	129	117
source_lower_recurrence_exact	275	115	106
source_lower_recurrence_exact	276	130	123
source_lower_recurrence_exact	277	114	103
source_lower_recurrence_exact	278	134	121
source_lower_recurrence_exact	279	112	100
source_lower_recurrence_exact	280	128	121
source_lower_recurrence_exact	281	128	118
source_lower_recurrence_exact	282	128	117
source_lower_recurrence_exact	283	133	120
source_lower_recurrence_exact	284	135	125
source_lower_recurrence_exact	285	109	101
source_lower_recurrence_exact	286	118	107
source_lower_recurrence_exact	287	133	122
source_lower_recurrence_exact	288	121	110
source_lower_recurrence_exact	289	127	116
source_lower_recurrence_exact	290	133	115
source_lower_recurrence_exact	291	139	126
source_lower_recurrence_exact	292	137	123
source_lower_recurrence_exact	293	127	113
source_lower_recurrence_exact	294	125	109
source_lower_recurrence_exact	295	121	112
source_lower_recurrence_exact	296	114	103
source_lower_recurrence_exact	297	120	103
source_lower_recurrence_exact	298	135	124
source_lower_recurrence_exact	299	128	116
source_lower_recurrence_exact	300	118	107
source_lower_recurrence_exact	301	122	110
source_lower_recurrence_exact	302	126	113
source_lower_recurrence_exact	303	120	113
source_lower_recurrence_exact	304	111	103
source_lower_recurrence_exact	305	132	117
source_lower_recurrence_exact	306	122	109
source_lower_recurrence_exact	307	124	112
source_lower_recurrence_exact	308	135	123
source_lower_recurrence_exact	309	139	128
source_lower_recurrence_exact	310	121	110
source_lower_recurrence_exact	311	128	112
source_lower_recurrence_exact	312	107	97
source_lower_recurrence_exact	313	108	102
source_lower_recurrence_exact	314	113	100
source_lower_recurrence_exact	315	124	110
source_lower_recurrence_exact	316	132	120
source_lower_recurrence_exact	317	138	121
source_lower_recurrence_exact	318	126	115
source_lower_recurrence_exact	319	134	126
source_lower_recurrence_exact	320	115	105
source_lower_recurrence_exact	321	106	99
source_lower_recurrence_exact	322	131	117
source_lower_recurrence_exact	323	122	108
source_lower_recurrence_exact	324	118	106
source_lower_recurrence_exact	325	134	125
source_lower_recurrence_exact	326	123	114
source_lower_recurrence_exact	327	122	110
source_lower_recurrence_exact	328	128	114
source_lower_recurrence_exact	329	117	108
source_lower_recurrence_exact	330	124	114
source_lower_recurrence_exact	331	120	107
source_lower_recurrence_exact	332	131	120
source_lower_recurrence_exact	333	130	123
source_lower_recurrence_exact	334	124	114
source_lower_recurrence_exact	335	107	97
source_lower_recurrence_exact	336	121	109
source_lower_recurrence_exact	337	116	105
source_lower_recurrence_exact	338	120	108
source_lower_recurrence_exact	339	123	111
source_lower_recurrence_exact	340	127	116
source_lower_recurrence_exact	341	126	114
source_lower_recurrence_exact	342	132	120
source_lower_recurrence_exact	343	126	112
source_lower_recurrence_exact	344	135	124
source_lower_recurrence_exact	345	127	117
source_lower_recurrence_exact	346	128	115
source_lower_recurrence_exact	347	131	121
source_lower_recurrence_exact	348	134	120
source_lower_recurrence_exact	349	116	104
source_lower_recurrence_exact	350	127	115
source_lower_recurrence_exact	351	139	127
source_lower_recurrence_exact	352	120	109
source_lower_recurrence_exact	353	112	98
source_lower_recurrence_exact	354	138	132
source_lower_recurrence_exact	355	132	120
source_lower_recurrence_exact	356	128	117
source_lower_recurrence_exact	357	119	112
source_lower_recurrence_exact	358	126	114
source_lower_recurrence_exact	359	116	107
source_lower_recurrence_exact	360	120	111
source_lower_recurrence_exact	361	125	111
source_lower_recurrence_exact	362	133	113
source_lower_recurrence_exact	363	133	125
source_lower_recurrence_exact	364	126	116
source_lower_recurrence_exact	365	134	121
source_lower_recurrence_exact	366	133	124
source_lower_recurrence_exact	367	138	131
source_lower_recurrence_exact	368	132	118
source_lower_recurrence_exact	369	130	123
source_lower_recurrence_exact	370	130	116
source_lower_recurrence_exact	371	118	105
source_lower_recurrence_exact	372	133	123
source_lower_recurrence_exact	373	115	104
source_lower_recurrence_exact	374	142	127
source_lower_recurrence_exact	375	105	97
source_lower_recurrence_exact	376	125	117
source_lower_recurrence_exact	377	118	106
source_lower_recurrence_exact	378	108	100
source_lower_recurrence_exact	379	141	124
source_lower_recurrence_exact	380	147	132
source_lower_recurrence_exact	381	123	111
source_lower_recurrence_exact	382	142	126
source_lower_recurrence_exact	383	128	117
source_lower_recurrence_exact	384	123	114
source_lower_recurrence_exact	385	121	108
source_lower_recurrence_exact	386	130	115
source_lower_recurrence_exact	387	130	117
source_lower_recurrence_exact	388	129	117
source_lower_recurrence_exact	389	135	120
source_lower_recurrence_exact	390	123	110
source_lower_recurrence_exact	391	112	101
source_lower_recurrence_exact	392	118	108
source_lower_recurrence_exact	393	104	97
source_lower_recurrence_exact	394	126	113
source_lower_recurrence_exact	395	132	124
source_lower_recurrence_exact	396	114	106
source_lower_recurrence_exact	397	117	106
source_lower_recurrence_exact	398	123	114
source_lower_recurrence_exact	399	121	112
source_lower_recurrence_exact	400	136	126
source_lower_recurrence_exact	401	139	124
source_lower_recurrence_exact	402	122	105
source_lower_recurrence_exact	403	131	123
source_lower_recurrence_exact	404	125	115
source_lower_recurrence_exact	405	144	133
source_lower_recurrence_exact	406	126	120
source_lower_recurrence_exact	407	121	110
source_lower_recurrence_exact	408	114	105
source_lower_recurrence_exact	409	126	114
source_lower_recurrence_exact	410	132	120
source_lower_recurrence_exact	411	132	117
source_lower_recurrence_exact	412	119	110
source_lower_recurrence_exact	413	139	126
source_lower_recurrence_exact	414	149	137
source_lower_recurrence_exact	415	120	113
source_lower_recurrence_exact	416	136	126
source_lower_recurrence_exact	417	108	97
source_lower_recurrence_exact	418	130	117
source_lower_recurrence_exact	419	128	115
source_lower_recurrence_exact	420	125	108
source_lower_recurrence_exact	421	116	105
source_lower_recurrence_exact	422	119	107
source_lower_recurrence_exact	423	134	128
source_lower_recurrence_exact	424	122	109
source_lower_recurrence_exact	425	115	105
source_lower_recurrence_exact	426	110	99
source_lower_recurrence_exact	427	120	111
source_lower_recurrence_exact	428	119	108
source_lower_recurrence_exact	429	119	110
source_lower_recurrence_exact	430	131	116
source_lower_recurrence_exact	431	128	119
source_lower_recurrence_exact	432	117	107
source_lower_recurrence_exact	433	122	111
source_lower_recurrence_exact	434	124	109
source_lower_recurrence_exact	435	109	102
source_lower_recurrence_exact	436	117	108
source_lower_recurrence_exact	437	132	116
source_lower_recurrence_exact	438	129	117
source_lower_recurrence_exact	439	131	122
source_lower_recurrence_exact	440	140	126
source_lower_recurrence_exact	441	106	96
source_lower_recurrence_exact	442	131	120
source_lower_recurrence_exact	443	124	116
source_lower_recurrence_exact	444	120	108
source_lower_recurrence_exact	445	110	104
source_lower_recurrence_exact	446	134	120
source_lower_recurrence_exact	447	133	119
source_lower_recurrence_exact	448	115	109
source_lower_recurrence_exact	449	133	118
source_lower_recurrence_exact	450	121	113
source_lower_recurrence_exact	451	123	113
source_lower_recurrence_exact	452	117	107
source_lower_recurrence_exact	453	132	124
source_lower_recurrence_exact	454	149	134
source_lower_recurrence_exact	455	119	109
source_lower_recurrence_exact	456	122	109
source_lower_recurrence_exact	457	135	122
source_lower_recurrence_exact	458	133	122
source_lower_recurrence_exact	459	124	115
source_lower_recurrence_exact	460	125	111
source_lower_recurrence_exact	461	133	119
source_lower_recurrence_exact	462	111	105
source_lower_recurrence_exact	463	130	123
source_lower_recurrence_exact	464	139	128
source_lower_recurrence_exact	465	121	110
source_lower_recurrence_exact	466	132	119
source_lower_recurrence_exact	467	132	121
source_lower_recurrence_exact	468	119	110
source_lower_recurrence_exact	469	130	114
source_lower_recurrence_exact	470	122	110
source_lower_recurrence_exact	471	121	111
source_lower_recurrence_exact	472	135	120
source_lower_recurrence_exact	473	118	107
source_lower_recurrence_exact	474	141	130
source_lower_recurrence_exact	475	116	106
source_lower_recurrence_exact	476	120	103
source_lower_recurrence_exact	477	120	112
source_lower_recurrence_exact	478	115	100
source_lower_recurrence_exact	479	115	101
source_lower_recurrence_exact	480	125	116
source_lower_recurrence_exact	481	130	118
source_lower_recurrence_exact	482	117	103
source_lower_recurrence_exact	483	131	119
source_lower_recurrence_exact	484	128	113
source_lower_recurrence_exact	485	128	115
source_lower_recurrence_exact	486	116	106
source_lower_recurrence_exact	487	123	108
source_lower_recurrence_exact	488	134	123
source_lower_recurrence_exact	489	131	115
source_lower_recurrence_exact	490	118	107
source_lower_recurrence_exact	491	121	111
source_lower_recurrence_exact	492	123	114
source_lower_recurrence_exact	493	108	99
source_lower_recurrence_exact	494	140	128
source_lower_recurrence_exact	495	128	117
source_lower_recurrence_exact	496	143	133
source_lower_recurrence_exact	497	119	110
source_lower_recurrence_exact	498	112	105
source_lower_recurrence_exact	499	124	113
source_lower_recurrence_exact	500	137	127
source_lower_recurrence_exact	501	136	125
source_lower_recurrence_exact	502	122	111
source_lower_recurrence_exact	503	121	110
source_lower_recurrence_exact	504	134	121
source_lower_recurrence_exact	505	129	115
source_lower_recurrence_exact	506	125	117
source_lower_recurrence_exact	507	114	103
source_lower_recurrence_exact	508	133	120
source_lower_recurrence_exact	509	115	107
source_lower_recurrence_exact	510	133	117
source_lower_recurrence_exact	511	123	107
source_lower_recurrence_exact	512	130	116
source_lower_recurrence_exact	513	104	94
source_lower_recurrence_exact	514	129	122
source_lower_recurrence_exact	515	116	105
source_lower_recurrence_exact	516	142	126
source_lower_recurrence_exact	517	120	110
source_lower_recurrence_exact	518	121	111
source_lower_recurrence_exact	519	117	106
source_lower_recurrence_exact	520	123	111
source_lower_recurrence_exact	521	115	108
source_lower_recurrence_exact	522	122	116
source_lower_recurrence_exact	523	111	103
source_lower_recurrence_exact	524	118	106
source_lower_recurrence_exact	525	122	113
source_lower_recurrence_exact	526	128	121
source_lower_recurrence_exact	527	129	118
source_lower_recurrence_exact	528	121	111
source_lower_recurrence_exact	529	145	129
source_lower_recurrence_exact	530	154	132
source_lower_recurrence_exact	531	128	117
source_lower_recurrence_exact	532	124	108
source_lower_recurrence_exact	533	123	110
source_lower_recurrence_exact	534	114	105
source_lower_recurrence_exact	535	126	114
source_lower_recurrence_exact	536	103	88
source_lower_recurrence_exact	537	133	116
source_lower_recurrence_exact	538	132	116
source_lower_recurrence_exact	539	126	110
source_lower_recurrence_exact	540	117	108
source_lower_recurrence_exact	541	137	126
source_lower_recurrence_exact	542	130	117
source_lower_recurrence_exact	543	126	116
source_lower_recurrence_exact	544	132	114
source_lower_recurrence_exact	545	143	123
source_lower_recurrence_exact	546	138	126
source_lower_recurrence_exact	547	137	130
source_lower_recurrence_exact	548	123	113
source_lower_recurrence_exact	549	114	99
source_lower_recurrence_exact	550	125	115
source_lower_recurrence_exact	551	127	115
source_lower_recurrence_exact	552	159	143
source_lower_recurrence_exact	553	120	105
source_lower_recurrence_exact	554	115	101
source_lower_recurrence_exact	555	128	116
source_lower_recurrence_exact	556	125	115
source_lower_recurrence_exact	557	132	126
source_lower_recurrence_exact	558	132	124
source_lower_recurrence_exact	559	114	106
source_lower_recurrence_exact	560	140	126
source_lower_recurrence_exact	561	118	105
source_lower_recurrence_exact	562	132	112
source_lower_recurrence_exact	563	141	132
source_lower_recurrence_exact	564	130	117
source_lower_recurrence_exact	565	121	113
source_lower_recurrence_exact	566	115	105
source_lower_recurrence_exact	567	125	111
source_lower_recurrence_exact	568	102	91
source_lower_recurrence_exact	569	144	130
source_lower_recurrence_exact	570	103	94
source_lower_recurrence_exact	571	118	109
source_lower_recurrence_exact	572	123	115
source_lower_recurrence_exact	573	130	117
source_lower_recurrence_exact	574	126	117
source_lower_recurrence_exact	575	116	110
source_lower_recurrence_exact	576	127	113
source_lower_recurrence_exact	577	123	111
source_lower_recurrence_exact	578	113	104
source_lower_recurrence_exact	579	130	118
source_lower_recurrence_exact	580	129	118
source_lower_recurrence_exact	581	110	100
source_lower_recurrence_exact	582	128	117
source_lower_recurrence_exact	583	140	123
source_lower_recurrence_exact	584	121	109
source_lower_recurrence_exact	585	112	105
source_lower_recurrence_exact	586	122	113
source_lower_recurrence_exact	587	141	133
source_lower_recurrence_exact	588	119	111
source_lower_recurrence_exact	589	125	114
source_lower_recurrence_exact	590	127	118
source_lower_recurrence_exact	591	117	110
source_lower_recurrence_exact	592	118	102
source_lower_recurrence_exact	593	124	115
source_lower_recurrence_exact	594	130	117
source_lower_recurrence_exact	595	124	115
source_lower_recurrence_exact	596	135	130
source_lower_recurrence_exact	597	120	110
source_lower_recurrence_exact	598	119	109
source_lower_recurrence_exact	599	120	110
source_lower_recurrence_exact	600	116	104
source_lower_recurrence_exact	601	125	119
source_lower_recurrence_exact	602	128	118
source_lower_recurrence_exact	603	119	110
source_lower_recurrence_exact	604	120	112
source_lower_recurrence_exact	605	114	103
source_lower_recurrence_exact	606	141	130
source_lower_recurrence_exact	607	135	122
source_lower_recurrence_exact	608	137	124
source_lower_recurrence_exact	609	127	116
source_lower_recurrence_exact	610	106	97
source_lower_recurrence_exact	611	120	105
source_lower_recurrence_exact	612	114	107
source_lower_recurrence_exact	613	133	121
source_lower_recurrence_exact	614	110	102
source_lower_recurrence_exact	615	126	116
source_lower_recurrence_exact	616	141	126
source_lower_recurrence_exact	617	120	111
source_lower_recurrence_exact	618	129	122
source_lower_recurrence_exact	619	144	132
source_lower_recurrence_exact	620	115	104
source_lower_recurrence_exact	621	125	112
source_lower_recurrence_exact	622	119	108
source_lower_recurrence_exact	623	126	114
source_lower_recurrence_exact	624	127	112
source_lower_recurrence_exact	625	111	103
source_lower_recurrence_exact	626	125	115
source_lower_recurrence_exact	627	131	121
source_lower_recurrence_exact	628	110	103
source_lower_recurrence_exact	629	116	107
source_lower_recurrence_exact	630	119	109
source_lower_recurrence_exact	631	118	104
source_lower_recurrence_exact	632	119	110
source_lower_recurrence_exact	633	129	118
source_lower_recurrence_exact	634	128	118
source_lower_recurrence_exact	635	138	126
source_lower_recurrence_exact	636	120	112
source_lower_recurrence_exact	637	129	120
source_lower_recurrence_exact	638	127	113
source_lower_recurrence_exact	639	126	113
source_lower_recurrence_exact	640	116	110
source_lower_recurrence_exact	641	115	105
source_lower_recurrence_exact	642	104	97
source_lower_recurrence_exact	643	119	106
source_lower_recurrence_exact	644	113	102
source_lower_recurrence_exact	645	122	112
source_lower_recurrence_exact	646	109	101
source_lower_recurrence_exact	647	115	108
source_lower_recurrence_exact	648	116	110
source_lower_recurrence_exact	649	140	129
source_lower_recurrence_exact	650	149	139
source_lower_recurrence_exact	651	121	108
source_lower_recurrence_exact	652	131	117
source_lower_recurrence_exact	653	138	128
source_lower_recurrence_exact	654	128	117
source_lower_recurrence_exact	655	121	111
source_lower_recurrence_exact	656	139	127
source_lower_recurrence_exact	657	113	106
source_lower_recurrence_exact	658	115	104
source_lower_recurrence_exact	659	120	109
source_lower_recurrence_exact	660	129	117
source_lower_recurrence_exact	661	125	111
source_lower_recurrence_exact	662	116	106
source_lower_recurrence_exact	663	108	100
source_lower_recurrence_exact	664	128	120
source_lower_recurrence_exact	665	128	120
source_lower_recurrence_exact	666	142	132
source_lower_recurrence_exact	667	119	108
source_lower_recurrence_exact	668	129	116
source_lower_recurrence_exact	669	113	104
source_lower_recurrence_exact	670	122	109
source_lower_recurrence_exact	671	118	111
source_lower_recurrence_exact	672	105	98
source_lower_recurrence_exact	673	142	126
source_lower_recurrence_exact	674	128	117
source_lower_recurrence_exact	675	130	120
source_lower_recurrence_exact	676	143	129
source_lower_recurrence_exact	677	136	126
source_lower_recurrence_exact	678	116	109
source_lower_recurrence_exact	679	111	102
source_lower_recurrence_exact	680	114	103
source_lower_recurrence_exact	681	128	118
source_lower_recurrence_exact	682	120	110
source_lower_recurrence_exact	683	122	111
source_lower_recurrence_exact	684	120	111
source_lower_recurrence_exact	685	134	122
source_lower_recurrence_exact	686	109	102
source_lower_recurrence_exact	687	111	102
source_lower_recurrence_exact	688	120	109
source_lower_recurrence_exact	689	134	117
source_lower_recurrence_exact	690	134	125
source_lower_recurrence_exact	691	116	105
source_lower_recurrence_exact	692	112	102
source_lower_recurrence_exact	693	137	128
source_lower_recurrence_exact	694	124	112
source_lower_recurrence_exact	695	130	116
source_lower_recurrence_exact	696	135	125
source_lower_recurrence_exact	697	124	114
source_lower_recurrence_exact	698	130	116
source_lower_recurrence_exact	699	104	94
source_lower_recurrence_exact	700	133	125
source_lower_recurrence_exact	701	128	117
source_lower_recurrence_exact	702	139	128
source_lower_recurrence_exact	703	116	102
source_lower_recurrence_exact	704	114	107
source_lower_recurrence_exact	705	115	104
source_lower_recurrence_exact	706	122	114
source_lower_recurrence_exact	707	124	113
source_lower_recurrence_exact	708	135	124
source_lower_recurrence_exact	709	133	124
source_lower_recurrence_exact	710	119	111
source_lower_recurrence_exact	711	124	113
source_lower_recurrence_exact	712	121	108
source_lower_recurrence_exact	713	134	117
source_lower_recurrence_exact	714	128	118
source_lower_recurrence_exact	715	137	127
source_lower_recurrence_exact	716	135	119
source_lower_recurrence_exact	717	136	122
source_lower_recurrence_exact	718	126	115
source_lower_recurrence_exact	719	134	125
source_lower_recurrence_exact	720	143	128
source_lower_recurrence_exact	721	134	118
source_lower_recurrence_exact	722	136	124
source_lower_recurrence_exact	723	122	113
source_lower_recurrence_exact	724	116	104
source_lower_recurrence_exact	725	115	108
source_lower_recurrence_exact	726	127	115
source_lower_recurrence_exact	727	128	119
source_lower_recurrence_exact	728	114	102
source_lower_recurrence_exact	729	109	98
source_lower_recurrence_exact	730	126	113
source_lower_recurrence_exact	731	125	116
source_lower_recurrence_exact	732	113	102
source_lower_recurrence_exact	733	129	115
source_lower_recurrence_exact	734	124	116
source_lower_recurrence_exact	735	121	111
source_lower_recurrence_exact	736	122	108
source_lower_recurrence_exact	737	129	114
source_lower_recurrence_exact	738	137	121
source_lower_recurrence_exact	739	134	124
source_lower_recurrence_exact	740	130	120
source_lower_recurrence_exact	741	124	112
source_lower_recurrence_exact	742	113	106
source_lower_recurrence_exact	743	116	106
source_lower_recurrence_exact	744	132	116
source_lower_recurrence_exact	745	122	112
source_lower_recurrence_exact	746	146	130
source_lower_recurrence_exact	747	123	113
source_lower_recurrence_exact	748	122	109
source_lower_recurrence_exact	749	117	108
source_lower_recurrence_exact	750	126	119
source_lower_recurrence_exact	751	126	113
source_lower_recurrence_exact	752	131	121
source_lower_recurrence_exact	753	133	123
source_lower_recurrence_exact	754	126	114
source_lower_recurrence_exact	755	133	119
source_lower_recurrence_exact	756	129	118
source_lower_recurrence_exact	757	126	114
source_lower_recurrence_exact	758	120	104
source_lower_recurrence_exact	759	116	106
source_lower_recurrence_exact	760	127	121
source_lower_recurrence_exact	761	139	125
source_lower_recurrence_exact	762	130	121
source_lower_recurrence_exact	763	122	112
source_lower_recurrence_exact	764	138	123
source_lower_recurrence_exact	765	118	110
source_lower_recurrence_exact	766	112	104
source_lower_recurrence_exact	767	126	115
source_lower_recurrence_exact	768	112	102
source_lower_recurrence_exact	769	138	127
source_lower_recurrence_exact	770	116	108
source_lower_recurrence_exact	771	104	95
source_lower_recurrence_exact	772	126	114
source_lower_recurrence_exact	773	112	100
source_lower_recurrence_exact	774	114	106
source_lower_recurrence_exact	775	116	102
source_lower_recurrence_exact	776	140	128
source_lower_recurrence_exact	777	111	104
source_lower_recurrence_exact	778	113	107
source_lower_recurrence_exact	779	113	104
source_lower_recurrence_exact	780	141	130
source_lower_recurrence_exact	781	118	110
source_lower_recurrence_exact	782	134	118
source_lower_recurrence_exact	783	109	100
source_lower_recurrence_exact	784	124	114
source_lower_recurrence_exact	785	129	115
source_lower_recurrence_exact	786	131	118
source_lower_recurrence_exact	787	132	117
source_lower_recurrence_exact	788	115	108
source_lower_recurrence_exact	789	142	124
source_lower_recurrence_exact	790	146	134
source_lower_recurrence_exact	791	111	104
source_lower_recurrence_exact	792	136	124
source_lower_recurrence_exact	793	134	122
source_lower_recurrence_exact	794	125	114
source_lower_recurrence_exact	795	139	122
source_lower_recurrence_exact	796	129	116
source_lower_recurrence_exact	797	119	108
source_lower_recurrence_exact	798	133	121
source_lower_recurrence_exact	799	113	102
source_lower_recurrence_exact	800	129	110
source_lower_recurrence_exact	801	132	118
source_lower_recurrence_exact	802	140	128
source_lower_recurrence_exact	803	133	120
source_lower_recurrence_exact	804	115	107
source_lower_recurrence_exact	805	105	94
source_lower_recurrence_exact	806	116	106
source_lower_recurrence_exact	807	131	119
source_lower_recurrence_exact	808	110	101
source_lower_recurrence_exact	809	116	106
source_lower_recurrence_exact	810	122	108
source_lower_recurrence_exact	811	135	123
source_lower_recurrence_exact	812	129	120
source_lower_recurrence_exact	813	115	106
source_lower_recurrence_exact	814	136	122
source_lower_recurrence_exact	815	132	121
source_lower_recurrence_exact	816	129	118
source_lower_recurrence_exact	817	113	106
source_lower_recurrence_exact	818	136	122
source_lower_recurrence_exact	819	133	123
source_lower_recurrence_exact	820	131	120
source_lower_recurrence_exact	821	115	102
source_lower_recurrence_exact	822	128	112
source_lower_recurrence_exact	823	105	101
source_lower_recurrence_exact	824	126	117
source_lower_recurrence_exact	825	128	117
source_lower_recurrence_exact	826	138	127
source_lower_recurrence_exact	827	135	124
source_lower_recurrence_exact	828	131	120
source_lower_recurrence_exact	829	122	111
source_lower_recurrence_exact	830	136	126
source_lower_recurrence_exact	831	124	116
source_lower_recurrence_exact	832	119	107
source_lower_recurrence_exact	833	149	131
source_lower_recurrence_exact	834	123	114
source_lower_recurrence_exact	835	123	115
source_lower_recurrence_exact	836	123	113
source_lower_recurrence_exact	837	138	128
source_lower_recurrence_exact	838	146	134
source_lower_recurrence_exact	839	117	104
source_lower_recurrence_exact	840	121	112
source_lower_recurrence_exact	841	120	113
source_lower_recurrence_exact	842	125	112
source_lower_recurrence_exact	843	124	114
source_lower_recurrence_exact	844	128	118
source_lower_recurrence_exact	845	118	107
source_lower_recurrence_exact	846	148	136
source_lower_recurrence_exact	847	115	105
source_lower_recurrence_exact	848	125	116
source_lower_recurrence_exact	849	136	125
source_lower_recurrence_exact	850	126	110
source_lower_recurrence_exact	851	119	112
source_lower_recurrence_exact	852	121	109
source_lower_recurrence_exact	853	120	108
source_lower_recurrence_exact	854	138	124
source_lower_recurrence_exact	855	132	119
source_lower_recurrence_exact	856	132	120
source_lower_recurrence_exact	857	128	113
source_lower_recurrence_exact	858	118	113
source_lower_recurrence_exact	859	120	110
source_lower_recurrence_exact	860	127	115
source_lower_recurrence_exact	861	132	117
source_lower_recurrence_exact	862	130	120
source_lower_recurrence_exact	863	128	114
source_lower_recurrence_exact	864	134	120
source_lower_recurrence_exact	865	120	108
source_lower_recurrence_exact	866	123	111
source_lower_recurrence_exact	867	124	111
source_lower_recurrence_exact	868	133	123
source_lower_recurrence_exact	869	116	108
source_lower_recurrence_exact	870	138	121
source_lower_recurrence_exact	871	119	107
source_lower_recurrence_exact	872	123	112
source_lower_recurrence_exact	873	134	128
source_lower_recurrence_exact	874	136	126
source_lower_recurrence_exact	875	126	115
source_lower_recurrence_exact	876	127	117
source_lower_recurrence_exact	877	114	101
source_lower_recurrence_exact	878	127	114
source_lower_recurrence_exact	879	129	119
source_lower_recurrence_exact	880	127	114
source_lower_recurrence_exact	881	120	110
source_lower_recurrence_exact	882	126	118
source_lower_recurrence_exact	883	127	115
source_lower_recurrence_exact	884	122	110
source_lower_recurrence_exact	885	132	123
source_lower_recurrence_exact	886	121	115
source_lower_recurrence_exact	887	127	118
source_lower_recurrence_exact	888	137	127
source_lower_recurrence_exact	889	129	115
source_lower_recurrence_exact	890	113	103
source_lower_recurrence_exact	891	119	103
source_lower_recurrence_exact	892	123	112
source_lower_recurrence_exact	893	110	100
source_lower_recurrence_exact	894	117	109
source_lower_recurrence_exact	895	113	106
source_lower_recurrence_exact	896	116	104
source_lower_recurrence_exact	897	125	109
source_lower_recurrence_exact	898	132	118
source_lower_recurrence_exact	899	121	114
source_lower_recurrence_exact	900	144	131
source_lower_recurrence_exact	901	140	124
source_lower_recurrence_exact	902	122	112
source_lower_recurrence_exact	903	118	107
source_lower_recurrence_exact	904	130	118
source_lower_recurrence_exact	905	126	114
source_lower_recurrence_exact	906	135	124
source_lower_recurrence_exact	907	131	118
source_lower_recurrence_exact	908	144	132
source_lower_recurrence_exact	909	123	110
source_lower_recurrence_exact	910	127	116
source_lower_recurrence_exact	911	128	117
source_lower_recurrence_exact	912	135	120
source_lower_recurrence_exact	913	131	116
source_lower_recurrence_exact	914	127	114
source_lower_recurrence_exact	915	134	119
source_lower_recurrence_exact	916	113	103
source_lower_recurrence_exact	917	136	123
source_lower_recurrence_exact	918	139	127
source_lower_recurrence_exact	919	129	124
source_lower_recurrence_exact	920	136	119
source_lower_recurrence_exact	921	139	130
source_lower_recurrence_exact	922	132	119
source_lower_recurrence_exact	923	105	96
source_lower_recurrence_exact	924	124	112
source_lower_recurrence_exact	925	135	128
source_lower_recurrence_exact	926	130	117
source_lower_recurrence_exact	927	133	120
source_lower_recurrence_exact	928	132	120
source_lower_recurrence_exact	929	138	120
source_lower_recurrence_exact	930	130	115
source_lower_recurrence_exact	931	132	121
source_lower_recurrence_exact	932	119	109
source_lower_recurrence_exact	933	114	104
source_lower_recurrence_exact	934	115	104
source_lower_recurrence_exact	935	124	119
source_lower_recurrence_exact	936	118	106
source_lower_recurrence_exact	937	107	100
source_lower_recurrence_exact	938	130	120
source_lower_recurrence_exact	939	141	126
source_lower_recurrence_exact	940	126	117
source_lower_recurrence_exact	941	118	112
source_lower_recurrence_exact	942	131	120
source_lower_recurrence_exact	943	129	117
source_lower_recurrence_exact	944	136	123
source_lower_recurrence_exact	945	120	110
source_lower_recurrence_exact	946	134	126
source_lower_recurrence_exact	947	134	118
source_lower_recurrence_exact	948	133	117
source_lower_recurrence_exact	949	127	117
source_lower_recurrence_exact	950	124	113
source_lower_recurrence_exact	951	127	118
source_lower_recurrence_exact	952	115	106
source_lower_recurrence_exact	953	116	108
source_lower_recurrence_exact	954	121	111
source_lower_recurrence_exact	955	107	99
source_lower_recurrence_exact	956	147	129
source_lower_recurrence_exact	957	130	120
source_lower_recurrence_exact	958	127	116
source_lower_recurrence_exact	959	123	115
source_lower_recurrence_exact	960	115	107
source_lower_recurrence_exact	961	110	101
source_lower_recurrence_exact	962	120	108
source_lower_recurrence_exact	963	118	108
source_lower_recurrence_exact	964	131	120
source_lower_recurrence_exact	965	122	114
source_lower_recurrence_exact	966	116	107
source_lower_recurrence_exact	967	122	110
source_lower_recurrence_exact	968	122	114
source_lower_recurrence_exact	969	114	104
source_lower_recurrence_exact	970	149	134
source_lower_recurrence_exact	971	119	106
source_lower_recurrence_exact	972	126	114
source_lower_recurrence_exact	973	121	108
source_lower_recurrence_exact	974	130	116
source_lower_recurrence_exact	975	128	115
source_lower_recurrence_exact	976	116	110
source_lower_recurrence_exact	977	121	111
source_lower_recurrence_exact	978	124	113
source_lower_recurrence_exact	979	144	129
source_lower_recurrence_exact	980	120	106
source_lower_recurrence_exact	981	122	113
source_lower_recurrence_exact	982	122	110
source_lower_recurrence_exact	983	128	116
source_lower_recurrence_exact	984	123	112
source_lower_recurrence_exact	985	105	96
source_lower_recurrence_exact	986	124	110
source_lower_recurrence_exact	987	128	114
source_lower_recurrence_exact	988	125	110
source_lower_recurrence_exact	989	124	113
source_lower_recurrence_exact	990	112	103
source_lower_recurrence_exact	991	137	125
source_lower_recurrence_exact	992	128	112
source_lower_recurrence_exact	993	129	119
source_lower_recurrence_exact	994	147	132
source_lower_recurrence_exact	995	118	106
source_lower_recurrence_exact	996	124	114
source_lower_recurrence_exact	997	115	98
source_lower_recurrence_exact	998	128	114
source_lower_recurrence_exact	999	122	110
source_lower_recurrence_exact	1000	136	123
source_lower_recurrence_exact	1001	116	105
source_lower_recurrence_exact	1002	118	113
source_lower_recurrence_exact	1003	115	108
source_lower_recurrence_exact	1004	125	114
source_lower_recurrence_exact	1005	127	118
source_lower_recurrence_exact	1006	127	118
source_lower_recurrence_exact	1007	126	114
source_lower_recurrence_exact	1008	130	119
source_lower_recurrence_exact	1009	120	109
source_lower_recurrence_exact	1010	120	107
source_lower_recurrence_exact	1011	125	115
source_lower_recurrence_exact	1012	133	121
source_lower_recurrence_exact	1013	127	118
source_lower_recurrence_exact	1014	115	107
source_lower_recurrence_exact	1015	122	109
source_lower_recurrence_exact	1016	110	100
source_lower_recurrence_exact	1017	117	104
source_lower_recurrence_exact	1018	119	109
source_lower_recurrence_exact	1019	122	109
source_lower_recurrence_exact	1020	131	121
source_lower_recurrence_exact	1021	115	109
source_lower_recurrence_exact	1022	110	99
source_lower_recurrence_exact	1023	126	118
source_lower_recurrence_exact	1024	126	114
source_lower_recurrence_exact	1025	121	108
source_lower_recurrence_exact	1026	126	116
source_lower_recurrence_exact	1027	121	109
source_lower_recurrence_exact	1028	121	107
source_lower_recurrence_exact	1029	124	112
source_lower_recurrence_exact	1030	122	113
source_lower_recurrence_exact	1031	131	120
source_lower_recurrence_exact	1032	129	117
source_lower_recurrence_exact	1033	124	116
source_lower_recurrence_exact	1034	119	101
source_lower_recurrence_exact	1035	142	125
source_lower_recurrence_exact	1036	133	125
source_lower_recurrence_exact	1037	122	111
source_lower_recurrence_exact	1038	138	124
source_lower_recurrence_exact	1039	127	112
source_lower_recurrence_exact	1040	112	103
source_lower_recurrence_exact	1041	119	109
source_lower_recurrence_exact	1042	121	113
source_lower_recurrence_exact	1043	121	114
source_lower_recurrence_exact	1044	124	117
source_lower_recurrence_exact	1045	129	116
source_lower_recurrence_exact	1046	132	121
source_lower_recurrence_exact	1047	124	116
source_lower_recurrence_exact	1048	124	116
source_lower_recurrence_exact	1049	124	111
source_lower_recurrence_exact	1050	120	111
source_lower_recurrence_exact	1051	128	119
source_lower_recurrence_exact	1052	142	132
source_lower_recurrence_exact	1053	131	119
source_lower_recurrence_exact	1054	128	114
source_lower_recurrence_exact	1055	132	119
source_lower_recurrence_exact	1056	120	112
source_lower_recurrence_exact	1057	113	105
source_lower_recurrence_exact	1058	123	110
source_lower_recurrence_exact	1059	134	121
source_lower_recurrence_exact	1060	118	109
source_lower_recurrence_exact	1061	123	109
source_lower_recurrence_exact	1062	142	131
source_lower_recurrence_exact	1063	107	98
source_lower_recurrence_exact	1064	129	120
source_lower_recurrence_exact	1065	127	117
source_lower_recurrence_exact	1066	129	115
source_lower_recurrence_exact	1067	116	105
source_lower_recurrence_exact	1068	123	111
source_lower_recurrence_exact	1069	121	111
source_lower_recurrence_exact	1070	120	108
source_lower_recurrence_exact	1071	139	128
source_lower_recurrence_exact	1072	127	118
source_lower_recurrence_exact	1073	123	113
source_lower_recurrence_exact	1074	126	114
source_lower_recurrence_exact	1075	124	113
source_lower_recurrence_exact	1076	141	122
source_lower_recurrence_exact	1077	128	115
source_lower_recurrence_exact	1078	131	121
source_lower_recurrence_exact	1079	123	111
source_lower_recurrence_exact	1080	131	120
source_lower_recurrence_exact	1081	114	106
source_lower_recurrence_exact	1082	109	100
source_lower_recurrence_exact	1083	136	129
source_lower_recurrence_exact	1084	140	125
source_lower_recurrence_exact	1085	120	110
source_lower_recurrence_exact	1086	128	116
source_lower_recurrence_exact	1087	122	114
source_lower_recurrence_exact	1088	111	101
source_lower_recurrence_exact	1089	120	112
source_lower_recurrence_exact	1090	127	116
source_lower_recurrence_exact	1091	130	116
source_lower_recurrence_exact	1092	139	127
source_lower_recurrence_exact	1093	123	113
source_lower_recurrence_exact	1094	107	100
source_lower_recurrence_exact	1095	117	106
source_lower_recurrence_exact	1096	126	112
source_lower_recurrence_exact	1097	116	107
source_lower_recurrence_exact	1098	117	107
source_lower_recurrence_exact	1099	122	110
source_lower_recurrence_exact	1100	122	111
source_lower_recurrence_exact	1101	129	119
source_lower_recurrence_exact	1102	129	112
source_lower_recurrence_exact	1103	128	120
source_lower_recurrence_exact	1104	125	116
source_lower_recurrence_exact	1105	129	115
source_lower_recurrence_exact	1106	136	122
source_lower_recurrence_exact	1107	128	116
source_lower_recurrence_exact	1108	132	119
source_lower_recurrence_exact	1109	115	105
source_lower_recurrence_exact	1110	116	106
source_lower_recurrence_exact	1111	122	113
source_lower_recurrence_exact	1112	132	120
source_lower_recurrence_exact	1113	115	103
source_lower_recurrence_exact	1114	133	126
source_lower_recurrence_exact	1115	120	107
source_lower_recurrence_exact	1116	131	123
source_lower_recurrence_exact	1117	135	119
source_lower_recurrence_exact	1118	138	127
source_lower_recurrence_exact	1119	126	112
source_lower_recurrence_exact	1120	122	116
source_lower_recurrence_exact	1121	135	127
source_lower_recurrence_exact	1122	139	126
source_lower_recurrence_exact	1123	140	130
source_lower_recurrence_exact	1124	125	110
source_lower_recurrence_exact	1125	126	109
source_lower_recurrence_exact	1126	123	109
source_lower_recurrence_exact	1127	146	133
source_lower_recurrence_exact	1128	127	117
source_lower_recurrence_exact	1129	120	108
source_lower_recurrence_exact	1130	131	119
source_lower_recurrence_exact	1131	127	116
source_lower_recurrence_exact	1132	112	99
source_lower_recurrence_exact	1133	125	111
source_lower_recurrence_exact	1134	112	101
source_lower_recurrence_exact	1135	120	111
source_lower_recurrence_exact	1136	118	109
source_lower_recurrence_exact	1137	129	118
source_lower_recurrence_exact	1138	128	118
source_lower_recurrence_exact	1139	121	109
source_lower_recurrence_exact	1140	124	115
source_lower_recurrence_exact	1141	130	113
source_lower_recurrence_exact	1142	125	115
source_lower_recurrence_exact	1143	149	138
source_lower_recurrence_exact	1144	137	124
source_lower_recurrence_exact	1145	124	113
source_lower_recurrence_exact	1146	117	104
source_lower_recurrence_exact	1147	116	105
source_lower_recurrence_exact	1148	134	124
source_lower_recurrence_exact	1149	135	129
source_lower_recurrence_exact	1150	131	119
source_lower_recurrence_exact	1151	126	109
source_lower_recurrence_exact	1152	128	115
source_lower_recurrence_exact	1153	118	109
source_lower_recurrence_exact	1154	132	122
source_lower_recurrence_exact	1155	129	118
source_lower_recurrence_exact	1156	113	109
source_lower_recurrence_exact	1157	115	108
source_lower_recurrence_exact	1158	115	107
source_lower_recurrence_exact	1159	125	110
source_lower_recurrence_exact	1160	119	108
source_lower_recurrence_exact	1161	125	111
source_lower_recurrence_exact	1162	138	120
source_lower_recurrence_exact	1163	136	122
source_lower_recurrence_exact	1164	124	114
source_lower_recurrence_exact	1165	124	115
source_lower_recurrence_exact	1166	117	108
source_lower_recurrence_exact	1167	134	123
source_lower_recurrence_exact	1168	133	124
source_lower_recurrence_exact	1169	123	115
source_lower_recurrence_exact	1170	128	119
source_lower_recurrence_exact	1171	131	114
source_lower_recurrence_exact	1172	117	108
source_lower_recurrence_exact	1173	137	119
source_lower_recurrence_exact	1174	114	103
source_lower_recurrence_exact	1175	130	120
source_lower_recurrence_exact	1176	111	102
source_lower_recurrence_exact	1177	127	117
source_lower_recurrence_exact	1178	109	99
source_lower_recurrence_exact	1179	141	128
source_lower_recurrence_exact	1180	103	93
source_lower_recurrence_exact	1181	131	114
source_lower_recurrence_exact	1182	128	120
source_lower_recurrence_exact	1183	130	119
source_lower_recurrence_exact	1184	145	135
source_lower_recurrence_exact	1185	134	123
source_lower_recurrence_exact	1186	122	111
source_lower_recurrence_exact	1187	121	110
source_lower_recurrence_exact	1188	115	102
source_lower_recurrence_exact	1189	146	135
source_lower_recurrence_exact	1190	119	108
source_lower_recurrence_exact	1191	122	112
source_lower_recurrence_exact	1192	122	113
source_lower_recurrence_exact	1193	117	109
source_lower_recurrence_exact	1194	128	117
source_lower_recurrence_exact	1195	149	136
source_lower_recurrence_exact	1196	110	103
source_lower_recurrence_exact	1197	113	99
source_lower_recurrence_exact	1198	144	129
source_lower_recurrence_exact	1199	116	104
source_lower_recurrence_exact	1200	151	136
source_lower_recurrence_exact	1201	130	117
source_lower_recurrence_exact	1202	125	117
source_lower_recurrence_exact	1203	122	107
source_lower_recurrence_exact	1204	122	109
source_lower_recurrence_exact	1205	111	105
source_lower_recurrence_exact	1206	134	121
source_lower_recurrence_exact	1207	134	120
source_lower_recurrence_exact	1208	123	110
source_lower_recurrence_exact	1209	123	112
source_lower_recurrence_exact	1210	140	132
source_lower_recurrence_exact	1211	136	122
source_lower_recurrence_exact	1212	122	111
source_lower_recurrence_exact	1213	126	116
source_lower_recurrence_exact	1214	141	128
source_lower_recurrence_exact	1215	126	113
source_lower_recurrence_exact	1216	127	119
source_lower_recurrence_exact	1217	135	124
source_lower_recurrence_exact	1218	126	119
source_lower_recurrence_exact	1219	124	113
source_lower_recurrence_exact	1220	128	117
source_lower_recurrence_exact	1221	127	118
source_lower_recurrence_exact	1222	132	119
source_lower_recurrence_exact	1223	126	116
source_lower_recurrence_exact	1224	139	128
source_lower_recurrence_exact	1225	129	115
source_lower_recurrence_exact	1226	128	121
source_lower_recurrence_exact	1227	144	132
source_lower_recurrence_exact	1228	115	104
source_lower_recurrence_exact	1229	132	118
source_lower_recurrence_exact	1230	127	113
source_lower_recurrence_exact	1231	134	123
source_lower_recurrence_exact	1232	119	110
source_lower_recurrence_exact	1233	128	119
source_lower_recurrence_exact	1234	128	113
source_lower_recurrence_exact	1235	116	109
source_lower_recurrence_exact	1236	128	117
source_lower_recurrence_exact	1237	128	118
source_lower_recurrence_exact	1238	119	107
source_lower_recurrence_exact	1239	135	123
source_lower_recurrence_exact	1240	117	106
source_lower_recurrence_exact	1241	115	100
source_lower_recurrence_exact	1242	127	117
source_lower_recurrence_exact	1243	131	122
source_lower_recurrence_exact	1244	125	116
source_lower_recurrence_exact	1245	132	122
source_lower_recurrence_exact	1246	117	103
source_lower_recurrence_exact	1247	129	117
source_lower_recurrence_exact	1248	128	116
source_lower_recurrence_exact	1249	129	120
source_lower_recurrence_exact	1250	112	102
source_lower_recurrence_exact	1251	129	116
source_lower_recurrence_exact	1252	127	117
source_lower_recurrence_exact	1253	132	124
source_lower_recurrence_exact	1254	123	112
source_lower_recurrence_exact	1255	143	133
source_lower_recurrence_exact	1256	124	114
source_lower_recurrence_exact	1257	123	109
source_lower_recurrence_exact	1258	122	117
source_lower_recurrence_exact	1259	132	116
source_lower_recurrence_exact	1260	139	128
source_lower_recurrence_exact	1261	139	124
source_lower_recurrence_exact	1262	120	112
source_lower_recurrence_exact	1263	124	116
source_lower_recurrence_exact	1264	146	132
source_lower_recurrence_exact	1265	123	114
source_lower_recurrence_exact	1266	125	116
source_lower_recurrence_exact	1267	114	107
source_lower_recurrence_exact	1268	120	109
source_lower_recurrence_exact	1269	124	114
source_lower_recurrence_exact	1270	127	115
source_lower_recurrence_exact	1271	126	112
source_lower_recurrence_exact	1272	118	106
source_lower_recurrence_exact	1273	131	121
source_lower_recurrence_exact	1274	120	108
source_lower_recurrence_exact	1275	119	108
source_lower_recurrence_exact	1276	136	122
source_lower_recurrence_exact	1277	116	104
source_lower_recurrence_exact	1278	121	112
source_lower_recurrence_exact	1279	129	122
source_lower_recurrence_exact	1280	130	123
source_lower_recurrence_exact	1281	120	112
source_lower_recurrence_exact	1282	126	114
source_lower_recurrence_exact	1283	143	127
source_lower_recurrence_exact	1284	113	99
source_lower_recurrence_exact	1285	128	113
source_lower_recurrence_exact	1286	129	115
source_lower_recurrence_exact	1287	122	111
source_lower_recurrence_exact	1288	121	109
source_lower_recurrence_exact	1289	138	123
source_lower_recurrence_exact	1290	125	111
source_lower_recurrence_exact	1291	117	108
source_lower_recurrence_exact	1292	107	96
source_lower_recurrence_exact	1293	110	97
source_lower_recurrence_exact	1294	131	117
source_lower_recurrence_exact	1295	116	102
source_lower_recurrence_exact	1296	115	105
source_lower_recurrence_exact	1297	124	112
source_lower_recurrence_exact	1298	134	125
source_lower_recurrence_exact	1299	138	123
source_lower_recurrence_exact	1300	146	130
source_lower_recurrence_exact	1301	117	107
source_lower_recurrence_exact	1302	134	121
source_lower_recurrence_exact	1303	122	114
source_lower_recurrence_exact	1304	122	108
source_lower_recurrence_exact	1305	130	121
source_lower_recurrence_exact	1306	109	100
source_lower_recurrence_exact	1307	106	99
source_lower_recurrence_exact	1308	132	116
source_lower_recurrence_exact	1309	124	112
source_lower_recurrence_exact	1310	120	111
source_lower_recurrence_exact	1311	123	110
source_lower_recurrence_exact	1312	117	107
source_lower_recurrence_exact	1313	103	93
source_lower_recurrence_exact	1314	144	130
source_lower_recurrence_exact	1315	138	126
source_lower_recurrence_exact	1316	142	134
source_lower_recurrence_exact	1317	135	124
source_lower_recurrence_exact	1318	129	117
source_lower_recurrence_exact	1319	130	118
source_lower_recurrence_exact	1320	135	123
source_lower_recurrence_exact	1321	122	115
source_lower_recurrence_exact	1322	127	118
source_lower_recurrence_exact	1323	131	118
source_lower_recurrence_exact	1324	111	103
source_lower_recurrence_exact	1325	129	115
source_lower_recurrence_exact	1326	121	113
source_lower_recurrence_exact	1327	133	120
source_lower_recurrence_exact	1328	135	120
source_lower_recurrence_exact	1329	123	115
source_lower_recurrence_exact	1330	127	117
source_lower_recurrence_exact	1331	136	123
source_lower_recurrence_exact	1332	127	116
source_lower_recurrence_exact	1333	138	128
source_lower_recurrence_exact	1334	115	103
source_lower_recurrence_exact	1335	124	111
source_lower_recurrence_exact	1336	114	99
source_lower_recurrence_exact	1337	120	112
source_lower_recurrence_exact	1338	127	117
source_lower_recurrence_exact	1339	125	113
source_lower_recurrence_exact	1340	108	99
source_lower_recurrence_exact	1341	135	122
source_lower_recurrence_exact	1342	110	101
source_lower_recurrence_exact	1343	94	82
source_lower_recurrence_exact	1344	115	108
source_lower_recurrence_exact	1345	118	105
source_lower_recurrence_exact	1346	124	112
source_lower_recurrence_exact	1347	114	102
source_lower_recurrence_exact	1348	127	120
source_lower_recurrence_exact	1349	120	111
source_lower_recurrence_exact	1350	119	109
source_lower_recurrence_exact	1351	130	119
source_lower_recurrence_exact	1352	108	101
source_lower_recurrence_exact	1353	124	114
source_lower_recurrence_exact	1354	120	107
source_lower_recurrence_exact	1355	123	113
source_lower_recurrence_exact	1356	126	117
source_lower_recurrence_exact	1357	125	111
source_lower_recurrence_exact	1358	125	117
source_lower_recurrence_exact	1359	131	118
source_lower_recurrence_exact	1360	125	111
source_lower_recurrence_exact	1361	138	123
source_lower_recurrence_exact	1362	129	115
source_lower_recurrence_exact	1363	117	105
source_lower_recurrence_exact	1364	130	117
source_lower_recurrence_exact	1365	112	105
source_lower_recurrence_exact	1366	132	122
source_lower_recurrence_exact	1367	113	106
source_lower_recurrence_exact	1368	133	124
source_lower_recurrence_exact	1369	122	117
source_lower_recurrence_exact	1370	121	110
source_lower_recurrence_exact	1371	121	106
source_lower_recurrence_exact	1372	117	106
source_lower_recurrence_exact	1373	130	117
source_lower_recurrence_exact	1374	127	116
source_lower_recurrence_exact	1375	124	111
source_lower_recurrence_exact	1376	127	116
source_lower_recurrence_exact	1377	132	122
source_lower_recurrence_exact	1378	115	105
source_lower_recurrence_exact	1379	126	115
source_lower_recurrence_exact	1380	115	108
source_lower_recurrence_exact	1381	123	111
source_lower_recurrence_exact	1382	116	106
source_lower_recurrence_exact	1383	131	117
source_lower_recurrence_exact	1384	140	125
source_lower_recurrence_exact	1385	117	107
source_lower_recurrence_exact	1386	131	112
source_lower_recurrence_exact	1387	126	115
source_lower_recurrence_exact	1388	116	106
source_lower_recurrence_exact	1389	124	115
source_lower_recurrence_exact	1390	122	114
source_lower_recurrence_exact	1391	141	130
source_lower_recurrence_exact	1392	131	118
source_lower_recurrence_exact	1393	118	107
source_lower_recurrence_exact	1394	125	114
source_lower_recurrence_exact	1395	118	109
source_lower_recurrence_exact	1396	143	130
source_lower_recurrence_exact	1397	128	114
source_lower_recurrence_exact	1398	119	109
source_lower_recurrence_exact	1399	118	107
source_lower_recurrence_exact	1400	146	131
source_lower_recurrence_exact	1401	124	114
source_lower_recurrence_exact	1402	126	120
source_lower_recurrence_exact	1403	122	110
source_lower_recurrence_exact	1404	118	107
source_lower_recurrence_exact	1405	118	111
source_lower_recurrence_exact	1406	128	117
source_lower_recurrence_exact	1407	131	118
source_lower_recurrence_exact	1408	116	107
source_lower_recurrence_exact	1409	123	113
source_lower_recurrence_exact	1410	130	119
source_lower_recurrence_exact	1411	138	124
source_lower_recurrence_exact	1412	119	108
source_lower_recurrence_exact	1413	129	116
source_lower_recurrence_exact	1414	121	111
source_lower_recurrence_exact	1415	130	121
source_lower_recurrence_exact	1416	116	108
source_lower_recurrence_exact	1417	121	109
source_lower_recurrence_exact	1418	131	119
source_lower_recurrence_exact	1419	132	121
source_lower_recurrence_exact	1420	118	105
source_lower_recurrence_exact	1421	129	121
source_lower_recurrence_exact	1422	118	104
source_lower_recurrence_exact	1423	127	116
source_lower_recurrence_exact	1424	111	102
source_lower_recurrence_exact	1425	120	110
source_lower_recurrence_exact	1426	118	111
source_lower_recurrence_exact	1427	136	127
source_lower_recurrence_exact	1428	133	118
source_lower_recurrence_exact	1429	138	123
source_lower_recurrence_exact	1430	137	129
source_lower_recurrence_exact	1431	109	101
source_lower_recurrence_exact	1432	134	120
source_lower_recurrence_exact	1433	108	96
source_lower_recurrence_exact	1434	139	125
source_lower_recurrence_exact	1435	120	110
source_lower_recurrence_exact	1436	118	112
source_lower_recurrence_exact	1437	132	122
source_lower_recurrence_exact	1438	116	109
source_lower_recurrence_exact	1439	115	105
source_lower_recurrence_exact	1440	122	113
source_lower_recurrence_exact	1441	111	100
source_lower_recurrence_exact	1442	151	138
source_lower_recurrence_exact	1443	115	106
source_lower_recurrence_exact	1444	139	129
source_lower_recurrence_exact	1445	113	104
source_lower_recurrence_exact	1446	120	110
source_lower_recurrence_exact	1447	123	112
source_lower_recurrence_exact	1448	131	115
source_lower_recurrence_exact	1449	130	121
source_lower_recurrence_exact	1450	136	119
source_lower_recurrence_exact	1451	136	124
source_lower_recurrence_exact	1452	131	117
source_lower_recurrence_exact	1453	112	102
source_lower_recurrence_exact	1454	116	104
source_lower_recurrence_exact	1455	126	119
source_lower_recurrence_exact	1456	146	136
source_lower_recurrence_exact	1457	122	109
source_lower_recurrence_exact	1458	110	103
source_lower_recurrence_exact	1459	141	130
source_lower_recurrence_exact	1460	119	108
source_lower_recurrence_exact	1461	110	104
source_lower_recurrence_exact	1462	127	118
source_lower_recurrence_exact	1463	118	110
source_lower_recurrence_exact	1464	111	98
source_lower_recurrence_exact	1465	129	118
source_lower_recurrence_exact	1466	137	122
source_lower_recurrence_exact	1467	127	114
source_lower_recurrence_exact	1468	120	108
source_lower_recurrence_exact	1469	128	115
source_lower_recurrence_exact	1470	149	136
source_lower_recurrence_exact	1471	122	113
source_lower_recurrence_exact	1472	116	108
source_lower_recurrence_exact	1473	112	101
source_lower_recurrence_exact	1474	127	115
source_lower_recurrence_exact	1475	132	120
source_lower_recurrence_exact	1476	125	114
source_lower_recurrence_exact	1477	128	118
source_lower_recurrence_exact	1478	127	113
source_lower_recurrence_exact	1479	124	117
source_lower_recurrence_exact	1480	125	114
source_lower_recurrence_exact	1481	122	113
source_lower_recurrence_exact	1482	129	113
source_lower_recurrence_exact	1483	122	110
source_lower_recurrence_exact	1484	134	124
source_lower_recurrence_exact	1485	120	109
source_lower_recurrence_exact	1486	131	122
source_lower_recurrence_exact	1487	126	112
source_lower_recurrence_exact	1488	134	125
source_lower_recurrence_exact	1489	119	111
source_lower_recurrence_exact	1490	111	103
source_lower_recurrence_exact	1491	122	110
source_lower_recurrence_exact	1492	124	114
source_lower_recurrence_exact	1493	135	123
source_lower_recurrence_exact	1494	116	106
source_lower_recurrence_exact	1495	131	119
source_lower_recurrence_exact	1496	113	105
source_lower_recurrence_exact	1497	131	120
source_lower_recurrence_exact	1498	103	98
source_lower_recurrence_exact	1499	126	117
source_lower_recurrence_exact	1500	124	114
source_lower_recurrence_exact	1501	136	120
source_lower_recurrence_exact	1502	126	115
source_lower_recurrence_exact	1503	133	123
source_lower_recurrence_exact	1504	126	114
source_lower_recurrence_exact	1505	113	99
source_lower_recurrence_exact	1506	103	95
source_lower_recurrence_exact	1507	140	129
source_lower_recurrence_exact	1508	124	112
source_lower_recurrence_exact	1509	119	107
source_lower_recurrence_exact	1510	118	108
source_lower_recurrence_exact	1511	133	120
source_lower_recurrence_exact	1512	144	129
source_lower_recurrence_exact	1513	142	127
source_lower_recurrence_exact	1514	123	109
source_lower_recurrence_exact	1515	119	108
source_lower_recurrence_exact	1516	114	105
source_lower_recurrence_exact	1517	126	116
source_lower_recurrence_exact	1518	130	118
source_lower_recurrence_exact	1519	113	102
source_lower_recurrence_exact	1520	123	114
source_lower_recurrence_exact	1521	104	99
source_lower_recurrence_exact	1522	127	115
source_lower_recurrence_exact	1523	110	102
source_lower_recurrence_exact	1524	128	119
source_lower_recurrence_exact	1525	138	121
source_lower_recurrence_exact	1526	135	122
source_lower_recurrence_exact	1527	124	107
source_lower_recurrence_exact	1528	114	104
source_lower_recurrence_exact	1529	125	119
source_lower_recurrence_exact	1530	120	111
source_lower_recurrence_exact	1531	120	111
source_lower_recurrence_exact	1532	117	107
source_lower_recurrence_exact	1533	113	104
source_lower_recurrence_exact	1534	129	112
source_lower_recurrence_exact	1535	123	114
source_lower_recurrence_exact	1536	127	114
source_lower_recurrence_exact	1537	121	112
source_lower_recurrence_exact	1538	136	125
source_lower_recurrence_exact	1539	128	116
source_lower_recurrence_exact	1540	135	118
source_lower_recurrence_exact	1541	136	124
source_lower_recurrence_exact	1542	137	124
source_lower_recurrence_exact	1543	136	119
source_lower_recurrence_exact	1544	125	115
source_lower_recurrence_exact	1545	119	109
source_lower_recurrence_exact	1546	127	118
source_lower_recurrence_exact	1547	134	121
source_lower_recurrence_exact	1548	112	102
source_lower_recurrence_exact	1549	125	114
source_lower_recurrence_exact	1550	134	121
source_lower_recurrence_exact	1551	123	111
source_lower_recurrence_exact	1552	124	114
source_lower_recurrence_exact	1553	134	119
source_lower_recurrence_exact	1554	131	118
source_lower_recurrence_exact	1555	136	124
source_lower_recurrence_exact	1556	148	134
source_lower_recurrence_exact	1557	118	109
source_lower_recurrence_exact	1558	126	114
source_lower_recurrence_exact	1559	111	103
source_lower_recurrence_exact	1560	116	107
source_lower_recurrence_exact	1561	117	107
source_lower_recurrence_exact	1562	122	112
source_lower_recurrence_exact	1563	125	117
source_lower_recurrence_exact	1564	133	123
source_lower_recurrence_exact	1565	129	116
source_lower_recurrence_exact	1566	119	110
source_lower_recurrence_exact	1567	120	108
source_lower_recurrence_exact	1568	123	114
source_lower_recurrence_exact	1569	142	122
source_lower_recurrence_exact	1570	124	110
source_lower_recurrence_exact	1571	125	113
source_lower_recurrence_exact	1572	120	106
source_lower_recurrence_exact	1573	122	112
source_lower_recurrence_exact	1574	139	130
source_lower_recurrence_exact	1575	121	109
source_lower_recurrence_exact	1576	122	110
source_lower_recurrence_exact	1577	126	113
source_lower_recurrence_exact	1578	122	113
source_lower_recurrence_exact	1579	128	114
source_lower_recurrence_exact	1580	137	129
source_lower_recurrence_exact	1581	132	118
source_lower_recurrence_exact	1582	118	109
source_lower_recurrence_exact	1583	142	128
source_lower_recurrence_exact	1584	134	123
source_lower_recurrence_exact	1585	118	110
source_lower_recurrence_exact	1586	142	134
source_lower_recurrence_exact	1587	106	98
source_lower_recurrence_exact	1588	143	127
source_lower_recurrence_exact	1589	119	107
source_lower_recurrence_exact	1590	127	115
source_lower_recurrence_exact	1591	124	116
source_lower_recurrence_exact	1592	121	112
source_lower_recurrence_exact	1593	137	122
source_lower_recurrence_exact	1594	121	112
source_lower_recurrence_exact	1595	119	110
source_lower_recurrence_exact	1596	129	120
source_lower_recurrence_exact	1597	124	112
source_lower_recurrence_exact	1598	114	103
source_lower_recurrence_exact	1599	123	114
source_lower_recurrence_exact	1600	135	119
source_lower_recurrence_exact	1601	130	114
source_lower_recurrence_exact	1602	139	126
source_lower_recurrence_exact	1603	133	119
source_lower_recurrence_exact	1604	123	111
source_lower_recurrence_exact	1605	123	110
source_lower_recurrence_exact	1606	135	124
source_lower_recurrence_exact	1607	107	97
source_lower_recurrence_exact	1608	124	110
source_lower_recurrence_exact	1609	143	130
source_lower_recurrence_exact	1610	140	128
source_lower_recurrence_exact	1611	122	112
source_lower_recurrence_exact	1612	117	106
source_lower_recurrence_exact	1613	127	114
source_lower_recurrence_exact	1614	127	118
source_lower_recurrence_exact	1615	141	126
source_lower_recurrence_exact	1616	128	113
source_lower_recurrence_exact	1617	129	117
source_lower_recurrence_exact	1618	134	121
source_lower_recurrence_exact	1619	132	119
source_lower_recurrence_exact	1620	118	107
source_lower_recurrence_exact	1621	105	96
source_lower_recurrence_exact	1622	122	112
source_lower_recurrence_exact	1623	130	118
source_lower_recurrence_exact	1624	118	107
source_lower_recurrence_exact	1625	123	111
source_lower_recurrence_exact	1626	110	102
source_lower_recurrence_exact	1627	128	117
source_lower_recurrence_exact	1628	107	99
source_lower_recurrence_exact	1629	119	104
source_lower_recurrence_exact	1630	121	108
source_lower_recurrence_exact	1631	118	107
source_lower_recurrence_exact	1632	128	121
source_lower_recurrence_exact	1633	133	118
source_lower_recurrence_exact	1634	130	116
source_lower_recurrence_exact	1635	113	102
source_lower_recurrence_exact	1636	126	111
source_lower_recurrence_exact	1637	124	110
source_lower_recurrence_exact	1638	130	114
source_lower_recurrence_exact	1639	131	123
source_lower_recurrence_exact	1640	134	124
source_lower_recurrence_exact	1641	148	137
source_lower_recurrence_exact	1642	135	124
source_lower_recurrence_exact	1643	111	105
source_lower_recurrence_exact	1644	131	115
source_lower_recurrence_exact	1645	127	120
source_lower_recurrence_exact	1646	110	100
source_lower_recurrence_exact	1647	110	102
source_lower_recurrence_exact	1648	119	108
source_lower_recurrence_exact	1649	117	106
source_lower_recurrence_exact	1650	112	105
source_lower_recurrence_exact	1651	132	118
source_lower_recurrence_exact	1652	124	113
source_lower_recurrence_exact	1653	114	106
source_lower_recurrence_exact	1654	135	125
source_lower_recurrence_exact	1655	123	111
source_lower_recurrence_exact	1656	113	104
source_lower_recurrence_exact	1657	108	99
source_lower_recurrence_exact	1658	123	112
source_lower_recurrence_exact	1659	129	115
source_lower_recurrence_exact	1660	135	122
source_lower_recurrence_exact	1661	131	121
source_lower_recurrence_exact	1662	121	108
source_lower_recurrence_exact	1663	113	101
source_lower_recurrence_exact	1664	128	117
source_lower_recurrence_exact	1665	117	105
source_lower_recurrence_exact	1666	133	116
source_lower_recurrence_exact	1667	142	128
source_lower_recurrence_exact	1668	120	112
source_lower_recurrence_exact	1669	141	133
source_lower_recurrence_exact	1670	125	114
source_lower_recurrence_exact	1671	121	112
source_lower_recurrence_exact	1672	135	121
source_lower_recurrence_exact	1673	132	120
source_lower_recurrence_exact	1674	137	126
source_lower_recurrence_exact	1675	129	119
source_lower_recurrence_exact	1676	119	110
source_lower_recurrence_exact	1677	116	104
source_lower_recurrence_exact	1678	134	121
source_lower_recurrence_exact	1679	134	117
source_lower_recurrence_exact	1680	123	111
source_lower_recurrence_exact	1681	117	109
source_lower_recurrence_exact	1682	125	110
source_lower_recurrence_exact	1683	113	103
source_lower_recurrence_exact	1684	118	106
source_lower_recurrence_exact	1685	114	100
source_lower_recurrence_exact	1686	120	114
source_lower_recurrence_exact	1687	147	131
source_lower_recurrence_exact	1688	129	118
source_lower_recurrence_exact	1689	122	113
source_lower_recurrence_exact	1690	130	116
source_lower_recurrence_exact	1691	128	114
source_lower_recurrence_exact	1692	123	113
source_lower_recurrence_exact	1693	138	128
source_lower_recurrence_exact	1694	125	116
source_lower_recurrence_exact	1695	130	116
source_lower_recurrence_exact	1696	129	115
source_lower_recurrence_exact	1697	137	119
source_lower_recurrence_exact	1698	141	127
source_lower_recurrence_exact	1699	115	109
source_lower_recurrence_exact	1700	120	113
source_lower_recurrence_exact	1701	109	101
source_lower_recurrence_exact	1702	129	118
source_lower_recurrence_exact	1703	130	120
source_lower_recurrence_exact	1704	124	111
source_lower_recurrence_exact	1705	126	115
source_lower_recurrence_exact	1706	123	114
source_lower_recurrence_exact	1707	117	105
source_lower_recurrence_exact	1708	102	96
source_lower_recurrence_exact	1709	127	111
source_lower_recurrence_exact	1710	122	110
source_lower_recurrence_exact	1711	136	123
source_lower_recurrence_exact	1712	126	116
source_lower_recurrence_exact	1713	133	125
source_lower_recurrence_exact	1714	119	110
source_lower_recurrence_exact	1715	132	117
source_lower_recurrence_exact	1716	116	108
source_lower_recurrence_exact	1717	126	113
source_lower_recurrence_exact	1718	153	138
source_lower_recurrence_exact	1719	113	103
source_lower_recurrence_exact	1720	138	123
source_lower_recurrence_exact	1721	128	118
source_lower_recurrence_exact	1722	119	108
source_lower_recurrence_exact	1723	134	123
source_lower_recurrence_exact	1724	122	110
source_lower_recurrence_exact	1725	149	129
source_lower_recurrence_exact	1726	122	113
source_lower_recurrence_exact	1727	106	93
source_lower_recurrence_exact	1728	121	110
source_lower_recurrence_exact	1729	119	108
source_lower_recurrence_exact	1730	135	121
source_lower_recurrence_exact	1731	126	114
source_lower_recurrence_exact	1732	126	116
source_lower_recurrence_exact	1733	143	128
source_lower_recurrence_exact	1734	115	98
source_lower_recurrence_exact	1735	128	112
source_lower_recurrence_exact	1736	130	124
source_lower_recurrence_exact	1737	128	121
source_lower_recurrence_exact	1738	121	107
source_lower_recurrence_exact	1739	137	125
source_lower_recurrence_exact	1740	135	118
source_lower_recurrence_exact	1741	123	113
source_lower_recurrence_exact	1742	152	138
source_lower_recurrence_exact	1743	118	103
source_lower_recurrence_exact	1744	132	116
source_lower_recurrence_exact	1745	117	107
source_lower_recurrence_exact	1746	121	109
source_lower_recurrence_exact	1747	127	116
source_lower_recurrence_exact	1748	123	113
source_lower_recurrence_exact	1749	132	119
source_lower_recurrence_exact	1750	112	105
source_lower_recurrence_exact	1751	130	118
source_lower_recurrence_exact	1752	128	120
source_lower_recurrence_exact	1753	124	116
source_lower_recurrence_exact	1754	121	113
source_lower_recurrence_exact	1755	133	124
source_lower_recurrence_exact	1756	123	116
source_lower_recurrence_exact	1757	133	123
source_lower_recurrence_exact	1758	126	114
source_lower_recurrence_exact	1759	122	113
source_lower_recurrence_exact	1760	124	112
source_lower_recurrence_exact	1761	142	131
source_lower_recurrence_exact	1762	118	111
source_lower_recurrence_exact	1763	139	129
source_lower_recurrence_exact	1764	124	115
source_lower_recurrence_exact	1765	107	97
source_lower_recurrence_exact	1766	118	107
source_lower_recurrence_exact	1767	134	124
source_lower_recurrence_exact	1768	120	108
source_lower_recurrence_exact	1769	121	112
source_lower_recurrence_exact	1770	117	107
source_lower_recurrence_exact	1771	138	127
source_lower_recurrence_exact	1772	128	115
source_lower_recurrence_exact	1773	128	118
source_lower_recurrence_exact	1774	131	120
source_lower_recurrence_exact	1775	133	119
source_lower_recurrence_exact	1776	128	119
source_lower_recurrence_exact	1777	119	112
source_lower_recurrence_exact	1778	111	105
source_lower_recurrence_exact	1779	153	135
source_lower_recurrence_exact	1780	136	128
source_lower_recurrence_exact	1781	129	114
source_lower_recurrence_exact	1782	141	129
source_lower_recurrence_exact	1783	119	109
source_lower_recurrence_exact	1784	116	107
source_lower_recurrence_exact	1785	124	112
source_lower_recurrence_exact	1786	132	119
source_lower_recurrence_exact	1787	130	114
source_lower_recurrence_exact	1788	124	116
source_lower_recurrence_exact	1789	127	118
source_lower_recurrence_exact	1790	125	112
source_lower_recurrence_exact	1791	133	127
source_lower_recurrence_exact	1792	137	127
source_lower_recurrence_exact	1793	132	119
source_lower_recurrence_exact	1794	120	109
source_lower_recurrence_exact	1795	106	97
source_lower_recurrence_exact	1796	121	114
source_lower_recurrence_exact	1797	111	102
source_lower_recurrence_exact	1798	129	115
source_lower_recurrence_exact	1799	117	110
source_lower_recurrence_exact	1800	148	130
source_lower_recurrence_exact	1801	140	128
source_lower_recurrence_exact	1802	138	125
source_lower_recurrence_exact	1803	132	117
source_lower_recurrence_exact	1804	122	108
source_lower_recurrence_exact	1805	138	125
source_lower_recurrence_exact	1806	133	121
source_lower_recurrence_exact	1807	109	99
source_lower_recurrence_exact	1808	138	125
source_lower_recurrence_exact	1809	126	112
source_lower_recurrence_exact	1810	123	110
source_lower_recurrence_exact	1811	126	109
source_lower_recurrence_exact	1812	122	111
source_lower_recurrence_exact	1813	128	117
source_lower_recurrence_exact	1814	142	125
source_lower_recurrence_exact	1815	131	120
source_lower_recurrence_exact	1816	133	118
source_lower_recurrence_exact	1817	132	119
source_lower_recurrence_exact	1818	134	122
source_lower_recurrence_exact	1819	116	106
source_lower_recurrence_exact	1820	123	113
source_lower_recurrence_exact	1821	127	118
source_lower_recurrence_exact	1822	125	113
source_lower_recurrence_exact	1823	113	103
source_lower_recurrence_exact	1824	136	125
source_lower_recurrence_exact	1825	131	119
source_lower_recurrence_exact	1826	137	125
source_lower_recurrence_exact	1827	141	124
source_lower_recurrence_exact	1828	124	108
source_lower_recurrence_exact	1829	126	114
source_lower_recurrence_exact	1830	112	100
source_lower_recurrence_exact	1831	134	121
source_lower_recurrence_exact	1832	120	104
source_lower_recurrence_exact	1833	116	107
source_lower_recurrence_exact	1834	123	108
source_lower_recurrence_exact	1835	123	114
source_lower_recurrence_exact	1836	111	103
source_lower_recurrence_exact	1837	125	116
source_lower_recurrence_exact	1838	124	114
source_lower_recurrence_exact	1839	123	118
source_lower_recurrence_exact	1840	117	108
source_lower_recurrence_exact	1841	137	126
source_lower_recurrence_exact	1842	123	113
source_lower_recurrence_exact	1843	129	117
source_lower_recurrence_exact	1844	123	115
source_lower_recurrence_exact	1845	145	130
source_lower_recurrence_exact	1846	138	128
source_lower_recurrence_exact	1847	124	115
source_lower_recurrence_exact	1848	121	109
source_lower_recurrence_exact	1849	117	110
source_lower_recurrence_exact	1850	134	122
source_lower_recurrence_exact	1851	110	104
source_lower_recurrence_exact	1852	124	116
source_lower_recurrence_exact	1853	131	119
source_lower_recurrence_exact	1854	117	105
source_lower_recurrence_exact	1855	124	115
source_lower_recurrence_exact	1856	135	124
source_lower_recurrence_exact	1857	123	111
source_lower_recurrence_exact	1858	128	120
source_lower_recurrence_exact	1859	123	107
source_lower_recurrence_exact	1860	130	118
source_lower_recurrence_exact	1861	123	112
source_lower_recurrence_exact	1862	123	110
source_lower_recurrence_exact	1863	136	123
source_lower_recurrence_exact	1864	114	106
source_lower_recurrence_exact	1865	114	107
source_lower_recurrence_exact	1866	113	102
source_lower_recurrence_exact	1867	113	107
source_lower_recurrence_exact	1868	113	103
source_lower_recurrence_exact	1869	140	126
source_lower_recurrence_exact	1870	124	114
source_lower_recurrence_exact	1871	128	114
source_lower_recurrence_exact	1872	126	116
source_lower_recurrence_exact	1873	129	117
source_lower_recurrence_exact	1874	109	97
source_lower_recurrence_exact	1875	113	104
source_lower_recurrence_exact	1876	125	113
source_lower_recurrence_exact	1877	134	125
source_lower_recurrence_exact	1878	138	131
source_lower_recurrence_exact	1879	130	119
source_lower_recurrence_exact	1880	116	106
source_lower_recurrence_exact	1881	129	123
source_lower_recurrence_exact	1882	125	116
source_lower_recurrence_exact	1883	117	110
source_lower_recurrence_exact	1884	125	112
source_lower_recurrence_exact	1885	117	107
source_lower_recurrence_exact	1886	130	119
source_lower_recurrence_exact	1887	130	117
source_lower_recurrence_exact	1888	128	113
source_lower_recurrence_exact	1889	126	113
source_lower_recurrence_exact	1890	125	113
source_lower_recurrence_exact	1891	115	106
source_lower_recurrence_exact	1892	120	109
source_lower_recurrence_exact	1893	126	117
source_lower_recurrence_exact	1894	134	121
source_lower_recurrence_exact	1895	148	131
source_lower_recurrence_exact	1896	113	105
source_lower_recurrence_exact	1897	130	114
source_lower_recurrence_exact	1898	135	121
source_lower_recurrence_exact	1899	134	123
source_lower_recurrence_exact	1900	124	112
source_lower_recurrence_exact	1901	121	114
source_lower_recurrence_exact	1902	130	118
source_lower_recurrence_exact	1903	128	110
source_lower_recurrence_exact	1904	121	111
source_lower_recurrence_exact	1905	122	111
source_lower_recurrence_exact	1906	131	118
source_lower_recurrence_exact	1907	110	98
source_lower_recurrence_exact	1908	108	102
source_lower_recurrence_exact	1909	120	107
source_lower_recurrence_exact	1910	128	112
source_lower_recurrence_exact	1911	123	105
source_lower_recurrence_exact	1912	132	117
source_lower_recurrence_exact	1913	137	124
source_lower_recurrence_exact	1914	111	103
source_lower_recurrence_exact	1915	119	110
source_lower_recurrence_exact	1916	112	105
source_lower_recurrence_exact	1917	136	123
source_lower_recurrence_exact	1918	127	120
source_lower_recurrence_exact	1919	123	112
source_lower_recurrence_exact	1920	127	118
source_lower_recurrence_exact	1921	136	124
source_lower_recurrence_exact	1922	116	109
source_lower_recurrence_exact	1923	111	103
source_lower_recurrence_exact	1924	125	115
source_lower_recurrence_exact	1925	130	119
source_lower_recurrence_exact	1926	115	104
source_lower_recurrence_exact	1927	125	112
source_lower_recurrence_exact	1928	111	103
source_lower_recurrence_exact	1929	127	117
source_lower_recurrence_exact	1930	140	123
source_lower_recurrence_exact	1931	136	124
source_lower_recurrence_exact	1932	127	119
source_lower_recurrence_exact	1933	114	100
source_lower_recurrence_exact	1934	124	108
source_lower_recurrence_exact	1935	108	101
source_lower_recurrence_exact	1936	112	103
source_lower_recurrence_exact	1937	131	121
source_lower_recurrence_exact	1938	106	97
source_lower_recurrence_exact	1939	129	113
source_lower_recurrence_exact	1940	129	116
source_lower_recurrence_exact	1941	115	105
source_lower_recurrence_exact	1942	110	101
source_lower_recurrence_exact	1943	113	104
source_lower_recurrence_exact	1944	126	112
source_lower_recurrence_exact	1945	112	105
source_lower_recurrence_exact	1946	120	114
source_lower_recurrence_exact	1947	129	118
source_lower_recurrence_exact	1948	130	119
source_lower_recurrence_exact	1949	120	111
source_lower_recurrence_exact	1950	125	116
source_lower_recurrence_exact	1951	120	108
source_lower_recurrence_exact	1952	131	116
source_lower_recurrence_exact	1953	125	116
source_lower_recurrence_exact	1954	134	121
source_lower_recurrence_exact	1955	110	100
source_lower_recurrence_exact	1956	132	117
source_lower_recurrence_exact	1957	111	103
source_lower_recurrence_exact	1958	117	106
source_lower_recurrence_exact	1959	129	119
source_lower_recurrence_exact	1960	123	110
source_lower_recurrence_exact	1961	125	117
source_lower_recurrence_exact	1962	119	110
source_lower_recurrence_exact	1963	127	119
source_lower_recurrence_exact	1964	114	99
source_lower_recurrence_exact	1965	129	115
source_lower_recurrence_exact	1966	127	115
source_lower_recurrence_exact	1967	121	106
source_lower_recurrence_exact	1968	125	117
source_lower_recurrence_exact	1969	116	106
source_lower_recurrence_exact	1970	120	104
source_lower_recurrence_exact	1971	122	113
source_lower_recurrence_exact	1972	131	120
source_lower_recurrence_exact	1973	121	108
source_lower_recurrence_exact	1974	129	118
source_lower_recurrence_exact	1975	115	105
source_lower_recurrence_exact	1976	121	113
source_lower_recurrence_exact	1977	120	105
source_lower_recurrence_exact	1978	125	114
source_lower_recurrence_exact	1979	132	117
source_lower_recurrence_exact	1980	125	115
source_lower_recurrence_exact	1981	135	127
source_lower_recurrence_exact	1982	135	125
source_lower_recurrence_exact	1983	140	127
source_lower_recurrence_exact	1984	152	132
source_lower_recurrence_exact	1985	125	115
source_lower_recurrence_exact	1986	117	108
source_lower_recurrence_exact	1987	124	114
source_lower_recurrence_exact	1988	130	119
source_lower_recurrence_exact	1989	138	124
source_lower_recurrence_exact	1990	133	122
source_lower_recurrence_exact	1991	124	114
source_lower_recurrence_exact	1992	130	117
source_lower_recurrence_exact	1993	120	105
source_lower_recurrence_exact	1994	114	107
source_lower_recurrence_exact	1995	137	123
source_lower_recurrence_exact	1996	123	114
source_lower_recurrence_exact	1997	123	113
source_lower_recurrence_exact	1998	135	123
source_lower_recurrence_exact	1999	131	121
score_hidden_lt0.2	0	60	57
score_hidden_lt0.2	1	49	48
score_hidden_lt0.2	2	65	62
score_hidden_lt0.2	3	57	52
score_hidden_lt0.2	4	57	54
score_hidden_lt0.2	5	61	60
score_hidden_lt0.2	6	62	60
score_hidden_lt0.2	7	61	59
score_hidden_lt0.2	8	79	73
score_hidden_lt0.2	9	76	70
score_hidden_lt0.2	10	54	52
score_hidden_lt0.2	11	57	55
score_hidden_lt0.2	12	59	57
score_hidden_lt0.2	13	64	61
score_hidden_lt0.2	14	64	60
score_hidden_lt0.2	15	51	50
score_hidden_lt0.2	16	65	64
score_hidden_lt0.2	17	57	56
score_hidden_lt0.2	18	59	58
score_hidden_lt0.2	19	57	55
score_hidden_lt0.2	20	62	58
score_hidden_lt0.2	21	61	58
score_hidden_lt0.2	22	57	52
score_hidden_lt0.2	23	74	69
score_hidden_lt0.2	24	56	56
score_hidden_lt0.2	25	64	61
score_hidden_lt0.2	26	65	61
score_hidden_lt0.2	27	59	56
score_hidden_lt0.2	28	64	62
score_hidden_lt0.2	29	57	55
score_hidden_lt0.2	30	67	63
score_hidden_lt0.2	31	63	61
score_hidden_lt0.2	32	62	59
score_hidden_lt0.2	33	64	62
score_hidden_lt0.2	34	54	52
score_hidden_lt0.2	35	55	52
score_hidden_lt0.2	36	65	64
score_hidden_lt0.2	37	57	55
score_hidden_lt0.2	38	60	57
score_hidden_lt0.2	39	54	52
score_hidden_lt0.2	40	59	54
score_hidden_lt0.2	41	56	53
score_hidden_lt0.2	42	64	62
score_hidden_lt0.2	43	65	62
score_hidden_lt0.2	44	58	57
score_hidden_lt0.2	45	65	63
score_hidden_lt0.2	46	60	57
score_hidden_lt0.2	47	54	52
score_hidden_lt0.2	48	68	64
score_hidden_lt0.2	49	66	64
score_hidden_lt0.2	50	58	56
score_hidden_lt0.2	51	58	55
score_hidden_lt0.2	52	67	63
score_hidden_lt0.2	53	66	64
score_hidden_lt0.2	54	57	55
score_hidden_lt0.2	55	66	64
score_hidden_lt0.2	56	67	62
score_hidden_lt0.2	57	55	54
score_hidden_lt0.2	58	56	52
score_hidden_lt0.2	59	62	59
score_hidden_lt0.2	60	56	54
score_hidden_lt0.2	61	63	63
score_hidden_lt0.2	62	53	52
score_hidden_lt0.2	63	59	56
score_hidden_lt0.2	64	58	56
score_hidden_lt0.2	65	55	53
score_hidden_lt0.2	66	59	58
score_hidden_lt0.2	67	63	60
score_hidden_lt0.2	68	59	56
score_hidden_lt0.2	69	54	54
score_hidden_lt0.2	70	61	58
score_hidden_lt0.2	71	60	57
score_hidden_lt0.2	72	52	50
score_hidden_lt0.2	73	56	53
score_hidden_lt0.2	74	61	57
score_hidden_lt0.2	75	71	68
score_hidden_lt0.2	76	56	53
score_hidden_lt0.2	77	66	60
score_hidden_lt0.2	78	64	62
score_hidden_lt0.2	79	64	63
score_hidden_lt0.2	80	57	54
score_hidden_lt0.2	81	64	60
score_hidden_lt0.2	82	59	57
score_hidden_lt0.2	83	57	54
score_hidden_lt0.2	84	59	54
score_hidden_lt0.2	85	54	54
score_hidden_lt0.2	86	57	55
score_hidden_lt0.2	87	65	62
score_hidden_lt0.2	88	67	66
score_hidden_lt0.2	89	55	54
score_hidden_lt0.2	90	65	63
score_hidden_lt0.2	91	58	58
score_hidden_lt0.2	92	61	58
score_hidden_lt0.2	93	68	67
score_hidden_lt0.2	94	65	62
score_hidden_lt0.2	95	71	68
score_hidden_lt0.2	96	56	53
score_hidden_lt0.2	97	65	60
score_hidden_lt0.2	98	64	61
score_hidden_lt0.2	99	44	44
score_hidden_lt0.2	100	62	59
score_hidden_lt0.2	101	59	57
score_hidden_lt0.2	102	63	60
score_hidden_lt0.2	103	59	57
score_hidden_lt0.2	104	68	65
score_hidden_lt0.2	105	64	62
score_hidden_lt0.2	106	67	63
score_hidden_lt0.2	107	61	59
score_hidden_lt0.2	108	67	63
score_hidden_lt0.2	109	62	60
score_hidden_lt0.2	110	61	59
score_hidden_lt0.2	111	53	52
score_hidden_lt0.2	112	65	61
score_hidden_lt0.2	113	58	56
score_hidden_lt0.2	114	64	61
score_hidden_lt0.2	115	61	57
score_hidden_lt0.2	116	62	60
score_hidden_lt0.2	117	60	57
score_hidden_lt0.2	118	58	57
score_hidden_lt0.2	119	64	62
score_hidden_lt0.2	120	51	50
score_hidden_lt0.2	121	68	66
score_hidden_lt0.2	122	72	69
score_hidden_lt0.2	123	72	68
score_hidden_lt0.2	124	50	48
score_hidden_lt0.2	125	56	54
score_hidden_lt0.2	126	70	66
score_hidden_lt0.2	127	64	62
score_hidden_lt0.2	128	59	57
score_hidden_lt0.2	129	61	58
score_hidden_lt0.2	130	61	59
score_hidden_lt0.2	131	64	61
score_hidden_lt0.2	132	68	66
score_hidden_lt0.2	133	60	58
score_hidden_lt0.2	134	59	58
score_hidden_lt0.2	135	63	62
score_hidden_lt0.2	136	66	62
score_hidden_lt0.2	137	55	52
score_hidden_lt0.2	138	56	54
score_hidden_lt0.2	139	54	50
score_hidden_lt0.2	140	57	54
score_hidden_lt0.2	141	60	56
score_hidden_lt0.2	142	59	58
score_hidden_lt0.2	143	56	54
score_hidden_lt0.2	144	62	59
score_hidden_lt0.2	145	66	63
score_hidden_lt0.2	146	59	58
score_hidden_lt0.2	147	64	61
score_hidden_lt0.2	148	62	59
score_hidden_lt0.2	149	54	51
score_hidden_lt0.2	150	62	59
score_hidden_lt0.2	151	68	65
score_hidden_lt0.2	152	60	57
score_hidden_lt0.2	153	59	57
score_hidden_lt0.2	154	60	58
score_hidden_lt0.2	155	65	61
score_hidden_lt0.2	156	63	58
score_hidden_lt0.2	157	55	53
score_hidden_lt0.2	158	66	62
score_hidden_lt0.2	159	64	62
score_hidden_lt0.2	160	55	53
score_hidden_lt0.2	161	63	59
score_hidden_lt0.2	162	62	59
score_hidden_lt0.2	163	65	62
score_hidden_lt0.2	164	58	55
score_hidden_lt0.2	165	61	57
score_hidden_lt0.2	166	59	57
score_hidden_lt0.2	167	60	57
score_hidden_lt0.2	168	66	62
score_hidden_lt0.2	169	66	65
score_hidden_lt0.2	170	60	56
score_hidden_lt0.2	171	59	54
score_hidden_lt0.2	172	57	56
score_hidden_lt0.2	173	54	53
score_hidden_lt0.2	174	63	62
score_hidden_lt0.2	175	62	60
score_hidden_lt0.2	176	56	55
score_hidden_lt0.2	177	66	62
score_hidden_lt0.2	178	64	61
score_hidden_lt0.2	179	59	57
score_hidden_lt0.2	180	54	51
score_hidden_lt0.2	181	55	54
score_hidden_lt0.2	182	61	61
score_hidden_lt0.2	183	58	56
score_hidden_lt0.2	184	65	62
score_hidden_lt0.2	185	59	57
score_hidden_lt0.2	186	56	54
score_hidden_lt0.2	187	74	73
score_hidden_lt0.2	188	54	53
score_hidden_lt0.2	189	65	61
score_hidden_lt0.2	190	62	56
score_hidden_lt0.2	191	61	56
score_hidden_lt0.2	192	66	63
score_hidden_lt0.2	193	63	62
score_hidden_lt0.2	194	56	55
score_hidden_lt0.2	195	59	56
score_hidden_lt0.2	196	58	57
score_hidden_lt0.2	197	53	51
score_hidden_lt0.2	198	60	59
score_hidden_lt0.2	199	53	51
score_hidden_lt0.2	200	62	59
score_hidden_lt0.2	201	65	60
score_hidden_lt0.2	202	60	58
score_hidden_lt0.2	203	64	63
score_hidden_lt0.2	204	68	66
score_hidden_lt0.2	205	67	63
score_hidden_lt0.2	206	58	57
score_hidden_lt0.2	207	61	57
score_hidden_lt0.2	208	60	60
score_hidden_lt0.2	209	59	56
score_hidden_lt0.2	210	61	59
score_hidden_lt0.2	211	67	63
score_hidden_lt0.2	212	58	56
score_hidden_lt0.2	213	55	54
score_hidden_lt0.2	214	61	59
score_hidden_lt0.2	215	65	63
score_hidden_lt0.2	216	66	64
score_hidden_lt0.2	217	60	59
score_hidden_lt0.2	218	54	51
score_hidden_lt0.2	219	57	53
score_hidden_lt0.2	220	66	63
score_hidden_lt0.2	221	63	60
score_hidden_lt0.2	222	64	61
score_hidden_lt0.2	223	58	55
score_hidden_lt0.2	224	54	51
score_hidden_lt0.2	225	63	62
score_hidden_lt0.2	226	58	55
score_hidden_lt0.2	227	59	55
score_hidden_lt0.2	228	54	52
score_hidden_lt0.2	229	66	62
score_hidden_lt0.2	230	62	60
score_hidden_lt0.2	231	61	58
score_hidden_lt0.2	232	66	64
score_hidden_lt0.2	233	54	53
score_hidden_lt0.2	234	59	57
score_hidden_lt0.2	235	61	59
score_hidden_lt0.2	236	72	69
score_hidden_lt0.2	237	55	53
score_hidden_lt0.2	238	63	60
score_hidden_lt0.2	239	62	58
score_hidden_lt0.2	240	60	59
score_hidden_lt0.2	241	67	64
score_hidden_lt0.2	242	63	59
score_hidden_lt0.2	243	60	56
score_hidden_lt0.2	244	53	50
score_hidden_lt0.2	245	59	57
score_hidden_lt0.2	246	60	59
score_hidden_lt0.2	247	58	55
score_hidden_lt0.2	248	54	53
score_hidden_lt0.2	249	55	52
score_hidden_lt0.2	250	57	55
score_hidden_lt0.2	251	55	52
score_hidden_lt0.2	252	70	66
score_hidden_lt0.2	253	57	55
score_hidden_lt0.2	254	59	58
score_hidden_lt0.2	255	61	58
score_hidden_lt0.2	256	66	64
score_hidden_lt0.2	257	56	55
score_hidden_lt0.2	258	62	59
score_hidden_lt0.2	259	62	61
score_hidden_lt0.2	260	62	59
score_hidden_lt0.2	261	60	58
score_hidden_lt0.2	262	63	61
score_hidden_lt0.2	263	55	52
score_hidden_lt0.2	264	63	60
score_hidden_lt0.2	265	57	55
score_hidden_lt0.2	266	53	51
score_hidden_lt0.2	267	71	69
score_hidden_lt0.2	268	60	60
score_hidden_lt0.2	269	65	63
score_hidden_lt0.2	270	65	62
score_hidden_lt0.2	271	55	53
score_hidden_lt0.2	272	54	54
score_hidden_lt0.2	273	55	52
score_hidden_lt0.2	274	56	54
score_hidden_lt0.2	275	67	65
score_hidden_lt0.2	276	58	55
score_hidden_lt0.2	277	59	58
score_hidden_lt0.2	278	58	55
score_hidden_lt0.2	279	50	50
score_hidden_lt0.2	280	57	56
score_hidden_lt0.2	281	61	59
score_hidden_lt0.2	282	64	62
score_hidden_lt0.2	283	62	60
score_hidden_lt0.2	284	59	55
score_hidden_lt0.2	285	59	57
score_hidden_lt0.2	286	58	56
score_hidden_lt0.2	287	63	60
score_hidden_lt0.2	288	63	61
score_hidden_lt0.2	289	57	55
score_hidden_lt0.2	290	62	59
score_hidden_lt0.2	291	55	52
score_hidden_lt0.2	292	50	49
score_hidden_lt0.2	293	64	61
score_hidden_lt0.2	294	58	56
score_hidden_lt0.2	295	56	52
score_hidden_lt0.2	296	58	57
score_hidden_lt0.2	297	64	62
score_hidden_lt0.2	298	58	56
score_hidden_lt0.2	299	62	57
score_hidden_lt0.2	300	63	60
score_hidden_lt0.2	301	60	57
score_hidden_lt0.2	302	59	56
score_hidden_lt0.2	303	55	53
score_hidden_lt0.2	304	68	65
score_hidden_lt0.2	305	66	62
score_hidden_lt0.2	306	59	54
score_hidden_lt0.2	307	64	61
score_hidden_lt0.2	308	57	55
score_hidden_lt0.2	309	53	52
score_hidden_lt0.2	310	60	58
score_hidden_lt0.2	311	61	60
score_hidden_lt0.2	312	62	60
score_hidden_lt0.2	313	56	52
score_hidden_lt0.2	314	73	68
score_hidden_lt0.2	315	73	71
score_hidden_lt0.2	316	54	53
score_hidden_lt0.2	317	62	59
score_hidden_lt0.2	318	61	59
score_hidden_lt0.2	319	60	56
score_hidden_lt0.2	320	66	64
score_hidden_lt0.2	321	67	65
score_hidden_lt0.2	322	69	65
score_hidden_lt0.2	323	64	59
score_hidden_lt0.2	324	65	62
score_hidden_lt0.2	325	66	63
score_hidden_lt0.2	326	58	57
score_hidden_lt0.2	327	70	66
score_hidden_lt0.2	328	64	59
score_hidden_lt0.2	329	59	56
score_hidden_lt0.2	330	62	59
score_hidden_lt0.2	331	58	56
score_hidden_lt0.2	332	51	50
score_hidden_lt0.2	333	63	60
score_hidden_lt0.2	334	61	57
score_hidden_lt0.2	335	64	62
score_hidden_lt0.2	336	57	55
score_hidden_lt0.2	337	60	56
score_hidden_lt0.2	338	59	57
score_hidden_lt0.2	339	59	57
score_hidden_lt0.2	340	58	55
score_hidden_lt0.2	341	60	58
score_hidden_lt0.2	342	52	50
score_hidden_lt0.2	343	63	59
score_hidden_lt0.2	344	65	64
score_hidden_lt0.2	345	66	63
score_hidden_lt0.2	346	63	62
score_hidden_lt0.2	347	63	62
score_hidden_lt0.2	348	69	64
score_hidden_lt0.2	349	57	56
score_hidden_lt0.2	350	59	57
score_hidden_lt0.2	351	64	61
score_hidden_lt0.2	352	57	56
score_hidden_lt0.2	353	56	52
score_hidden_lt0.2	354	59	55
score_hidden_lt0.2	355	66	63
score_hidden_lt0.2	356	54	52
score_hidden_lt0.2	357	55	53
score_hidden_lt0.2	358	58	55
score_hidden_lt0.2	359	60	58
score_hidden_lt0.2	360	50	50
score_hidden_lt0.2	361	60	56
score_hidden_lt0.2	362	66	63
score_hidden_lt0.2	363	63	62
score_hidden_lt0.2	364	68	64
score_hidden_lt0.2	365	64	62
score_hidden_lt0.2	366	61	58
score_hidden_lt0.2	367	70	66
score_hidden_lt0.2	368	56	55
score_hidden_lt0.2	369	59	56
score_hidden_lt0.2	370	60	58
score_hidden_lt0.2	371	62	59
score_hidden_lt0.2	372	62	59
score_hidden_lt0.2	373	62	60
score_hidden_lt0.2	374	66	63
score_hidden_lt0.2	375	63	60
score_hidden_lt0.2	376	66	62
score_hidden_lt0.2	377	54	52
score_hidden_lt0.2	378	66	60
score_hidden_lt0.2	379	62	59
score_hidden_lt0.2	380	53	53
score_hidden_lt0.2	381	67	64
score_hidden_lt0.2	382	66	64
score_hidden_lt0.2	383	56	54
score_hidden_lt0.2	384	60	58
score_hidden_lt0.2	385	61	58
score_hidden_lt0.2	386	59	58
score_hidden_lt0.2	387	64	61
score_hidden_lt0.2	388	60	57
score_hidden_lt0.2	389	61	60
score_hidden_lt0.2	390	65	61
score_hidden_lt0.2	391	62	60
score_hidden_lt0.2	392	61	57
score_hidden_lt0.2	393	69	66
score_hidden_lt0.2	394	57	56
score_hidden_lt0.2	395	61	59
score_hidden_lt0.2	396	63	59
score_hidden_lt0.2	397	67	64
score_hidden_lt0.2	398	54	53
score_hidden_lt0.2	399	65	60
score_hidden_lt0.2	400	57	54
score_hidden_lt0.2	401	62	59
score_hidden_lt0.2	402	55	52
score_hidden_lt0.2	403	57	55
score_hidden_lt0.2	404	63	57
score_hidden_lt0.2	405	62	59
score_hidden_lt0.2	406	55	53
score_hidden_lt0.2	407	59	57
score_hidden_lt0.2	408	67	66
score_hidden_lt0.2	409	57	55
score_hidden_lt0.2	410	66	63
score_hidden_lt0.2	411	63	60
score_hidden_lt0.2	412	64	62
score_hidden_lt0.2	413	63	62
score_hidden_lt0.2	414	65	62
score_hidden_lt0.2	415	58	55
score_hidden_lt0.2	416	64	60
score_hidden_lt0.2	417	70	66
score_hidden_lt0.2	418	66	64
score_hidden_lt0.2	419	62	60
score_hidden_lt0.2	420	60	59
score_hidden_lt0.2	421	61	58
score_hidden_lt0.2	422	55	52
score_hidden_lt0.2	423	67	64
score_hidden_lt0.2	424	63	60
score_hidden_lt0.2	425	59	59
score_hidden_lt0.2	426	62	61
score_hidden_lt0.2	427	62	59
score_hidden_lt0.2	428	59	55
score_hidden_lt0.2	429	66	61
score_hidden_lt0.2	430	60	59
score_hidden_lt0.2	431	59	56
score_hidden_lt0.2	432	68	65
score_hidden_lt0.2	433	53	51
score_hidden_lt0.2	434	54	53
score_hidden_lt0.2	435	57	54
score_hidden_lt0.2	436	58	57
score_hidden_lt0.2	437	53	51
score_hidden_lt0.2	438	55	52
score_hidden_lt0.2	439	63	60
score_hidden_lt0.2	440	60	58
score_hidden_lt0.2	441	67	65
score_hidden_lt0.2	442	64	62
score_hidden_lt0.2	443	66	66
score_hidden_lt0.2	444	66	61
score_hidden_lt0.2	445	58	55
score_hidden_lt0.2	446	61	58
score_hidden_lt0.2	447	64	63
score_hidden_lt0.2	448	56	55
score_hidden_lt0.2	449	70	67
score_hidden_lt0.2	450	60	57
score_hidden_lt0.2	451	52	51
score_hidden_lt0.2	452	50	49
score_hidden_lt0.2	453	60	57
score_hidden_lt0.2	454	64	60
score_hidden_lt0.2	455	61	60
score_hidden_lt0.2	456	58	56
score_hidden_lt0.2	457	60	59
score_hidden_lt0.2	458	64	62
score_hidden_lt0.2	459	65	61
score_hidden_lt0.2	460	65	60
score_hidden_lt0.2	461	63	60
score_hidden_lt0.2	462	61	58
score_hidden_lt0.2	463	65	61
score_hidden_lt0.2	464	55	54
score_hidden_lt0.2	465	63	61
score_hidden_lt0.2	466	60	60
score_hidden_lt0.2	467	61	59
score_hidden_lt0.2	468	59	58
score_hidden_lt0.2	469	59	57
score_hidden_lt0.2	470	72	68
score_hidden_lt0.2	471	63	60
score_hidden_lt0.2	472	61	57
score_hidden_lt0.2	473	64	62
score_hidden_lt0.2	474	65	61
score_hidden_lt0.2	475	57	55
score_hidden_lt0.2	476	60	58
score_hidden_lt0.2	477	62	59
score_hidden_lt0.2	478	65	63
score_hidden_lt0.2	479	64	62
score_hidden_lt0.2	480	62	61
score_hidden_lt0.2	481	55	54
score_hidden_lt0.2	482	57	54
score_hidden_lt0.2	483	69	65
score_hidden_lt0.2	484	62	61
score_hidden_lt0.2	485	68	65
score_hidden_lt0.2	486	67	63
score_hidden_lt0.2	487	66	62
score_hidden_lt0.2	488	58	57
score_hidden_lt0.2	489	62	58
score_hidden_lt0.2	490	59	55
score_hidden_lt0.2	491	54	52
score_hidden_lt0.2	492	66	63
score_hidden_lt0.2	493	56	54
score_hidden_lt0.2	494	57	53
score_hidden_lt0.2	495	63	60
score_hidden_lt0.2	496	61	58
score_hidden_lt0.2	497	54	53
score_hidden_lt0.2	498	66	64
score_hidden_lt0.2	499	68	65
score_hidden_lt0.2	500	64	61
score_hidden_lt0.2	501	51	49
score_hidden_lt0.2	502	59	57
score_hidden_lt0.2	503	58	57
score_hidden_lt0.2	504	72	66
score_hidden_lt0.2	505	63	63
score_hidden_lt0.2	506	59	57
score_hidden_lt0.2	507	55	52
score_hidden_lt0.2	508	64	62
score_hidden_lt0.2	509	59	54
score_hidden_lt0.2	510	59	54
score_hidden_lt0.2	511	59	56
score_hidden_lt0.2	512	63	60
score_hidden_lt0.2	513	64	61
score_hidden_lt0.2	514	59	57
score_hidden_lt0.2	515	56	54
score_hidden_lt0.2	516	65	60
score_hidden_lt0.2	517	57	52
score_hidden_lt0.2	518	65	61
score_hidden_lt0.2	519	59	57
score_hidden_lt0.2	520	53	51
score_hidden_lt0.2	521	52	50
score_hidden_lt0.2	522	67	62
score_hidden_lt0.2	523	64	60
score_hidden_lt0.2	524	53	52
score_hidden_lt0.2	525	58	54
score_hidden_lt0.2	526	68	65
score_hidden_lt0.2	527	63	60
score_hidden_lt0.2	528	59	57
score_hidden_lt0.2	529	48	48
score_hidden_lt0.2	530	57	54
score_hidden_lt0.2	531	65	63
score_hidden_lt0.2	532	59	56
score_hidden_lt0.2	533	70	67
score_hidden_lt0.2	534	63	61
score_hidden_lt0.2	535	63	60
score_hidden_lt0.2	536	63	59
score_hidden_lt0.2	537	57	54
score_hidden_lt0.2	538	61	56
score_hidden_lt0.2	539	64	62
score_hidden_lt0.2	540	63	61
score_hidden_lt0.2	541	58	56
score_hidden_lt0.2	542	70	67
score_hidden_lt0.2	543	77	74
score_hidden_lt0.2	544	54	52
score_hidden_lt0.2	545	62	57
score_hidden_lt0.2	546	54	52
score_hidden_lt0.2	547	52	52
score_hidden_lt0.2	548	60	57
score_hidden_lt0.2	549	53	50
score_hidden_lt0.2	550	54	52
score_hidden_lt0.2	551	63	60
score_hidden_lt0.2	552	65	61
score_hidden_lt0.2	553	63	61
score_hidden_lt0.2	554	60	57
score_hidden_lt0.2	555	51	50
score_hidden_lt0.2	556	60	57
score_hidden_lt0.2	557	67	65
score_hidden_lt0.2	558	61	57
score_hidden_lt0.2	559	59	57
score_hidden_lt0.2	560	70	67
score_hidden_lt0.2	561	64	61
score_hidden_lt0.2	562	61	59
score_hidden_lt0.2	563	54	54
score_hidden_lt0.2	564	62	59
score_hidden_lt0.2	565	63	60
score_hidden_lt0.2	566	67	63
score_hidden_lt0.2	567	67	63
score_hidden_lt0.2	568	58	56
score_hidden_lt0.2	569	65	62
score_hidden_lt0.2	570	63	59
score_hidden_lt0.2	571	60	57
score_hidden_lt0.2	572	67	63
score_hidden_lt0.2	573	62	57
score_hidden_lt0.2	574	65	63
score_hidden_lt0.2	575	67	63
score_hidden_lt0.2	576	62	62
score_hidden_lt0.2	577	53	50
score_hidden_lt0.2	578	63	61
score_hidden_lt0.2	579	50	50
score_hidden_lt0.2	580	65	64
score_hidden_lt0.2	581	64	61
score_hidden_lt0.2	582	67	62
score_hidden_lt0.2	583	54	54
score_hidden_lt0.2	584	62	61
score_hidden_lt0.2	585	58	56
score_hidden_lt0.2	586	69	65
score_hidden_lt0.2	587	58	55
score_hidden_lt0.2	588	56	56
score_hidden_lt0.2	589	54	53
score_hidden_lt0.2	590	59	58
score_hidden_lt0.2	591	60	58
score_hidden_lt0.2	592	64	62
score_hidden_lt0.2	593	64	63
score_hidden_lt0.2	594	58	58
score_hidden_lt0.2	595	60	58
score_hidden_lt0.2	596	62	60
score_hidden_lt0.2	597	60	58
score_hidden_lt0.2	598	69	66
score_hidden_lt0.2	599	62	60
score_hidden_lt0.2	600	62	60
score_hidden_lt0.2	601	55	52
score_hidden_lt0.2	602	63	60
score_hidden_lt0.2	603	55	55
score_hidden_lt0.2	604	66	64
score_hidden_lt0.2	605	56	52
score_hidden_lt0.2	606	58	56
score_hidden_lt0.2	607	65	63
score_hidden_lt0.2	608	69	66
score_hidden_lt0.2	609	54	52
score_hidden_lt0.2	610	59	56
score_hidden_lt0.2	611	62	60
score_hidden_lt0.2	612	61	60
score_hidden_lt0.2	613	63	61
score_hidden_lt0.2	614	62	60
score_hidden_lt0.2	615	64	59
score_hidden_lt0.2	616	66	62
score_hidden_lt0.2	617	58	54
score_hidden_lt0.2	618	62	60
score_hidden_lt0.2	619	60	57
score_hidden_lt0.2	620	53	51
score_hidden_lt0.2	621	66	64
score_hidden_lt0.2	622	65	63
score_hidden_lt0.2	623	60	58
score_hidden_lt0.2	624	54	52
score_hidden_lt0.2	625	57	56
score_hidden_lt0.2	626	57	54
score_hidden_lt0.2	627	63	60
score_hidden_lt0.2	628	61	60
score_hidden_lt0.2	629	58	52
score_hidden_lt0.2	630	62	58
score_hidden_lt0.2	631	61	59
score_hidden_lt0.2	632	58	57
score_hidden_lt0.2	633	54	52
score_hidden_lt0.2	634	60	57
score_hidden_lt0.2	635	62	59
score_hidden_lt0.2	636	63	62
score_hidden_lt0.2	637	68	66
score_hidden_lt0.2	638	51	49
score_hidden_lt0.2	639	54	52
score_hidden_lt0.2	640	54	53
score_hidden_lt0.2	641	69	66
score_hidden_lt0.2	642	61	58
score_hidden_lt0.2	643	63	61
score_hidden_lt0.2	644	50	49
score_hidden_lt0.2	645	50	49
score_hidden_lt0.2	646	59	55
score_hidden_lt0.2	647	62	60
score_hidden_lt0.2	648	64	62
score_hidden_lt0.2	649	59	56
score_hidden_lt0.2	650	55	55
score_hidden_lt0.2	651	64	60
score_hidden_lt0.2	652	56	55
score_hidden_lt0.2	653	67	64
score_hidden_lt0.2	654	58	55
score_hidden_lt0.2	655	61	59
score_hidden_lt0.2	656	63	58
score_hidden_lt0.2	657	50	48
score_hidden_lt0.2	658	64	61
score_hidden_lt0.2	659	63	62
score_hidden_lt0.2	660	61	58
score_hidden_lt0.2	661	64	61
score_hidden_lt0.2	662	66	64
score_hidden_lt0.2	663	57	56
score_hidden_lt0.2	664	58	57
score_hidden_lt0.2	665	66	64
score_hidden_lt0.2	666	59	55
score_hidden_lt0.2	667	65	62
score_hidden_lt0.2	668	54	51
score_hidden_lt0.2	669	60	58
score_hidden_lt0.2	670	54	52
score_hidden_lt0.2	671	69	67
score_hidden_lt0.2	672	61	59
score_hidden_lt0.2	673	68	66
score_hidden_lt0.2	674	67	62
score_hidden_lt0.2	675	53	50
score_hidden_lt0.2	676	60	56
score_hidden_lt0.2	677	60	58
score_hidden_lt0.2	678	54	52
score_hidden_lt0.2	679	64	59
score_hidden_lt0.2	680	67	62
score_hidden_lt0.2	681	73	67
score_hidden_lt0.2	682	59	57
score_hidden_lt0.2	683	52	50
score_hidden_lt0.2	684	57	55
score_hidden_lt0.2	685	64	62
score_hidden_lt0.2	686	55	53
score_hidden_lt0.2	687	59	57
score_hidden_lt0.2	688	65	61
score_hidden_lt0.2	689	58	54
score_hidden_lt0.2	690	58	56
score_hidden_lt0.2	691	56	55
score_hidden_lt0.2	692	70	67
score_hidden_lt0.2	693	60	58
score_hidden_lt0.2	694	65	62
score_hidden_lt0.2	695	62	58
score_hidden_lt0.2	696	61	58
score_hidden_lt0.2	697	69	67
score_hidden_lt0.2	698	66	62
score_hidden_lt0.2	699	65	61
score_hidden_lt0.2	700	52	51
score_hidden_lt0.2	701	68	64
score_hidden_lt0.2	702	60	58
score_hidden_lt0.2	703	59	56
score_hidden_lt0.2	704	63	59
score_hidden_lt0.2	705	63	60
score_hidden_lt0.2	706	67	63
score_hidden_lt0.2	707	64	63
score_hidden_lt0.2	708	60	59
score_hidden_lt0.2	709	65	62
score_hidden_lt0.2	710	65	62
score_hidden_lt0.2	711	54	53
score_hidden_lt0.2	712	57	56
score_hidden_lt0.2	713	64	61
score_hidden_lt0.2	714	67	62
score_hidden_lt0.2	715	58	55
score_hidden_lt0.2	716	63	61
score_hidden_lt0.2	717	58	55
score_hidden_lt0.2	718	60	57
score_hidden_lt0.2	719	57	53
score_hidden_lt0.2	720	63	62
score_hidden_lt0.2	721	74	71
score_hidden_lt0.2	722	64	63
score_hidden_lt0.2	723	56	54
score_hidden_lt0.2	724	53	52
score_hidden_lt0.2	725	65	62
score_hidden_lt0.2	726	60	56
score_hidden_lt0.2	727	69	66
score_hidden_lt0.2	728	64	62
score_hidden_lt0.2	729	65	64
score_hidden_lt0.2	730	60	58
score_hidden_lt0.2	731	65	61
score_hidden_lt0.2	732	58	57
score_hidden_lt0.2	733	62	58
score_hidden_lt0.2	734	53	52
score_hidden_lt0.2	735	58	57
score_hidden_lt0.2	736	59	58
score_hidden_lt0.2	737	60	56
score_hidden_lt0.2	738	60	58
score_hidden_lt0.2	739	69	64
score_hidden_lt0.2	740	63	59
score_hidden_lt0.2	741	57	56
score_hidden_lt0.2	742	64	61
score_hidden_lt0.2	743	61	56
score_hidden_lt0.2	744	60	58
score_hidden_lt0.2	745	55	55
score_hidden_lt0.2	746	68	65
score_hidden_lt0.2	747	57	56
score_hidden_lt0.2	748	59	57
score_hidden_lt0.2	749	54	53
score_hidden_lt0.2	750	61	60
score_hidden_lt0.2	751	71	67
score_hidden_lt0.2	752	66	62
score_hidden_lt0.2	753	53	52
score_hidden_lt0.2	754	51	49
score_hidden_lt0.2	755	60	58
score_hidden_lt0.2	756	65	61
score_hidden_lt0.2	757	56	55
score_hidden_lt0.2	758	59	54
score_hidden_lt0.2	759	65	62
score_hidden_lt0.2	760	66	63
score_hidden_lt0.2	761	59	58
score_hidden_lt0.2	762	58	57
score_hidden_lt0.2	763	67	62
score_hidden_lt0.2	764	58	55
score_hidden_lt0.2	765	62	60
score_hidden_lt0.2	766	56	54
score_hidden_lt0.2	767	62	58
score_hidden_lt0.2	768	61	57
score_hidden_lt0.2	769	63	59
score_hidden_lt0.2	770	66	64
score_hidden_lt0.2	771	59	56
score_hidden_lt0.2	772	62	59
score_hidden_lt0.2	773	60	59
score_hidden_lt0.2	774	58	56
score_hidden_lt0.2	775	61	57
score_hidden_lt0.2	776	60	55
score_hidden_lt0.2	777	66	63
score_hidden_lt0.2	778	62	58
score_hidden_lt0.2	779	63	62
score_hidden_lt0.2	780	63	63
score_hidden_lt0.2	781	69	67
score_hidden_lt0.2	782	57	55
score_hidden_lt0.2	783	58	56
score_hidden_lt0.2	784	64	61
score_hidden_lt0.2	785	56	54
score_hidden_lt0.2	786	66	65
score_hidden_lt0.2	787	56	54
score_hidden_lt0.2	788	61	60
score_hidden_lt0.2	789	62	60
score_hidden_lt0.2	790	52	52
score_hidden_lt0.2	791	55	53
score_hidden_lt0.2	792	64	61
score_hidden_lt0.2	793	57	53
score_hidden_lt0.2	794	61	58
score_hidden_lt0.2	795	55	53
score_hidden_lt0.2	796	59	56
score_hidden_lt0.2	797	65	63
score_hidden_lt0.2	798	52	50
score_hidden_lt0.2	799	60	56
score_hidden_lt0.2	800	59	57
score_hidden_lt0.2	801	65	62
score_hidden_lt0.2	802	66	63
score_hidden_lt0.2	803	49	49
score_hidden_lt0.2	804	60	56
score_hidden_lt0.2	805	64	60
score_hidden_lt0.2	806	52	50
score_hidden_lt0.2	807	62	59
score_hidden_lt0.2	808	58	55
score_hidden_lt0.2	809	60	56
score_hidden_lt0.2	810	63	59
score_hidden_lt0.2	811	54	53
score_hidden_lt0.2	812	71	68
score_hidden_lt0.2	813	67	65
score_hidden_lt0.2	814	56	54
score_hidden_lt0.2	815	61	58
score_hidden_lt0.2	816	55	53
score_hidden_lt0.2	817	57	54
score_hidden_lt0.2	818	55	53
score_hidden_lt0.2	819	62	60
score_hidden_lt0.2	820	66	64
score_hidden_lt0.2	821	60	57
score_hidden_lt0.2	822	60	58
score_hidden_lt0.2	823	58	57
score_hidden_lt0.2	824	55	52
score_hidden_lt0.2	825	54	54
score_hidden_lt0.2	826	63	61
score_hidden_lt0.2	827	65	61
score_hidden_lt0.2	828	57	57
score_hidden_lt0.2	829	56	54
score_hidden_lt0.2	830	62	58
score_hidden_lt0.2	831	64	59
score_hidden_lt0.2	832	62	57
score_hidden_lt0.2	833	56	54
score_hidden_lt0.2	834	63	60
score_hidden_lt0.2	835	51	49
score_hidden_lt0.2	836	60	60
score_hidden_lt0.2	837	65	62
score_hidden_lt0.2	838	60	58
score_hidden_lt0.2	839	56	55
score_hidden_lt0.2	840	59	56
score_hidden_lt0.2	841	60	59
score_hidden_lt0.2	842	63	60
score_hidden_lt0.2	843	65	62
score_hidden_lt0.2	844	47	45
score_hidden_lt0.2	845	55	55
score_hidden_lt0.2	846	59	56
score_hidden_lt0.2	847	60	58
score_hidden_lt0.2	848	57	55
score_hidden_lt0.2	849	63	59
score_hidden_lt0.2	850	56	56
score_hidden_lt0.2	851	61	58
score_hidden_lt0.2	852	64	58
score_hidden_lt0.2	853	61	57
score_hidden_lt0.2	854	57	54
score_hidden_lt0.2	855	60	56
score_hidden_lt0.2	856	65	62
score_hidden_lt0.2	857	56	55
score_hidden_lt0.2	858	74	69
score_hidden_lt0.2	859	59	57
score_hidden_lt0.2	860	60	58
score_hidden_lt0.2	861	64	61
score_hidden_lt0.2	862	62	58
score_hidden_lt0.2	863	71	65
score_hidden_lt0.2	864	61	58
score_hidden_lt0.2	865	61	59
score_hidden_lt0.2	866	61	56
score_hidden_lt0.2	867	65	62
score_hidden_lt0.2	868	62	60
score_hidden_lt0.2	869	58	58
score_hidden_lt0.2	870	57	54
score_hidden_lt0.2	871	59	56
score_hidden_lt0.2	872	59	57
score_hidden_lt0.2	873	60	59
score_hidden_lt0.2	874	54	51
score_hidden_lt0.2	875	59	58
score_hidden_lt0.2	876	57	54
score_hidden_lt0.2	877	56	53
score_hidden_lt0.2	878	61	60
score_hidden_lt0.2	879	58	55
score_hidden_lt0.2	880	55	52
score_hidden_lt0.2	881	60	57
score_hidden_lt0.2	882	58	57
score_hidden_lt0.2	883	68	66
score_hidden_lt0.2	884	57	57
score_hidden_lt0.2	885	63	59
score_hidden_lt0.2	886	61	61
score_hidden_lt0.2	887	67	64
score_hidden_lt0.2	888	57	56
score_hidden_lt0.2	889	51	50
score_hidden_lt0.2	890	62	59
score_hidden_lt0.2	891	57	53
score_hidden_lt0.2	892	67	64
score_hidden_lt0.2	893	68	63
score_hidden_lt0.2	894	66	62
score_hidden_lt0.2	895	66	63
score_hidden_lt0.2	896	66	64
score_hidden_lt0.2	897	65	63
score_hidden_lt0.2	898	68	65
score_hidden_lt0.2	899	59	55
score_hidden_lt0.2	900	53	51
score_hidden_lt0.2	901	59	56
score_hidden_lt0.2	902	66	63
score_hidden_lt0.2	903	57	56
score_hidden_lt0.2	904	53	50
score_hidden_lt0.2	905	62	57
score_hidden_lt0.2	906	67	62
score_hidden_lt0.2	907	56	55
score_hidden_lt0.2	908	57	56
score_hidden_lt0.2	909	67	64
score_hidden_lt0.2	910	66	63
score_hidden_lt0.2	911	64	62
score_hidden_lt0.2	912	53	51
score_hidden_lt0.2	913	54	53
score_hidden_lt0.2	914	52	51
score_hidden_lt0.2	915	63	62
score_hidden_lt0.2	916	63	59
score_hidden_lt0.2	917	69	63
score_hidden_lt0.2	918	52	50
score_hidden_lt0.2	919	65	61
score_hidden_lt0.2	920	59	56
score_hidden_lt0.2	921	57	53
score_hidden_lt0.2	922	59	57
score_hidden_lt0.2	923	61	58
score_hidden_lt0.2	924	67	67
score_hidden_lt0.2	925	64	61
score_hidden_lt0.2	926	69	64
score_hidden_lt0.2	927	56	54
score_hidden_lt0.2	928	60	56
score_hidden_lt0.2	929	57	54
score_hidden_lt0.2	930	62	59
score_hidden_lt0.2	931	57	55
score_hidden_lt0.2	932	63	60
score_hidden_lt0.2	933	57	54
score_hidden_lt0.2	934	52	50
score_hidden_lt0.2	935	58	56
score_hidden_lt0.2	936	59	57
score_hidden_lt0.2	937	65	61
score_hidden_lt0.2	938	62	59
score_hidden_lt0.2	939	68	65
score_hidden_lt0.2	940	64	60
score_hidden_lt0.2	941	58	54
score_hidden_lt0.2	942	51	48
score_hidden_lt0.2	943	66	62
score_hidden_lt0.2	944	64	61
score_hidden_lt0.2	945	55	54
score_hidden_lt0.2	946	68	64
score_hidden_lt0.2	947	63	60
score_hidden_lt0.2	948	64	60
score_hidden_lt0.2	949	68	66
score_hidden_lt0.2	950	67	65
score_hidden_lt0.2	951	68	63
score_hidden_lt0.2	952	66	62
score_hidden_lt0.2	953	62	58
score_hidden_lt0.2	954	61	59
score_hidden_lt0.2	955	62	59
score_hidden_lt0.2	956	62	61
score_hidden_lt0.2	957	66	65
score_hidden_lt0.2	958	69	66
score_hidden_lt0.2	959	66	63
score_hidden_lt0.2	960	60	56
score_hidden_lt0.2	961	64	62
score_hidden_lt0.2	962	60	56
score_hidden_lt0.2	963	58	55
score_hidden_lt0.2	964	60	56
score_hidden_lt0.2	965	61	61
score_hidden_lt0.2	966	63	58
score_hidden_lt0.2	967	51	49
score_hidden_lt0.2	968	55	54
score_hidden_lt0.2	969	57	57
score_hidden_lt0.2	970	65	64
score_hidden_lt0.2	971	64	62
score_hidden_lt0.2	972	56	54
score_hidden_lt0.2	973	66	63
score_hidden_lt0.2	974	62	59
score_hidden_lt0.2	975	65	61
score_hidden_lt0.2	976	55	54
score_hidden_lt0.2	977	62	59
score_hidden_lt0.2	978	57	54
score_hidden_lt0.2	979	59	58
score_hidden_lt0.2	980	58	57
score_hidden_lt0.2	981	55	54
score_hidden_lt0.2	982	60	58
score_hidden_lt0.2	983	60	59
score_hidden_lt0.2	984	64	61
score_hidden_lt0.2	985	57	55
score_hidden_lt0.2	986	66	62
score_hidden_lt0.2	987	67	65
score_hidden_lt0.2	988	62	61
score_hidden_lt0.2	989	51	51
score_hidden_lt0.2	990	60	59
score_hidden_lt0.2	991	65	63
score_hidden_lt0.2	992	62	60
score_hidden_lt0.2	993	63	59
score_hidden_lt0.2	994	71	68
score_hidden_lt0.2	995	61	58
score_hidden_lt0.2	996	66	62
score_hidden_lt0.2	997	66	63
score_hidden_lt0.2	998	69	64
score_hidden_lt0.2	999	62	60
score_hidden_lt0.2	1000	51	49
score_hidden_lt0.2	1001	65	62
score_hidden_lt0.2	1002	71	69
score_hidden_lt0.2	1003	62	58
score_hidden_lt0.2	1004	62	58
score_hidden_lt0.2	1005	64	59
score_hidden_lt0.2	1006	58	57
score_hidden_lt0.2	1007	60	56
score_hidden_lt0.2	1008	60	58
score_hidden_lt0.2	1009	73	68
score_hidden_lt0.2	1010	54	54
score_hidden_lt0.2	1011	57	55
score_hidden_lt0.2	1012	64	62
score_hidden_lt0.2	1013	62	61
score_hidden_lt0.2	1014	61	57
score_hidden_lt0.2	1015	60	58
score_hidden_lt0.2	1016	58	55
score_hidden_lt0.2	1017	52	51
score_hidden_lt0.2	1018	59	58
score_hidden_lt0.2	1019	67	64
score_hidden_lt0.2	1020	60	58
score_hidden_lt0.2	1021	62	61
score_hidden_lt0.2	1022	57	53
score_hidden_lt0.2	1023	63	60
score_hidden_lt0.2	1024	70	64
score_hidden_lt0.2	1025	62	59
score_hidden_lt0.2	1026	66	62
score_hidden_lt0.2	1027	56	52
score_hidden_lt0.2	1028	51	49
score_hidden_lt0.2	1029	68	64
score_hidden_lt0.2	1030	60	58
score_hidden_lt0.2	1031	67	63
score_hidden_lt0.2	1032	56	53
score_hidden_lt0.2	1033	62	57
score_hidden_lt0.2	1034	59	54
score_hidden_lt0.2	1035	56	54
score_hidden_lt0.2	1036	47	46
score_hidden_lt0.2	1037	57	55
score_hidden_lt0.2	1038	61	59
score_hidden_lt0.2	1039	67	61
score_hidden_lt0.2	1040	62	61
score_hidden_lt0.2	1041	63	60
score_hidden_lt0.2	1042	58	56
score_hidden_lt0.2	1043	61	57
score_hidden_lt0.2	1044	62	59
score_hidden_lt0.2	1045	58	57
score_hidden_lt0.2	1046	66	62
score_hidden_lt0.2	1047	57	56
score_hidden_lt0.2	1048	61	57
score_hidden_lt0.2	1049	67	64
score_hidden_lt0.2	1050	55	53
score_hidden_lt0.2	1051	60	56
score_hidden_lt0.2	1052	58	56
score_hidden_lt0.2	1053	59	56
score_hidden_lt0.2	1054	62	61
score_hidden_lt0.2	1055	58	56
score_hidden_lt0.2	1056	66	62
score_hidden_lt0.2	1057	63	60
score_hidden_lt0.2	1058	68	64
score_hidden_lt0.2	1059	62	59
score_hidden_lt0.2	1060	65	62
score_hidden_lt0.2	1061	65	63
score_hidden_lt0.2	1062	60	58
score_hidden_lt0.2	1063	58	56
score_hidden_lt0.2	1064	74	70
score_hidden_lt0.2	1065	59	55
score_hidden_lt0.2	1066	70	66
score_hidden_lt0.2	1067	61	59
score_hidden_lt0.2	1068	65	64
score_hidden_lt0.2	1069	60	58
score_hidden_lt0.2	1070	62	59
score_hidden_lt0.2	1071	60	57
score_hidden_lt0.2	1072	55	54
score_hidden_lt0.2	1073	64	62
score_hidden_lt0.2	1074	60	57
score_hidden_lt0.2	1075	53	51
score_hidden_lt0.2	1076	69	66
score_hidden_lt0.2	1077	50	46
score_hidden_lt0.2	1078	61	57
score_hidden_lt0.2	1079	57	56
score_hidden_lt0.2	1080	65	62
score_hidden_lt0.2	1081	71	66
score_hidden_lt0.2	1082	63	61
score_hidden_lt0.2	1083	64	61
score_hidden_lt0.2	1084	62	60
score_hidden_lt0.2	1085	58	55
score_hidden_lt0.2	1086	60	58
score_hidden_lt0.2	1087	58	57
score_hidden_lt0.2	1088	59	56
score_hidden_lt0.2	1089	65	60
score_hidden_lt0.2	1090	53	48
score_hidden_lt0.2	1091	60	60
score_hidden_lt0.2	1092	61	59
score_hidden_lt0.2	1093	69	65
score_hidden_lt0.2	1094	63	59
score_hidden_lt0.2	1095	62	58
score_hidden_lt0.2	1096	62	61
score_hidden_lt0.2	1097	63	62
score_hidden_lt0.2	1098	56	55
score_hidden_lt0.2	1099	62	59
score_hidden_lt0.2	1100	58	55
score_hidden_lt0.2	1101	54	51
score_hidden_lt0.2	1102	62	59
score_hidden_lt0.2	1103	66	64
score_hidden_lt0.2	1104	60	60
score_hidden_lt0.2	1105	55	53
score_hidden_lt0.2	1106	56	54
score_hidden_lt0.2	1107	63	61
score_hidden_lt0.2	1108	55	53
score_hidden_lt0.2	1109	57	56
score_hidden_lt0.2	1110	54	53
score_hidden_lt0.2	1111	58	57
score_hidden_lt0.2	1112	60	57
score_hidden_lt0.2	1113	56	55
score_hidden_lt0.2	1114	58	57
score_hidden_lt0.2	1115	59	57
score_hidden_lt0.2	1116	70	66
score_hidden_lt0.2	1117	67	62
score_hidden_lt0.2	1118	61	59
score_hidden_lt0.2	1119	64	61
score_hidden_lt0.2	1120	60	58
score_hidden_lt0.2	1121	57	55
score_hidden_lt0.2	1122	52	50
score_hidden_lt0.2	1123	63	63
score_hidden_lt0.2	1124	61	57
score_hidden_lt0.2	1125	59	57
score_hidden_lt0.2	1126	58	55
score_hidden_lt0.2	1127	60	57
score_hidden_lt0.2	1128	57	55
score_hidden_lt0.2	1129	59	57
score_hidden_lt0.2	1130	67	62
score_hidden_lt0.2	1131	56	54
score_hidden_lt0.2	1132	68	65
score_hidden_lt0.2	1133	55	52
score_hidden_lt0.2	1134	60	57
score_hidden_lt0.2	1135	51	49
score_hidden_lt0.2	1136	57	54
score_hidden_lt0.2	1137	63	59
score_hidden_lt0.2	1138	56	56
score_hidden_lt0.2	1139	61	59
score_hidden_lt0.2	1140	73	71
score_hidden_lt0.2	1141	55	54
score_hidden_lt0.2	1142	56	54
score_hidden_lt0.2	1143	66	62
score_hidden_lt0.2	1144	60	56
score_hidden_lt0.2	1145	66	64
score_hidden_lt0.2	1146	70	68
score_hidden_lt0.2	1147	61	59
score_hidden_lt0.2	1148	62	59
score_hidden_lt0.2	1149	57	54
score_hidden_lt0.2	1150	64	61
score_hidden_lt0.2	1151	62	59
score_hidden_lt0.2	1152	65	60
score_hidden_lt0.2	1153	61	61
score_hidden_lt0.2	1154	69	64
score_hidden_lt0.2	1155	54	52
score_hidden_lt0.2	1156	61	60
score_hidden_lt0.2	1157	60	57
score_hidden_lt0.2	1158	62	59
score_hidden_lt0.2	1159	54	51
score_hidden_lt0.2	1160	72	68
score_hidden_lt0.2	1161	57	54
score_hidden_lt0.2	1162	57	56
score_hidden_lt0.2	1163	65	63
score_hidden_lt0.2	1164	66	66
score_hidden_lt0.2	1165	58	57
score_hidden_lt0.2	1166	66	64
score_hidden_lt0.2	1167	65	63
score_hidden_lt0.2	1168	68	65
score_hidden_lt0.2	1169	59	52
score_hidden_lt0.2	1170	59	57
score_hidden_lt0.2	1171	74	69
score_hidden_lt0.2	1172	61	59
score_hidden_lt0.2	1173	58	55
score_hidden_lt0.2	1174	56	55
score_hidden_lt0.2	1175	55	55
score_hidden_lt0.2	1176	59	57
score_hidden_lt0.2	1177	60	57
score_hidden_lt0.2	1178	60	56
score_hidden_lt0.2	1179	54	53
score_hidden_lt0.2	1180	62	62
score_hidden_lt0.2	1181	65	60
score_hidden_lt0.2	1182	69	65
score_hidden_lt0.2	1183	48	47
score_hidden_lt0.2	1184	63	61
score_hidden_lt0.2	1185	63	61
score_hidden_lt0.2	1186	55	53
score_hidden_lt0.2	1187	63	60
score_hidden_lt0.2	1188	57	56
score_hidden_lt0.2	1189	65	62
score_hidden_lt0.2	1190	62	61
score_hidden_lt0.2	1191	55	54
score_hidden_lt0.2	1192	61	59
score_hidden_lt0.2	1193	62	59
score_hidden_lt0.2	1194	67	61
score_hidden_lt0.2	1195	58	56
score_hidden_lt0.2	1196	60	58
score_hidden_lt0.2	1197	62	58
score_hidden_lt0.2	1198	52	50
score_hidden_lt0.2	1199	66	62
score_hidden_lt0.2	1200	64	61
score_hidden_lt0.2	1201	66	62
score_hidden_lt0.2	1202	58	56
score_hidden_lt0.2	1203	59	57
score_hidden_lt0.2	1204	59	57
score_hidden_lt0.2	1205	56	54
score_hidden_lt0.2	1206	54	49
score_hidden_lt0.2	1207	61	59
score_hidden_lt0.2	1208	64	61
score_hidden_lt0.2	1209	59	57
score_hidden_lt0.2	1210	58	54
score_hidden_lt0.2	1211	58	54
score_hidden_lt0.2	1212	55	54
score_hidden_lt0.2	1213	57	56
score_hidden_lt0.2	1214	54	52
score_hidden_lt0.2	1215	71	69
score_hidden_lt0.2	1216	61	59
score_hidden_lt0.2	1217	55	52
score_hidden_lt0.2	1218	62	58
score_hidden_lt0.2	1219	67	62
score_hidden_lt0.2	1220	62	59
score_hidden_lt0.2	1221	60	59
score_hidden_lt0.2	1222	70	66
score_hidden_lt0.2	1223	69	63
score_hidden_lt0.2	1224	63	61
score_hidden_lt0.2	1225	61	59
score_hidden_lt0.2	1226	51	50
score_hidden_lt0.2	1227	66	61
score_hidden_lt0.2	1228	54	52
score_hidden_lt0.2	1229	59	54
score_hidden_lt0.2	1230	62	60
score_hidden_lt0.2	1231	64	58
score_hidden_lt0.2	1232	55	53
score_hidden_lt0.2	1233	58	55
score_hidden_lt0.2	1234	58	56
score_hidden_lt0.2	1235	63	61
score_hidden_lt0.2	1236	58	56
score_hidden_lt0.2	1237	58	57
score_hidden_lt0.2	1238	56	54
score_hidden_lt0.2	1239	59	57
score_hidden_lt0.2	1240	60	57
score_hidden_lt0.2	1241	59	55
score_hidden_lt0.2	1242	67	65
score_hidden_lt0.2	1243	54	51
score_hidden_lt0.2	1244	63	61
score_hidden_lt0.2	1245	62	60
score_hidden_lt0.2	1246	68	64
score_hidden_lt0.2	1247	63	60
score_hidden_lt0.2	1248	57	56
score_hidden_lt0.2	1249	60	59
score_hidden_lt0.2	1250	58	55
score_hidden_lt0.2	1251	64	62
score_hidden_lt0.2	1252	65	64
score_hidden_lt0.2	1253	69	66
score_hidden_lt0.2	1254	52	50
score_hidden_lt0.2	1255	64	61
score_hidden_lt0.2	1256	61	57
score_hidden_lt0.2	1257	61	59
score_hidden_lt0.2	1258	57	55
score_hidden_lt0.2	1259	60	60
score_hidden_lt0.2	1260	59	56
score_hidden_lt0.2	1261	55	55
score_hidden_lt0.2	1262	56	55
score_hidden_lt0.2	1263	55	53
score_hidden_lt0.2	1264	61	57
score_hidden_lt0.2	1265	60	57
score_hidden_lt0.2	1266	59	56
score_hidden_lt0.2	1267	62	58
score_hidden_lt0.2	1268	57	55
score_hidden_lt0.2	1269	72	67
score_hidden_lt0.2	1270	60	58
score_hidden_lt0.2	1271	74	71
score_hidden_lt0.2	1272	64	61
score_hidden_lt0.2	1273	55	54
score_hidden_lt0.2	1274	56	54
score_hidden_lt0.2	1275	59	57
score_hidden_lt0.2	1276	65	63
score_hidden_lt0.2	1277	59	57
score_hidden_lt0.2	1278	61	58
score_hidden_lt0.2	1279	69	65
score_hidden_lt0.2	1280	65	63
score_hidden_lt0.2	1281	54	50
score_hidden_lt0.2	1282	60	59
score_hidden_lt0.2	1283	61	58
score_hidden_lt0.2	1284	59	58
score_hidden_lt0.2	1285	56	53
score_hidden_lt0.2	1286	54	53
score_hidden_lt0.2	1287	62	59
score_hidden_lt0.2	1288	59	54
score_hidden_lt0.2	1289	60	58
score_hidden_lt0.2	1290	58	56
score_hidden_lt0.2	1291	56	54
score_hidden_lt0.2	1292	55	54
score_hidden_lt0.2	1293	68	67
score_hidden_lt0.2	1294	63	62
score_hidden_lt0.2	1295	55	53
score_hidden_lt0.2	1296	65	61
score_hidden_lt0.2	1297	63	60
score_hidden_lt0.2	1298	59	56
score_hidden_lt0.2	1299	70	68
score_hidden_lt0.2	1300	52	50
score_hidden_lt0.2	1301	76	73
score_hidden_lt0.2	1302	58	56
score_hidden_lt0.2	1303	61	58
score_hidden_lt0.2	1304	66	62
score_hidden_lt0.2	1305	68	66
score_hidden_lt0.2	1306	60	59
score_hidden_lt0.2	1307	64	60
score_hidden_lt0.2	1308	66	64
score_hidden_lt0.2	1309	63	60
score_hidden_lt0.2	1310	65	62
score_hidden_lt0.2	1311	67	66
score_hidden_lt0.2	1312	64	59
score_hidden_lt0.2	1313	70	68
score_hidden_lt0.2	1314	57	56
score_hidden_lt0.2	1315	66	62
score_hidden_lt0.2	1316	67	66
score_hidden_lt0.2	1317	60	57
score_hidden_lt0.2	1318	57	55
score_hidden_lt0.2	1319	60	58
score_hidden_lt0.2	1320	56	55
score_hidden_lt0.2	1321	57	53
score_hidden_lt0.2	1322	65	61
score_hidden_lt0.2	1323	56	55
score_hidden_lt0.2	1324	63	61
score_hidden_lt0.2	1325	63	61
score_hidden_lt0.2	1326	58	56
score_hidden_lt0.2	1327	55	54
score_hidden_lt0.2	1328	64	63
score_hidden_lt0.2	1329	60	59
score_hidden_lt0.2	1330	58	58
score_hidden_lt0.2	1331	66	63
score_hidden_lt0.2	1332	68	66
score_hidden_lt0.2	1333	58	57
score_hidden_lt0.2	1334	67	64
score_hidden_lt0.2	1335	55	54
score_hidden_lt0.2	1336	60	57
score_hidden_lt0.2	1337	57	55
score_hidden_lt0.2	1338	65	61
score_hidden_lt0.2	1339	58	55
score_hidden_lt0.2	1340	64	59
score_hidden_lt0.2	1341	63	60
score_hidden_lt0.2	1342	56	53
score_hidden_lt0.2	1343	72	67
score_hidden_lt0.2	1344	56	55
score_hidden_lt0.2	1345	69	65
score_hidden_lt0.2	1346	64	60
score_hidden_lt0.2	1347	55	55
score_hidden_lt0.2	1348	63	59
score_hidden_lt0.2	1349	61	59
score_hidden_lt0.2	1350	59	57
score_hidden_lt0.2	1351	63	58
score_hidden_lt0.2	1352	73	69
score_hidden_lt0.2	1353	55	53
score_hidden_lt0.2	1354	56	55
score_hidden_lt0.2	1355	69	67
score_hidden_lt0.2	1356	57	53
score_hidden_lt0.2	1357	59	58
score_hidden_lt0.2	1358	66	63
score_hidden_lt0.2	1359	66	62
score_hidden_lt0.2	1360	57	52
score_hidden_lt0.2	1361	63	59
score_hidden_lt0.2	1362	66	62
score_hidden_lt0.2	1363	68	66
score_hidden_lt0.2	1364	66	64
score_hidden_lt0.2	1365	52	50
score_hidden_lt0.2	1366	56	54
score_hidden_lt0.2	1367	62	61
score_hidden_lt0.2	1368	66	65
score_hidden_lt0.2	1369	60	57
score_hidden_lt0.2	1370	67	62
score_hidden_lt0.2	1371	62	58
score_hidden_lt0.2	1372	66	63
score_hidden_lt0.2	1373	59	58
score_hidden_lt0.2	1374	61	58
score_hidden_lt0.2	1375	57	54
score_hidden_lt0.2	1376	62	59
score_hidden_lt0.2	1377	49	48
score_hidden_lt0.2	1378	58	55
score_hidden_lt0.2	1379	60	56
score_hidden_lt0.2	1380	61	57
score_hidden_lt0.2	1381	54	52
score_hidden_lt0.2	1382	58	57
score_hidden_lt0.2	1383	63	61
score_hidden_lt0.2	1384	63	58
score_hidden_lt0.2	1385	63	59
score_hidden_lt0.2	1386	59	56
score_hidden_lt0.2	1387	66	64
score_hidden_lt0.2	1388	56	51
score_hidden_lt0.2	1389	60	58
score_hidden_lt0.2	1390	59	56
score_hidden_lt0.2	1391	59	57
score_hidden_lt0.2	1392	56	54
score_hidden_lt0.2	1393	58	57
score_hidden_lt0.2	1394	56	52
score_hidden_lt0.2	1395	65	61
score_hidden_lt0.2	1396	63	58
score_hidden_lt0.2	1397	61	58
score_hidden_lt0.2	1398	69	67
score_hidden_lt0.2	1399	59	57
score_hidden_lt0.2	1400	55	53
score_hidden_lt0.2	1401	66	65
score_hidden_lt0.2	1402	58	58
score_hidden_lt0.2	1403	60	58
score_hidden_lt0.2	1404	69	66
score_hidden_lt0.2	1405	65	62
score_hidden_lt0.2	1406	54	53
score_hidden_lt0.2	1407	64	61
score_hidden_lt0.2	1408	62	59
score_hidden_lt0.2	1409	64	62
score_hidden_lt0.2	1410	65	65
score_hidden_lt0.2	1411	69	66
score_hidden_lt0.2	1412	62	59
score_hidden_lt0.2	1413	51	49
score_hidden_lt0.2	1414	66	63
score_hidden_lt0.2	1415	64	60
score_hidden_lt0.2	1416	58	55
score_hidden_lt0.2	1417	53	51
score_hidden_lt0.2	1418	58	56
score_hidden_lt0.2	1419	54	53
score_hidden_lt0.2	1420	68	66
score_hidden_lt0.2	1421	61	58
score_hidden_lt0.2	1422	59	56
score_hidden_lt0.2	1423	73	71
score_hidden_lt0.2	1424	58	57
score_hidden_lt0.2	1425	63	60
score_hidden_lt0.2	1426	59	57
score_hidden_lt0.2	1427	59	57
score_hidden_lt0.2	1428	59	57
score_hidden_lt0.2	1429	56	55
score_hidden_lt0.2	1430	58	57
score_hidden_lt0.2	1431	61	58
score_hidden_lt0.2	1432	63	60
score_hidden_lt0.2	1433	58	56
score_hidden_lt0.2	1434	62	62
score_hidden_lt0.2	1435	66	62
score_hidden_lt0.2	1436	69	67
score_hidden_lt0.2	1437	65	62
score_hidden_lt0.2	1438	58	57
score_hidden_lt0.2	1439	60	58
score_hidden_lt0.2	1440	60	56
score_hidden_lt0.2	1441	57	54
score_hidden_lt0.2	1442	54	52
score_hidden_lt0.2	1443	66	63
score_hidden_lt0.2	1444	57	55
score_hidden_lt0.2	1445	57	54
score_hidden_lt0.2	1446	64	61
score_hidden_lt0.2	1447	59	54
score_hidden_lt0.2	1448	55	52
score_hidden_lt0.2	1449	67	61
score_hidden_lt0.2	1450	70	66
score_hidden_lt0.2	1451	64	63
score_hidden_lt0.2	1452	65	61
score_hidden_lt0.2	1453	67	65
score_hidden_lt0.2	1454	56	53
score_hidden_lt0.2	1455	59	57
score_hidden_lt0.2	1456	57	56
score_hidden_lt0.2	1457	72	68
score_hidden_lt0.2	1458	62	59
score_hidden_lt0.2	1459	60	57
score_hidden_lt0.2	1460	72	69
score_hidden_lt0.2	1461	56	54
score_hidden_lt0.2	1462	64	60
score_hidden_lt0.2	1463	57	55
score_hidden_lt0.2	1464	62	59
score_hidden_lt0.2	1465	51	49
score_hidden_lt0.2	1466	56	54
score_hidden_lt0.2	1467	64	60
score_hidden_lt0.2	1468	58	54
score_hidden_lt0.2	1469	57	52
score_hidden_lt0.2	1470	63	61
score_hidden_lt0.2	1471	55	54
score_hidden_lt0.2	1472	58	55
score_hidden_lt0.2	1473	56	54
score_hidden_lt0.2	1474	61	59
score_hidden_lt0.2	1475	62	59
score_hidden_lt0.2	1476	55	53
score_hidden_lt0.2	1477	66	62
score_hidden_lt0.2	1478	65	61
score_hidden_lt0.2	1479	63	61
score_hidden_lt0.2	1480	59	56
score_hidden_lt0.2	1481	49	49
score_hidden_lt0.2	1482	55	54
score_hidden_lt0.2	1483	71	67
score_hidden_lt0.2	1484	61	57
score_hidden_lt0.2	1485	65	63
score_hidden_lt0.2	1486	64	60
score_hidden_lt0.2	1487	63	61
score_hidden_lt0.2	1488	59	55
score_hidden_lt0.2	1489	71	67
score_hidden_lt0.2	1490	59	56
score_hidden_lt0.2	1491	62	56
score_hidden_lt0.2	1492	61	59
score_hidden_lt0.2	1493	68	65
score_hidden_lt0.2	1494	64	59
score_hidden_lt0.2	1495	62	60
score_hidden_lt0.2	1496	57	53
score_hidden_lt0.2	1497	62	59
score_hidden_lt0.2	1498	65	61
score_hidden_lt0.2	1499	61	57
score_hidden_lt0.2	1500	62	58
score_hidden_lt0.2	1501	63	59
score_hidden_lt0.2	1502	76	72
score_hidden_lt0.2	1503	66	64
score_hidden_lt0.2	1504	61	59
score_hidden_lt0.2	1505	56	55
score_hidden_lt0.2	1506	60	58
score_hidden_lt0.2	1507	63	59
score_hidden_lt0.2	1508	61	59
score_hidden_lt0.2	1509	56	54
score_hidden_lt0.2	1510	52	50
score_hidden_lt0.2	1511	65	61
score_hidden_lt0.2	1512	60	58
score_hidden_lt0.2	1513	60	58
score_hidden_lt0.2	1514	66	64
score_hidden_lt0.2	1515	63	62
score_hidden_lt0.2	1516	51	50
score_hidden_lt0.2	1517	60	57
score_hidden_lt0.2	1518	46	44
score_hidden_lt0.2	1519	59	57
score_hidden_lt0.2	1520	66	62
score_hidden_lt0.2	1521	56	54
score_hidden_lt0.2	1522	72	67
score_hidden_lt0.2	1523	59	55
score_hidden_lt0.2	1524	64	63
score_hidden_lt0.2	1525	63	61
score_hidden_lt0.2	1526	60	59
score_hidden_lt0.2	1527	64	61
score_hidden_lt0.2	1528	66	65
score_hidden_lt0.2	1529	56	53
score_hidden_lt0.2	1530	56	56
score_hidden_lt0.2	1531	70	68
score_hidden_lt0.2	1532	63	61
score_hidden_lt0.2	1533	60	57
score_hidden_lt0.2	1534	63	60
score_hidden_lt0.2	1535	61	61
score_hidden_lt0.2	1536	65	62
score_hidden_lt0.2	1537	52	48
score_hidden_lt0.2	1538	57	56
score_hidden_lt0.2	1539	69	64
score_hidden_lt0.2	1540	65	63
score_hidden_lt0.2	1541	65	63
score_hidden_lt0.2	1542	57	55
score_hidden_lt0.2	1543	66	61
score_hidden_lt0.2	1544	63	60
score_hidden_lt0.2	1545	64	61
score_hidden_lt0.2	1546	56	54
score_hidden_lt0.2	1547	57	54
score_hidden_lt0.2	1548	55	53
score_hidden_lt0.2	1549	64	62
score_hidden_lt0.2	1550	60	56
score_hidden_lt0.2	1551	56	54
score_hidden_lt0.2	1552	58	57
score_hidden_lt0.2	1553	63	61
score_hidden_lt0.2	1554	63	61
score_hidden_lt0.2	1555	63	59
score_hidden_lt0.2	1556	76	73
score_hidden_lt0.2	1557	59	56
score_hidden_lt0.2	1558	60	59
score_hidden_lt0.2	1559	63	61
score_hidden_lt0.2	1560	64	60
score_hidden_lt0.2	1561	54	52
score_hidden_lt0.2	1562	64	61
score_hidden_lt0.2	1563	63	59
score_hidden_lt0.2	1564	66	63
score_hidden_lt0.2	1565	68	65
score_hidden_lt0.2	1566	61	61
score_hidden_lt0.2	1567	68	64
score_hidden_lt0.2	1568	61	61
score_hidden_lt0.2	1569	63	61
score_hidden_lt0.2	1570	63	62
score_hidden_lt0.2	1571	64	61
score_hidden_lt0.2	1572	60	58
score_hidden_lt0.2	1573	61	60
score_hidden_lt0.2	1574	61	57
score_hidden_lt0.2	1575	55	52
score_hidden_lt0.2	1576	56	53
score_hidden_lt0.2	1577	60	59
score_hidden_lt0.2	1578	53	51
score_hidden_lt0.2	1579	59	57
score_hidden_lt0.2	1580	60	56
score_hidden_lt0.2	1581	58	56
score_hidden_lt0.2	1582	63	58
score_hidden_lt0.2	1583	64	61
score_hidden_lt0.2	1584	59	56
score_hidden_lt0.2	1585	75	70
score_hidden_lt0.2	1586	60	58
score_hidden_lt0.2	1587	58	57
score_hidden_lt0.2	1588	64	61
score_hidden_lt0.2	1589	50	48
score_hidden_lt0.2	1590	59	56
score_hidden_lt0.2	1591	57	54
score_hidden_lt0.2	1592	56	55
score_hidden_lt0.2	1593	61	58
score_hidden_lt0.2	1594	63	60
score_hidden_lt0.2	1595	51	48
score_hidden_lt0.2	1596	67	64
score_hidden_lt0.2	1597	61	58
score_hidden_lt0.2	1598	58	56
score_hidden_lt0.2	1599	55	52
score_hidden_lt0.2	1600	58	57
score_hidden_lt0.2	1601	66	63
score_hidden_lt0.2	1602	67	62
score_hidden_lt0.2	1603	55	52
score_hidden_lt0.2	1604	57	54
score_hidden_lt0.2	1605	67	62
score_hidden_lt0.2	1606	61	60
score_hidden_lt0.2	1607	67	66
score_hidden_lt0.2	1608	67	66
score_hidden_lt0.2	1609	65	59
score_hidden_lt0.2	1610	64	60
score_hidden_lt0.2	1611	58	56
score_hidden_lt0.2	1612	56	53
score_hidden_lt0.2	1613	63	61
score_hidden_lt0.2	1614	56	54
score_hidden_lt0.2	1615	71	69
score_hidden_lt0.2	1616	65	62
score_hidden_lt0.2	1617	59	56
score_hidden_lt0.2	1618	52	50
score_hidden_lt0.2	1619	63	62
score_hidden_lt0.2	1620	63	59
score_hidden_lt0.2	1621	54	52
score_hidden_lt0.2	1622	66	63
score_hidden_lt0.2	1623	52	51
score_hidden_lt0.2	1624	57	54
score_hidden_lt0.2	1625	56	54
score_hidden_lt0.2	1626	59	56
score_hidden_lt0.2	1627	58	53
score_hidden_lt0.2	1628	55	53
score_hidden_lt0.2	1629	60	56
score_hidden_lt0.2	1630	63	58
score_hidden_lt0.2	1631	59	57
score_hidden_lt0.2	1632	56	55
score_hidden_lt0.2	1633	74	70
score_hidden_lt0.2	1634	65	62
score_hidden_lt0.2	1635	53	52
score_hidden_lt0.2	1636	61	60
score_hidden_lt0.2	1637	72	69
score_hidden_lt0.2	1638	53	51
score_hidden_lt0.2	1639	53	51
score_hidden_lt0.2	1640	67	64
score_hidden_lt0.2	1641	63	60
score_hidden_lt0.2	1642	58	57
score_hidden_lt0.2	1643	65	65
score_hidden_lt0.2	1644	61	59
score_hidden_lt0.2	1645	64	62
score_hidden_lt0.2	1646	62	59
score_hidden_lt0.2	1647	55	55
score_hidden_lt0.2	1648	60	58
score_hidden_lt0.2	1649	65	60
score_hidden_lt0.2	1650	59	55
score_hidden_lt0.2	1651	61	59
score_hidden_lt0.2	1652	58	56
score_hidden_lt0.2	1653	55	50
score_hidden_lt0.2	1654	60	59
score_hidden_lt0.2	1655	66	65
score_hidden_lt0.2	1656	54	54
score_hidden_lt0.2	1657	64	61
score_hidden_lt0.2	1658	61	57
score_hidden_lt0.2	1659	64	61
score_hidden_lt0.2	1660	65	60
score_hidden_lt0.2	1661	66	64
score_hidden_lt0.2	1662	64	61
score_hidden_lt0.2	1663	65	61
score_hidden_lt0.2	1664	60	56
score_hidden_lt0.2	1665	67	62
score_hidden_lt0.2	1666	58	58
score_hidden_lt0.2	1667	62	60
score_hidden_lt0.2	1668	55	53
score_hidden_lt0.2	1669	68	64
score_hidden_lt0.2	1670	71	66
score_hidden_lt0.2	1671	53	51
score_hidden_lt0.2	1672	58	56
score_hidden_lt0.2	1673	70	66
score_hidden_lt0.2	1674	63	60
score_hidden_lt0.2	1675	53	51
score_hidden_lt0.2	1676	64	62
score_hidden_lt0.2	1677	68	64
score_hidden_lt0.2	1678	66	63
score_hidden_lt0.2	1679	64	60
score_hidden_lt0.2	1680	61	58
score_hidden_lt0.2	1681	60	58
score_hidden_lt0.2	1682	64	63
score_hidden_lt0.2	1683	50	48
score_hidden_lt0.2	1684	68	66
score_hidden_lt0.2	1685	66	63
score_hidden_lt0.2	1686	71	67
score_hidden_lt0.2	1687	52	51
score_hidden_lt0.2	1688	56	53
score_hidden_lt0.2	1689	48	47
score_hidden_lt0.2	1690	62	56
score_hidden_lt0.2	1691	74	70
score_hidden_lt0.2	1692	60	58
score_hidden_lt0.2	1693	60	58
score_hidden_lt0.2	1694	62	61
score_hidden_lt0.2	1695	63	61
score_hidden_lt0.2	1696	64	61
score_hidden_lt0.2	1697	61	59
score_hidden_lt0.2	1698	68	65
score_hidden_lt0.2	1699	64	62
score_hidden_lt0.2	1700	61	60
score_hidden_lt0.2	1701	59	57
score_hidden_lt0.2	1702	56	53
score_hidden_lt0.2	1703	54	54
score_hidden_lt0.2	1704	62	62
score_hidden_lt0.2	1705	61	58
score_hidden_lt0.2	1706	57	56
score_hidden_lt0.2	1707	55	54
score_hidden_lt0.2	1708	66	62
score_hidden_lt0.2	1709	61	60
score_hidden_lt0.2	1710	57	54
score_hidden_lt0.2	1711	65	63
score_hidden_lt0.2	1712	56	55
score_hidden_lt0.2	1713	62	62
score_hidden_lt0.2	1714	60	57
score_hidden_lt0.2	1715	63	62
score_hidden_lt0.2	1716	58	57
score_hidden_lt0.2	1717	58	55
score_hidden_lt0.2	1718	54	53
score_hidden_lt0.2	1719	59	58
score_hidden_lt0.2	1720	54	52
score_hidden_lt0.2	1721	56	53
score_hidden_lt0.2	1722	70	65
score_hidden_lt0.2	1723	56	54
score_hidden_lt0.2	1724	61	58
score_hidden_lt0.2	1725	63	60
score_hidden_lt0.2	1726	59	57
score_hidden_lt0.2	1727	52	51
score_hidden_lt0.2	1728	56	55
score_hidden_lt0.2	1729	52	50
score_hidden_lt0.2	1730	60	58
score_hidden_lt0.2	1731	60	59
score_hidden_lt0.2	1732	55	53
score_hidden_lt0.2	1733	57	54
score_hidden_lt0.2	1734	62	58
score_hidden_lt0.2	1735	56	54
score_hidden_lt0.2	1736	66	63
score_hidden_lt0.2	1737	62	58
score_hidden_lt0.2	1738	63	58
score_hidden_lt0.2	1739	57	57
score_hidden_lt0.2	1740	62	60
score_hidden_lt0.2	1741	60	57
score_hidden_lt0.2	1742	58	57
score_hidden_lt0.2	1743	66	63
score_hidden_lt0.2	1744	74	68
score_hidden_lt0.2	1745	60	56
score_hidden_lt0.2	1746	60	58
score_hidden_lt0.2	1747	60	59
score_hidden_lt0.2	1748	55	55
score_hidden_lt0.2	1749	61	57
score_hidden_lt0.2	1750	63	59
score_hidden_lt0.2	1751	50	49
score_hidden_lt0.2	1752	57	56
score_hidden_lt0.2	1753	68	64
score_hidden_lt0.2	1754	59	56
score_hidden_lt0.2	1755	55	53
score_hidden_lt0.2	1756	52	51
score_hidden_lt0.2	1757	60	57
score_hidden_lt0.2	1758	64	59
score_hidden_lt0.2	1759	52	50
score_hidden_lt0.2	1760	59	59
score_hidden_lt0.2	1761	56	54
score_hidden_lt0.2	1762	67	64
score_hidden_lt0.2	1763	66	64
score_hidden_lt0.2	1764	59	58
score_hidden_lt0.2	1765	56	56
score_hidden_lt0.2	1766	66	63
score_hidden_lt0.2	1767	64	60
score_hidden_lt0.2	1768	67	63
score_hidden_lt0.2	1769	67	63
score_hidden_lt0.2	1770	62	60
score_hidden_lt0.2	1771	64	62
score_hidden_lt0.2	1772	68	65
score_hidden_lt0.2	1773	55	53
score_hidden_lt0.2	1774	68	64
score_hidden_lt0.2	1775	57	56
score_hidden_lt0.2	1776	62	60
score_hidden_lt0.2	1777	60	55
score_hidden_lt0.2	1778	61	58
score_hidden_lt0.2	1779	57	55
score_hidden_lt0.2	1780	64	62
score_hidden_lt0.2	1781	57	55
score_hidden_lt0.2	1782	65	61
score_hidden_lt0.2	1783	66	63
score_hidden_lt0.2	1784	61	59
score_hidden_lt0.2	1785	69	66
score_hidden_lt0.2	1786	58	57
score_hidden_lt0.2	1787	61	56
score_hidden_lt0.2	1788	58	55
score_hidden_lt0.2	1789	52	51
score_hidden_lt0.2	1790	51	51
score_hidden_lt0.2	1791	60	57
score_hidden_lt0.2	1792	65	62
score_hidden_lt0.2	1793	58	56
score_hidden_lt0.2	1794	56	55
score_hidden_lt0.2	1795	56	55
score_hidden_lt0.2	1796	58	56
score_hidden_lt0.2	1797	59	56
score_hidden_lt0.2	1798	65	63
score_hidden_lt0.2	1799	52	50
score_hidden_lt0.2	1800	55	53
score_hidden_lt0.2	1801	57	55
score_hidden_lt0.2	1802	63	59
score_hidden_lt0.2	1803	66	62
score_hidden_lt0.2	1804	50	48
score_hidden_lt0.2	1805	62	59
score_hidden_lt0.2	1806	58	56
score_hidden_lt0.2	1807	59	57
score_hidden_lt0.2	1808	61	60
score_hidden_lt0.2	1809	64	60
score_hidden_lt0.2	1810	63	61
score_hidden_lt0.2	1811	59	54
score_hidden_lt0.2	1812	62	60
score_hidden_lt0.2	1813	61	59
score_hidden_lt0.2	1814	58	55
score_hidden_lt0.2	1815	61	55
score_hidden_lt0.2	1816	64	60
score_hidden_lt0.2	1817	61	59
score_hidden_lt0.2	1818	61	59
score_hidden_lt0.2	1819	68	65
score_hidden_lt0.2	1820	63	59
score_hidden_lt0.2	1821	56	54
score_hidden_lt0.2	1822	56	53
score_hidden_lt0.2	1823	65	62
score_hidden_lt0.2	1824	54	51
score_hidden_lt0.2	1825	50	48
score_hidden_lt0.2	1826	59	57
score_hidden_lt0.2	1827	56	55
score_hidden_lt0.2	1828	68	65
score_hidden_lt0.2	1829	60	56
score_hidden_lt0.2	1830	63	59
score_hidden_lt0.2	1831	64	62
score_hidden_lt0.2	1832	63	61
score_hidden_lt0.2	1833	58	57
score_hidden_lt0.2	1834	62	59
score_hidden_lt0.2	1835	74	70
score_hidden_lt0.2	1836	65	62
score_hidden_lt0.2	1837	60	58
score_hidden_lt0.2	1838	56	54
score_hidden_lt0.2	1839	68	64
score_hidden_lt0.2	1840	62	58
score_hidden_lt0.2	1841	59	56
score_hidden_lt0.2	1842	55	53
score_hidden_lt0.2	1843	62	60
score_hidden_lt0.2	1844	60	57
score_hidden_lt0.2	1845	57	53
score_hidden_lt0.2	1846	57	54
score_hidden_lt0.2	1847	67	64
score_hidden_lt0.2	1848	58	54
score_hidden_lt0.2	1849	68	66
score_hidden_lt0.2	1850	63	58
score_hidden_lt0.2	1851	63	59
score_hidden_lt0.2	1852	63	59
score_hidden_lt0.2	1853	60	56
score_hidden_lt0.2	1854	57	53
score_hidden_lt0.2	1855	60	57
score_hidden_lt0.2	1856	64	60
score_hidden_lt0.2	1857	61	59
score_hidden_lt0.2	1858	53	51
score_hidden_lt0.2	1859	67	64
score_hidden_lt0.2	1860	59	57
score_hidden_lt0.2	1861	53	52
score_hidden_lt0.2	1862	57	55
score_hidden_lt0.2	1863	55	54
score_hidden_lt0.2	1864	62	60
score_hidden_lt0.2	1865	62	59
score_hidden_lt0.2	1866	63	60
score_hidden_lt0.2	1867	62	60
score_hidden_lt0.2	1868	58	56
score_hidden_lt0.2	1869	58	57
score_hidden_lt0.2	1870	55	54
score_hidden_lt0.2	1871	67	64
score_hidden_lt0.2	1872	62	59
score_hidden_lt0.2	1873	54	51
score_hidden_lt0.2	1874	65	62
score_hidden_lt0.2	1875	59	58
score_hidden_lt0.2	1876	57	56
score_hidden_lt0.2	1877	62	59
score_hidden_lt0.2	1878	68	64
score_hidden_lt0.2	1879	58	55
score_hidden_lt0.2	1880	59	56
score_hidden_lt0.2	1881	57	53
score_hidden_lt0.2	1882	63	61
score_hidden_lt0.2	1883	60	57
score_hidden_lt0.2	1884	65	62
score_hidden_lt0.2	1885	60	60
score_hidden_lt0.2	1886	63	61
score_hidden_lt0.2	1887	51	49
score_hidden_lt0.2	1888	68	64
score_hidden_lt0.2	1889	67	65
score_hidden_lt0.2	1890	50	50
score_hidden_lt0.2	1891	66	63
score_hidden_lt0.2	1892	61	59
score_hidden_lt0.2	1893	69	67
score_hidden_lt0.2	1894	63	60
score_hidden_lt0.2	1895	61	60
score_hidden_lt0.2	1896	60	58
score_hidden_lt0.2	1897	59	56
score_hidden_lt0.2	1898	53	51
score_hidden_lt0.2	1899	62	59
score_hidden_lt0.2	1900	59	57
score_hidden_lt0.2	1901	64	60
score_hidden_lt0.2	1902	52	50
score_hidden_lt0.2	1903	57	54
score_hidden_lt0.2	1904	58	57
score_hidden_lt0.2	1905	60	59
score_hidden_lt0.2	1906	63	60
score_hidden_lt0.2	1907	61	59
score_hidden_lt0.2	1908	62	61
score_hidden_lt0.2	1909	62	58
score_hidden_lt0.2	1910	70	66
score_hidden_lt0.2	1911	65	61
score_hidden_lt0.2	1912	55	55
score_hidden_lt0.2	1913	57	55
score_hidden_lt0.2	1914	69	66
score_hidden_lt0.2	1915	61	59
score_hidden_lt0.2	1916	60	58
score_hidden_lt0.2	1917	63	60
score_hidden_lt0.2	1918	63	58
score_hidden_lt0.2	1919	63	60
score_hidden_lt0.2	1920	67	64
score_hidden_lt0.2	1921	59	59
score_hidden_lt0.2	1922	59	57
score_hidden_lt0.2	1923	56	54
score_hidden_lt0.2	1924	52	48
score_hidden_lt0.2	1925	68	63
score_hidden_lt0.2	1926	50	49
score_hidden_lt0.2	1927	54	51
score_hidden_lt0.2	1928	58	57
score_hidden_lt0.2	1929	62	59
score_hidden_lt0.2	1930	70	67
score_hidden_lt0.2	1931	69	66
score_hidden_lt0.2	1932	61	58
score_hidden_lt0.2	1933	57	53
score_hidden_lt0.2	1934	70	66
score_hidden_lt0.2	1935	59	55
score_hidden_lt0.2	1936	69	66
score_hidden_lt0.2	1937	64	61
score_hidden_lt0.2	1938	52	50
score_hidden_lt0.2	1939	60	58
score_hidden_lt0.2	1940	57	57
score_hidden_lt0.2	1941	65	61
score_hidden_lt0.2	1942	54	52
score_hidden_lt0.2	1943	57	55
score_hidden_lt0.2	1944	59	57
score_hidden_lt0.2	1945	56	53
score_hidden_lt0.2	1946	64	60
score_hidden_lt0.2	1947	66	63
score_hidden_lt0.2	1948	68	66
score_hidden_lt0.2	1949	58	56
score_hidden_lt0.2	1950	58	56
score_hidden_lt0.2	1951	67	65
score_hidden_lt0.2	1952	62	58
score_hidden_lt0.2	1953	57	55
score_hidden_lt0.2	1954	67	66
score_hidden_lt0.2	1955	68	67
score_hidden_lt0.2	1956	63	60
score_hidden_lt0.2	1957	60	58
score_hidden_lt0.2	1958	72	69
score_hidden_lt0.2	1959	54	52
score_hidden_lt0.2	1960	59	57
score_hidden_lt0.2	1961	57	55
score_hidden_lt0.2	1962	61	56
score_hidden_lt0.2	1963	67	63
score_hidden_lt0.2	1964	65	62
score_hidden_lt0.2	1965	58	56
score_hidden_lt0.2	1966	61	57
score_hidden_lt0.2	1967	55	53
score_hidden_lt0.2	1968	69	68
score_hidden_lt0.2	1969	64	62
score_hidden_lt0.2	1970	62	60
score_hidden_lt0.2	1971	68	65
score_hidden_lt0.2	1972	60	57
score_hidden_lt0.2	1973	64	62
score_hidden_lt0.2	1974	59	58
score_hidden_lt0.2	1975	61	59
score_hidden_lt0.2	1976	62	58
score_hidden_lt0.2	1977	57	55
score_hidden_lt0.2	1978	65	62
score_hidden_lt0.2	1979	61	59
score_hidden_lt0.2	1980	58	54
score_hidden_lt0.2	1981	64	61
score_hidden_lt0.2	1982	58	54
score_hidden_lt0.2	1983	62	58
score_hidden_lt0.2	1984	60	58
score_hidden_lt0.2	1985	61	57
score_hidden_lt0.2	1986	62	60
score_hidden_lt0.2	1987	65	63
score_hidden_lt0.2	1988	63	61
score_hidden_lt0.2	1989	64	60
score_hidden_lt0.2	1990	65	62
score_hidden_lt0.2	1991	68	65
score_hidden_lt0.2	1992	60	57
score_hidden_lt0.2	1993	53	52
score_hidden_lt0.2	1994	60	56
score_hidden_lt0.2	1995	58	57
score_hidden_lt0.2	1996	59	56
score_hidden_lt0.2	1997	65	62
score_hidden_lt0.2	1998	59	55
score_hidden_lt0.2	1999	58	55
score_moderate_0.2_0.5	0	248	210
score_moderate_0.2_0.5	1	265	221
score_moderate_0.2_0.5	2	264	217
score_moderate_0.2_0.5	3	279	235
score_moderate_0.2_0.5	4	260	211
score_moderate_0.2_0.5	5	275	226
score_moderate_0.2_0.5	6	268	218
score_moderate_0.2_0.5	7	252	210
score_moderate_0.2_0.5	8	268	226
score_moderate_0.2_0.5	9	268	215
score_moderate_0.2_0.5	10	258	213
score_moderate_0.2_0.5	11	255	207
score_moderate_0.2_0.5	12	270	225
score_moderate_0.2_0.5	13	265	220
score_moderate_0.2_0.5	14	262	226
score_moderate_0.2_0.5	15	255	207
score_moderate_0.2_0.5	16	274	227
score_moderate_0.2_0.5	17	305	255
score_moderate_0.2_0.5	18	261	213
score_moderate_0.2_0.5	19	267	216
score_moderate_0.2_0.5	20	270	223
score_moderate_0.2_0.5	21	286	231
score_moderate_0.2_0.5	22	279	233
score_moderate_0.2_0.5	23	271	229
score_moderate_0.2_0.5	24	266	219
score_moderate_0.2_0.5	25	259	209
score_moderate_0.2_0.5	26	286	232
score_moderate_0.2_0.5	27	261	223
score_moderate_0.2_0.5	28	285	231
score_moderate_0.2_0.5	29	257	212
score_moderate_0.2_0.5	30	250	209
score_moderate_0.2_0.5	31	275	220
score_moderate_0.2_0.5	32	251	208
score_moderate_0.2_0.5	33	248	211
score_moderate_0.2_0.5	34	268	218
score_moderate_0.2_0.5	35	263	214
score_moderate_0.2_0.5	36	275	227
score_moderate_0.2_0.5	37	272	227
score_moderate_0.2_0.5	38	263	220
score_moderate_0.2_0.5	39	254	213
score_moderate_0.2_0.5	40	267	225
score_moderate_0.2_0.5	41	271	223
score_moderate_0.2_0.5	42	260	220
score_moderate_0.2_0.5	43	264	224
score_moderate_0.2_0.5	44	259	216
score_moderate_0.2_0.5	45	239	201
score_moderate_0.2_0.5	46	273	223
score_moderate_0.2_0.5	47	262	217
score_moderate_0.2_0.5	48	263	223
score_moderate_0.2_0.5	49	272	233
score_moderate_0.2_0.5	50	274	229
score_moderate_0.2_0.5	51	273	223
score_moderate_0.2_0.5	52	271	226
score_moderate_0.2_0.5	53	274	218
score_moderate_0.2_0.5	54	266	216
score_moderate_0.2_0.5	55	264	216
score_moderate_0.2_0.5	56	278	224
score_moderate_0.2_0.5	57	278	225
score_moderate_0.2_0.5	58	264	214
score_moderate_0.2_0.5	59	268	225
score_moderate_0.2_0.5	60	269	229
score_moderate_0.2_0.5	61	269	224
score_moderate_0.2_0.5	62	269	220
score_moderate_0.2_0.5	63	257	212
score_moderate_0.2_0.5	64	263	219
score_moderate_0.2_0.5	65	258	213
score_moderate_0.2_0.5	66	242	210
score_moderate_0.2_0.5	67	266	224
score_moderate_0.2_0.5	68	269	229
score_moderate_0.2_0.5	69	260	215
score_moderate_0.2_0.5	70	270	221
score_moderate_0.2_0.5	71	267	227
score_moderate_0.2_0.5	72	264	221
score_moderate_0.2_0.5	73	239	197
score_moderate_0.2_0.5	74	248	205
score_moderate_0.2_0.5	75	284	227
score_moderate_0.2_0.5	76	274	227
score_moderate_0.2_0.5	77	290	236
score_moderate_0.2_0.5	78	281	231
score_moderate_0.2_0.5	79	281	227
score_moderate_0.2_0.5	80	264	223
score_moderate_0.2_0.5	81	261	219
score_moderate_0.2_0.5	82	276	234
score_moderate_0.2_0.5	83	258	212
score_moderate_0.2_0.5	84	253	210
score_moderate_0.2_0.5	85	258	215
score_moderate_0.2_0.5	86	280	228
score_moderate_0.2_0.5	87	267	225
score_moderate_0.2_0.5	88	268	222
score_moderate_0.2_0.5	89	253	208
score_moderate_0.2_0.5	90	276	218
score_moderate_0.2_0.5	91	262	211
score_moderate_0.2_0.5	92	259	214
score_moderate_0.2_0.5	93	261	220
score_moderate_0.2_0.5	94	246	207
score_moderate_0.2_0.5	95	252	204
score_moderate_0.2_0.5	96	292	240
score_moderate_0.2_0.5	97	286	232
score_moderate_0.2_0.5	98	261	211
score_moderate_0.2_0.5	99	268	225
score_moderate_0.2_0.5	100	263	219
score_moderate_0.2_0.5	101	239	195
score_moderate_0.2_0.5	102	271	225
score_moderate_0.2_0.5	103	258	215
score_moderate_0.2_0.5	104	252	205
score_moderate_0.2_0.5	105	248	207
score_moderate_0.2_0.5	106	268	213
score_moderate_0.2_0.5	107	260	217
score_moderate_0.2_0.5	108	285	240
score_moderate_0.2_0.5	109	273	224
score_moderate_0.2_0.5	110	298	243
score_moderate_0.2_0.5	111	271	229
score_moderate_0.2_0.5	112	273	226
score_moderate_0.2_0.5	113	281	234
score_moderate_0.2_0.5	114	272	227
score_moderate_0.2_0.5	115	270	228
score_moderate_0.2_0.5	116	286	234
score_moderate_0.2_0.5	117	252	206
score_moderate_0.2_0.5	118	274	231
score_moderate_0.2_0.5	119	265	225
score_moderate_0.2_0.5	120	267	223
score_moderate_0.2_0.5	121	281	237
score_moderate_0.2_0.5	122	271	220
score_moderate_0.2_0.5	123	260	219
score_moderate_0.2_0.5	124	280	230
score_moderate_0.2_0.5	125	270	225
score_moderate_0.2_0.5	126	269	231
score_moderate_0.2_0.5	127	256	217
score_moderate_0.2_0.5	128	260	215
score_moderate_0.2_0.5	129	257	215
score_moderate_0.2_0.5	130	258	220
score_moderate_0.2_0.5	131	282	229
score_moderate_0.2_0.5	132	255	210
score_moderate_0.2_0.5	133	270	228
score_moderate_0.2_0.5	134	252	208
score_moderate_0.2_0.5	135	263	219
score_moderate_0.2_0.5	136	249	213
score_moderate_0.2_0.5	137	270	217
score_moderate_0.2_0.5	138	270	216
score_moderate_0.2_0.5	139	250	207
score_moderate_0.2_0.5	140	282	232
score_moderate_0.2_0.5	141	268	222
score_moderate_0.2_0.5	142	267	217
score_moderate_0.2_0.5	143	272	226
score_moderate_0.2_0.5	144	263	216
score_moderate_0.2_0.5	145	253	204
score_moderate_0.2_0.5	146	282	230
score_moderate_0.2_0.5	147	264	225
score_moderate_0.2_0.5	148	261	223
score_moderate_0.2_0.5	149	235	189
score_moderate_0.2_0.5	150	266	216
score_moderate_0.2_0.5	151	266	218
score_moderate_0.2_0.5	152	279	231
score_moderate_0.2_0.5	153	226	185
score_moderate_0.2_0.5	154	275	227
score_moderate_0.2_0.5	155	266	225
score_moderate_0.2_0.5	156	273	217
score_moderate_0.2_0.5	157	247	205
score_moderate_0.2_0.5	158	279	233
score_moderate_0.2_0.5	159	256	214
score_moderate_0.2_0.5	160	266	216
score_moderate_0.2_0.5	161	281	229
score_moderate_0.2_0.5	162	260	221
score_moderate_0.2_0.5	163	273	223
score_moderate_0.2_0.5	164	283	226
score_moderate_0.2_0.5	165	266	216
score_moderate_0.2_0.5	166	260	214
score_moderate_0.2_0.5	167	275	231
score_moderate_0.2_0.5	168	251	206
score_moderate_0.2_0.5	169	254	212
score_moderate_0.2_0.5	170	265	219
score_moderate_0.2_0.5	171	270	220
score_moderate_0.2_0.5	172	253	215
score_moderate_0.2_0.5	173	254	214
score_moderate_0.2_0.5	174	267	218
score_moderate_0.2_0.5	175	256	212
score_moderate_0.2_0.5	176	274	233
score_moderate_0.2_0.5	177	256	212
score_moderate_0.2_0.5	178	269	224
score_moderate_0.2_0.5	179	282	232
score_moderate_0.2_0.5	180	285	241
score_moderate_0.2_0.5	181	272	218
score_moderate_0.2_0.5	182	274	227
score_moderate_0.2_0.5	183	244	197
score_moderate_0.2_0.5	184	251	209
score_moderate_0.2_0.5	185	246	205
score_moderate_0.2_0.5	186	281	228
score_moderate_0.2_0.5	187	269	224
score_moderate_0.2_0.5	188	254	208
score_moderate_0.2_0.5	189	274	230
score_moderate_0.2_0.5	190	268	213
score_moderate_0.2_0.5	191	247	201
score_moderate_0.2_0.5	192	266	222
score_moderate_0.2_0.5	193	267	221
score_moderate_0.2_0.5	194	270	219
score_moderate_0.2_0.5	195	270	223
score_moderate_0.2_0.5	196	276	224
score_moderate_0.2_0.5	197	261	210
score_moderate_0.2_0.5	198	241	202
score_moderate_0.2_0.5	199	263	222
score_moderate_0.2_0.5	200	260	215
score_moderate_0.2_0.5	201	259	209
score_moderate_0.2_0.5	202	261	213
score_moderate_0.2_0.5	203	257	204
score_moderate_0.2_0.5	204	303	251
score_moderate_0.2_0.5	205	288	241
score_moderate_0.2_0.5	206	261	221
score_moderate_0.2_0.5	207	283	222
score_moderate_0.2_0.5	208	291	240
score_moderate_0.2_0.5	209	256	222
score_moderate_0.2_0.5	210	263	224
score_moderate_0.2_0.5	211	262	213
score_moderate_0.2_0.5	212	265	220
score_moderate_0.2_0.5	213	264	229
score_moderate_0.2_0.5	214	250	214
score_moderate_0.2_0.5	215	259	209
score_moderate_0.2_0.5	216	260	221
score_moderate_0.2_0.5	217	260	215
score_moderate_0.2_0.5	218	250	207
score_moderate_0.2_0.5	219	247	203
score_moderate_0.2_0.5	220	267	222
score_moderate_0.2_0.5	221	280	224
score_moderate_0.2_0.5	222	266	220
score_moderate_0.2_0.5	223	268	223
score_moderate_0.2_0.5	224	271	221
score_moderate_0.2_0.5	225	260	219
score_moderate_0.2_0.5	226	235	198
score_moderate_0.2_0.5	227	269	216
score_moderate_0.2_0.5	228	261	219
score_moderate_0.2_0.5	229	265	214
score_moderate_0.2_0.5	230	265	224
score_moderate_0.2_0.5	231	258	210
score_moderate_0.2_0.5	232	257	212
score_moderate_0.2_0.5	233	269	216
score_moderate_0.2_0.5	234	267	216
score_moderate_0.2_0.5	235	273	228
score_moderate_0.2_0.5	236	279	228
score_moderate_0.2_0.5	237	253	215
score_moderate_0.2_0.5	238	267	223
score_moderate_0.2_0.5	239	260	207
score_moderate_0.2_0.5	240	269	225
score_moderate_0.2_0.5	241	269	219
score_moderate_0.2_0.5	242	260	212
score_moderate_0.2_0.5	243	248	208
score_moderate_0.2_0.5	244	270	218
score_moderate_0.2_0.5	245	261	217
score_moderate_0.2_0.5	246	258	211
score_moderate_0.2_0.5	247	285	227
score_moderate_0.2_0.5	248	269	210
score_moderate_0.2_0.5	249	270	224
score_moderate_0.2_0.5	250	287	237
score_moderate_0.2_0.5	251	249	205
score_moderate_0.2_0.5	252	250	204
score_moderate_0.2_0.5	253	265	222
score_moderate_0.2_0.5	254	249	208
score_moderate_0.2_0.5	255	283	225
score_moderate_0.2_0.5	256	261	212
score_moderate_0.2_0.5	257	266	214
score_moderate_0.2_0.5	258	265	220
score_moderate_0.2_0.5	259	266	216
score_moderate_0.2_0.5	260	284	233
score_moderate_0.2_0.5	261	282	230
score_moderate_0.2_0.5	262	279	230
score_moderate_0.2_0.5	263	252	209
score_moderate_0.2_0.5	264	250	201
score_moderate_0.2_0.5	265	267	215
score_moderate_0.2_0.5	266	274	224
score_moderate_0.2_0.5	267	279	236
score_moderate_0.2_0.5	268	257	213
score_moderate_0.2_0.5	269	287	239
score_moderate_0.2_0.5	270	270	220
score_moderate_0.2_0.5	271	272	223
score_moderate_0.2_0.5	272	241	204
score_moderate_0.2_0.5	273	249	198
score_moderate_0.2_0.5	274	266	221
score_moderate_0.2_0.5	275	263	216
score_moderate_0.2_0.5	276	242	201
score_moderate_0.2_0.5	277	257	214
score_moderate_0.2_0.5	278	261	220
score_moderate_0.2_0.5	279	262	215
score_moderate_0.2_0.5	280	282	232
score_moderate_0.2_0.5	281	292	242
score_moderate_0.2_0.5	282	257	208
score_moderate_0.2_0.5	283	260	210
score_moderate_0.2_0.5	284	267	214
score_moderate_0.2_0.5	285	271	221
score_moderate_0.2_0.5	286	279	231
score_moderate_0.2_0.5	287	273	234
score_moderate_0.2_0.5	288	270	227
score_moderate_0.2_0.5	289	261	218
score_moderate_0.2_0.5	290	264	221
score_moderate_0.2_0.5	291	250	211
score_moderate_0.2_0.5	292	249	207
score_moderate_0.2_0.5	293	253	216
score_moderate_0.2_0.5	294	262	222
score_moderate_0.2_0.5	295	239	194
score_moderate_0.2_0.5	296	290	233
score_moderate_0.2_0.5	297	273	226
score_moderate_0.2_0.5	298	258	214
score_moderate_0.2_0.5	299	273	231
score_moderate_0.2_0.5	300	265	211
score_moderate_0.2_0.5	301	253	210
score_moderate_0.2_0.5	302	280	229
score_moderate_0.2_0.5	303	263	224
score_moderate_0.2_0.5	304	241	201
score_moderate_0.2_0.5	305	261	220
score_moderate_0.2_0.5	306	264	224
score_moderate_0.2_0.5	307	261	215
score_moderate_0.2_0.5	308	269	217
score_moderate_0.2_0.5	309	266	215
score_moderate_0.2_0.5	310	263	215
score_moderate_0.2_0.5	311	267	220
score_moderate_0.2_0.5	312	276	230
score_moderate_0.2_0.5	313	267	217
score_moderate_0.2_0.5	314	253	213
score_moderate_0.2_0.5	315	268	216
score_moderate_0.2_0.5	316	252	201
score_moderate_0.2_0.5	317	267	219
score_moderate_0.2_0.5	318	277	228
score_moderate_0.2_0.5	319	260	214
score_moderate_0.2_0.5	320	290	238
score_moderate_0.2_0.5	321	268	222
score_moderate_0.2_0.5	322	257	213
score_moderate_0.2_0.5	323	258	220
score_moderate_0.2_0.5	324	262	221
score_moderate_0.2_0.5	325	291	233
score_moderate_0.2_0.5	326	284	239
score_moderate_0.2_0.5	327	289	234
score_moderate_0.2_0.5	328	266	220
score_moderate_0.2_0.5	329	254	210
score_moderate_0.2_0.5	330	270	222
score_moderate_0.2_0.5	331	259	221
score_moderate_0.2_0.5	332	269	224
score_moderate_0.2_0.5	333	293	242
score_moderate_0.2_0.5	334	254	212
score_moderate_0.2_0.5	335	279	227
score_moderate_0.2_0.5	336	252	208
score_moderate_0.2_0.5	337	255	214
score_moderate_0.2_0.5	338	258	219
score_moderate_0.2_0.5	339	267	217
score_moderate_0.2_0.5	340	266	225
score_moderate_0.2_0.5	341	286	227
score_moderate_0.2_0.5	342	247	194
score_moderate_0.2_0.5	343	266	225
score_moderate_0.2_0.5	344	278	230
score_moderate_0.2_0.5	345	257	219
score_moderate_0.2_0.5	346	272	221
score_moderate_0.2_0.5	347	261	220
score_moderate_0.2_0.5	348	265	214
score_moderate_0.2_0.5	349	267	219
score_moderate_0.2_0.5	350	262	218
score_moderate_0.2_0.5	351	263	221
score_moderate_0.2_0.5	352	252	214
score_moderate_0.2_0.5	353	274	229
score_moderate_0.2_0.5	354	276	229
score_moderate_0.2_0.5	355	285	230
score_moderate_0.2_0.5	356	262	211
score_moderate_0.2_0.5	357	274	233
score_moderate_0.2_0.5	358	249	207
score_moderate_0.2_0.5	359	269	228
score_moderate_0.2_0.5	360	279	236
score_moderate_0.2_0.5	361	271	222
score_moderate_0.2_0.5	362	251	210
score_moderate_0.2_0.5	363	262	223
score_moderate_0.2_0.5	364	257	208
score_moderate_0.2_0.5	365	257	209
score_moderate_0.2_0.5	366	268	224
score_moderate_0.2_0.5	367	264	216
score_moderate_0.2_0.5	368	256	220
score_moderate_0.2_0.5	369	265	220
score_moderate_0.2_0.5	370	253	213
score_moderate_0.2_0.5	371	283	230
score_moderate_0.2_0.5	372	264	224
score_moderate_0.2_0.5	373	246	202
score_moderate_0.2_0.5	374	260	208
score_moderate_0.2_0.5	375	285	242
score_moderate_0.2_0.5	376	276	231
score_moderate_0.2_0.5	377	279	236
score_moderate_0.2_0.5	378	248	209
score_moderate_0.2_0.5	379	249	203
score_moderate_0.2_0.5	380	269	221
score_moderate_0.2_0.5	381	252	216
score_moderate_0.2_0.5	382	271	221
score_moderate_0.2_0.5	383	272	228
score_moderate_0.2_0.5	384	266	217
score_moderate_0.2_0.5	385	263	214
score_moderate_0.2_0.5	386	270	220
score_moderate_0.2_0.5	387	264	222
score_moderate_0.2_0.5	388	277	224
score_moderate_0.2_0.5	389	260	211
score_moderate_0.2_0.5	390	284	239
score_moderate_0.2_0.5	391	266	210
score_moderate_0.2_0.5	392	265	221
score_moderate_0.2_0.5	393	255	215
score_moderate_0.2_0.5	394	277	231
score_moderate_0.2_0.5	395	275	223
score_moderate_0.2_0.5	396	271	224
score_moderate_0.2_0.5	397	276	219
score_moderate_0.2_0.5	398	275	222
score_moderate_0.2_0.5	399	255	217
score_moderate_0.2_0.5	400	259	215
score_moderate_0.2_0.5	401	277	229
score_moderate_0.2_0.5	402	267	218
score_moderate_0.2_0.5	403	265	212
score_moderate_0.2_0.5	404	249	200
score_moderate_0.2_0.5	405	278	234
score_moderate_0.2_0.5	406	274	226
score_moderate_0.2_0.5	407	273	225
score_moderate_0.2_0.5	408	271	219
score_moderate_0.2_0.5	409	261	215
score_moderate_0.2_0.5	410	250	208
score_moderate_0.2_0.5	411	274	219
score_moderate_0.2_0.5	412	247	198
score_moderate_0.2_0.5	413	262	217
score_moderate_0.2_0.5	414	259	216
score_moderate_0.2_0.5	415	254	210
score_moderate_0.2_0.5	416	268	214
score_moderate_0.2_0.5	417	283	231
score_moderate_0.2_0.5	418	264	218
score_moderate_0.2_0.5	419	267	225
score_moderate_0.2_0.5	420	260	215
score_moderate_0.2_0.5	421	265	224
score_moderate_0.2_0.5	422	279	229
score_moderate_0.2_0.5	423	242	201
score_moderate_0.2_0.5	424	254	213
score_moderate_0.2_0.5	425	260	214
score_moderate_0.2_0.5	426	267	214
score_moderate_0.2_0.5	427	266	218
score_moderate_0.2_0.5	428	266	220
score_moderate_0.2_0.5	429	282	238
score_moderate_0.2_0.5	430	269	227
score_moderate_0.2_0.5	431	253	211
score_moderate_0.2_0.5	432	293	227
score_moderate_0.2_0.5	433	292	243
score_moderate_0.2_0.5	434	242	198
score_moderate_0.2_0.5	435	270	222
score_moderate_0.2_0.5	436	262	216
score_moderate_0.2_0.5	437	254	214
score_moderate_0.2_0.5	438	260	216
score_moderate_0.2_0.5	439	255	211
score_moderate_0.2_0.5	440	253	208
score_moderate_0.2_0.5	441	272	226
score_moderate_0.2_0.5	442	247	208
score_moderate_0.2_0.5	443	271	229
score_moderate_0.2_0.5	444	274	225
score_moderate_0.2_0.5	445	253	211
score_moderate_0.2_0.5	446	274	227
score_moderate_0.2_0.5	447	268	221
score_moderate_0.2_0.5	448	232	189
score_moderate_0.2_0.5	449	247	211
score_moderate_0.2_0.5	450	287	234
score_moderate_0.2_0.5	451	234	196
score_moderate_0.2_0.5	452	263	215
score_moderate_0.2_0.5	453	261	210
score_moderate_0.2_0.5	454	274	224
score_moderate_0.2_0.5	455	270	217
score_moderate_0.2_0.5	456	251	209
score_moderate_0.2_0.5	457	267	213
score_moderate_0.2_0.5	458	261	210
score_moderate_0.2_0.5	459	266	219
score_moderate_0.2_0.5	460	247	197
score_moderate_0.2_0.5	461	279	229
score_moderate_0.2_0.5	462	270	223
score_moderate_0.2_0.5	463	254	212
score_moderate_0.2_0.5	464	264	222
score_moderate_0.2_0.5	465	266	215
score_moderate_0.2_0.5	466	246	203
score_moderate_0.2_0.5	467	266	224
score_moderate_0.2_0.5	468	262	216
score_moderate_0.2_0.5	469	276	228
score_moderate_0.2_0.5	470	264	215
score_moderate_0.2_0.5	471	251	203
score_moderate_0.2_0.5	472	255	214
score_moderate_0.2_0.5	473	278	235
score_moderate_0.2_0.5	474	250	206
score_moderate_0.2_0.5	475	279	232
score_moderate_0.2_0.5	476	251	210
score_moderate_0.2_0.5	477	274	227
score_moderate_0.2_0.5	478	267	220
score_moderate_0.2_0.5	479	267	222
score_moderate_0.2_0.5	480	267	224
score_moderate_0.2_0.5	481	252	208
score_moderate_0.2_0.5	482	272	222
score_moderate_0.2_0.5	483	259	224
score_moderate_0.2_0.5	484	261	216
score_moderate_0.2_0.5	485	276	229
score_moderate_0.2_0.5	486	262	220
score_moderate_0.2_0.5	487	281	232
score_moderate_0.2_0.5	488	274	234
score_moderate_0.2_0.5	489	277	229
score_moderate_0.2_0.5	490	244	192
score_moderate_0.2_0.5	491	291	237
score_moderate_0.2_0.5	492	252	212
score_moderate_0.2_0.5	493	276	224
score_moderate_0.2_0.5	494	260	215
score_moderate_0.2_0.5	495	258	206
score_moderate_0.2_0.5	496	278	226
score_moderate_0.2_0.5	497	251	207
score_moderate_0.2_0.5	498	284	229
score_moderate_0.2_0.5	499	257	210
score_moderate_0.2_0.5	500	262	218
score_moderate_0.2_0.5	501	274	224
score_moderate_0.2_0.5	502	276	226
score_moderate_0.2_0.5	503	257	209
score_moderate_0.2_0.5	504	289	238
score_moderate_0.2_0.5	505	267	221
score_moderate_0.2_0.5	506	274	229
score_moderate_0.2_0.5	507	263	222
score_moderate_0.2_0.5	508	272	227
score_moderate_0.2_0.5	509	249	203
score_moderate_0.2_0.5	510	262	216
score_moderate_0.2_0.5	511	257	219
score_moderate_0.2_0.5	512	268	214
score_moderate_0.2_0.5	513	292	237
score_moderate_0.2_0.5	514	265	219
score_moderate_0.2_0.5	515	268	221
score_moderate_0.2_0.5	516	259	215
score_moderate_0.2_0.5	517	258	206
score_moderate_0.2_0.5	518	256	208
score_moderate_0.2_0.5	519	261	212
score_moderate_0.2_0.5	520	278	229
score_moderate_0.2_0.5	521	268	218
score_moderate_0.2_0.5	522	288	240
score_moderate_0.2_0.5	523	299	251
score_moderate_0.2_0.5	524	259	209
score_moderate_0.2_0.5	525	261	219
score_moderate_0.2_0.5	526	290	237
score_moderate_0.2_0.5	527	270	226
score_moderate_0.2_0.5	528	249	206
score_moderate_0.2_0.5	529	281	232
score_moderate_0.2_0.5	530	281	235
score_moderate_0.2_0.5	531	264	218
score_moderate_0.2_0.5	532	285	236
score_moderate_0.2_0.5	533	286	232
score_moderate_0.2_0.5	534	287	238
score_moderate_0.2_0.5	535	284	229
score_moderate_0.2_0.5	536	277	223
score_moderate_0.2_0.5	537	269	213
score_moderate_0.2_0.5	538	280	234
score_moderate_0.2_0.5	539	256	213
score_moderate_0.2_0.5	540	251	208
score_moderate_0.2_0.5	541	294	248
score_moderate_0.2_0.5	542	256	220
score_moderate_0.2_0.5	543	293	238
score_moderate_0.2_0.5	544	272	226
score_moderate_0.2_0.5	545	258	211
score_moderate_0.2_0.5	546	249	206
score_moderate_0.2_0.5	547	289	241
score_moderate_0.2_0.5	548	250	212
score_moderate_0.2_0.5	549	266	225
score_moderate_0.2_0.5	550	285	228
score_moderate_0.2_0.5	551	262	220
score_moderate_0.2_0.5	552	261	224
score_moderate_0.2_0.5	553	252	202
score_moderate_0.2_0.5	554	229	191
score_moderate_0.2_0.5	555	275	225
score_moderate_0.2_0.5	556	287	236
score_moderate_0.2_0.5	557	258	218
score_moderate_0.2_0.5	558	270	226
score_moderate_0.2_0.5	559	263	214
score_moderate_0.2_0.5	560	241	195
score_moderate_0.2_0.5	561	259	210
score_moderate_0.2_0.5	562	245	197
score_moderate_0.2_0.5	563	266	227
score_moderate_0.2_0.5	564	279	228
score_moderate_0.2_0.5	565	284	236
score_moderate_0.2_0.5	566	242	207
score_moderate_0.2_0.5	567	247	201
score_moderate_0.2_0.5	568	240	199
score_moderate_0.2_0.5	569	241	198
score_moderate_0.2_0.5	570	275	225
score_moderate_0.2_0.5	571	250	206
score_moderate_0.2_0.5	572	247	204
score_moderate_0.2_0.5	573	277	225
score_moderate_0.2_0.5	574	263	223
score_moderate_0.2_0.5	575	256	209
score_moderate_0.2_0.5	576	266	219
score_moderate_0.2_0.5	577	244	200
score_moderate_0.2_0.5	578	256	217
score_moderate_0.2_0.5	579	275	231
score_moderate_0.2_0.5	580	246	199
score_moderate_0.2_0.5	581	272	231
score_moderate_0.2_0.5	582	268	220
score_moderate_0.2_0.5	583	265	223
score_moderate_0.2_0.5	584	267	223
score_moderate_0.2_0.5	585	282	224
score_moderate_0.2_0.5	586	254	214
score_moderate_0.2_0.5	587	274	217
score_moderate_0.2_0.5	588	269	225
score_moderate_0.2_0.5	589	258	221
score_moderate_0.2_0.5	590	269	221
score_moderate_0.2_0.5	591	272	223
score_moderate_0.2_0.5	592	257	212
score_moderate_0.2_0.5	593	279	230
score_moderate_0.2_0.5	594	272	222
score_moderate_0.2_0.5	595	268	217
score_moderate_0.2_0.5	596	259	213
score_moderate_0.2_0.5	597	281	235
score_moderate_0.2_0.5	598	259	212
score_moderate_0.2_0.5	599	251	208
score_moderate_0.2_0.5	600	257	217
score_moderate_0.2_0.5	601	279	227
score_moderate_0.2_0.5	602	266	220
score_moderate_0.2_0.5	603	255	211
score_moderate_0.2_0.5	604	279	233
score_moderate_0.2_0.5	605	266	228
score_moderate_0.2_0.5	606	281	230
score_moderate_0.2_0.5	607	254	207
score_moderate_0.2_0.5	608	271	224
score_moderate_0.2_0.5	609	260	218
score_moderate_0.2_0.5	610	267	224
score_moderate_0.2_0.5	611	269	219
score_moderate_0.2_0.5	612	257	213
score_moderate_0.2_0.5	613	276	233
score_moderate_0.2_0.5	614	253	213
score_moderate_0.2_0.5	615	274	221
score_moderate_0.2_0.5	616	283	228
score_moderate_0.2_0.5	617	262	212
score_moderate_0.2_0.5	618	279	234
score_moderate_0.2_0.5	619	245	200
score_moderate_0.2_0.5	620	265	214
score_moderate_0.2_0.5	621	275	230
score_moderate_0.2_0.5	622	268	222
score_moderate_0.2_0.5	623	261	209
score_moderate_0.2_0.5	624	282	232
score_moderate_0.2_0.5	625	272	226
score_moderate_0.2_0.5	626	268	214
score_moderate_0.2_0.5	627	254	210
score_moderate_0.2_0.5	628	248	203
score_moderate_0.2_0.5	629	254	215
score_moderate_0.2_0.5	630	263	222
score_moderate_0.2_0.5	631	260	215
score_moderate_0.2_0.5	632	284	236
score_moderate_0.2_0.5	633	265	218
score_moderate_0.2_0.5	634	263	221
score_moderate_0.2_0.5	635	239	195
score_moderate_0.2_0.5	636	265	219
score_moderate_0.2_0.5	637	253	209
score_moderate_0.2_0.5	638	279	227
score_moderate_0.2_0.5	639	279	234
score_moderate_0.2_0.5	640	263	216
score_moderate_0.2_0.5	641	276	226
score_moderate_0.2_0.5	642	257	216
score_moderate_0.2_0.5	643	269	216
score_moderate_0.2_0.5	644	270	204
score_moderate_0.2_0.5	645	259	216
score_moderate_0.2_0.5	646	293	244
score_moderate_0.2_0.5	647	261	215
score_moderate_0.2_0.5	648	279	221
score_moderate_0.2_0.5	649	270	226
score_moderate_0.2_0.5	650	259	217
score_moderate_0.2_0.5	651	276	217
score_moderate_0.2_0.5	652	247	202
score_moderate_0.2_0.5	653	264	219
score_moderate_0.2_0.5	654	267	220
score_moderate_0.2_0.5	655	289	238
score_moderate_0.2_0.5	656	281	230
score_moderate_0.2_0.5	657	264	225
score_moderate_0.2_0.5	658	280	226
score_moderate_0.2_0.5	659	279	235
score_moderate_0.2_0.5	660	254	207
score_moderate_0.2_0.5	661	256	214
score_moderate_0.2_0.5	662	279	231
score_moderate_0.2_0.5	663	263	214
score_moderate_0.2_0.5	664	258	215
score_moderate_0.2_0.5	665	261	211
score_moderate_0.2_0.5	666	262	226
score_moderate_0.2_0.5	667	259	212
score_moderate_0.2_0.5	668	261	213
score_moderate_0.2_0.5	669	282	240
score_moderate_0.2_0.5	670	279	235
score_moderate_0.2_0.5	671	275	220
score_moderate_0.2_0.5	672	273	221
score_moderate_0.2_0.5	673	273	231
score_moderate_0.2_0.5	674	273	224
score_moderate_0.2_0.5	675	267	226
score_moderate_0.2_0.5	676	260	213
score_moderate_0.2_0.5	677	273	218
score_moderate_0.2_0.5	678	253	215
score_moderate_0.2_0.5	679	283	231
score_moderate_0.2_0.5	680	267	226
score_moderate_0.2_0.5	681	278	231
score_moderate_0.2_0.5	682	260	210
score_moderate_0.2_0.5	683	289	234
score_moderate_0.2_0.5	684	250	207
score_moderate_0.2_0.5	685	272	219
score_moderate_0.2_0.5	686	257	217
score_moderate_0.2_0.5	687	267	217
score_moderate_0.2_0.5	688	257	217
score_moderate_0.2_0.5	689	245	202
score_moderate_0.2_0.5	690	264	224
score_moderate_0.2_0.5	691	257	214
score_moderate_0.2_0.5	692	256	216
score_moderate_0.2_0.5	693	268	225
score_moderate_0.2_0.5	694	260	212
score_moderate_0.2_0.5	695	253	215
score_moderate_0.2_0.5	696	254	199
score_moderate_0.2_0.5	697	263	213
score_moderate_0.2_0.5	698	263	220
score_moderate_0.2_0.5	699	262	220
score_moderate_0.2_0.5	700	242	208
score_moderate_0.2_0.5	701	278	225
score_moderate_0.2_0.5	702	277	233
score_moderate_0.2_0.5	703	252	211
score_moderate_0.2_0.5	704	267	220
score_moderate_0.2_0.5	705	263	217
score_moderate_0.2_0.5	706	260	215
score_moderate_0.2_0.5	707	270	217
score_moderate_0.2_0.5	708	268	223
score_moderate_0.2_0.5	709	295	250
score_moderate_0.2_0.5	710	269	226
score_moderate_0.2_0.5	711	277	219
score_moderate_0.2_0.5	712	290	241
score_moderate_0.2_0.5	713	293	238
score_moderate_0.2_0.5	714	265	220
score_moderate_0.2_0.5	715	262	220
score_moderate_0.2_0.5	716	265	221
score_moderate_0.2_0.5	717	261	221
score_moderate_0.2_0.5	718	270	224
score_moderate_0.2_0.5	719	275	225
score_moderate_0.2_0.5	720	267	209
score_moderate_0.2_0.5	721	263	215
score_moderate_0.2_0.5	722	276	230
score_moderate_0.2_0.5	723	282	232
score_moderate_0.2_0.5	724	266	223
score_moderate_0.2_0.5	725	271	216
score_moderate_0.2_0.5	726	268	222
score_moderate_0.2_0.5	727	287	237
score_moderate_0.2_0.5	728	294	231
score_moderate_0.2_0.5	729	270	218
score_moderate_0.2_0.5	730	264	218
score_moderate_0.2_0.5	731	272	221
score_moderate_0.2_0.5	732	284	226
score_moderate_0.2_0.5	733	259	222
score_moderate_0.2_0.5	734	236	200
score_moderate_0.2_0.5	735	252	209
score_moderate_0.2_0.5	736	267	226
score_moderate_0.2_0.5	737	252	213
score_moderate_0.2_0.5	738	262	219
score_moderate_0.2_0.5	739	274	222
score_moderate_0.2_0.5	740	288	239
score_moderate_0.2_0.5	741	264	216
score_moderate_0.2_0.5	742	289	242
score_moderate_0.2_0.5	743	269	219
score_moderate_0.2_0.5	744	275	231
score_moderate_0.2_0.5	745	248	206
score_moderate_0.2_0.5	746	257	212
score_moderate_0.2_0.5	747	275	223
score_moderate_0.2_0.5	748	264	219
score_moderate_0.2_0.5	749	271	231
score_moderate_0.2_0.5	750	269	217
score_moderate_0.2_0.5	751	288	231
score_moderate_0.2_0.5	752	259	217
score_moderate_0.2_0.5	753	254	221
score_moderate_0.2_0.5	754	267	220
score_moderate_0.2_0.5	755	275	231
score_moderate_0.2_0.5	756	261	215
score_moderate_0.2_0.5	757	254	205
score_moderate_0.2_0.5	758	261	219
score_moderate_0.2_0.5	759	271	217
score_moderate_0.2_0.5	760	263	220
score_moderate_0.2_0.5	761	277	226
score_moderate_0.2_0.5	762	261	217
score_moderate_0.2_0.5	763	269	215
score_moderate_0.2_0.5	764	269	228
score_moderate_0.2_0.5	765	290	233
score_moderate_0.2_0.5	766	247	208
score_moderate_0.2_0.5	767	274	226
score_moderate_0.2_0.5	768	279	231
score_moderate_0.2_0.5	769	275	234
score_moderate_0.2_0.5	770	287	232
score_moderate_0.2_0.5	771	275	223
score_moderate_0.2_0.5	772	257	208
score_moderate_0.2_0.5	773	250	213
score_moderate_0.2_0.5	774	255	210
score_moderate_0.2_0.5	775	277	227
score_moderate_0.2_0.5	776	264	212
score_moderate_0.2_0.5	777	261	215
score_moderate_0.2_0.5	778	268	215
score_moderate_0.2_0.5	779	281	234
score_moderate_0.2_0.5	780	270	226
score_moderate_0.2_0.5	781	270	223
score_moderate_0.2_0.5	782	263	208
score_moderate_0.2_0.5	783	267	227
score_moderate_0.2_0.5	784	252	210
score_moderate_0.2_0.5	785	244	205
score_moderate_0.2_0.5	786	262	218
score_moderate_0.2_0.5	787	254	214
score_moderate_0.2_0.5	788	276	222
score_moderate_0.2_0.5	789	266	221
score_moderate_0.2_0.5	790	257	214
score_moderate_0.2_0.5	791	270	227
score_moderate_0.2_0.5	792	269	223
score_moderate_0.2_0.5	793	281	230
score_moderate_0.2_0.5	794	254	217
score_moderate_0.2_0.5	795	268	223
score_moderate_0.2_0.5	796	285	234
score_moderate_0.2_0.5	797	287	232
score_moderate_0.2_0.5	798	275	226
score_moderate_0.2_0.5	799	270	224
score_moderate_0.2_0.5	800	261	215
score_moderate_0.2_0.5	801	285	230
score_moderate_0.2_0.5	802	266	217
score_moderate_0.2_0.5	803	258	216
score_moderate_0.2_0.5	804	277	220
score_moderate_0.2_0.5	805	269	221
score_moderate_0.2_0.5	806	275	226
score_moderate_0.2_0.5	807	260	211
score_moderate_0.2_0.5	808	277	235
score_moderate_0.2_0.5	809	241	199
score_moderate_0.2_0.5	810	265	217
score_moderate_0.2_0.5	811	257	214
score_moderate_0.2_0.5	812	256	213
score_moderate_0.2_0.5	813	268	223
score_moderate_0.2_0.5	814	283	234
score_moderate_0.2_0.5	815	261	222
score_moderate_0.2_0.5	816	266	216
score_moderate_0.2_0.5	817	267	214
score_moderate_0.2_0.5	818	274	228
score_moderate_0.2_0.5	819	261	212
score_moderate_0.2_0.5	820	250	208
score_moderate_0.2_0.5	821	264	221
score_moderate_0.2_0.5	822	253	199
score_moderate_0.2_0.5	823	279	230
score_moderate_0.2_0.5	824	259	218
score_moderate_0.2_0.5	825	274	226
score_moderate_0.2_0.5	826	247	208
score_moderate_0.2_0.5	827	284	232
score_moderate_0.2_0.5	828	294	240
score_moderate_0.2_0.5	829	269	228
score_moderate_0.2_0.5	830	268	227
score_moderate_0.2_0.5	831	271	222
score_moderate_0.2_0.5	832	278	229
score_moderate_0.2_0.5	833	273	226
score_moderate_0.2_0.5	834	253	207
score_moderate_0.2_0.5	835	264	217
score_moderate_0.2_0.5	836	273	224
score_moderate_0.2_0.5	837	260	218
score_moderate_0.2_0.5	838	275	233
score_moderate_0.2_0.5	839	295	231
score_moderate_0.2_0.5	840	264	221
score_moderate_0.2_0.5	841	269	222
score_moderate_0.2_0.5	842	261	221
score_moderate_0.2_0.5	843	272	227
score_moderate_0.2_0.5	844	253	213
score_moderate_0.2_0.5	845	259	214
score_moderate_0.2_0.5	846	258	210
score_moderate_0.2_0.5	847	251	212
score_moderate_0.2_0.5	848	283	240
score_moderate_0.2_0.5	849	263	220
score_moderate_0.2_0.5	850	270	222
score_moderate_0.2_0.5	851	251	206
score_moderate_0.2_0.5	852	267	228
score_moderate_0.2_0.5	853	281	237
score_moderate_0.2_0.5	854	291	243
score_moderate_0.2_0.5	855	276	225
score_moderate_0.2_0.5	856	259	216
score_moderate_0.2_0.5	857	269	220
score_moderate_0.2_0.5	858	264	218
score_moderate_0.2_0.5	859	249	204
score_moderate_0.2_0.5	860	240	203
score_moderate_0.2_0.5	861	252	210
score_moderate_0.2_0.5	862	244	199
score_moderate_0.2_0.5	863	271	220
score_moderate_0.2_0.5	864	250	205
score_moderate_0.2_0.5	865	288	236
score_moderate_0.2_0.5	866	273	219
score_moderate_0.2_0.5	867	278	226
score_moderate_0.2_0.5	868	278	233
score_moderate_0.2_0.5	869	280	243
score_moderate_0.2_0.5	870	257	212
score_moderate_0.2_0.5	871	262	217
score_moderate_0.2_0.5	872	282	237
score_moderate_0.2_0.5	873	268	220
score_moderate_0.2_0.5	874	245	199
score_moderate_0.2_0.5	875	276	225
score_moderate_0.2_0.5	876	262	217
score_moderate_0.2_0.5	877	264	223
score_moderate_0.2_0.5	878	269	225
score_moderate_0.2_0.5	879	268	224
score_moderate_0.2_0.5	880	259	213
score_moderate_0.2_0.5	881	250	198
score_moderate_0.2_0.5	882	264	224
score_moderate_0.2_0.5	883	256	214
score_moderate_0.2_0.5	884	280	230
score_moderate_0.2_0.5	885	279	233
score_moderate_0.2_0.5	886	275	228
score_moderate_0.2_0.5	887	246	200
score_moderate_0.2_0.5	888	258	220
score_moderate_0.2_0.5	889	271	218
score_moderate_0.2_0.5	890	283	235
score_moderate_0.2_0.5	891	262	224
score_moderate_0.2_0.5	892	257	213
score_moderate_0.2_0.5	893	247	206
score_moderate_0.2_0.5	894	266	222
score_moderate_0.2_0.5	895	254	217
score_moderate_0.2_0.5	896	281	229
score_moderate_0.2_0.5	897	249	203
score_moderate_0.2_0.5	898	280	233
score_moderate_0.2_0.5	899	264	217
score_moderate_0.2_0.5	900	240	196
score_moderate_0.2_0.5	901	255	212
score_moderate_0.2_0.5	902	263	212
score_moderate_0.2_0.5	903	247	208
score_moderate_0.2_0.5	904	268	224
score_moderate_0.2_0.5	905	248	206
score_moderate_0.2_0.5	906	265	214
score_moderate_0.2_0.5	907	289	237
score_moderate_0.2_0.5	908	258	211
score_moderate_0.2_0.5	909	308	255
score_moderate_0.2_0.5	910	280	233
score_moderate_0.2_0.5	911	279	229
score_moderate_0.2_0.5	912	271	220
score_moderate_0.2_0.5	913	278	226
score_moderate_0.2_0.5	914	292	238
score_moderate_0.2_0.5	915	289	239
score_moderate_0.2_0.5	916	263	215
score_moderate_0.2_0.5	917	257	211
score_moderate_0.2_0.5	918	283	233
score_moderate_0.2_0.5	919	270	216
score_moderate_0.2_0.5	920	265	216
score_moderate_0.2_0.5	921	260	218
score_moderate_0.2_0.5	922	264	221
score_moderate_0.2_0.5	923	254	212
score_moderate_0.2_0.5	924	276	227
score_moderate_0.2_0.5	925	261	216
score_moderate_0.2_0.5	926	273	221
score_moderate_0.2_0.5	927	268	224
score_moderate_0.2_0.5	928	261	214
score_moderate_0.2_0.5	929	262	220
score_moderate_0.2_0.5	930	256	212
score_moderate_0.2_0.5	931	265	221
score_moderate_0.2_0.5	932	250	207
score_moderate_0.2_0.5	933	269	222
score_moderate_0.2_0.5	934	279	235
score_moderate_0.2_0.5	935	257	215
score_moderate_0.2_0.5	936	274	230
score_moderate_0.2_0.5	937	285	234
score_moderate_0.2_0.5	938	262	217
score_moderate_0.2_0.5	939	244	209
score_moderate_0.2_0.5	940	279	234
score_moderate_0.2_0.5	941	271	221
score_moderate_0.2_0.5	942	272	228
score_moderate_0.2_0.5	943	253	209
score_moderate_0.2_0.5	944	261	217
score_moderate_0.2_0.5	945	249	206
score_moderate_0.2_0.5	946	277	231
score_moderate_0.2_0.5	947	238	203
score_moderate_0.2_0.5	948	303	246
score_moderate_0.2_0.5	949	265	218
score_moderate_0.2_0.5	950	262	219
score_moderate_0.2_0.5	951	291	242
score_moderate_0.2_0.5	952	272	224
score_moderate_0.2_0.5	953	260	222
score_moderate_0.2_0.5	954	274	231
score_moderate_0.2_0.5	955	268	223
score_moderate_0.2_0.5	956	261	214
score_moderate_0.2_0.5	957	260	218
score_moderate_0.2_0.5	958	269	219
score_moderate_0.2_0.5	959	265	218
score_moderate_0.2_0.5	960	269	217
score_moderate_0.2_0.5	961	245	203
score_moderate_0.2_0.5	962	255	212
score_moderate_0.2_0.5	963	260	210
score_moderate_0.2_0.5	964	283	232
score_moderate_0.2_0.5	965	254	209
score_moderate_0.2_0.5	966	284	229
score_moderate_0.2_0.5	967	269	218
score_moderate_0.2_0.5	968	270	228
score_moderate_0.2_0.5	969	259	219
score_moderate_0.2_0.5	970	270	221
score_moderate_0.2_0.5	971	281	233
score_moderate_0.2_0.5	972	257	213
score_moderate_0.2_0.5	973	274	233
score_moderate_0.2_0.5	974	268	231
score_moderate_0.2_0.5	975	250	207
score_moderate_0.2_0.5	976	279	227
score_moderate_0.2_0.5	977	275	231
score_moderate_0.2_0.5	978	260	223
score_moderate_0.2_0.5	979	285	234
score_moderate_0.2_0.5	980	249	198
score_moderate_0.2_0.5	981	258	211
score_moderate_0.2_0.5	982	270	227
score_moderate_0.2_0.5	983	291	237
score_moderate_0.2_0.5	984	271	226
score_moderate_0.2_0.5	985	271	220
score_moderate_0.2_0.5	986	266	215
score_moderate_0.2_0.5	987	267	219
score_moderate_0.2_0.5	988	259	216
score_moderate_0.2_0.5	989	266	218
score_moderate_0.2_0.5	990	252	212
score_moderate_0.2_0.5	991	272	223
score_moderate_0.2_0.5	992	256	206
score_moderate_0.2_0.5	993	256	211
score_moderate_0.2_0.5	994	279	230
score_moderate_0.2_0.5	995	238	196
score_moderate_0.2_0.5	996	259	216
score_moderate_0.2_0.5	997	273	220
score_moderate_0.2_0.5	998	283	230
score_moderate_0.2_0.5	999	265	223
score_moderate_0.2_0.5	1000	267	222
score_moderate_0.2_0.5	1001	272	219
score_moderate_0.2_0.5	1002	264	219
score_moderate_0.2_0.5	1003	251	209
score_moderate_0.2_0.5	1004	286	230
score_moderate_0.2_0.5	1005	250	215
score_moderate_0.2_0.5	1006	277	223
score_moderate_0.2_0.5	1007	273	232
score_moderate_0.2_0.5	1008	276	225
score_moderate_0.2_0.5	1009	274	223
score_moderate_0.2_0.5	1010	272	223
score_moderate_0.2_0.5	1011	251	205
score_moderate_0.2_0.5	1012	275	236
score_moderate_0.2_0.5	1013	267	221
score_moderate_0.2_0.5	1014	242	203
score_moderate_0.2_0.5	1015	289	240
score_moderate_0.2_0.5	1016	254	212
score_moderate_0.2_0.5	1017	276	227
score_moderate_0.2_0.5	1018	278	230
score_moderate_0.2_0.5	1019	259	216
score_moderate_0.2_0.5	1020	259	210
score_moderate_0.2_0.5	1021	274	229
score_moderate_0.2_0.5	1022	251	205
score_moderate_0.2_0.5	1023	254	210
score_moderate_0.2_0.5	1024	267	222
score_moderate_0.2_0.5	1025	268	219
score_moderate_0.2_0.5	1026	272	226
score_moderate_0.2_0.5	1027	249	204
score_moderate_0.2_0.5	1028	256	212
score_moderate_0.2_0.5	1029	266	219
score_moderate_0.2_0.5	1030	258	216
score_moderate_0.2_0.5	1031	266	218
score_moderate_0.2_0.5	1032	259	215
score_moderate_0.2_0.5	1033	243	198
score_moderate_0.2_0.5	1034	269	222
score_moderate_0.2_0.5	1035	286	237
score_moderate_0.2_0.5	1036	278	233
score_moderate_0.2_0.5	1037	256	211
score_moderate_0.2_0.5	1038	283	232
score_moderate_0.2_0.5	1039	256	210
score_moderate_0.2_0.5	1040	294	242
score_moderate_0.2_0.5	1041	250	206
score_moderate_0.2_0.5	1042	271	224
score_moderate_0.2_0.5	1043	275	224
score_moderate_0.2_0.5	1044	277	230
score_moderate_0.2_0.5	1045	264	218
score_moderate_0.2_0.5	1046	261	219
score_moderate_0.2_0.5	1047	251	213
score_moderate_0.2_0.5	1048	269	225
score_moderate_0.2_0.5	1049	284	235
score_moderate_0.2_0.5	1050	267	220
score_moderate_0.2_0.5	1051	257	212
score_moderate_0.2_0.5	1052	275	222
score_moderate_0.2_0.5	1053	273	221
score_moderate_0.2_0.5	1054	268	219
score_moderate_0.2_0.5	1055	255	209
score_moderate_0.2_0.5	1056	278	223
score_moderate_0.2_0.5	1057	257	214
score_moderate_0.2_0.5	1058	238	200
score_moderate_0.2_0.5	1059	282	239
score_moderate_0.2_0.5	1060	257	216
score_moderate_0.2_0.5	1061	261	224
score_moderate_0.2_0.5	1062	286	244
score_moderate_0.2_0.5	1063	264	217
score_moderate_0.2_0.5	1064	267	218
score_moderate_0.2_0.5	1065	292	249
score_moderate_0.2_0.5	1066	269	221
score_moderate_0.2_0.5	1067	255	205
score_moderate_0.2_0.5	1068	265	214
score_moderate_0.2_0.5	1069	271	225
score_moderate_0.2_0.5	1070	257	214
score_moderate_0.2_0.5	1071	262	219
score_moderate_0.2_0.5	1072	264	218
score_moderate_0.2_0.5	1073	261	219
score_moderate_0.2_0.5	1074	244	201
score_moderate_0.2_0.5	1075	262	215
score_moderate_0.2_0.5	1076	272	228
score_moderate_0.2_0.5	1077	279	231
score_moderate_0.2_0.5	1078	273	218
score_moderate_0.2_0.5	1079	258	212
score_moderate_0.2_0.5	1080	266	212
score_moderate_0.2_0.5	1081	275	229
score_moderate_0.2_0.5	1082	256	216
score_moderate_0.2_0.5	1083	262	219
score_moderate_0.2_0.5	1084	293	241
score_moderate_0.2_0.5	1085	266	230
score_moderate_0.2_0.5	1086	275	233
score_moderate_0.2_0.5	1087	266	223
score_moderate_0.2_0.5	1088	278	226
score_moderate_0.2_0.5	1089	242	202
score_moderate_0.2_0.5	1090	243	197
score_moderate_0.2_0.5	1091	270	226
score_moderate_0.2_0.5	1092	263	216
score_moderate_0.2_0.5	1093	265	216
score_moderate_0.2_0.5	1094	275	233
score_moderate_0.2_0.5	1095	261	218
score_moderate_0.2_0.5	1096	253	213
score_moderate_0.2_0.5	1097	270	225
score_moderate_0.2_0.5	1098	282	222
score_moderate_0.2_0.5	1099	276	231
score_moderate_0.2_0.5	1100	254	216
score_moderate_0.2_0.5	1101	259	218
score_moderate_0.2_0.5	1102	275	221
score_moderate_0.2_0.5	1103	263	215
score_moderate_0.2_0.5	1104	269	223
score_moderate_0.2_0.5	1105	261	221
score_moderate_0.2_0.5	1106	259	213
score_moderate_0.2_0.5	1107	273	223
score_moderate_0.2_0.5	1108	246	202
score_moderate_0.2_0.5	1109	283	232
score_moderate_0.2_0.5	1110	276	226
score_moderate_0.2_0.5	1111	275	228
score_moderate_0.2_0.5	1112	266	218
score_moderate_0.2_0.5	1113	273	229
score_moderate_0.2_0.5	1114	263	221
score_moderate_0.2_0.5	1115	265	222
score_moderate_0.2_0.5	1116	259	219
score_moderate_0.2_0.5	1117	259	210
score_moderate_0.2_0.5	1118	255	211
score_moderate_0.2_0.5	1119	291	237
score_moderate_0.2_0.5	1120	275	226
score_moderate_0.2_0.5	1121	262	215
score_moderate_0.2_0.5	1122	258	212
score_moderate_0.2_0.5	1123	274	232
score_moderate_0.2_0.5	1124	252	213
score_moderate_0.2_0.5	1125	249	205
score_moderate_0.2_0.5	1126	259	209
score_moderate_0.2_0.5	1127	268	224
score_moderate_0.2_0.5	1128	240	196
score_moderate_0.2_0.5	1129	255	212
score_moderate_0.2_0.5	1130	261	214
score_moderate_0.2_0.5	1131	256	202
score_moderate_0.2_0.5	1132	258	215
score_moderate_0.2_0.5	1133	252	216
score_moderate_0.2_0.5	1134	272	234
score_moderate_0.2_0.5	1135	271	230
score_moderate_0.2_0.5	1136	267	223
score_moderate_0.2_0.5	1137	262	218
score_moderate_0.2_0.5	1138	253	212
score_moderate_0.2_0.5	1139	263	218
score_moderate_0.2_0.5	1140	255	211
score_moderate_0.2_0.5	1141	276	225
score_moderate_0.2_0.5	1142	253	209
score_moderate_0.2_0.5	1143	261	215
score_moderate_0.2_0.5	1144	250	209
score_moderate_0.2_0.5	1145	261	222
score_moderate_0.2_0.5	1146	273	228
score_moderate_0.2_0.5	1147	266	220
score_moderate_0.2_0.5	1148	271	221
score_moderate_0.2_0.5	1149	252	210
score_moderate_0.2_0.5	1150	258	212
score_moderate_0.2_0.5	1151	259	220
score_moderate_0.2_0.5	1152	251	209
score_moderate_0.2_0.5	1153	246	208
score_moderate_0.2_0.5	1154	259	212
score_moderate_0.2_0.5	1155	260	214
score_moderate_0.2_0.5	1156	261	213
score_moderate_0.2_0.5	1157	258	208
score_moderate_0.2_0.5	1158	251	212
score_moderate_0.2_0.5	1159	271	228
score_moderate_0.2_0.5	1160	264	217
score_moderate_0.2_0.5	1161	271	226
score_moderate_0.2_0.5	1162	296	240
score_moderate_0.2_0.5	1163	278	232
score_moderate_0.2_0.5	1164	276	239
score_moderate_0.2_0.5	1165	252	203
score_moderate_0.2_0.5	1166	257	218
score_moderate_0.2_0.5	1167	258	213
score_moderate_0.2_0.5	1168	282	231
score_moderate_0.2_0.5	1169	271	219
score_moderate_0.2_0.5	1170	263	218
score_moderate_0.2_0.5	1171	272	222
score_moderate_0.2_0.5	1172	273	218
score_moderate_0.2_0.5	1173	242	197
score_moderate_0.2_0.5	1174	256	206
score_moderate_0.2_0.5	1175	251	212
score_moderate_0.2_0.5	1176	258	213
score_moderate_0.2_0.5	1177	270	229
score_moderate_0.2_0.5	1178	279	228
score_moderate_0.2_0.5	1179	271	221
score_moderate_0.2_0.5	1180	293	247
score_moderate_0.2_0.5	1181	260	222
score_moderate_0.2_0.5	1182	267	216
score_moderate_0.2_0.5	1183	292	244
score_moderate_0.2_0.5	1184	257	216
score_moderate_0.2_0.5	1185	265	217
score_moderate_0.2_0.5	1186	264	218
score_moderate_0.2_0.5	1187	272	217
score_moderate_0.2_0.5	1188	268	223
score_moderate_0.2_0.5	1189	264	218
score_moderate_0.2_0.5	1190	277	223
score_moderate_0.2_0.5	1191	281	236
score_moderate_0.2_0.5	1192	252	214
score_moderate_0.2_0.5	1193	274	225
score_moderate_0.2_0.5	1194	254	217
score_moderate_0.2_0.5	1195	248	205
score_moderate_0.2_0.5	1196	255	210
score_moderate_0.2_0.5	1197	240	206
score_moderate_0.2_0.5	1198	250	218
score_moderate_0.2_0.5	1199	271	221
score_moderate_0.2_0.5	1200	267	220
score_moderate_0.2_0.5	1201	284	237
score_moderate_0.2_0.5	1202	261	216
score_moderate_0.2_0.5	1203	272	237
score_moderate_0.2_0.5	1204	264	216
score_moderate_0.2_0.5	1205	280	230
score_moderate_0.2_0.5	1206	263	223
score_moderate_0.2_0.5	1207	263	224
score_moderate_0.2_0.5	1208	242	200
score_moderate_0.2_0.5	1209	261	213
score_moderate_0.2_0.5	1210	251	208
score_moderate_0.2_0.5	1211	288	237
score_moderate_0.2_0.5	1212	264	225
score_moderate_0.2_0.5	1213	268	224
score_moderate_0.2_0.5	1214	255	215
score_moderate_0.2_0.5	1215	248	204
score_moderate_0.2_0.5	1216	267	219
score_moderate_0.2_0.5	1217	258	222
score_moderate_0.2_0.5	1218	273	218
score_moderate_0.2_0.5	1219	245	207
score_moderate_0.2_0.5	1220	279	225
score_moderate_0.2_0.5	1221	251	206
score_moderate_0.2_0.5	1222	274	223
score_moderate_0.2_0.5	1223	255	202
score_moderate_0.2_0.5	1224	268	226
score_moderate_0.2_0.5	1225	272	226
score_moderate_0.2_0.5	1226	263	219
score_moderate_0.2_0.5	1227	268	222
score_moderate_0.2_0.5	1228	278	222
score_moderate_0.2_0.5	1229	253	201
score_moderate_0.2_0.5	1230	262	218
score_moderate_0.2_0.5	1231	260	214
score_moderate_0.2_0.5	1232	268	228
score_moderate_0.2_0.5	1233	250	208
score_moderate_0.2_0.5	1234	254	208
score_moderate_0.2_0.5	1235	245	201
score_moderate_0.2_0.5	1236	274	224
score_moderate_0.2_0.5	1237	262	213
score_moderate_0.2_0.5	1238	267	221
score_moderate_0.2_0.5	1239	277	229
score_moderate_0.2_0.5	1240	259	209
score_moderate_0.2_0.5	1241	263	214
score_moderate_0.2_0.5	1242	270	215
score_moderate_0.2_0.5	1243	298	244
score_moderate_0.2_0.5	1244	272	227
score_moderate_0.2_0.5	1245	272	231
score_moderate_0.2_0.5	1246	289	231
score_moderate_0.2_0.5	1247	277	232
score_moderate_0.2_0.5	1248	248	200
score_moderate_0.2_0.5	1249	238	201
score_moderate_0.2_0.5	1250	258	214
score_moderate_0.2_0.5	1251	271	225
score_moderate_0.2_0.5	1252	272	223
score_moderate_0.2_0.5	1253	269	226
score_moderate_0.2_0.5	1254	278	229
score_moderate_0.2_0.5	1255	263	221
score_moderate_0.2_0.5	1256	270	224
score_moderate_0.2_0.5	1257	269	219
score_moderate_0.2_0.5	1258	289	238
score_moderate_0.2_0.5	1259	284	229
score_moderate_0.2_0.5	1260	270	228
score_moderate_0.2_0.5	1261	268	218
score_moderate_0.2_0.5	1262	263	223
score_moderate_0.2_0.5	1263	261	219
score_moderate_0.2_0.5	1264	273	225
score_moderate_0.2_0.5	1265	267	214
score_moderate_0.2_0.5	1266	261	220
score_moderate_0.2_0.5	1267	258	211
score_moderate_0.2_0.5	1268	265	222
score_moderate_0.2_0.5	1269	271	222
score_moderate_0.2_0.5	1270	268	224
score_moderate_0.2_0.5	1271	263	220
score_moderate_0.2_0.5	1272	272	227
score_moderate_0.2_0.5	1273	265	222
score_moderate_0.2_0.5	1274	252	207
score_moderate_0.2_0.5	1275	268	225
score_moderate_0.2_0.5	1276	258	212
score_moderate_0.2_0.5	1277	284	233
score_moderate_0.2_0.5	1278	278	225
score_moderate_0.2_0.5	1279	275	219
score_moderate_0.2_0.5	1280	268	219
score_moderate_0.2_0.5	1281	256	210
score_moderate_0.2_0.5	1282	264	221
score_moderate_0.2_0.5	1283	253	212
score_moderate_0.2_0.5	1284	267	221
score_moderate_0.2_0.5	1285	257	217
score_moderate_0.2_0.5	1286	274	227
score_moderate_0.2_0.5	1287	256	219
score_moderate_0.2_0.5	1288	280	231
score_moderate_0.2_0.5	1289	275	225
score_moderate_0.2_0.5	1290	273	225
score_moderate_0.2_0.5	1291	270	222
score_moderate_0.2_0.5	1292	264	218
score_moderate_0.2_0.5	1293	271	224
score_moderate_0.2_0.5	1294	275	227
score_moderate_0.2_0.5	1295	254	206
score_moderate_0.2_0.5	1296	258	214
score_moderate_0.2_0.5	1297	251	204
score_moderate_0.2_0.5	1298	268	225
score_moderate_0.2_0.5	1299	264	215
score_moderate_0.2_0.5	1300	291	242
score_moderate_0.2_0.5	1301	253	207
score_moderate_0.2_0.5	1302	258	212
score_moderate_0.2_0.5	1303	265	217
score_moderate_0.2_0.5	1304	277	222
score_moderate_0.2_0.5	1305	268	228
score_moderate_0.2_0.5	1306	268	224
score_moderate_0.2_0.5	1307	262	216
score_moderate_0.2_0.5	1308	278	229
score_moderate_0.2_0.5	1309	263	216
score_moderate_0.2_0.5	1310	255	213
score_moderate_0.2_0.5	1311	262	217
score_moderate_0.2_0.5	1312	269	220
score_moderate_0.2_0.5	1313	252	204
score_moderate_0.2_0.5	1314	268	220
score_moderate_0.2_0.5	1315	252	209
score_moderate_0.2_0.5	1316	263	221
score_moderate_0.2_0.5	1317	285	238
score_moderate_0.2_0.5	1318	263	220
score_moderate_0.2_0.5	1319	267	224
score_moderate_0.2_0.5	1320	261	215
score_moderate_0.2_0.5	1321	259	216
score_moderate_0.2_0.5	1322	247	201
score_moderate_0.2_0.5	1323	267	214
score_moderate_0.2_0.5	1324	241	209
score_moderate_0.2_0.5	1325	254	208
score_moderate_0.2_0.5	1326	274	229
score_moderate_0.2_0.5	1327	265	220
score_moderate_0.2_0.5	1328	264	219
score_moderate_0.2_0.5	1329	259	215
score_moderate_0.2_0.5	1330	261	215
score_moderate_0.2_0.5	1331	276	231
score_moderate_0.2_0.5	1332	301	251
score_moderate_0.2_0.5	1333	274	221
score_moderate_0.2_0.5	1334	273	228
score_moderate_0.2_0.5	1335	233	198
score_moderate_0.2_0.5	1336	259	205
score_moderate_0.2_0.5	1337	269	227
score_moderate_0.2_0.5	1338	267	221
score_moderate_0.2_0.5	1339	291	240
score_moderate_0.2_0.5	1340	251	201
score_moderate_0.2_0.5	1341	275	228
score_moderate_0.2_0.5	1342	275	227
score_moderate_0.2_0.5	1343	261	214
score_moderate_0.2_0.5	1344	245	197
score_moderate_0.2_0.5	1345	270	221
score_moderate_0.2_0.5	1346	270	220
score_moderate_0.2_0.5	1347	265	221
score_moderate_0.2_0.5	1348	258	212
score_moderate_0.2_0.5	1349	246	204
score_moderate_0.2_0.5	1350	271	227
score_moderate_0.2_0.5	1351	281	225
score_moderate_0.2_0.5	1352	260	215
score_moderate_0.2_0.5	1353	243	201
score_moderate_0.2_0.5	1354	271	221
score_moderate_0.2_0.5	1355	271	216
score_moderate_0.2_0.5	1356	276	230
score_moderate_0.2_0.5	1357	276	239
score_moderate_0.2_0.5	1358	246	206
score_moderate_0.2_0.5	1359	272	232
score_moderate_0.2_0.5	1360	250	203
score_moderate_0.2_0.5	1361	282	231
score_moderate_0.2_0.5	1362	274	224
score_moderate_0.2_0.5	1363	266	220
score_moderate_0.2_0.5	1364	275	226
score_moderate_0.2_0.5	1365	254	211
score_moderate_0.2_0.5	1366	292	246
score_moderate_0.2_0.5	1367	258	210
score_moderate_0.2_0.5	1368	244	207
score_moderate_0.2_0.5	1369	261	210
score_moderate_0.2_0.5	1370	253	213
score_moderate_0.2_0.5	1371	255	206
score_moderate_0.2_0.5	1372	271	229
score_moderate_0.2_0.5	1373	266	215
score_moderate_0.2_0.5	1374	273	221
score_moderate_0.2_0.5	1375	252	209
score_moderate_0.2_0.5	1376	248	207
score_moderate_0.2_0.5	1377	263	213
score_moderate_0.2_0.5	1378	256	205
score_moderate_0.2_0.5	1379	238	196
score_moderate_0.2_0.5	1380	272	222
score_moderate_0.2_0.5	1381	276	227
score_moderate_0.2_0.5	1382	285	229
score_moderate_0.2_0.5	1383	267	224
score_moderate_0.2_0.5	1384	250	204
score_moderate_0.2_0.5	1385	268	216
score_moderate_0.2_0.5	1386	276	222
score_moderate_0.2_0.5	1387	268	213
score_moderate_0.2_0.5	1388	291	241
score_moderate_0.2_0.5	1389	268	223
score_moderate_0.2_0.5	1390	274	226
score_moderate_0.2_0.5	1391	263	215
score_moderate_0.2_0.5	1392	268	216
score_moderate_0.2_0.5	1393	282	227
score_moderate_0.2_0.5	1394	269	221
score_moderate_0.2_0.5	1395	237	193
score_moderate_0.2_0.5	1396	252	209
score_moderate_0.2_0.5	1397	268	226
score_moderate_0.2_0.5	1398	291	239
score_moderate_0.2_0.5	1399	285	223
score_moderate_0.2_0.5	1400	260	218
score_moderate_0.2_0.5	1401	259	211
score_moderate_0.2_0.5	1402	273	229
score_moderate_0.2_0.5	1403	242	202
score_moderate_0.2_0.5	1404	234	182
score_moderate_0.2_0.5	1405	285	236
score_moderate_0.2_0.5	1406	246	204
score_moderate_0.2_0.5	1407	265	216
score_moderate_0.2_0.5	1408	267	221
score_moderate_0.2_0.5	1409	256	209
score_moderate_0.2_0.5	1410	265	221
score_moderate_0.2_0.5	1411	254	209
score_moderate_0.2_0.5	1412	261	220
score_moderate_0.2_0.5	1413	277	229
score_moderate_0.2_0.5	1414	268	230
score_moderate_0.2_0.5	1415	271	216
score_moderate_0.2_0.5	1416	248	201
score_moderate_0.2_0.5	1417	252	206
score_moderate_0.2_0.5	1418	275	230
score_moderate_0.2_0.5	1419	275	220
score_moderate_0.2_0.5	1420	269	221
score_moderate_0.2_0.5	1421	256	209
score_moderate_0.2_0.5	1422	277	227
score_moderate_0.2_0.5	1423	274	221
score_moderate_0.2_0.5	1424	273	223
score_moderate_0.2_0.5	1425	258	215
score_moderate_0.2_0.5	1426	271	223
score_moderate_0.2_0.5	1427	262	213
score_moderate_0.2_0.5	1428	256	202
score_moderate_0.2_0.5	1429	259	210
score_moderate_0.2_0.5	1430	267	214
score_moderate_0.2_0.5	1431	253	214
score_moderate_0.2_0.5	1432	285	236
score_moderate_0.2_0.5	1433	275	225
score_moderate_0.2_0.5	1434	270	223
score_moderate_0.2_0.5	1435	281	234
score_moderate_0.2_0.5	1436	263	215
score_moderate_0.2_0.5	1437	287	234
score_moderate_0.2_0.5	1438	277	227
score_moderate_0.2_0.5	1439	253	211
score_moderate_0.2_0.5	1440	254	210
score_moderate_0.2_0.5	1441	264	209
score_moderate_0.2_0.5	1442	274	223
score_moderate_0.2_0.5	1443	260	218
score_moderate_0.2_0.5	1444	252	218
score_moderate_0.2_0.5	1445	274	227
score_moderate_0.2_0.5	1446	260	218
score_moderate_0.2_0.5	1447	258	208
score_moderate_0.2_0.5	1448	261	211
score_moderate_0.2_0.5	1449	275	226
score_moderate_0.2_0.5	1450	269	222
score_moderate_0.2_0.5	1451	255	211
score_moderate_0.2_0.5	1452	293	242
score_moderate_0.2_0.5	1453	278	230
score_moderate_0.2_0.5	1454	259	217
score_moderate_0.2_0.5	1455	262	218
score_moderate_0.2_0.5	1456	254	208
score_moderate_0.2_0.5	1457	273	217
score_moderate_0.2_0.5	1458	253	214
score_moderate_0.2_0.5	1459	273	227
score_moderate_0.2_0.5	1460	279	237
score_moderate_0.2_0.5	1461	255	208
score_moderate_0.2_0.5	1462	277	236
score_moderate_0.2_0.5	1463	277	229
score_moderate_0.2_0.5	1464	252	204
score_moderate_0.2_0.5	1465	256	213
score_moderate_0.2_0.5	1466	273	217
score_moderate_0.2_0.5	1467	258	215
score_moderate_0.2_0.5	1468	268	218
score_moderate_0.2_0.5	1469	262	214
score_moderate_0.2_0.5	1470	247	201
score_moderate_0.2_0.5	1471	276	225
score_moderate_0.2_0.5	1472	253	211
score_moderate_0.2_0.5	1473	263	215
score_moderate_0.2_0.5	1474	257	206
score_moderate_0.2_0.5	1475	267	225
score_moderate_0.2_0.5	1476	260	214
score_moderate_0.2_0.5	1477	272	228
score_moderate_0.2_0.5	1478	276	230
score_moderate_0.2_0.5	1479	250	209
score_moderate_0.2_0.5	1480	263	222
score_moderate_0.2_0.5	1481	248	215
score_moderate_0.2_0.5	1482	250	207
score_moderate_0.2_0.5	1483	273	223
score_moderate_0.2_0.5	1484	268	221
score_moderate_0.2_0.5	1485	281	234
score_moderate_0.2_0.5	1486	266	217
score_moderate_0.2_0.5	1487	278	227
score_moderate_0.2_0.5	1488	283	230
score_moderate_0.2_0.5	1489	279	239
score_moderate_0.2_0.5	1490	281	231
score_moderate_0.2_0.5	1491	255	210
score_moderate_0.2_0.5	1492	255	212
score_moderate_0.2_0.5	1493	283	239
score_moderate_0.2_0.5	1494	265	224
score_moderate_0.2_0.5	1495	243	205
score_moderate_0.2_0.5	1496	262	216
score_moderate_0.2_0.5	1497	279	225
score_moderate_0.2_0.5	1498	251	208
score_moderate_0.2_0.5	1499	275	222
score_moderate_0.2_0.5	1500	271	222
score_moderate_0.2_0.5	1501	259	215
score_moderate_0.2_0.5	1502	273	225
score_moderate_0.2_0.5	1503	261	214
score_moderate_0.2_0.5	1504	265	214
score_moderate_0.2_0.5	1505	266	216
score_moderate_0.2_0.5	1506	285	228
score_moderate_0.2_0.5	1507	267	224
score_moderate_0.2_0.5	1508	268	217
score_moderate_0.2_0.5	1509	281	232
score_moderate_0.2_0.5	1510	261	207
score_moderate_0.2_0.5	1511	263	222
score_moderate_0.2_0.5	1512	274	225
score_moderate_0.2_0.5	1513	278	229
score_moderate_0.2_0.5	1514	267	218
score_moderate_0.2_0.5	1515	256	211
score_moderate_0.2_0.5	1516	277	220
score_moderate_0.2_0.5	1517	269	226
score_moderate_0.2_0.5	1518	281	235
score_moderate_0.2_0.5	1519	263	220
score_moderate_0.2_0.5	1520	275	225
score_moderate_0.2_0.5	1521	269	227
score_moderate_0.2_0.5	1522	256	216
score_moderate_0.2_0.5	1523	261	214
score_moderate_0.2_0.5	1524	264	219
score_moderate_0.2_0.5	1525	254	216
score_moderate_0.2_0.5	1526	255	214
score_moderate_0.2_0.5	1527	255	208
score_moderate_0.2_0.5	1528	264	222
score_moderate_0.2_0.5	1529	290	236
score_moderate_0.2_0.5	1530	264	218
score_moderate_0.2_0.5	1531	259	217
score_moderate_0.2_0.5	1532	255	212
score_moderate_0.2_0.5	1533	263	216
score_moderate_0.2_0.5	1534	258	207
score_moderate_0.2_0.5	1535	265	221
score_moderate_0.2_0.5	1536	270	225
score_moderate_0.2_0.5	1537	281	233
score_moderate_0.2_0.5	1538	268	224
score_moderate_0.2_0.5	1539	270	220
score_moderate_0.2_0.5	1540	284	236
score_moderate_0.2_0.5	1541	257	213
score_moderate_0.2_0.5	1542	287	234
score_moderate_0.2_0.5	1543	262	211
score_moderate_0.2_0.5	1544	282	231
score_moderate_0.2_0.5	1545	264	218
score_moderate_0.2_0.5	1546	259	214
score_moderate_0.2_0.5	1547	249	208
score_moderate_0.2_0.5	1548	280	230
score_moderate_0.2_0.5	1549	273	232
score_moderate_0.2_0.5	1550	261	212
score_moderate_0.2_0.5	1551	269	231
score_moderate_0.2_0.5	1552	280	231
score_moderate_0.2_0.5	1553	270	223
score_moderate_0.2_0.5	1554	255	206
score_moderate_0.2_0.5	1555	274	220
score_moderate_0.2_0.5	1556	262	217
score_moderate_0.2_0.5	1557	279	226
score_moderate_0.2_0.5	1558	271	223
score_moderate_0.2_0.5	1559	255	211
score_moderate_0.2_0.5	1560	284	225
score_moderate_0.2_0.5	1561	283	231
score_moderate_0.2_0.5	1562	259	213
score_moderate_0.2_0.5	1563	275	226
score_moderate_0.2_0.5	1564	265	223
score_moderate_0.2_0.5	1565	250	208
score_moderate_0.2_0.5	1566	264	227
score_moderate_0.2_0.5	1567	272	224
score_moderate_0.2_0.5	1568	280	235
score_moderate_0.2_0.5	1569	299	250
score_moderate_0.2_0.5	1570	257	213
score_moderate_0.2_0.5	1571	277	231
score_moderate_0.2_0.5	1572	263	212
score_moderate_0.2_0.5	1573	283	235
score_moderate_0.2_0.5	1574	261	224
score_moderate_0.2_0.5	1575	288	242
score_moderate_0.2_0.5	1576	276	223
score_moderate_0.2_0.5	1577	259	221
score_moderate_0.2_0.5	1578	244	199
score_moderate_0.2_0.5	1579	268	220
score_moderate_0.2_0.5	1580	258	215
score_moderate_0.2_0.5	1581	250	199
score_moderate_0.2_0.5	1582	256	203
score_moderate_0.2_0.5	1583	267	217
score_moderate_0.2_0.5	1584	267	220
score_moderate_0.2_0.5	1585	249	211
score_moderate_0.2_0.5	1586	267	217
score_moderate_0.2_0.5	1587	258	215
score_moderate_0.2_0.5	1588	280	232
score_moderate_0.2_0.5	1589	248	205
score_moderate_0.2_0.5	1590	278	230
score_moderate_0.2_0.5	1591	238	202
score_moderate_0.2_0.5	1592	262	219
score_moderate_0.2_0.5	1593	266	226
score_moderate_0.2_0.5	1594	263	213
score_moderate_0.2_0.5	1595	272	230
score_moderate_0.2_0.5	1596	287	240
score_moderate_0.2_0.5	1597	255	212
score_moderate_0.2_0.5	1598	230	189
score_moderate_0.2_0.5	1599	274	223
score_moderate_0.2_0.5	1600	275	231
score_moderate_0.2_0.5	1601	264	213
score_moderate_0.2_0.5	1602	285	239
score_moderate_0.2_0.5	1603	270	223
score_moderate_0.2_0.5	1604	277	232
score_moderate_0.2_0.5	1605	260	212
score_moderate_0.2_0.5	1606	273	231
score_moderate_0.2_0.5	1607	271	226
score_moderate_0.2_0.5	1608	265	218
score_moderate_0.2_0.5	1609	251	205
score_moderate_0.2_0.5	1610	263	221
score_moderate_0.2_0.5	1611	278	230
score_moderate_0.2_0.5	1612	273	225
score_moderate_0.2_0.5	1613	263	214
score_moderate_0.2_0.5	1614	266	222
score_moderate_0.2_0.5	1615	242	203
score_moderate_0.2_0.5	1616	269	230
score_moderate_0.2_0.5	1617	265	219
score_moderate_0.2_0.5	1618	250	201
score_moderate_0.2_0.5	1619	258	208
score_moderate_0.2_0.5	1620	258	215
score_moderate_0.2_0.5	1621	271	227
score_moderate_0.2_0.5	1622	261	220
score_moderate_0.2_0.5	1623	275	229
score_moderate_0.2_0.5	1624	270	222
score_moderate_0.2_0.5	1625	277	230
score_moderate_0.2_0.5	1626	280	225
score_moderate_0.2_0.5	1627	249	211
score_moderate_0.2_0.5	1628	236	196
score_moderate_0.2_0.5	1629	281	228
score_moderate_0.2_0.5	1630	280	225
score_moderate_0.2_0.5	1631	276	223
score_moderate_0.2_0.5	1632	274	239
score_moderate_0.2_0.5	1633	259	217
score_moderate_0.2_0.5	1634	272	227
score_moderate_0.2_0.5	1635	249	206
score_moderate_0.2_0.5	1636	253	213
score_moderate_0.2_0.5	1637	275	226
score_moderate_0.2_0.5	1638	270	226
score_moderate_0.2_0.5	1639	260	210
score_moderate_0.2_0.5	1640	280	233
score_moderate_0.2_0.5	1641	268	213
score_moderate_0.2_0.5	1642	266	211
score_moderate_0.2_0.5	1643	255	211
score_moderate_0.2_0.5	1644	247	208
score_moderate_0.2_0.5	1645	278	230
score_moderate_0.2_0.5	1646	296	246
score_moderate_0.2_0.5	1647	278	227
score_moderate_0.2_0.5	1648	271	221
score_moderate_0.2_0.5	1649	272	219
score_moderate_0.2_0.5	1650	246	201
score_moderate_0.2_0.5	1651	267	213
score_moderate_0.2_0.5	1652	246	198
score_moderate_0.2_0.5	1653	279	235
score_moderate_0.2_0.5	1654	269	230
score_moderate_0.2_0.5	1655	271	226
score_moderate_0.2_0.5	1656	277	229
score_moderate_0.2_0.5	1657	269	220
score_moderate_0.2_0.5	1658	261	217
score_moderate_0.2_0.5	1659	237	197
score_moderate_0.2_0.5	1660	270	223
score_moderate_0.2_0.5	1661	262	225
score_moderate_0.2_0.5	1662	282	232
score_moderate_0.2_0.5	1663	279	226
score_moderate_0.2_0.5	1664	291	247
score_moderate_0.2_0.5	1665	277	227
score_moderate_0.2_0.5	1666	274	230
score_moderate_0.2_0.5	1667	250	206
score_moderate_0.2_0.5	1668	263	215
score_moderate_0.2_0.5	1669	275	223
score_moderate_0.2_0.5	1670	272	227
score_moderate_0.2_0.5	1671	275	225
score_moderate_0.2_0.5	1672	284	237
score_moderate_0.2_0.5	1673	277	230
score_moderate_0.2_0.5	1674	255	207
score_moderate_0.2_0.5	1675	274	226
score_moderate_0.2_0.5	1676	269	226
score_moderate_0.2_0.5	1677	259	205
score_moderate_0.2_0.5	1678	250	204
score_moderate_0.2_0.5	1679	256	205
score_moderate_0.2_0.5	1680	264	213
score_moderate_0.2_0.5	1681	270	223
score_moderate_0.2_0.5	1682	287	238
score_moderate_0.2_0.5	1683	270	225
score_moderate_0.2_0.5	1684	259	217
score_moderate_0.2_0.5	1685	283	224
score_moderate_0.2_0.5	1686	276	225
score_moderate_0.2_0.5	1687	256	213
score_moderate_0.2_0.5	1688	271	225
score_moderate_0.2_0.5	1689	269	219
score_moderate_0.2_0.5	1690	281	231
score_moderate_0.2_0.5	1691	251	207
score_moderate_0.2_0.5	1692	284	233
score_moderate_0.2_0.5	1693	263	221
score_moderate_0.2_0.5	1694	262	211
score_moderate_0.2_0.5	1695	271	223
score_moderate_0.2_0.5	1696	263	221
score_moderate_0.2_0.5	1697	271	222
score_moderate_0.2_0.5	1698	291	240
score_moderate_0.2_0.5	1699	277	230
score_moderate_0.2_0.5	1700	266	225
score_moderate_0.2_0.5	1701	257	214
score_moderate_0.2_0.5	1702	267	227
score_moderate_0.2_0.5	1703	276	228
score_moderate_0.2_0.5	1704	250	209
score_moderate_0.2_0.5	1705	259	219
score_moderate_0.2_0.5	1706	268	226
score_moderate_0.2_0.5	1707	255	214
score_moderate_0.2_0.5	1708	272	225
score_moderate_0.2_0.5	1709	262	214
score_moderate_0.2_0.5	1710	269	224
score_moderate_0.2_0.5	1711	279	222
score_moderate_0.2_0.5	1712	273	219
score_moderate_0.2_0.5	1713	273	225
score_moderate_0.2_0.5	1714	285	237
score_moderate_0.2_0.5	1715	267	223
score_moderate_0.2_0.5	1716	265	218
score_moderate_0.2_0.5	1717	267	223
score_moderate_0.2_0.5	1718	251	214
score_moderate_0.2_0.5	1719	268	224
score_moderate_0.2_0.5	1720	260	210
score_moderate_0.2_0.5	1721	267	222
score_moderate_0.2_0.5	1722	279	235
score_moderate_0.2_0.5	1723	269	215
score_moderate_0.2_0.5	1724	250	207
score_moderate_0.2_0.5	1725	257	205
score_moderate_0.2_0.5	1726	256	203
score_moderate_0.2_0.5	1727	260	220
score_moderate_0.2_0.5	1728	243	199
score_moderate_0.2_0.5	1729	270	224
score_moderate_0.2_0.5	1730	261	212
score_moderate_0.2_0.5	1731	267	221
score_moderate_0.2_0.5	1732	260	215
score_moderate_0.2_0.5	1733	273	223
score_moderate_0.2_0.5	1734	267	219
score_moderate_0.2_0.5	1735	258	212
score_moderate_0.2_0.5	1736	280	234
score_moderate_0.2_0.5	1737	276	228
score_moderate_0.2_0.5	1738	272	224
score_moderate_0.2_0.5	1739	265	222
score_moderate_0.2_0.5	1740	263	219
score_moderate_0.2_0.5	1741	293	247
score_moderate_0.2_0.5	1742	278	231
score_moderate_0.2_0.5	1743	285	230
score_moderate_0.2_0.5	1744	259	216
score_moderate_0.2_0.5	1745	258	212
score_moderate_0.2_0.5	1746	284	224
score_moderate_0.2_0.5	1747	282	232
score_moderate_0.2_0.5	1748	267	219
score_moderate_0.2_0.5	1749	298	244
score_moderate_0.2_0.5	1750	269	219
score_moderate_0.2_0.5	1751	254	212
score_moderate_0.2_0.5	1752	266	223
score_moderate_0.2_0.5	1753	268	220
score_moderate_0.2_0.5	1754	245	199
score_moderate_0.2_0.5	1755	273	222
score_moderate_0.2_0.5	1756	266	223
score_moderate_0.2_0.5	1757	282	230
score_moderate_0.2_0.5	1758	258	221
score_moderate_0.2_0.5	1759	269	220
score_moderate_0.2_0.5	1760	273	225
score_moderate_0.2_0.5	1761	257	213
score_moderate_0.2_0.5	1762	256	212
score_moderate_0.2_0.5	1763	270	217
score_moderate_0.2_0.5	1764	269	221
score_moderate_0.2_0.5	1765	260	214
score_moderate_0.2_0.5	1766	275	221
score_moderate_0.2_0.5	1767	253	213
score_moderate_0.2_0.5	1768	275	213
score_moderate_0.2_0.5	1769	258	220
score_moderate_0.2_0.5	1770	280	226
score_moderate_0.2_0.5	1771	260	215
score_moderate_0.2_0.5	1772	251	212
score_moderate_0.2_0.5	1773	261	215
score_moderate_0.2_0.5	1774	278	226
score_moderate_0.2_0.5	1775	284	226
score_moderate_0.2_0.5	1776	256	212
score_moderate_0.2_0.5	1777	256	209
score_moderate_0.2_0.5	1778	275	225
score_moderate_0.2_0.5	1779	268	228
score_moderate_0.2_0.5	1780	249	209
score_moderate_0.2_0.5	1781	279	226
score_moderate_0.2_0.5	1782	246	210
score_moderate_0.2_0.5	1783	239	205
score_moderate_0.2_0.5	1784	296	249
score_moderate_0.2_0.5	1785	262	218
score_moderate_0.2_0.5	1786	271	219
score_moderate_0.2_0.5	1787	254	211
score_moderate_0.2_0.5	1788	273	231
score_moderate_0.2_0.5	1789	276	222
score_moderate_0.2_0.5	1790	269	218
score_moderate_0.2_0.5	1791	268	222
score_moderate_0.2_0.5	1792	265	215
score_moderate_0.2_0.5	1793	263	212
score_moderate_0.2_0.5	1794	272	223
score_moderate_0.2_0.5	1795	264	212
score_moderate_0.2_0.5	1796	266	221
score_moderate_0.2_0.5	1797	259	212
score_moderate_0.2_0.5	1798	270	225
score_moderate_0.2_0.5	1799	261	226
score_moderate_0.2_0.5	1800	291	241
score_moderate_0.2_0.5	1801	274	232
score_moderate_0.2_0.5	1802	258	213
score_moderate_0.2_0.5	1803	270	226
score_moderate_0.2_0.5	1804	253	204
score_moderate_0.2_0.5	1805	256	208
score_moderate_0.2_0.5	1806	277	221
score_moderate_0.2_0.5	1807	270	226
score_moderate_0.2_0.5	1808	255	217
score_moderate_0.2_0.5	1809	281	229
score_moderate_0.2_0.5	1810	260	217
score_moderate_0.2_0.5	1811	269	221
score_moderate_0.2_0.5	1812	277	231
score_moderate_0.2_0.5	1813	251	206
score_moderate_0.2_0.5	1814	280	230
score_moderate_0.2_0.5	1815	271	226
score_moderate_0.2_0.5	1816	246	199
score_moderate_0.2_0.5	1817	269	222
score_moderate_0.2_0.5	1818	254	216
score_moderate_0.2_0.5	1819	290	238
score_moderate_0.2_0.5	1820	270	219
score_moderate_0.2_0.5	1821	244	201
score_moderate_0.2_0.5	1822	245	194
score_moderate_0.2_0.5	1823	255	213
score_moderate_0.2_0.5	1824	262	218
score_moderate_0.2_0.5	1825	269	216
score_moderate_0.2_0.5	1826	256	202
score_moderate_0.2_0.5	1827	274	227
score_moderate_0.2_0.5	1828	251	209
score_moderate_0.2_0.5	1829	260	218
score_moderate_0.2_0.5	1830	263	208
score_moderate_0.2_0.5	1831	260	217
score_moderate_0.2_0.5	1832	266	216
score_moderate_0.2_0.5	1833	264	218
score_moderate_0.2_0.5	1834	259	217
score_moderate_0.2_0.5	1835	258	221
score_moderate_0.2_0.5	1836	275	225
score_moderate_0.2_0.5	1837	256	209
score_moderate_0.2_0.5	1838	270	214
score_moderate_0.2_0.5	1839	271	224
score_moderate_0.2_0.5	1840	265	223
score_moderate_0.2_0.5	1841	259	217
score_moderate_0.2_0.5	1842	254	211
score_moderate_0.2_0.5	1843	278	224
score_moderate_0.2_0.5	1844	264	215
score_moderate_0.2_0.5	1845	264	220
score_moderate_0.2_0.5	1846	275	229
score_moderate_0.2_0.5	1847	254	213
score_moderate_0.2_0.5	1848	241	199
score_moderate_0.2_0.5	1849	289	235
score_moderate_0.2_0.5	1850	281	228
score_moderate_0.2_0.5	1851	258	218
score_moderate_0.2_0.5	1852	272	225
score_moderate_0.2_0.5	1853	244	202
score_moderate_0.2_0.5	1854	265	219
score_moderate_0.2_0.5	1855	258	209
score_moderate_0.2_0.5	1856	259	214
score_moderate_0.2_0.5	1857	269	225
score_moderate_0.2_0.5	1858	255	212
score_moderate_0.2_0.5	1859	257	217
score_moderate_0.2_0.5	1860	264	216
score_moderate_0.2_0.5	1861	250	210
score_moderate_0.2_0.5	1862	268	223
score_moderate_0.2_0.5	1863	271	228
score_moderate_0.2_0.5	1864	274	228
score_moderate_0.2_0.5	1865	269	214
score_moderate_0.2_0.5	1866	287	240
score_moderate_0.2_0.5	1867	256	205
score_moderate_0.2_0.5	1868	260	212
score_moderate_0.2_0.5	1869	258	210
score_moderate_0.2_0.5	1870	270	225
score_moderate_0.2_0.5	1871	272	225
score_moderate_0.2_0.5	1872	261	219
score_moderate_0.2_0.5	1873	260	219
score_moderate_0.2_0.5	1874	301	246
score_moderate_0.2_0.5	1875	279	234
score_moderate_0.2_0.5	1876	283	233
score_moderate_0.2_0.5	1877	259	199
score_moderate_0.2_0.5	1878	261	210
score_moderate_0.2_0.5	1879	273	227
score_moderate_0.2_0.5	1880	244	196
score_moderate_0.2_0.5	1881	252	203
score_moderate_0.2_0.5	1882	270	222
score_moderate_0.2_0.5	1883	267	227
score_moderate_0.2_0.5	1884	283	237
score_moderate_0.2_0.5	1885	246	206
score_moderate_0.2_0.5	1886	250	207
score_moderate_0.2_0.5	1887	275	220
score_moderate_0.2_0.5	1888	266	223
score_moderate_0.2_0.5	1889	262	213
score_moderate_0.2_0.5	1890	242	207
score_moderate_0.2_0.5	1891	267	222
score_moderate_0.2_0.5	1892	262	213
score_moderate_0.2_0.5	1893	276	236
score_moderate_0.2_0.5	1894	277	230
score_moderate_0.2_0.5	1895	283	230
score_moderate_0.2_0.5	1896	277	224
score_moderate_0.2_0.5	1897	260	209
score_moderate_0.2_0.5	1898	268	215
score_moderate_0.2_0.5	1899	280	240
score_moderate_0.2_0.5	1900	289	238
score_moderate_0.2_0.5	1901	273	227
score_moderate_0.2_0.5	1902	260	222
score_moderate_0.2_0.5	1903	260	219
score_moderate_0.2_0.5	1904	265	214
score_moderate_0.2_0.5	1905	254	205
score_moderate_0.2_0.5	1906	267	224
score_moderate_0.2_0.5	1907	274	226
score_moderate_0.2_0.5	1908	269	217
score_moderate_0.2_0.5	1909	259	210
score_moderate_0.2_0.5	1910	269	212
score_moderate_0.2_0.5	1911	281	233
score_moderate_0.2_0.5	1912	247	202
score_moderate_0.2_0.5	1913	273	230
score_moderate_0.2_0.5	1914	310	251
score_moderate_0.2_0.5	1915	271	226
score_moderate_0.2_0.5	1916	247	207
score_moderate_0.2_0.5	1917	243	202
score_moderate_0.2_0.5	1918	268	221
score_moderate_0.2_0.5	1919	279	235
score_moderate_0.2_0.5	1920	264	217
score_moderate_0.2_0.5	1921	259	220
score_moderate_0.2_0.5	1922	268	219
score_moderate_0.2_0.5	1923	281	233
score_moderate_0.2_0.5	1924	277	232
score_moderate_0.2_0.5	1925	264	220
score_moderate_0.2_0.5	1926	267	215
score_moderate_0.2_0.5	1927	271	223
score_moderate_0.2_0.5	1928	244	203
score_moderate_0.2_0.5	1929	234	197
score_moderate_0.2_0.5	1930	287	235
score_moderate_0.2_0.5	1931	267	226
score_moderate_0.2_0.5	1932	271	218
score_moderate_0.2_0.5	1933	261	214
score_moderate_0.2_0.5	1934	267	228
score_moderate_0.2_0.5	1935	289	236
score_moderate_0.2_0.5	1936	267	221
score_moderate_0.2_0.5	1937	241	199
score_moderate_0.2_0.5	1938	257	212
score_moderate_0.2_0.5	1939	265	220
score_moderate_0.2_0.5	1940	271	220
score_moderate_0.2_0.5	1941	259	212
score_moderate_0.2_0.5	1942	273	229
score_moderate_0.2_0.5	1943	271	226
score_moderate_0.2_0.5	1944	286	235
score_moderate_0.2_0.5	1945	266	221
score_moderate_0.2_0.5	1946	280	224
score_moderate_0.2_0.5	1947	278	231
score_moderate_0.2_0.5	1948	271	232
score_moderate_0.2_0.5	1949	263	220
score_moderate_0.2_0.5	1950	254	210
score_moderate_0.2_0.5	1951	249	212
score_moderate_0.2_0.5	1952	266	217
score_moderate_0.2_0.5	1953	274	226
score_moderate_0.2_0.5	1954	253	211
score_moderate_0.2_0.5	1955	264	214
score_moderate_0.2_0.5	1956	255	212
score_moderate_0.2_0.5	1957	280	237
score_moderate_0.2_0.5	1958	255	215
score_moderate_0.2_0.5	1959	260	216
score_moderate_0.2_0.5	1960	279	227
score_moderate_0.2_0.5	1961	263	225
score_moderate_0.2_0.5	1962	268	221
score_moderate_0.2_0.5	1963	260	216
score_moderate_0.2_0.5	1964	250	205
score_moderate_0.2_0.5	1965	258	222
score_moderate_0.2_0.5	1966	277	228
score_moderate_0.2_0.5	1967	298	244
score_moderate_0.2_0.5	1968	275	229
score_moderate_0.2_0.5	1969	258	209
score_moderate_0.2_0.5	1970	278	229
score_moderate_0.2_0.5	1971	261	213
score_moderate_0.2_0.5	1972	254	201
score_moderate_0.2_0.5	1973	255	218
score_moderate_0.2_0.5	1974	266	214
score_moderate_0.2_0.5	1975	271	226
score_moderate_0.2_0.5	1976	278	231
score_moderate_0.2_0.5	1977	241	208
score_moderate_0.2_0.5	1978	268	219
score_moderate_0.2_0.5	1979	265	217
score_moderate_0.2_0.5	1980	256	217
score_moderate_0.2_0.5	1981	271	219
score_moderate_0.2_0.5	1982	250	207
score_moderate_0.2_0.5	1983	246	201
score_moderate_0.2_0.5	1984	256	207
score_moderate_0.2_0.5	1985	293	237
score_moderate_0.2_0.5	1986	272	223
score_moderate_0.2_0.5	1987	256	221
score_moderate_0.2_0.5	1988	282	227
score_moderate_0.2_0.5	1989	278	229
score_moderate_0.2_0.5	1990	272	227
score_moderate_0.2_0.5	1991	262	219
score_moderate_0.2_0.5	1992	271	224
score_moderate_0.2_0.5	1993	257	208
score_moderate_0.2_0.5	1994	270	228
score_moderate_0.2_0.5	1995	271	226
score_moderate_0.2_0.5	1996	256	208
score_moderate_0.2_0.5	1997	243	199
score_moderate_0.2_0.5	1998	261	221
score_moderate_0.2_0.5	1999	281	225
axis_systemic_non_neural	0	98	85
axis_systemic_non_neural	1	106	90
axis_systemic_non_neural	2	90	79
axis_systemic_non_neural	3	109	94
axis_systemic_non_neural	4	112	98
axis_systemic_non_neural	5	103	92
axis_systemic_non_neural	6	101	87
axis_systemic_non_neural	7	89	81
axis_systemic_non_neural	8	113	99
axis_systemic_non_neural	9	119	105
axis_systemic_non_neural	10	106	95
axis_systemic_non_neural	11	102	87
axis_systemic_non_neural	12	98	85
axis_systemic_non_neural	13	104	86
axis_systemic_non_neural	14	106	90
axis_systemic_non_neural	15	127	113
axis_systemic_non_neural	16	85	79
axis_systemic_non_neural	17	104	94
axis_systemic_non_neural	18	107	96
axis_systemic_non_neural	19	101	93
axis_systemic_non_neural	20	110	99
axis_systemic_non_neural	21	102	88
axis_systemic_non_neural	22	98	87
axis_systemic_non_neural	23	102	85
axis_systemic_non_neural	24	99	88
axis_systemic_non_neural	25	100	90
axis_systemic_non_neural	26	95	87
axis_systemic_non_neural	27	98	85
axis_systemic_non_neural	28	87	75
axis_systemic_non_neural	29	108	96
axis_systemic_non_neural	30	90	78
axis_systemic_non_neural	31	92	80
axis_systemic_non_neural	32	101	89
axis_systemic_non_neural	33	101	91
axis_systemic_non_neural	34	93	83
axis_systemic_non_neural	35	87	76
axis_systemic_non_neural	36	113	104
axis_systemic_non_neural	37	107	97
axis_systemic_non_neural	38	84	73
axis_systemic_non_neural	39	92	84
axis_systemic_non_neural	40	96	85
axis_systemic_non_neural	41	105	90
axis_systemic_non_neural	42	102	88
axis_systemic_non_neural	43	94	83
axis_systemic_non_neural	44	91	79
axis_systemic_non_neural	45	111	97
axis_systemic_non_neural	46	107	92
axis_systemic_non_neural	47	97	88
axis_systemic_non_neural	48	87	76
axis_systemic_non_neural	49	106	96
axis_systemic_non_neural	50	114	103
axis_systemic_non_neural	51	105	97
axis_systemic_non_neural	52	101	87
axis_systemic_non_neural	53	102	88
axis_systemic_non_neural	54	105	92
axis_systemic_non_neural	55	109	95
axis_systemic_non_neural	56	111	94
axis_systemic_non_neural	57	120	107
axis_systemic_non_neural	58	105	92
axis_systemic_non_neural	59	109	96
axis_systemic_non_neural	60	103	85
axis_systemic_non_neural	61	99	84
axis_systemic_non_neural	62	94	79
axis_systemic_non_neural	63	98	87
axis_systemic_non_neural	64	101	87
axis_systemic_non_neural	65	102	92
axis_systemic_non_neural	66	109	97
axis_systemic_non_neural	67	117	100
axis_systemic_non_neural	68	102	86
axis_systemic_non_neural	69	95	86
axis_systemic_non_neural	70	93	84
axis_systemic_non_neural	71	99	88
axis_systemic_non_neural	72	104	88
axis_systemic_non_neural	73	99	89
axis_systemic_non_neural	74	90	80
axis_systemic_non_neural	75	97	83
axis_systemic_non_neural	76	92	83
axis_systemic_non_neural	77	100	89
axis_systemic_non_neural	78	93	85
axis_systemic_non_neural	79	103	91
axis_systemic_non_neural	80	100	90
axis_systemic_non_neural	81	91	79
axis_systemic_non_neural	82	101	91
axis_systemic_non_neural	83	110	98
axis_systemic_non_neural	84	100	89
axis_systemic_non_neural	85	98	83
axis_systemic_non_neural	86	99	89
axis_systemic_non_neural	87	91	82
axis_systemic_non_neural	88	109	95
axis_systemic_non_neural	89	85	74
axis_systemic_non_neural	90	97	87
axis_systemic_non_neural	91	102	88
axis_systemic_non_neural	92	114	100
axis_systemic_non_neural	93	118	107
axis_systemic_non_neural	94	105	90
axis_systemic_non_neural	95	101	89
axis_systemic_non_neural	96	96	85
axis_systemic_non_neural	97	96	86
axis_systemic_non_neural	98	92	84
axis_systemic_non_neural	99	101	90
axis_systemic_non_neural	100	96	87
axis_systemic_non_neural	101	98	88
axis_systemic_non_neural	102	83	73
axis_systemic_non_neural	103	95	85
axis_systemic_non_neural	104	112	95
axis_systemic_non_neural	105	103	93
axis_systemic_non_neural	106	108	95
axis_systemic_non_neural	107	76	68
axis_systemic_non_neural	108	104	91
axis_systemic_non_neural	109	97	85
axis_systemic_non_neural	110	104	89
axis_systemic_non_neural	111	109	95
axis_systemic_non_neural	112	113	99
axis_systemic_non_neural	113	96	89
axis_systemic_non_neural	114	103	93
axis_systemic_non_neural	115	103	90
axis_systemic_non_neural	116	95	82
axis_systemic_non_neural	117	103	94
axis_systemic_non_neural	118	96	88
axis_systemic_non_neural	119	106	95
axis_systemic_non_neural	120	103	95
axis_systemic_non_neural	121	116	104
axis_systemic_non_neural	122	90	80
axis_systemic_non_neural	123	96	80
axis_systemic_non_neural	124	106	94
axis_systemic_non_neural	125	90	81
axis_systemic_non_neural	126	107	94
axis_systemic_non_neural	127	98	87
axis_systemic_non_neural	128	108	95
axis_systemic_non_neural	129	108	94
axis_systemic_non_neural	130	93	84
axis_systemic_non_neural	131	110	96
axis_systemic_non_neural	132	100	88
axis_systemic_non_neural	133	109	93
axis_systemic_non_neural	134	91	83
axis_systemic_non_neural	135	107	91
axis_systemic_non_neural	136	98	91
axis_systemic_non_neural	137	92	82
axis_systemic_non_neural	138	107	92
axis_systemic_non_neural	139	102	93
axis_systemic_non_neural	140	106	91
axis_systemic_non_neural	141	107	93
axis_systemic_non_neural	142	93	81
axis_systemic_non_neural	143	109	99
axis_systemic_non_neural	144	94	84
axis_systemic_non_neural	145	90	81
axis_systemic_non_neural	146	99	91
axis_systemic_non_neural	147	91	77
axis_systemic_non_neural	148	99	87
axis_systemic_non_neural	149	92	82
axis_systemic_non_neural	150	99	84
axis_systemic_non_neural	151	103	94
axis_systemic_non_neural	152	112	100
axis_systemic_non_neural	153	93	81
axis_systemic_non_neural	154	105	94
axis_systemic_non_neural	155	87	80
axis_systemic_non_neural	156	92	79
axis_systemic_non_neural	157	112	101
axis_systemic_non_neural	158	102	95
axis_systemic_non_neural	159	113	101
axis_systemic_non_neural	160	109	97
axis_systemic_non_neural	161	112	97
axis_systemic_non_neural	162	95	79
axis_systemic_non_neural	163	91	81
axis_systemic_non_neural	164	91	82
axis_systemic_non_neural	165	115	103
axis_systemic_non_neural	166	97	84
axis_systemic_non_neural	167	105	90
axis_systemic_non_neural	168	102	88
axis_systemic_non_neural	169	98	87
axis_systemic_non_neural	170	98	89
axis_systemic_non_neural	171	86	77
axis_systemic_non_neural	172	102	91
axis_systemic_non_neural	173	100	89
axis_systemic_non_neural	174	83	74
axis_systemic_non_neural	175	102	85
axis_systemic_non_neural	176	95	83
axis_systemic_non_neural	177	109	98
axis_systemic_non_neural	178	87	78
axis_systemic_non_neural	179	89	80
axis_systemic_non_neural	180	95	80
axis_systemic_non_neural	181	106	97
axis_systemic_non_neural	182	116	105
axis_systemic_non_neural	183	106	99
axis_systemic_non_neural	184	99	89
axis_systemic_non_neural	185	102	89
axis_systemic_non_neural	186	102	87
axis_systemic_non_neural	187	118	104
axis_systemic_non_neural	188	89	77
axis_systemic_non_neural	189	91	79
axis_systemic_non_neural	190	105	89
axis_systemic_non_neural	191	109	95
axis_systemic_non_neural	192	110	102
axis_systemic_non_neural	193	92	84
axis_systemic_non_neural	194	101	87
axis_systemic_non_neural	195	119	103
axis_systemic_non_neural	196	103	85
axis_systemic_non_neural	197	101	91
axis_systemic_non_neural	198	115	96
axis_systemic_non_neural	199	105	93
axis_systemic_non_neural	200	98	89
axis_systemic_non_neural	201	120	104
axis_systemic_non_neural	202	103	91
axis_systemic_non_neural	203	108	91
axis_systemic_non_neural	204	88	77
axis_systemic_non_neural	205	84	77
axis_systemic_non_neural	206	91	80
axis_systemic_non_neural	207	91	82
axis_systemic_non_neural	208	109	100
axis_systemic_non_neural	209	102	91
axis_systemic_non_neural	210	99	84
axis_systemic_non_neural	211	99	90
axis_systemic_non_neural	212	103	91
axis_systemic_non_neural	213	113	94
axis_systemic_non_neural	214	93	87
axis_systemic_non_neural	215	105	95
axis_systemic_non_neural	216	94	85
axis_systemic_non_neural	217	83	71
axis_systemic_non_neural	218	107	95
axis_systemic_non_neural	219	96	81
axis_systemic_non_neural	220	106	95
axis_systemic_non_neural	221	93	86
axis_systemic_non_neural	222	98	86
axis_systemic_non_neural	223	112	98
axis_systemic_non_neural	224	94	83
axis_systemic_non_neural	225	103	93
axis_systemic_non_neural	226	93	75
axis_systemic_non_neural	227	97	84
axis_systemic_non_neural	228	98	87
axis_systemic_non_neural	229	107	97
axis_systemic_non_neural	230	93	82
axis_systemic_non_neural	231	110	98
axis_systemic_non_neural	232	107	94
axis_systemic_non_neural	233	102	92
axis_systemic_non_neural	234	105	92
axis_systemic_non_neural	235	105	97
axis_systemic_non_neural	236	97	87
axis_systemic_non_neural	237	103	90
axis_systemic_non_neural	238	94	84
axis_systemic_non_neural	239	107	94
axis_systemic_non_neural	240	105	98
axis_systemic_non_neural	241	104	91
axis_systemic_non_neural	242	97	86
axis_systemic_non_neural	243	121	109
axis_systemic_non_neural	244	99	89
axis_systemic_non_neural	245	113	97
axis_systemic_non_neural	246	120	103
axis_systemic_non_neural	247	96	85
axis_systemic_non_neural	248	113	96
axis_systemic_non_neural	249	92	87
axis_systemic_non_neural	250	101	87
axis_systemic_non_neural	251	101	91
axis_systemic_non_neural	252	90	77
axis_systemic_non_neural	253	110	96
axis_systemic_non_neural	254	97	88
axis_systemic_non_neural	255	88	77
axis_systemic_non_neural	256	101	88
axis_systemic_non_neural	257	97	84
axis_systemic_non_neural	258	100	90
axis_systemic_non_neural	259	113	101
axis_systemic_non_neural	260	96	86
axis_systemic_non_neural	261	90	80
axis_systemic_non_neural	262	110	98
axis_systemic_non_neural	263	94	86
axis_systemic_non_neural	264	103	94
axis_systemic_non_neural	265	108	94
axis_systemic_non_neural	266	115	103
axis_systemic_non_neural	267	99	87
axis_systemic_non_neural	268	107	90
axis_systemic_non_neural	269	109	96
axis_systemic_non_neural	270	87	80
axis_systemic_non_neural	271	112	103
axis_systemic_non_neural	272	107	91
axis_systemic_non_neural	273	94	83
axis_systemic_non_neural	274	101	88
axis_systemic_non_neural	275	106	90
axis_systemic_non_neural	276	110	98
axis_systemic_non_neural	277	95	87
axis_systemic_non_neural	278	97	87
axis_systemic_non_neural	279	100	89
axis_systemic_non_neural	280	82	76
axis_systemic_non_neural	281	105	91
axis_systemic_non_neural	282	99	89
axis_systemic_non_neural	283	107	92
axis_systemic_non_neural	284	110	99
axis_systemic_non_neural	285	110	96
axis_systemic_non_neural	286	113	97
axis_systemic_non_neural	287	113	102
axis_systemic_non_neural	288	95	86
axis_systemic_non_neural	289	110	92
axis_systemic_non_neural	290	103	86
axis_systemic_non_neural	291	103	91
axis_systemic_non_neural	292	109	96
axis_systemic_non_neural	293	106	93
axis_systemic_non_neural	294	102	88
axis_systemic_non_neural	295	98	86
axis_systemic_non_neural	296	97	87
axis_systemic_non_neural	297	92	79
axis_systemic_non_neural	298	94	85
axis_systemic_non_neural	299	103	90
axis_systemic_non_neural	300	103	95
axis_systemic_non_neural	301	103	94
axis_systemic_non_neural	302	109	93
axis_systemic_non_neural	303	101	89
axis_systemic_non_neural	304	102	84
axis_systemic_non_neural	305	92	83
axis_systemic_non_neural	306	88	76
axis_systemic_non_neural	307	99	91
axis_systemic_non_neural	308	104	92
axis_systemic_non_neural	309	108	93
axis_systemic_non_neural	310	99	89
axis_systemic_non_neural	311	91	82
axis_systemic_non_neural	312	105	89
axis_systemic_non_neural	313	89	79
axis_systemic_non_neural	314	103	90
axis_systemic_non_neural	315	94	80
axis_systemic_non_neural	316	89	76
axis_systemic_non_neural	317	100	85
axis_systemic_non_neural	318	96	84
axis_systemic_non_neural	319	95	89
axis_systemic_non_neural	320	118	105
axis_systemic_non_neural	321	94	84
axis_systemic_non_neural	322	113	100
axis_systemic_non_neural	323	93	81
axis_systemic_non_neural	324	90	77
axis_systemic_non_neural	325	102	94
axis_systemic_non_neural	326	106	98
axis_systemic_non_neural	327	104	91
axis_systemic_non_neural	328	101	92
axis_systemic_non_neural	329	114	101
axis_systemic_non_neural	330	113	100
axis_systemic_non_neural	331	96	85
axis_systemic_non_neural	332	95	82
axis_systemic_non_neural	333	99	86
axis_systemic_non_neural	334	111	93
axis_systemic_non_neural	335	104	90
axis_systemic_non_neural	336	99	86
axis_systemic_non_neural	337	96	82
axis_systemic_non_neural	338	97	86
axis_systemic_non_neural	339	102	90
axis_systemic_non_neural	340	100	86
axis_systemic_non_neural	341	86	74
axis_systemic_non_neural	342	111	99
axis_systemic_non_neural	343	97	85
axis_systemic_non_neural	344	97	86
axis_systemic_non_neural	345	95	82
axis_systemic_non_neural	346	84	72
axis_systemic_non_neural	347	98	84
axis_systemic_non_neural	348	89	82
axis_systemic_non_neural	349	96	86
axis_systemic_non_neural	350	97	86
axis_systemic_non_neural	351	116	97
axis_systemic_non_neural	352	97	89
axis_systemic_non_neural	353	100	89
axis_systemic_non_neural	354	102	88
axis_systemic_non_neural	355	103	91
axis_systemic_non_neural	356	100	89
axis_systemic_non_neural	357	117	102
axis_systemic_non_neural	358	101	92
axis_systemic_non_neural	359	103	92
axis_systemic_non_neural	360	101	87
axis_systemic_non_neural	361	97	84
axis_systemic_non_neural	362	91	81
axis_systemic_non_neural	363	97	88
axis_systemic_non_neural	364	88	79
axis_systemic_non_neural	365	103	87
axis_systemic_non_neural	366	111	101
axis_systemic_non_neural	367	117	103
axis_systemic_non_neural	368	101	86
axis_systemic_non_neural	369	97	88
axis_systemic_non_neural	370	107	95
axis_systemic_non_neural	371	99	89
axis_systemic_non_neural	372	101	91
axis_systemic_non_neural	373	97	88
axis_systemic_non_neural	374	111	100
axis_systemic_non_neural	375	96	84
axis_systemic_non_neural	376	99	91
axis_systemic_non_neural	377	119	106
axis_systemic_non_neural	378	101	89
axis_systemic_non_neural	379	98	89
axis_systemic_non_neural	380	95	83
axis_systemic_non_neural	381	108	95
axis_systemic_non_neural	382	90	78
axis_systemic_non_neural	383	113	98
axis_systemic_non_neural	384	90	86
axis_systemic_non_neural	385	101	89
axis_systemic_non_neural	386	107	98
axis_systemic_non_neural	387	97	89
axis_systemic_non_neural	388	95	86
axis_systemic_non_neural	389	100	93
axis_systemic_non_neural	390	97	84
axis_systemic_non_neural	391	96	85
axis_systemic_non_neural	392	100	87
axis_systemic_non_neural	393	94	84
axis_systemic_non_neural	394	105	92
axis_systemic_non_neural	395	97	88
axis_systemic_non_neural	396	106	92
axis_systemic_non_neural	397	92	83
axis_systemic_non_neural	398	85	78
axis_systemic_non_neural	399	106	90
axis_systemic_non_neural	400	104	93
axis_systemic_non_neural	401	100	92
axis_systemic_non_neural	402	108	100
axis_systemic_non_neural	403	113	98
axis_systemic_non_neural	404	98	88
axis_systemic_non_neural	405	103	88
axis_systemic_non_neural	406	106	90
axis_systemic_non_neural	407	102	87
axis_systemic_non_neural	408	90	80
axis_systemic_non_neural	409	97	87
axis_systemic_non_neural	410	112	102
axis_systemic_non_neural	411	98	83
axis_systemic_non_neural	412	97	84
axis_systemic_non_neural	413	99	82
axis_systemic_non_neural	414	81	73
axis_systemic_non_neural	415	108	96
axis_systemic_non_neural	416	94	87
axis_systemic_non_neural	417	106	99
axis_systemic_non_neural	418	101	93
axis_systemic_non_neural	419	111	98
axis_systemic_non_neural	420	104	94
axis_systemic_non_neural	421	106	91
axis_systemic_non_neural	422	104	90
axis_systemic_non_neural	423	94	84
axis_systemic_non_neural	424	109	97
axis_systemic_non_neural	425	94	79
axis_systemic_non_neural	426	101	92
axis_systemic_non_neural	427	92	81
axis_systemic_non_neural	428	99	89
axis_systemic_non_neural	429	121	105
axis_systemic_non_neural	430	101	87
axis_systemic_non_neural	431	104	93
axis_systemic_non_neural	432	105	89
axis_systemic_non_neural	433	110	96
axis_systemic_non_neural	434	96	78
axis_systemic_non_neural	435	88	75
axis_systemic_non_neural	436	118	103
axis_systemic_non_neural	437	105	93
axis_systemic_non_neural	438	99	84
axis_systemic_non_neural	439	109	94
axis_systemic_non_neural	440	115	98
axis_systemic_non_neural	441	97	92
axis_systemic_non_neural	442	106	94
axis_systemic_non_neural	443	100	90
axis_systemic_non_neural	444	92	83
axis_systemic_non_neural	445	111	96
axis_systemic_non_neural	446	105	91
axis_systemic_non_neural	447	107	92
axis_systemic_non_neural	448	87	78
axis_systemic_non_neural	449	91	81
axis_systemic_non_neural	450	94	82
axis_systemic_non_neural	451	91	82
axis_systemic_non_neural	452	103	91
axis_systemic_non_neural	453	100	92
axis_systemic_non_neural	454	117	97
axis_systemic_non_neural	455	105	90
axis_systemic_non_neural	456	97	85
axis_systemic_non_neural	457	107	87
axis_systemic_non_neural	458	88	78
axis_systemic_non_neural	459	99	91
axis_systemic_non_neural	460	105	95
axis_systemic_non_neural	461	89	74
axis_systemic_non_neural	462	91	83
axis_systemic_non_neural	463	89	75
axis_systemic_non_neural	464	104	91
axis_systemic_non_neural	465	105	99
axis_systemic_non_neural	466	102	86
axis_systemic_non_neural	467	101	87
axis_systemic_non_neural	468	109	96
axis_systemic_non_neural	469	106	89
axis_systemic_non_neural	470	98	85
axis_systemic_non_neural	471	91	80
axis_systemic_non_neural	472	101	86
axis_systemic_non_neural	473	96	85
axis_systemic_non_neural	474	101	87
axis_systemic_non_neural	475	94	83
axis_systemic_non_neural	476	99	86
axis_systemic_non_neural	477	92	84
axis_systemic_non_neural	478	92	80
axis_systemic_non_neural	479	102	94
axis_systemic_non_neural	480	93	83
axis_systemic_non_neural	481	110	96
axis_systemic_non_neural	482	98	89
axis_systemic_non_neural	483	101	87
axis_systemic_non_neural	484	120	104
axis_systemic_non_neural	485	103	85
axis_systemic_non_neural	486	90	84
axis_systemic_non_neural	487	82	73
axis_systemic_non_neural	488	97	83
axis_systemic_non_neural	489	93	84
axis_systemic_non_neural	490	96	83
axis_systemic_non_neural	491	109	97
axis_systemic_non_neural	492	92	82
axis_systemic_non_neural	493	108	96
axis_systemic_non_neural	494	97	92
axis_systemic_non_neural	495	89	78
axis_systemic_non_neural	496	107	92
axis_systemic_non_neural	497	101	86
axis_systemic_non_neural	498	101	88
axis_systemic_non_neural	499	106	92
axis_systemic_non_neural	500	85	73
axis_systemic_non_neural	501	101	89
axis_systemic_non_neural	502	104	94
axis_systemic_non_neural	503	90	79
axis_systemic_non_neural	504	105	93
axis_systemic_non_neural	505	100	90
axis_systemic_non_neural	506	98	84
axis_systemic_non_neural	507	99	91
axis_systemic_non_neural	508	95	83
axis_systemic_non_neural	509	98	82
axis_systemic_non_neural	510	122	103
axis_systemic_non_neural	511	101	95
axis_systemic_non_neural	512	93	81
axis_systemic_non_neural	513	106	93
axis_systemic_non_neural	514	105	92
axis_systemic_non_neural	515	100	89
axis_systemic_non_neural	516	116	104
axis_systemic_non_neural	517	88	78
axis_systemic_non_neural	518	106	93
axis_systemic_non_neural	519	93	81
axis_systemic_non_neural	520	101	87
axis_systemic_non_neural	521	102	93
axis_systemic_non_neural	522	103	95
axis_systemic_non_neural	523	93	80
axis_systemic_non_neural	524	97	87
axis_systemic_non_neural	525	119	101
axis_systemic_non_neural	526	97	87
axis_systemic_non_neural	527	95	83
axis_systemic_non_neural	528	95	85
axis_systemic_non_neural	529	86	78
axis_systemic_non_neural	530	99	85
axis_systemic_non_neural	531	100	91
axis_systemic_non_neural	532	92	79
axis_systemic_non_neural	533	96	84
axis_systemic_non_neural	534	106	92
axis_systemic_non_neural	535	95	84
axis_systemic_non_neural	536	100	87
axis_systemic_non_neural	537	89	80
axis_systemic_non_neural	538	90	79
axis_systemic_non_neural	539	91	82
axis_systemic_non_neural	540	93	79
axis_systemic_non_neural	541	93	81
axis_systemic_non_neural	542	96	83
axis_systemic_non_neural	543	117	101
axis_systemic_non_neural	544	105	90
axis_systemic_non_neural	545	118	102
axis_systemic_non_neural	546	118	94
axis_systemic_non_neural	547	99	83
axis_systemic_non_neural	548	104	86
axis_systemic_non_neural	549	97	85
axis_systemic_non_neural	550	101	86
axis_systemic_non_neural	551	93	81
axis_systemic_non_neural	552	94	82
axis_systemic_non_neural	553	101	90
axis_systemic_non_neural	554	86	82
axis_systemic_non_neural	555	104	93
axis_systemic_non_neural	556	87	79
axis_systemic_non_neural	557	93	83
axis_systemic_non_neural	558	90	82
axis_systemic_non_neural	559	107	94
axis_systemic_non_neural	560	90	83
axis_systemic_non_neural	561	93	82
axis_systemic_non_neural	562	111	99
axis_systemic_non_neural	563	101	89
axis_systemic_non_neural	564	98	90
axis_systemic_non_neural	565	96	87
axis_systemic_non_neural	566	95	81
axis_systemic_non_neural	567	87	74
axis_systemic_non_neural	568	105	92
axis_systemic_non_neural	569	87	80
axis_systemic_non_neural	570	117	101
axis_systemic_non_neural	571	98	84
axis_systemic_non_neural	572	98	87
axis_systemic_non_neural	573	110	97
axis_systemic_non_neural	574	120	103
axis_systemic_non_neural	575	115	104
axis_systemic_non_neural	576	105	95
axis_systemic_non_neural	577	114	103
axis_systemic_non_neural	578	89	79
axis_systemic_non_neural	579	99	86
axis_systemic_non_neural	580	98	89
axis_systemic_non_neural	581	102	87
axis_systemic_non_neural	582	100	95
axis_systemic_non_neural	583	111	93
axis_systemic_non_neural	584	92	77
axis_systemic_non_neural	585	105	90
axis_systemic_non_neural	586	102	93
axis_systemic_non_neural	587	105	94
axis_systemic_non_neural	588	116	97
axis_systemic_non_neural	589	100	85
axis_systemic_non_neural	590	106	92
axis_systemic_non_neural	591	117	105
axis_systemic_non_neural	592	106	95
axis_systemic_non_neural	593	83	76
axis_systemic_non_neural	594	114	97
axis_systemic_non_neural	595	97	89
axis_systemic_non_neural	596	115	103
axis_systemic_non_neural	597	118	103
axis_systemic_non_neural	598	96	86
axis_systemic_non_neural	599	99	87
axis_systemic_non_neural	600	94	80
axis_systemic_non_neural	601	102	88
axis_systemic_non_neural	602	97	84
axis_systemic_non_neural	603	83	71
axis_systemic_non_neural	604	112	100
axis_systemic_non_neural	605	109	96
axis_systemic_non_neural	606	104	87
axis_systemic_non_neural	607	93	81
axis_systemic_non_neural	608	98	89
axis_systemic_non_neural	609	106	89
axis_systemic_non_neural	610	112	99
axis_systemic_non_neural	611	101	85
axis_systemic_non_neural	612	90	84
axis_systemic_non_neural	613	85	74
axis_systemic_non_neural	614	116	102
axis_systemic_non_neural	615	99	89
axis_systemic_non_neural	616	109	97
axis_systemic_non_neural	617	87	77
axis_systemic_non_neural	618	100	85
axis_systemic_non_neural	619	87	76
axis_systemic_non_neural	620	91	81
axis_systemic_non_neural	621	99	89
axis_systemic_non_neural	622	95	85
axis_systemic_non_neural	623	99	91
axis_systemic_non_neural	624	91	80
axis_systemic_non_neural	625	109	98
axis_systemic_non_neural	626	106	94
axis_systemic_non_neural	627	86	75
axis_systemic_non_neural	628	90	83
axis_systemic_non_neural	629	95	79
axis_systemic_non_neural	630	87	75
axis_systemic_non_neural	631	100	94
axis_systemic_non_neural	632	94	81
axis_systemic_non_neural	633	98	88
axis_systemic_non_neural	634	81	73
axis_systemic_non_neural	635	100	87
axis_systemic_non_neural	636	99	82
axis_systemic_non_neural	637	109	95
axis_systemic_non_neural	638	104	96
axis_systemic_non_neural	639	101	89
axis_systemic_non_neural	640	109	97
axis_systemic_non_neural	641	107	96
axis_systemic_non_neural	642	92	83
axis_systemic_non_neural	643	86	73
axis_systemic_non_neural	644	97	83
axis_systemic_non_neural	645	102	91
axis_systemic_non_neural	646	100	88
axis_systemic_non_neural	647	107	93
axis_systemic_non_neural	648	93	83
axis_systemic_non_neural	649	93	82
axis_systemic_non_neural	650	107	93
axis_systemic_non_neural	651	89	79
axis_systemic_non_neural	652	89	81
axis_systemic_non_neural	653	104	93
axis_systemic_non_neural	654	105	92
axis_systemic_non_neural	655	109	91
axis_systemic_non_neural	656	112	101
axis_systemic_non_neural	657	102	90
axis_systemic_non_neural	658	89	77
axis_systemic_non_neural	659	96	85
axis_systemic_non_neural	660	117	96
axis_systemic_non_neural	661	105	89
axis_systemic_non_neural	662	94	82
axis_systemic_non_neural	663	94	83
axis_systemic_non_neural	664	111	96
axis_systemic_non_neural	665	108	94
axis_systemic_non_neural	666	108	96
axis_systemic_non_neural	667	89	79
axis_systemic_non_neural	668	99	89
axis_systemic_non_neural	669	107	92
axis_systemic_non_neural	670	91	79
axis_systemic_non_neural	671	119	99
axis_systemic_non_neural	672	113	101
axis_systemic_non_neural	673	96	87
axis_systemic_non_neural	674	87	79
axis_systemic_non_neural	675	98	87
axis_systemic_non_neural	676	97	85
axis_systemic_non_neural	677	98	84
axis_systemic_non_neural	678	117	105
axis_systemic_non_neural	679	104	91
axis_systemic_non_neural	680	115	99
axis_systemic_non_neural	681	92	81
axis_systemic_non_neural	682	91	76
axis_systemic_non_neural	683	99	91
axis_systemic_non_neural	684	100	89
axis_systemic_non_neural	685	95	86
axis_systemic_non_neural	686	96	85
axis_systemic_non_neural	687	121	107
axis_systemic_non_neural	688	114	98
axis_systemic_non_neural	689	93	80
axis_systemic_non_neural	690	115	97
axis_systemic_non_neural	691	89	78
axis_systemic_non_neural	692	103	89
axis_systemic_non_neural	693	92	83
axis_systemic_non_neural	694	95	83
axis_systemic_non_neural	695	90	81
axis_systemic_non_neural	696	92	84
axis_systemic_non_neural	697	103	92
axis_systemic_non_neural	698	101	89
axis_systemic_non_neural	699	99	91
axis_systemic_non_neural	700	106	88
axis_systemic_non_neural	701	91	81
axis_systemic_non_neural	702	98	86
axis_systemic_non_neural	703	97	85
axis_systemic_non_neural	704	101	88
axis_systemic_non_neural	705	103	92
axis_systemic_non_neural	706	112	98
axis_systemic_non_neural	707	99	89
axis_systemic_non_neural	708	108	97
axis_systemic_non_neural	709	104	93
axis_systemic_non_neural	710	90	78
axis_systemic_non_neural	711	95	82
axis_systemic_non_neural	712	119	99
axis_systemic_non_neural	713	114	98
axis_systemic_non_neural	714	106	94
axis_systemic_non_neural	715	106	94
axis_systemic_non_neural	716	99	84
axis_systemic_non_neural	717	106	93
axis_systemic_non_neural	718	112	94
axis_systemic_non_neural	719	111	95
axis_systemic_non_neural	720	96	88
axis_systemic_non_neural	721	109	96
axis_systemic_non_neural	722	98	89
axis_systemic_non_neural	723	96	86
axis_systemic_non_neural	724	93	77
axis_systemic_non_neural	725	99	89
axis_systemic_non_neural	726	99	87
axis_systemic_non_neural	727	101	87
axis_systemic_non_neural	728	100	90
axis_systemic_non_neural	729	103	90
axis_systemic_non_neural	730	101	89
axis_systemic_non_neural	731	109	92
axis_systemic_non_neural	732	96	83
axis_systemic_non_neural	733	111	95
axis_systemic_non_neural	734	100	88
axis_systemic_non_neural	735	96	86
axis_systemic_non_neural	736	120	103
axis_systemic_non_neural	737	99	89
axis_systemic_non_neural	738	116	102
axis_systemic_non_neural	739	94	85
axis_systemic_non_neural	740	103	92
axis_systemic_non_neural	741	109	92
axis_systemic_non_neural	742	115	105
axis_systemic_non_neural	743	97	90
axis_systemic_non_neural	744	89	81
axis_systemic_non_neural	745	96	82
axis_systemic_non_neural	746	94	87
axis_systemic_non_neural	747	109	91
axis_systemic_non_neural	748	109	93
axis_systemic_non_neural	749	98	83
axis_systemic_non_neural	750	95	82
axis_systemic_non_neural	751	109	94
axis_systemic_non_neural	752	100	91
axis_systemic_non_neural	753	98	88
axis_systemic_non_neural	754	91	80
axis_systemic_non_neural	755	95	85
axis_systemic_non_neural	756	96	81
axis_systemic_non_neural	757	101	83
axis_systemic_non_neural	758	101	92
axis_systemic_non_neural	759	92	80
axis_systemic_non_neural	760	102	89
axis_systemic_non_neural	761	103	88
axis_systemic_non_neural	762	105	94
axis_systemic_non_neural	763	103	92
axis_systemic_non_neural	764	109	95
axis_systemic_non_neural	765	102	87
axis_systemic_non_neural	766	101	88
axis_systemic_non_neural	767	103	88
axis_systemic_non_neural	768	102	88
axis_systemic_non_neural	769	104	93
axis_systemic_non_neural	770	97	88
axis_systemic_non_neural	771	97	88
axis_systemic_non_neural	772	99	89
axis_systemic_non_neural	773	87	77
axis_systemic_non_neural	774	95	89
axis_systemic_non_neural	775	113	103
axis_systemic_non_neural	776	106	92
axis_systemic_non_neural	777	100	86
axis_systemic_non_neural	778	107	93
axis_systemic_non_neural	779	102	89
axis_systemic_non_neural	780	109	97
axis_systemic_non_neural	781	99	87
axis_systemic_non_neural	782	91	83
axis_systemic_non_neural	783	99	86
axis_systemic_non_neural	784	118	105
axis_systemic_non_neural	785	91	80
axis_systemic_non_neural	786	114	101
axis_systemic_non_neural	787	104	93
axis_systemic_non_neural	788	95	87
axis_systemic_non_neural	789	99	89
axis_systemic_non_neural	790	101	90
axis_systemic_non_neural	791	95	84
axis_systemic_non_neural	792	87	73
axis_systemic_non_neural	793	106	97
axis_systemic_non_neural	794	105	91
axis_systemic_non_neural	795	116	99
axis_systemic_non_neural	796	105	93
axis_systemic_non_neural	797	91	81
axis_systemic_non_neural	798	100	88
axis_systemic_non_neural	799	85	75
axis_systemic_non_neural	800	110	97
axis_systemic_non_neural	801	108	94
axis_systemic_non_neural	802	104	91
axis_systemic_non_neural	803	107	96
axis_systemic_non_neural	804	88	75
axis_systemic_non_neural	805	87	80
axis_systemic_non_neural	806	102	94
axis_systemic_non_neural	807	102	90
axis_systemic_non_neural	808	101	94
axis_systemic_non_neural	809	103	93
axis_systemic_non_neural	810	110	94
axis_systemic_non_neural	811	93	82
axis_systemic_non_neural	812	105	94
axis_systemic_non_neural	813	106	93
axis_systemic_non_neural	814	95	85
axis_systemic_non_neural	815	104	93
axis_systemic_non_neural	816	103	88
axis_systemic_non_neural	817	102	94
axis_systemic_non_neural	818	93	84
axis_systemic_non_neural	819	103	92
axis_systemic_non_neural	820	95	83
axis_systemic_non_neural	821	87	77
axis_systemic_non_neural	822	103	89
axis_systemic_non_neural	823	113	101
axis_systemic_non_neural	824	92	82
axis_systemic_non_neural	825	113	99
axis_systemic_non_neural	826	114	106
axis_systemic_non_neural	827	91	80
axis_systemic_non_neural	828	99	84
axis_systemic_non_neural	829	111	98
axis_systemic_non_neural	830	111	100
axis_systemic_non_neural	831	84	79
axis_systemic_non_neural	832	80	69
axis_systemic_non_neural	833	101	94
axis_systemic_non_neural	834	89	79
axis_systemic_non_neural	835	104	89
axis_systemic_non_neural	836	96	87
axis_systemic_non_neural	837	96	88
axis_systemic_non_neural	838	97	84
axis_systemic_non_neural	839	106	92
axis_systemic_non_neural	840	114	102
axis_systemic_non_neural	841	83	77
axis_systemic_non_neural	842	109	96
axis_systemic_non_neural	843	95	79
axis_systemic_non_neural	844	115	102
axis_systemic_non_neural	845	94	81
axis_systemic_non_neural	846	102	91
axis_systemic_non_neural	847	92	80
axis_systemic_non_neural	848	99	85
axis_systemic_non_neural	849	106	93
axis_systemic_non_neural	850	88	84
axis_systemic_non_neural	851	106	93
axis_systemic_non_neural	852	111	99
axis_systemic_non_neural	853	105	89
axis_systemic_non_neural	854	85	74
axis_systemic_non_neural	855	101	92
axis_systemic_non_neural	856	107	92
axis_systemic_non_neural	857	104	89
axis_systemic_non_neural	858	99	86
axis_systemic_non_neural	859	116	100
axis_systemic_non_neural	860	112	97
axis_systemic_non_neural	861	104	88
axis_systemic_non_neural	862	111	94
axis_systemic_non_neural	863	90	77
axis_systemic_non_neural	864	92	84
axis_systemic_non_neural	865	93	84
axis_systemic_non_neural	866	97	84
axis_systemic_non_neural	867	93	84
axis_systemic_non_neural	868	105	93
axis_systemic_non_neural	869	104	95
axis_systemic_non_neural	870	115	103
axis_systemic_non_neural	871	104	91
axis_systemic_non_neural	872	100	91
axis_systemic_non_neural	873	96	81
axis_systemic_non_neural	874	90	81
axis_systemic_non_neural	875	95	81
axis_systemic_non_neural	876	109	95
axis_systemic_non_neural	877	94	85
axis_systemic_non_neural	878	106	94
axis_systemic_non_neural	879	103	88
axis_systemic_non_neural	880	97	82
axis_systemic_non_neural	881	109	95
axis_systemic_non_neural	882	96	83
axis_systemic_non_neural	883	92	80
axis_systemic_non_neural	884	100	88
axis_systemic_non_neural	885	102	91
axis_systemic_non_neural	886	96	89
axis_systemic_non_neural	887	98	88
axis_systemic_non_neural	888	94	84
axis_systemic_non_neural	889	91	82
axis_systemic_non_neural	890	109	98
axis_systemic_non_neural	891	107	93
axis_systemic_non_neural	892	99	91
axis_systemic_non_neural	893	98	85
axis_systemic_non_neural	894	98	85
axis_systemic_non_neural	895	98	86
axis_systemic_non_neural	896	106	93
axis_systemic_non_neural	897	95	84
axis_systemic_non_neural	898	97	90
axis_systemic_non_neural	899	98	85
axis_systemic_non_neural	900	104	90
axis_systemic_non_neural	901	98	87
axis_systemic_non_neural	902	98	84
axis_systemic_non_neural	903	105	94
axis_systemic_non_neural	904	106	96
axis_systemic_non_neural	905	115	102
axis_systemic_non_neural	906	95	91
axis_systemic_non_neural	907	97	84
axis_systemic_non_neural	908	106	94
axis_systemic_non_neural	909	93	81
axis_systemic_non_neural	910	94	83
axis_systemic_non_neural	911	108	98
axis_systemic_non_neural	912	104	92
axis_systemic_non_neural	913	102	84
axis_systemic_non_neural	914	96	88
axis_systemic_non_neural	915	88	80
axis_systemic_non_neural	916	92	79
axis_systemic_non_neural	917	125	117
axis_systemic_non_neural	918	101	86
axis_systemic_non_neural	919	98	85
axis_systemic_non_neural	920	96	85
axis_systemic_non_neural	921	96	87
axis_systemic_non_neural	922	98	89
axis_systemic_non_neural	923	110	97
axis_systemic_non_neural	924	85	73
axis_systemic_non_neural	925	97	86
axis_systemic_non_neural	926	107	96
axis_systemic_non_neural	927	106	90
axis_systemic_non_neural	928	108	96
axis_systemic_non_neural	929	101	92
axis_systemic_non_neural	930	94	89
axis_systemic_non_neural	931	113	97
axis_systemic_non_neural	932	108	92
axis_systemic_non_neural	933	118	105
axis_systemic_non_neural	934	92	80
axis_systemic_non_neural	935	95	86
axis_systemic_non_neural	936	98	87
axis_systemic_non_neural	937	99	86
axis_systemic_non_neural	938	101	92
axis_systemic_non_neural	939	102	91
axis_systemic_non_neural	940	100	89
axis_systemic_non_neural	941	105	93
axis_systemic_non_neural	942	96	88
axis_systemic_non_neural	943	93	83
axis_systemic_non_neural	944	109	91
axis_systemic_non_neural	945	96	85
axis_systemic_non_neural	946	82	72
axis_systemic_non_neural	947	96	91
axis_systemic_non_neural	948	95	84
axis_systemic_non_neural	949	120	108
axis_systemic_non_neural	950	97	84
axis_systemic_non_neural	951	104	94
axis_systemic_non_neural	952	111	92
axis_systemic_non_neural	953	111	98
axis_systemic_non_neural	954	92	81
axis_systemic_non_neural	955	93	79
axis_systemic_non_neural	956	106	92
axis_systemic_non_neural	957	103	87
axis_systemic_non_neural	958	96	86
axis_systemic_non_neural	959	92	85
axis_systemic_non_neural	960	89	84
axis_systemic_non_neural	961	101	89
axis_systemic_non_neural	962	111	97
axis_systemic_non_neural	963	103	89
axis_systemic_non_neural	964	95	89
axis_systemic_non_neural	965	96	86
axis_systemic_non_neural	966	85	77
axis_systemic_non_neural	967	98	91
axis_systemic_non_neural	968	99	87
axis_systemic_non_neural	969	96	83
axis_systemic_non_neural	970	85	77
axis_systemic_non_neural	971	100	88
axis_systemic_non_neural	972	91	74
axis_systemic_non_neural	973	102	93
axis_systemic_non_neural	974	108	95
axis_systemic_non_neural	975	103	90
axis_systemic_non_neural	976	107	95
axis_systemic_non_neural	977	113	92
axis_systemic_non_neural	978	101	85
axis_systemic_non_neural	979	113	102
axis_systemic_non_neural	980	102	91
axis_systemic_non_neural	981	122	106
axis_systemic_non_neural	982	101	93
axis_systemic_non_neural	983	99	88
axis_systemic_non_neural	984	100	91
axis_systemic_non_neural	985	102	91
axis_systemic_non_neural	986	106	92
axis_systemic_non_neural	987	108	97
axis_systemic_non_neural	988	96	84
axis_systemic_non_neural	989	107	96
axis_systemic_non_neural	990	104	96
axis_systemic_non_neural	991	99	90
axis_systemic_non_neural	992	109	92
axis_systemic_non_neural	993	96	85
axis_systemic_non_neural	994	104	92
axis_systemic_non_neural	995	108	96
axis_systemic_non_neural	996	97	89
axis_systemic_non_neural	997	98	86
axis_systemic_non_neural	998	90	81
axis_systemic_non_neural	999	94	80
axis_systemic_non_neural	1000	114	97
axis_systemic_non_neural	1001	103	96
axis_systemic_non_neural	1002	90	83
axis_systemic_non_neural	1003	112	95
axis_systemic_non_neural	1004	96	85
axis_systemic_non_neural	1005	101	86
axis_systemic_non_neural	1006	94	84
axis_systemic_non_neural	1007	98	83
axis_systemic_non_neural	1008	104	92
axis_systemic_non_neural	1009	100	91
axis_systemic_non_neural	1010	93	85
axis_systemic_non_neural	1011	95	86
axis_systemic_non_neural	1012	113	100
axis_systemic_non_neural	1013	101	95
axis_systemic_non_neural	1014	92	83
axis_systemic_non_neural	1015	103	89
axis_systemic_non_neural	1016	109	98
axis_systemic_non_neural	1017	98	88
axis_systemic_non_neural	1018	104	93
axis_systemic_non_neural	1019	100	90
axis_systemic_non_neural	1020	93	82
axis_systemic_non_neural	1021	102	91
axis_systemic_non_neural	1022	123	109
axis_systemic_non_neural	1023	100	91
axis_systemic_non_neural	1024	88	80
axis_systemic_non_neural	1025	92	82
axis_systemic_non_neural	1026	104	93
axis_systemic_non_neural	1027	103	91
axis_systemic_non_neural	1028	101	88
axis_systemic_non_neural	1029	96	85
axis_systemic_non_neural	1030	112	102
axis_systemic_non_neural	1031	88	80
axis_systemic_non_neural	1032	105	95
axis_systemic_non_neural	1033	97	87
axis_systemic_non_neural	1034	110	97
axis_systemic_non_neural	1035	97	89
axis_systemic_non_neural	1036	96	81
axis_systemic_non_neural	1037	98	85
axis_systemic_non_neural	1038	112	100
axis_systemic_non_neural	1039	95	85
axis_systemic_non_neural	1040	97	89
axis_systemic_non_neural	1041	96	86
axis_systemic_non_neural	1042	101	88
axis_systemic_non_neural	1043	97	88
axis_systemic_non_neural	1044	108	95
axis_systemic_non_neural	1045	93	81
axis_systemic_non_neural	1046	80	72
axis_systemic_non_neural	1047	98	86
axis_systemic_non_neural	1048	103	91
axis_systemic_non_neural	1049	92	80
axis_systemic_non_neural	1050	101	91
axis_systemic_non_neural	1051	94	86
axis_systemic_non_neural	1052	86	74
axis_systemic_non_neural	1053	105	88
axis_systemic_non_neural	1054	87	76
axis_systemic_non_neural	1055	101	90
axis_systemic_non_neural	1056	108	94
axis_systemic_non_neural	1057	94	80
axis_systemic_non_neural	1058	98	88
axis_systemic_non_neural	1059	92	84
axis_systemic_non_neural	1060	106	92
axis_systemic_non_neural	1061	98	83
axis_systemic_non_neural	1062	106	93
axis_systemic_non_neural	1063	110	100
axis_systemic_non_neural	1064	105	94
axis_systemic_non_neural	1065	105	93
axis_systemic_non_neural	1066	97	86
axis_systemic_non_neural	1067	111	96
axis_systemic_non_neural	1068	100	89
axis_systemic_non_neural	1069	97	90
axis_systemic_non_neural	1070	95	83
axis_systemic_non_neural	1071	95	81
axis_systemic_non_neural	1072	107	94
axis_systemic_non_neural	1073	98	91
axis_systemic_non_neural	1074	116	103
axis_systemic_non_neural	1075	106	88
axis_systemic_non_neural	1076	106	94
axis_systemic_non_neural	1077	93	84
axis_systemic_non_neural	1078	97	90
axis_systemic_non_neural	1079	98	88
axis_systemic_non_neural	1080	96	85
axis_systemic_non_neural	1081	116	98
axis_systemic_non_neural	1082	115	96
axis_systemic_non_neural	1083	122	107
axis_systemic_non_neural	1084	104	91
axis_systemic_non_neural	1085	106	92
axis_systemic_non_neural	1086	94	86
axis_systemic_non_neural	1087	107	93
axis_systemic_non_neural	1088	94	83
axis_systemic_non_neural	1089	107	90
axis_systemic_non_neural	1090	97	83
axis_systemic_non_neural	1091	92	82
axis_systemic_non_neural	1092	107	95
axis_systemic_non_neural	1093	98	85
axis_systemic_non_neural	1094	95	84
axis_systemic_non_neural	1095	99	89
axis_systemic_non_neural	1096	100	90
axis_systemic_non_neural	1097	95	86
axis_systemic_non_neural	1098	104	89
axis_systemic_non_neural	1099	101	91
axis_systemic_non_neural	1100	94	82
axis_systemic_non_neural	1101	103	92
axis_systemic_non_neural	1102	100	91
axis_systemic_non_neural	1103	97	89
axis_systemic_non_neural	1104	105	92
axis_systemic_non_neural	1105	95	84
axis_systemic_non_neural	1106	87	78
axis_systemic_non_neural	1107	99	90
axis_systemic_non_neural	1108	120	100
axis_systemic_non_neural	1109	112	93
axis_systemic_non_neural	1110	94	84
axis_systemic_non_neural	1111	91	86
axis_systemic_non_neural	1112	103	86
axis_systemic_non_neural	1113	98	89
axis_systemic_non_neural	1114	93	84
axis_systemic_non_neural	1115	85	75
axis_systemic_non_neural	1116	88	78
axis_systemic_non_neural	1117	105	94
axis_systemic_non_neural	1118	100	85
axis_systemic_non_neural	1119	106	93
axis_systemic_non_neural	1120	97	86
axis_systemic_non_neural	1121	118	103
axis_systemic_non_neural	1122	100	92
axis_systemic_non_neural	1123	105	91
axis_systemic_non_neural	1124	115	102
axis_systemic_non_neural	1125	104	89
axis_systemic_non_neural	1126	94	83
axis_systemic_non_neural	1127	89	77
axis_systemic_non_neural	1128	82	70
axis_systemic_non_neural	1129	100	87
axis_systemic_non_neural	1130	99	90
axis_systemic_non_neural	1131	105	91
axis_systemic_non_neural	1132	97	87
axis_systemic_non_neural	1133	99	91
axis_systemic_non_neural	1134	99	87
axis_systemic_non_neural	1135	118	105
axis_systemic_non_neural	1136	91	82
axis_systemic_non_neural	1137	86	75
axis_systemic_non_neural	1138	104	91
axis_systemic_non_neural	1139	97	86
axis_systemic_non_neural	1140	103	94
axis_systemic_non_neural	1141	111	99
axis_systemic_non_neural	1142	95	85
axis_systemic_non_neural	1143	99	90
axis_systemic_non_neural	1144	104	91
axis_systemic_non_neural	1145	113	102
axis_systemic_non_neural	1146	103	89
axis_systemic_non_neural	1147	103	96
axis_systemic_non_neural	1148	99	93
axis_systemic_non_neural	1149	107	89
axis_systemic_non_neural	1150	91	86
axis_systemic_non_neural	1151	93	81
axis_systemic_non_neural	1152	98	86
axis_systemic_non_neural	1153	97	86
axis_systemic_non_neural	1154	106	95
axis_systemic_non_neural	1155	109	95
axis_systemic_non_neural	1156	108	93
axis_systemic_non_neural	1157	103	86
axis_systemic_non_neural	1158	92	83
axis_systemic_non_neural	1159	90	78
axis_systemic_non_neural	1160	101	91
axis_systemic_non_neural	1161	91	79
axis_systemic_non_neural	1162	94	85
axis_systemic_non_neural	1163	103	91
axis_systemic_non_neural	1164	98	87
axis_systemic_non_neural	1165	106	94
axis_systemic_non_neural	1166	101	88
axis_systemic_non_neural	1167	116	107
axis_systemic_non_neural	1168	97	85
axis_systemic_non_neural	1169	90	82
axis_systemic_non_neural	1170	90	81
axis_systemic_non_neural	1171	98	89
axis_systemic_non_neural	1172	113	100
axis_systemic_non_neural	1173	90	78
axis_systemic_non_neural	1174	100	92
axis_systemic_non_neural	1175	97	83
axis_systemic_non_neural	1176	111	101
axis_systemic_non_neural	1177	101	88
axis_systemic_non_neural	1178	105	93
axis_systemic_non_neural	1179	108	93
axis_systemic_non_neural	1180	99	89
axis_systemic_non_neural	1181	112	99
axis_systemic_non_neural	1182	104	91
axis_systemic_non_neural	1183	96	85
axis_systemic_non_neural	1184	114	102
axis_systemic_non_neural	1185	98	91
axis_systemic_non_neural	1186	109	94
axis_systemic_non_neural	1187	91	81
axis_systemic_non_neural	1188	118	104
axis_systemic_non_neural	1189	108	92
axis_systemic_non_neural	1190	117	107
axis_systemic_non_neural	1191	101	90
axis_systemic_non_neural	1192	97	83
axis_systemic_non_neural	1193	111	100
axis_systemic_non_neural	1194	100	89
axis_systemic_non_neural	1195	91	84
axis_systemic_non_neural	1196	83	72
axis_systemic_non_neural	1197	101	84
axis_systemic_non_neural	1198	84	77
axis_systemic_non_neural	1199	93	83
axis_systemic_non_neural	1200	110	97
axis_systemic_non_neural	1201	107	94
axis_systemic_non_neural	1202	117	104
axis_systemic_non_neural	1203	107	94
axis_systemic_non_neural	1204	105	91
axis_systemic_non_neural	1205	94	87
axis_systemic_non_neural	1206	97	83
axis_systemic_non_neural	1207	118	103
axis_systemic_non_neural	1208	101	86
axis_systemic_non_neural	1209	96	88
axis_systemic_non_neural	1210	107	98
axis_systemic_non_neural	1211	107	94
axis_systemic_non_neural	1212	93	86
axis_systemic_non_neural	1213	95	88
axis_systemic_non_neural	1214	91	85
axis_systemic_non_neural	1215	101	87
axis_systemic_non_neural	1216	78	72
axis_systemic_non_neural	1217	92	81
axis_systemic_non_neural	1218	89	80
axis_systemic_non_neural	1219	96	87
axis_systemic_non_neural	1220	124	109
axis_systemic_non_neural	1221	100	90
axis_systemic_non_neural	1222	118	103
axis_systemic_non_neural	1223	95	82
axis_systemic_non_neural	1224	109	96
axis_systemic_non_neural	1225	100	90
axis_systemic_non_neural	1226	105	91
axis_systemic_non_neural	1227	100	89
axis_systemic_non_neural	1228	109	92
axis_systemic_non_neural	1229	98	85
axis_systemic_non_neural	1230	99	86
axis_systemic_non_neural	1231	107	92
axis_systemic_non_neural	1232	87	74
axis_systemic_non_neural	1233	104	91
axis_systemic_non_neural	1234	98	91
axis_systemic_non_neural	1235	104	95
axis_systemic_non_neural	1236	115	94
axis_systemic_non_neural	1237	103	90
axis_systemic_non_neural	1238	89	71
axis_systemic_non_neural	1239	110	96
axis_systemic_non_neural	1240	104	92
axis_systemic_non_neural	1241	109	95
axis_systemic_non_neural	1242	99	88
axis_systemic_non_neural	1243	81	73
axis_systemic_non_neural	1244	107	95
axis_systemic_non_neural	1245	103	89
axis_systemic_non_neural	1246	103	87
axis_systemic_non_neural	1247	122	109
axis_systemic_non_neural	1248	103	93
axis_systemic_non_neural	1249	110	96
axis_systemic_non_neural	1250	111	97
axis_systemic_non_neural	1251	100	90
axis_systemic_non_neural	1252	96	78
axis_systemic_non_neural	1253	88	78
axis_systemic_non_neural	1254	102	87
axis_systemic_non_neural	1255	91	81
axis_systemic_non_neural	1256	114	96
axis_systemic_non_neural	1257	97	89
axis_systemic_non_neural	1258	100	89
axis_systemic_non_neural	1259	99	87
axis_systemic_non_neural	1260	105	92
axis_systemic_non_neural	1261	113	95
axis_systemic_non_neural	1262	120	104
axis_systemic_non_neural	1263	94	83
axis_systemic_non_neural	1264	101	86
axis_systemic_non_neural	1265	95	89
axis_systemic_non_neural	1266	95	84
axis_systemic_non_neural	1267	93	85
axis_systemic_non_neural	1268	97	86
axis_systemic_non_neural	1269	118	100
axis_systemic_non_neural	1270	94	86
axis_systemic_non_neural	1271	83	77
axis_systemic_non_neural	1272	104	95
axis_systemic_non_neural	1273	91	84
axis_systemic_non_neural	1274	88	79
axis_systemic_non_neural	1275	99	89
axis_systemic_non_neural	1276	114	98
axis_systemic_non_neural	1277	101	88
axis_systemic_non_neural	1278	104	94
axis_systemic_non_neural	1279	100	89
axis_systemic_non_neural	1280	94	82
axis_systemic_non_neural	1281	108	95
axis_systemic_non_neural	1282	108	88
axis_systemic_non_neural	1283	97	85
axis_systemic_non_neural	1284	89	78
axis_systemic_non_neural	1285	104	94
axis_systemic_non_neural	1286	95	83
axis_systemic_non_neural	1287	102	90
axis_systemic_non_neural	1288	99	86
axis_systemic_non_neural	1289	94	85
axis_systemic_non_neural	1290	107	98
axis_systemic_non_neural	1291	92	81
axis_systemic_non_neural	1292	110	98
axis_systemic_non_neural	1293	114	98
axis_systemic_non_neural	1294	88	80
axis_systemic_non_neural	1295	108	94
axis_systemic_non_neural	1296	99	85
axis_systemic_non_neural	1297	105	92
axis_systemic_non_neural	1298	110	97
axis_systemic_non_neural	1299	95	86
axis_systemic_non_neural	1300	97	87
axis_systemic_non_neural	1301	110	90
axis_systemic_non_neural	1302	115	98
axis_systemic_non_neural	1303	112	99
axis_systemic_non_neural	1304	102	89
axis_systemic_non_neural	1305	111	96
axis_systemic_non_neural	1306	108	93
axis_systemic_non_neural	1307	102	91
axis_systemic_non_neural	1308	91	81
axis_systemic_non_neural	1309	97	88
axis_systemic_non_neural	1310	102	88
axis_systemic_non_neural	1311	92	81
axis_systemic_non_neural	1312	103	94
axis_systemic_non_neural	1313	94	82
axis_systemic_non_neural	1314	92	79
axis_systemic_non_neural	1315	89	76
axis_systemic_non_neural	1316	103	92
axis_systemic_non_neural	1317	93	84
axis_systemic_non_neural	1318	91	77
axis_systemic_non_neural	1319	108	91
axis_systemic_non_neural	1320	108	90
axis_systemic_non_neural	1321	97	82
axis_systemic_non_neural	1322	105	92
axis_systemic_non_neural	1323	115	101
axis_systemic_non_neural	1324	105	97
axis_systemic_non_neural	1325	99	82
axis_systemic_non_neural	1326	103	89
axis_systemic_non_neural	1327	101	93
axis_systemic_non_neural	1328	101	90
axis_systemic_non_neural	1329	97	84
axis_systemic_non_neural	1330	97	81
axis_systemic_non_neural	1331	100	87
axis_systemic_non_neural	1332	107	92
axis_systemic_non_neural	1333	78	72
axis_systemic_non_neural	1334	108	97
axis_systemic_non_neural	1335	95	83
axis_systemic_non_neural	1336	86	77
axis_systemic_non_neural	1337	108	95
axis_systemic_non_neural	1338	107	96
axis_systemic_non_neural	1339	104	94
axis_systemic_non_neural	1340	109	97
axis_systemic_non_neural	1341	100	91
axis_systemic_non_neural	1342	116	98
axis_systemic_non_neural	1343	101	91
axis_systemic_non_neural	1344	96	86
axis_systemic_non_neural	1345	111	99
axis_systemic_non_neural	1346	92	82
axis_systemic_non_neural	1347	103	91
axis_systemic_non_neural	1348	95	83
axis_systemic_non_neural	1349	101	87
axis_systemic_non_neural	1350	100	91
axis_systemic_non_neural	1351	91	81
axis_systemic_non_neural	1352	105	94
axis_systemic_non_neural	1353	112	97
axis_systemic_non_neural	1354	117	97
axis_systemic_non_neural	1355	88	75
axis_systemic_non_neural	1356	107	95
axis_systemic_non_neural	1357	108	98
axis_systemic_non_neural	1358	96	81
axis_systemic_non_neural	1359	81	72
axis_systemic_non_neural	1360	110	97
axis_systemic_non_neural	1361	100	88
axis_systemic_non_neural	1362	107	96
axis_systemic_non_neural	1363	110	93
axis_systemic_non_neural	1364	98	87
axis_systemic_non_neural	1365	95	82
axis_systemic_non_neural	1366	101	88
axis_systemic_non_neural	1367	88	83
axis_systemic_non_neural	1368	113	101
axis_systemic_non_neural	1369	97	88
axis_systemic_non_neural	1370	96	88
axis_systemic_non_neural	1371	103	88
axis_systemic_non_neural	1372	96	86
axis_systemic_non_neural	1373	91	79
axis_systemic_non_neural	1374	103	91
axis_systemic_non_neural	1375	93	80
axis_systemic_non_neural	1376	105	98
axis_systemic_non_neural	1377	115	95
axis_systemic_non_neural	1378	111	94
axis_systemic_non_neural	1379	106	93
axis_systemic_non_neural	1380	94	82
axis_systemic_non_neural	1381	89	82
axis_systemic_non_neural	1382	91	80
axis_systemic_non_neural	1383	94	85
axis_systemic_non_neural	1384	108	98
axis_systemic_non_neural	1385	103	87
axis_systemic_non_neural	1386	93	86
axis_systemic_non_neural	1387	105	92
axis_systemic_non_neural	1388	98	88
axis_systemic_non_neural	1389	100	90
axis_systemic_non_neural	1390	114	92
axis_systemic_non_neural	1391	100	92
axis_systemic_non_neural	1392	98	89
axis_systemic_non_neural	1393	97	85
axis_systemic_non_neural	1394	98	85
axis_systemic_non_neural	1395	90	81
axis_systemic_non_neural	1396	99	87
axis_systemic_non_neural	1397	106	94
axis_systemic_non_neural	1398	115	102
axis_systemic_non_neural	1399	102	93
axis_systemic_non_neural	1400	93	85
axis_systemic_non_neural	1401	106	96
axis_systemic_non_neural	1402	105	94
axis_systemic_non_neural	1403	113	105
axis_systemic_non_neural	1404	95	79
axis_systemic_non_neural	1405	110	96
axis_systemic_non_neural	1406	90	81
axis_systemic_non_neural	1407	87	76
axis_systemic_non_neural	1408	99	91
axis_systemic_non_neural	1409	108	94
axis_systemic_non_neural	1410	92	82
axis_systemic_non_neural	1411	107	94
axis_systemic_non_neural	1412	100	85
axis_systemic_non_neural	1413	114	102
axis_systemic_non_neural	1414	104	94
axis_systemic_non_neural	1415	103	91
axis_systemic_non_neural	1416	102	89
axis_systemic_non_neural	1417	110	97
axis_systemic_non_neural	1418	82	71
axis_systemic_non_neural	1419	85	76
axis_systemic_non_neural	1420	102	89
axis_systemic_non_neural	1421	105	94
axis_systemic_non_neural	1422	105	96
axis_systemic_non_neural	1423	102	89
axis_systemic_non_neural	1424	116	97
axis_systemic_non_neural	1425	99	85
axis_systemic_non_neural	1426	95	87
axis_systemic_non_neural	1427	110	96
axis_systemic_non_neural	1428	104	90
axis_systemic_non_neural	1429	96	89
axis_systemic_non_neural	1430	112	99
axis_systemic_non_neural	1431	96	89
axis_systemic_non_neural	1432	87	78
axis_systemic_non_neural	1433	93	85
axis_systemic_non_neural	1434	101	90
axis_systemic_non_neural	1435	100	87
axis_systemic_non_neural	1436	96	85
axis_systemic_non_neural	1437	103	89
axis_systemic_non_neural	1438	104	94
axis_systemic_non_neural	1439	105	90
axis_systemic_non_neural	1440	110	95
axis_systemic_non_neural	1441	99	84
axis_systemic_non_neural	1442	94	84
axis_systemic_non_neural	1443	91	77
axis_systemic_non_neural	1444	90	81
axis_systemic_non_neural	1445	95	88
axis_systemic_non_neural	1446	84	77
axis_systemic_non_neural	1447	111	100
axis_systemic_non_neural	1448	99	85
axis_systemic_non_neural	1449	91	80
axis_systemic_non_neural	1450	103	88
axis_systemic_non_neural	1451	108	96
axis_systemic_non_neural	1452	106	89
axis_systemic_non_neural	1453	97	85
axis_systemic_non_neural	1454	105	91
axis_systemic_non_neural	1455	109	92
axis_systemic_non_neural	1456	109	99
axis_systemic_non_neural	1457	102	92
axis_systemic_non_neural	1458	97	82
axis_systemic_non_neural	1459	106	96
axis_systemic_non_neural	1460	83	73
axis_systemic_non_neural	1461	103	91
axis_systemic_non_neural	1462	97	89
axis_systemic_non_neural	1463	101	90
axis_systemic_non_neural	1464	88	78
axis_systemic_non_neural	1465	107	94
axis_systemic_non_neural	1466	98	86
axis_systemic_non_neural	1467	100	91
axis_systemic_non_neural	1468	102	90
axis_systemic_non_neural	1469	110	91
axis_systemic_non_neural	1470	106	98
axis_systemic_non_neural	1471	116	101
axis_systemic_non_neural	1472	111	100
axis_systemic_non_neural	1473	109	92
axis_systemic_non_neural	1474	90	79
axis_systemic_non_neural	1475	106	93
axis_systemic_non_neural	1476	98	85
axis_systemic_non_neural	1477	104	89
axis_systemic_non_neural	1478	96	82
axis_systemic_non_neural	1479	93	81
axis_systemic_non_neural	1480	94	85
axis_systemic_non_neural	1481	93	81
axis_systemic_non_neural	1482	100	87
axis_systemic_non_neural	1483	94	81
axis_systemic_non_neural	1484	109	95
axis_systemic_non_neural	1485	101	85
axis_systemic_non_neural	1486	101	86
axis_systemic_non_neural	1487	94	84
axis_systemic_non_neural	1488	107	88
axis_systemic_non_neural	1489	82	75
axis_systemic_non_neural	1490	105	90
axis_systemic_non_neural	1491	118	101
axis_systemic_non_neural	1492	103	94
axis_systemic_non_neural	1493	110	94
axis_systemic_non_neural	1494	98	90
axis_systemic_non_neural	1495	97	83
axis_systemic_non_neural	1496	106	100
axis_systemic_non_neural	1497	111	101
axis_systemic_non_neural	1498	97	86
axis_systemic_non_neural	1499	103	92
axis_systemic_non_neural	1500	93	79
axis_systemic_non_neural	1501	86	76
axis_systemic_non_neural	1502	99	88
axis_systemic_non_neural	1503	83	74
axis_systemic_non_neural	1504	103	90
axis_systemic_non_neural	1505	102	86
axis_systemic_non_neural	1506	97	88
axis_systemic_non_neural	1507	99	89
axis_systemic_non_neural	1508	126	108
axis_systemic_non_neural	1509	98	91
axis_systemic_non_neural	1510	98	89
axis_systemic_non_neural	1511	107	93
axis_systemic_non_neural	1512	98	89
axis_systemic_non_neural	1513	93	80
axis_systemic_non_neural	1514	99	85
axis_systemic_non_neural	1515	112	94
axis_systemic_non_neural	1516	101	93
axis_systemic_non_neural	1517	110	93
axis_systemic_non_neural	1518	97	87
axis_systemic_non_neural	1519	103	92
axis_systemic_non_neural	1520	94	83
axis_systemic_non_neural	1521	110	98
axis_systemic_non_neural	1522	97	86
axis_systemic_non_neural	1523	104	89
axis_systemic_non_neural	1524	91	77
axis_systemic_non_neural	1525	92	77
axis_systemic_non_neural	1526	101	91
axis_systemic_non_neural	1527	89	78
axis_systemic_non_neural	1528	92	81
axis_systemic_non_neural	1529	95	81
axis_systemic_non_neural	1530	99	92
axis_systemic_non_neural	1531	104	92
axis_systemic_non_neural	1532	104	91
axis_systemic_non_neural	1533	120	101
axis_systemic_non_neural	1534	111	100
axis_systemic_non_neural	1535	97	86
axis_systemic_non_neural	1536	94	84
axis_systemic_non_neural	1537	107	94
axis_systemic_non_neural	1538	104	90
axis_systemic_non_neural	1539	104	94
axis_systemic_non_neural	1540	96	87
axis_systemic_non_neural	1541	105	91
axis_systemic_non_neural	1542	100	91
axis_systemic_non_neural	1543	95	88
axis_systemic_non_neural	1544	107	97
axis_systemic_non_neural	1545	102	89
axis_systemic_non_neural	1546	99	83
axis_systemic_non_neural	1547	88	78
axis_systemic_non_neural	1548	88	82
axis_systemic_non_neural	1549	106	94
axis_systemic_non_neural	1550	92	80
axis_systemic_non_neural	1551	101	91
axis_systemic_non_neural	1552	98	85
axis_systemic_non_neural	1553	104	91
axis_systemic_non_neural	1554	94	87
axis_systemic_non_neural	1555	95	85
axis_systemic_non_neural	1556	84	71
axis_systemic_non_neural	1557	110	97
axis_systemic_non_neural	1558	99	89
axis_systemic_non_neural	1559	110	93
axis_systemic_non_neural	1560	91	78
axis_systemic_non_neural	1561	116	99
axis_systemic_non_neural	1562	107	97
axis_systemic_non_neural	1563	106	92
axis_systemic_non_neural	1564	110	93
axis_systemic_non_neural	1565	100	86
axis_systemic_non_neural	1566	119	102
axis_systemic_non_neural	1567	105	93
axis_systemic_non_neural	1568	101	90
axis_systemic_non_neural	1569	102	89
axis_systemic_non_neural	1570	107	95
axis_systemic_non_neural	1571	89	80
axis_systemic_non_neural	1572	92	81
axis_systemic_non_neural	1573	107	97
axis_systemic_non_neural	1574	102	91
axis_systemic_non_neural	1575	96	85
axis_systemic_non_neural	1576	97	85
axis_systemic_non_neural	1577	88	77
axis_systemic_non_neural	1578	90	78
axis_systemic_non_neural	1579	95	84
axis_systemic_non_neural	1580	98	86
axis_systemic_non_neural	1581	97	82
axis_systemic_non_neural	1582	86	76
axis_systemic_non_neural	1583	95	86
axis_systemic_non_neural	1584	98	87
axis_systemic_non_neural	1585	103	95
axis_systemic_non_neural	1586	99	89
axis_systemic_non_neural	1587	97	89
axis_systemic_non_neural	1588	93	81
axis_systemic_non_neural	1589	109	89
axis_systemic_non_neural	1590	110	97
axis_systemic_non_neural	1591	88	79
axis_systemic_non_neural	1592	121	109
axis_systemic_non_neural	1593	108	96
axis_systemic_non_neural	1594	111	101
axis_systemic_non_neural	1595	101	89
axis_systemic_non_neural	1596	100	89
axis_systemic_non_neural	1597	103	92
axis_systemic_non_neural	1598	110	97
axis_systemic_non_neural	1599	102	87
axis_systemic_non_neural	1600	93	90
axis_systemic_non_neural	1601	105	95
axis_systemic_non_neural	1602	89	83
axis_systemic_non_neural	1603	100	87
axis_systemic_non_neural	1604	99	90
axis_systemic_non_neural	1605	83	74
axis_systemic_non_neural	1606	93	86
axis_systemic_non_neural	1607	103	95
axis_systemic_non_neural	1608	96	86
axis_systemic_non_neural	1609	110	92
axis_systemic_non_neural	1610	94	85
axis_systemic_non_neural	1611	113	101
axis_systemic_non_neural	1612	93	79
axis_systemic_non_neural	1613	87	81
axis_systemic_non_neural	1614	104	93
axis_systemic_non_neural	1615	111	97
axis_systemic_non_neural	1616	96	88
axis_systemic_non_neural	1617	89	81
axis_systemic_non_neural	1618	107	93
axis_systemic_non_neural	1619	80	68
axis_systemic_non_neural	1620	112	96
axis_systemic_non_neural	1621	92	79
axis_systemic_non_neural	1622	103	85
axis_systemic_non_neural	1623	102	87
axis_systemic_non_neural	1624	91	80
axis_systemic_non_neural	1625	104	87
axis_systemic_non_neural	1626	90	78
axis_systemic_non_neural	1627	111	97
axis_systemic_non_neural	1628	106	90
axis_systemic_non_neural	1629	106	96
axis_systemic_non_neural	1630	98	89
axis_systemic_non_neural	1631	102	91
axis_systemic_non_neural	1632	111	98
axis_systemic_non_neural	1633	97	86
axis_systemic_non_neural	1634	104	86
axis_systemic_non_neural	1635	103	95
axis_systemic_non_neural	1636	110	94
axis_systemic_non_neural	1637	104	92
axis_systemic_non_neural	1638	101	89
axis_systemic_non_neural	1639	110	101
axis_systemic_non_neural	1640	88	77
axis_systemic_non_neural	1641	88	80
axis_systemic_non_neural	1642	108	91
axis_systemic_non_neural	1643	101	89
axis_systemic_non_neural	1644	102	93
axis_systemic_non_neural	1645	105	90
axis_systemic_non_neural	1646	96	86
axis_systemic_non_neural	1647	123	108
axis_systemic_non_neural	1648	100	87
axis_systemic_non_neural	1649	100	92
axis_systemic_non_neural	1650	100	86
axis_systemic_non_neural	1651	89	80
axis_systemic_non_neural	1652	94	84
axis_systemic_non_neural	1653	103	90
axis_systemic_non_neural	1654	116	105
axis_systemic_non_neural	1655	108	92
axis_systemic_non_neural	1656	101	92
axis_systemic_non_neural	1657	107	94
axis_systemic_non_neural	1658	107	94
axis_systemic_non_neural	1659	87	77
axis_systemic_non_neural	1660	101	92
axis_systemic_non_neural	1661	115	102
axis_systemic_non_neural	1662	93	80
axis_systemic_non_neural	1663	98	86
axis_systemic_non_neural	1664	100	88
axis_systemic_non_neural	1665	93	83
axis_systemic_non_neural	1666	110	99
axis_systemic_non_neural	1667	79	72
axis_systemic_non_neural	1668	99	87
axis_systemic_non_neural	1669	95	87
axis_systemic_non_neural	1670	108	99
axis_systemic_non_neural	1671	104	86
axis_systemic_non_neural	1672	98	90
axis_systemic_non_neural	1673	99	90
axis_systemic_non_neural	1674	89	81
axis_systemic_non_neural	1675	96	85
axis_systemic_non_neural	1676	106	97
axis_systemic_non_neural	1677	92	83
axis_systemic_non_neural	1678	105	99
axis_systemic_non_neural	1679	102	93
axis_systemic_non_neural	1680	117	102
axis_systemic_non_neural	1681	90	81
axis_systemic_non_neural	1682	100	89
axis_systemic_non_neural	1683	94	84
axis_systemic_non_neural	1684	89	81
axis_systemic_non_neural	1685	95	84
axis_systemic_non_neural	1686	94	85
axis_systemic_non_neural	1687	114	97
axis_systemic_non_neural	1688	93	82
axis_systemic_non_neural	1689	114	100
axis_systemic_non_neural	1690	110	96
axis_systemic_non_neural	1691	90	79
axis_systemic_non_neural	1692	89	80
axis_systemic_non_neural	1693	105	92
axis_systemic_non_neural	1694	85	74
axis_systemic_non_neural	1695	116	98
axis_systemic_non_neural	1696	95	84
axis_systemic_non_neural	1697	93	84
axis_systemic_non_neural	1698	104	90
axis_systemic_non_neural	1699	109	99
axis_systemic_non_neural	1700	100	89
axis_systemic_non_neural	1701	98	87
axis_systemic_non_neural	1702	107	95
axis_systemic_non_neural	1703	92	78
axis_systemic_non_neural	1704	96	85
axis_systemic_non_neural	1705	108	88
axis_systemic_non_neural	1706	113	97
axis_systemic_non_neural	1707	94	83
axis_systemic_non_neural	1708	99	88
axis_systemic_non_neural	1709	104	93
axis_systemic_non_neural	1710	94	80
axis_systemic_non_neural	1711	98	85
axis_systemic_non_neural	1712	105	89
axis_systemic_non_neural	1713	87	78
axis_systemic_non_neural	1714	89	80
axis_systemic_non_neural	1715	101	90
axis_systemic_non_neural	1716	94	86
axis_systemic_non_neural	1717	99	84
axis_systemic_non_neural	1718	110	96
axis_systemic_non_neural	1719	95	87
axis_systemic_non_neural	1720	92	83
axis_systemic_non_neural	1721	99	83
axis_systemic_non_neural	1722	103	93
axis_systemic_non_neural	1723	100	84
axis_systemic_non_neural	1724	109	98
axis_systemic_non_neural	1725	100	86
axis_systemic_non_neural	1726	104	91
axis_systemic_non_neural	1727	93	82
axis_systemic_non_neural	1728	106	97
axis_systemic_non_neural	1729	102	95
axis_systemic_non_neural	1730	107	95
axis_systemic_non_neural	1731	100	89
axis_systemic_non_neural	1732	107	97
axis_systemic_non_neural	1733	97	90
axis_systemic_non_neural	1734	103	94
axis_systemic_non_neural	1735	102	93
axis_systemic_non_neural	1736	89	78
axis_systemic_non_neural	1737	114	104
axis_systemic_non_neural	1738	93	86
axis_systemic_non_neural	1739	106	92
axis_systemic_non_neural	1740	107	95
axis_systemic_non_neural	1741	82	75
axis_systemic_non_neural	1742	107	96
axis_systemic_non_neural	1743	107	95
axis_systemic_non_neural	1744	94	84
axis_systemic_non_neural	1745	109	96
axis_systemic_non_neural	1746	107	97
axis_systemic_non_neural	1747	88	76
axis_systemic_non_neural	1748	97	84
axis_systemic_non_neural	1749	105	89
axis_systemic_non_neural	1750	95	85
axis_systemic_non_neural	1751	101	93
axis_systemic_non_neural	1752	86	74
axis_systemic_non_neural	1753	94	82
axis_systemic_non_neural	1754	97	86
axis_systemic_non_neural	1755	87	80
axis_systemic_non_neural	1756	104	91
axis_systemic_non_neural	1757	99	84
axis_systemic_non_neural	1758	94	78
axis_systemic_non_neural	1759	109	96
axis_systemic_non_neural	1760	102	91
axis_systemic_non_neural	1761	101	91
axis_systemic_non_neural	1762	112	97
axis_systemic_non_neural	1763	101	87
axis_systemic_non_neural	1764	106	95
axis_systemic_non_neural	1765	94	84
axis_systemic_non_neural	1766	96	90
axis_systemic_non_neural	1767	98	89
axis_systemic_non_neural	1768	93	86
axis_systemic_non_neural	1769	102	90
axis_systemic_non_neural	1770	85	75
axis_systemic_non_neural	1771	91	81
axis_systemic_non_neural	1772	95	83
axis_systemic_non_neural	1773	109	97
axis_systemic_non_neural	1774	109	93
axis_systemic_non_neural	1775	108	97
axis_systemic_non_neural	1776	100	89
axis_systemic_non_neural	1777	90	79
axis_systemic_non_neural	1778	107	94
axis_systemic_non_neural	1779	100	84
axis_systemic_non_neural	1780	106	92
axis_systemic_non_neural	1781	87	73
axis_systemic_non_neural	1782	99	89
axis_systemic_non_neural	1783	113	102
axis_systemic_non_neural	1784	105	91
axis_systemic_non_neural	1785	106	96
axis_systemic_non_neural	1786	105	92
axis_systemic_non_neural	1787	111	95
axis_systemic_non_neural	1788	103	94
axis_systemic_non_neural	1789	95	83
axis_systemic_non_neural	1790	97	86
axis_systemic_non_neural	1791	98	83
axis_systemic_non_neural	1792	96	84
axis_systemic_non_neural	1793	94	84
axis_systemic_non_neural	1794	103	94
axis_systemic_non_neural	1795	101	90
axis_systemic_non_neural	1796	103	89
axis_systemic_non_neural	1797	96	84
axis_systemic_non_neural	1798	106	89
axis_systemic_non_neural	1799	98	88
axis_systemic_non_neural	1800	106	90
axis_systemic_non_neural	1801	99	90
axis_systemic_non_neural	1802	104	94
axis_systemic_non_neural	1803	117	109
axis_systemic_non_neural	1804	103	91
axis_systemic_non_neural	1805	104	96
axis_systemic_non_neural	1806	105	96
axis_systemic_non_neural	1807	96	88
axis_systemic_non_neural	1808	97	88
axis_systemic_non_neural	1809	112	100
axis_systemic_non_neural	1810	104	91
axis_systemic_non_neural	1811	93	79
axis_systemic_non_neural	1812	106	93
axis_systemic_non_neural	1813	103	86
axis_systemic_non_neural	1814	97	86
axis_systemic_non_neural	1815	100	90
axis_systemic_non_neural	1816	93	81
axis_systemic_non_neural	1817	94	82
axis_systemic_non_neural	1818	98	88
axis_systemic_non_neural	1819	107	94
axis_systemic_non_neural	1820	105	90
axis_systemic_non_neural	1821	90	80
axis_systemic_non_neural	1822	106	94
axis_systemic_non_neural	1823	98	91
axis_systemic_non_neural	1824	96	85
axis_systemic_non_neural	1825	95	85
axis_systemic_non_neural	1826	82	75
axis_systemic_non_neural	1827	99	88
axis_systemic_non_neural	1828	110	96
axis_systemic_non_neural	1829	103	93
axis_systemic_non_neural	1830	99	92
axis_systemic_non_neural	1831	117	103
axis_systemic_non_neural	1832	92	86
axis_systemic_non_neural	1833	104	94
axis_systemic_non_neural	1834	97	86
axis_systemic_non_neural	1835	107	94
axis_systemic_non_neural	1836	94	85
axis_systemic_non_neural	1837	91	79
axis_systemic_non_neural	1838	106	91
axis_systemic_non_neural	1839	116	101
axis_systemic_non_neural	1840	94	82
axis_systemic_non_neural	1841	105	93
axis_systemic_non_neural	1842	107	95
axis_systemic_non_neural	1843	98	89
axis_systemic_non_neural	1844	108	95
axis_systemic_non_neural	1845	114	96
axis_systemic_non_neural	1846	101	88
axis_systemic_non_neural	1847	100	92
axis_systemic_non_neural	1848	105	90
axis_systemic_non_neural	1849	91	82
axis_systemic_non_neural	1850	99	83
axis_systemic_non_neural	1851	102	89
axis_systemic_non_neural	1852	96	84
axis_systemic_non_neural	1853	93	86
axis_systemic_non_neural	1854	102	92
axis_systemic_non_neural	1855	101	91
axis_systemic_non_neural	1856	105	90
axis_systemic_non_neural	1857	105	92
axis_systemic_non_neural	1858	103	97
axis_systemic_non_neural	1859	99	90
axis_systemic_non_neural	1860	107	93
axis_systemic_non_neural	1861	119	99
axis_systemic_non_neural	1862	119	106
axis_systemic_non_neural	1863	108	98
axis_systemic_non_neural	1864	90	79
axis_systemic_non_neural	1865	92	82
axis_systemic_non_neural	1866	106	94
axis_systemic_non_neural	1867	102	92
axis_systemic_non_neural	1868	88	78
axis_systemic_non_neural	1869	99	88
axis_systemic_non_neural	1870	111	96
axis_systemic_non_neural	1871	108	95
axis_systemic_non_neural	1872	99	91
axis_systemic_non_neural	1873	120	106
axis_systemic_non_neural	1874	93	83
axis_systemic_non_neural	1875	89	79
axis_systemic_non_neural	1876	92	81
axis_systemic_non_neural	1877	107	98
axis_systemic_non_neural	1878	112	97
axis_systemic_non_neural	1879	92	80
axis_systemic_non_neural	1880	120	105
axis_systemic_non_neural	1881	105	96
axis_systemic_non_neural	1882	109	100
axis_systemic_non_neural	1883	104	93
axis_systemic_non_neural	1884	98	89
axis_systemic_non_neural	1885	97	86
axis_systemic_non_neural	1886	113	97
axis_systemic_non_neural	1887	103	95
axis_systemic_non_neural	1888	95	87
axis_systemic_non_neural	1889	99	87
axis_systemic_non_neural	1890	99	89
axis_systemic_non_neural	1891	92	83
axis_systemic_non_neural	1892	98	85
axis_systemic_non_neural	1893	95	86
axis_systemic_non_neural	1894	106	94
axis_systemic_non_neural	1895	86	78
axis_systemic_non_neural	1896	103	91
axis_systemic_non_neural	1897	108	92
axis_systemic_non_neural	1898	91	79
axis_systemic_non_neural	1899	93	78
axis_systemic_non_neural	1900	98	87
axis_systemic_non_neural	1901	104	95
axis_systemic_non_neural	1902	96	83
axis_systemic_non_neural	1903	98	87
axis_systemic_non_neural	1904	100	88
axis_systemic_non_neural	1905	90	77
axis_systemic_non_neural	1906	89	80
axis_systemic_non_neural	1907	103	91
axis_systemic_non_neural	1908	92	82
axis_systemic_non_neural	1909	96	85
axis_systemic_non_neural	1910	83	74
axis_systemic_non_neural	1911	96	82
axis_systemic_non_neural	1912	110	100
axis_systemic_non_neural	1913	86	74
axis_systemic_non_neural	1914	102	92
axis_systemic_non_neural	1915	107	88
axis_systemic_non_neural	1916	99	93
axis_systemic_non_neural	1917	90	81
axis_systemic_non_neural	1918	99	87
axis_systemic_non_neural	1919	99	87
axis_systemic_non_neural	1920	102	91
axis_systemic_non_neural	1921	91	82
axis_systemic_non_neural	1922	99	90
axis_systemic_non_neural	1923	112	91
axis_systemic_non_neural	1924	94	83
axis_systemic_non_neural	1925	96	84
axis_systemic_non_neural	1926	97	86
axis_systemic_non_neural	1927	88	82
axis_systemic_non_neural	1928	94	85
axis_systemic_non_neural	1929	99	89
axis_systemic_non_neural	1930	86	75
axis_systemic_non_neural	1931	86	79
axis_systemic_non_neural	1932	98	88
axis_systemic_non_neural	1933	97	83
axis_systemic_non_neural	1934	118	98
axis_systemic_non_neural	1935	96	85
axis_systemic_non_neural	1936	98	84
axis_systemic_non_neural	1937	109	97
axis_systemic_non_neural	1938	110	96
axis_systemic_non_neural	1939	98	89
axis_systemic_non_neural	1940	98	87
axis_systemic_non_neural	1941	100	86
axis_systemic_non_neural	1942	96	86
axis_systemic_non_neural	1943	107	97
axis_systemic_non_neural	1944	96	91
axis_systemic_non_neural	1945	98	90
axis_systemic_non_neural	1946	111	97
axis_systemic_non_neural	1947	92	81
axis_systemic_non_neural	1948	108	92
axis_systemic_non_neural	1949	108	91
axis_systemic_non_neural	1950	99	87
axis_systemic_non_neural	1951	106	91
axis_systemic_non_neural	1952	103	86
axis_systemic_non_neural	1953	96	85
axis_systemic_non_neural	1954	106	91
axis_systemic_non_neural	1955	99	87
axis_systemic_non_neural	1956	105	95
axis_systemic_non_neural	1957	103	93
axis_systemic_non_neural	1958	96	87
axis_systemic_non_neural	1959	104	90
axis_systemic_non_neural	1960	106	93
axis_systemic_non_neural	1961	109	92
axis_systemic_non_neural	1962	93	84
axis_systemic_non_neural	1963	92	80
axis_systemic_non_neural	1964	103	94
axis_systemic_non_neural	1965	102	91
axis_systemic_non_neural	1966	99	87
axis_systemic_non_neural	1967	107	92
axis_systemic_non_neural	1968	102	84
axis_systemic_non_neural	1969	93	81
axis_systemic_non_neural	1970	100	90
axis_systemic_non_neural	1971	100	91
axis_systemic_non_neural	1972	100	85
axis_systemic_non_neural	1973	99	87
axis_systemic_non_neural	1974	104	94
axis_systemic_non_neural	1975	117	102
axis_systemic_non_neural	1976	96	83
axis_systemic_non_neural	1977	94	86
axis_systemic_non_neural	1978	104	91
axis_systemic_non_neural	1979	93	82
axis_systemic_non_neural	1980	105	87
axis_systemic_non_neural	1981	106	90
axis_systemic_non_neural	1982	102	85
axis_systemic_non_neural	1983	101	87
axis_systemic_non_neural	1984	105	95
axis_systemic_non_neural	1985	88	82
axis_systemic_non_neural	1986	90	79
axis_systemic_non_neural	1987	102	86
axis_systemic_non_neural	1988	101	90
axis_systemic_non_neural	1989	98	87
axis_systemic_non_neural	1990	93	81
axis_systemic_non_neural	1991	100	91
axis_systemic_non_neural	1992	102	88
axis_systemic_non_neural	1993	96	84
axis_systemic_non_neural	1994	102	88
axis_systemic_non_neural	1995	115	98
axis_systemic_non_neural	1996	112	100
axis_systemic_non_neural	1997	111	99
axis_systemic_non_neural	1998	102	90
axis_systemic_non_neural	1999	99	87
axis_neuro_systemic	0	68	61
axis_neuro_systemic	1	67	61
axis_neuro_systemic	2	75	72
axis_neuro_systemic	3	66	57
axis_neuro_systemic	4	65	60
axis_neuro_systemic	5	61	56
axis_neuro_systemic	6	65	57
axis_neuro_systemic	7	72	66
axis_neuro_systemic	8	69	63
axis_neuro_systemic	9	73	65
axis_neuro_systemic	10	61	56
axis_neuro_systemic	11	79	69
axis_neuro_systemic	12	66	59
axis_neuro_systemic	13	63	58
axis_neuro_systemic	14	66	58
axis_neuro_systemic	15	81	73
axis_neuro_systemic	16	70	63
axis_neuro_systemic	17	66	60
axis_neuro_systemic	18	68	61
axis_neuro_systemic	19	60	55
axis_neuro_systemic	20	70	65
axis_neuro_systemic	21	81	75
axis_neuro_systemic	22	71	65
axis_neuro_systemic	23	68	62
axis_neuro_systemic	24	64	59
axis_neuro_systemic	25	72	66
axis_neuro_systemic	26	72	69
axis_neuro_systemic	27	76	73
axis_neuro_systemic	28	64	60
axis_neuro_systemic	29	66	63
axis_neuro_systemic	30	67	60
axis_neuro_systemic	31	61	56
axis_neuro_systemic	32	69	66
axis_neuro_systemic	33	72	68
axis_neuro_systemic	34	73	69
axis_neuro_systemic	35	55	53
axis_neuro_systemic	36	61	57
axis_neuro_systemic	37	75	69
axis_neuro_systemic	38	66	61
axis_neuro_systemic	39	65	62
axis_neuro_systemic	40	66	59
axis_neuro_systemic	41	66	62
axis_neuro_systemic	42	60	54
axis_neuro_systemic	43	77	73
axis_neuro_systemic	44	71	63
axis_neuro_systemic	45	69	61
axis_neuro_systemic	46	56	52
axis_neuro_systemic	47	69	63
axis_neuro_systemic	48	65	60
axis_neuro_systemic	49	69	63
axis_neuro_systemic	50	64	57
axis_neuro_systemic	51	68	64
axis_neuro_systemic	52	65	59
axis_neuro_systemic	53	63	59
axis_neuro_systemic	54	72	68
axis_neuro_systemic	55	71	67
axis_neuro_systemic	56	64	61
axis_neuro_systemic	57	71	66
axis_neuro_systemic	58	66	57
axis_neuro_systemic	59	66	61
axis_neuro_systemic	60	67	62
axis_neuro_systemic	61	70	65
axis_neuro_systemic	62	67	62
axis_neuro_systemic	63	70	64
axis_neuro_systemic	64	68	62
axis_neuro_systemic	65	73	66
axis_neuro_systemic	66	68	64
axis_neuro_systemic	67	64	60
axis_neuro_systemic	68	81	75
axis_neuro_systemic	69	71	64
axis_neuro_systemic	70	73	67
axis_neuro_systemic	71	62	58
axis_neuro_systemic	72	78	71
axis_neuro_systemic	73	73	67
axis_neuro_systemic	74	64	58
axis_neuro_systemic	75	70	61
axis_neuro_systemic	76	72	67
axis_neuro_systemic	77	66	64
axis_neuro_systemic	78	69	62
axis_neuro_systemic	79	72	67
axis_neuro_systemic	80	71	65
axis_neuro_systemic	81	65	59
axis_neuro_systemic	82	62	61
axis_neuro_systemic	83	55	52
axis_neuro_systemic	84	67	61
axis_neuro_systemic	85	63	57
axis_neuro_systemic	86	60	56
axis_neuro_systemic	87	69	63
axis_neuro_systemic	88	55	53
axis_neuro_systemic	89	60	58
axis_neuro_systemic	90	68	65
axis_neuro_systemic	91	57	51
axis_neuro_systemic	92	72	66
axis_neuro_systemic	93	63	59
axis_neuro_systemic	94	66	60
axis_neuro_systemic	95	67	64
axis_neuro_systemic	96	68	63
axis_neuro_systemic	97	60	56
axis_neuro_systemic	98	74	66
axis_neuro_systemic	99	75	68
axis_neuro_systemic	100	68	61
axis_neuro_systemic	101	60	56
axis_neuro_systemic	102	71	61
axis_neuro_systemic	103	78	74
axis_neuro_systemic	104	72	67
axis_neuro_systemic	105	62	57
axis_neuro_systemic	106	67	63
axis_neuro_systemic	107	62	56
axis_neuro_systemic	108	74	67
axis_neuro_systemic	109	69	65
axis_neuro_systemic	110	65	60
axis_neuro_systemic	111	71	65
axis_neuro_systemic	112	65	61
axis_neuro_systemic	113	65	60
axis_neuro_systemic	114	63	58
axis_neuro_systemic	115	71	63
axis_neuro_systemic	116	73	66
axis_neuro_systemic	117	76	69
axis_neuro_systemic	118	73	67
axis_neuro_systemic	119	68	62
axis_neuro_systemic	120	63	57
axis_neuro_systemic	121	67	64
axis_neuro_systemic	122	71	63
axis_neuro_systemic	123	63	56
axis_neuro_systemic	124	62	55
axis_neuro_systemic	125	70	65
axis_neuro_systemic	126	69	63
axis_neuro_systemic	127	75	71
axis_neuro_systemic	128	69	62
axis_neuro_systemic	129	71	66
axis_neuro_systemic	130	74	68
axis_neuro_systemic	131	76	70
axis_neuro_systemic	132	57	53
axis_neuro_systemic	133	61	55
axis_neuro_systemic	134	63	60
axis_neuro_systemic	135	79	71
axis_neuro_systemic	136	74	67
axis_neuro_systemic	137	66	61
axis_neuro_systemic	138	66	60
axis_neuro_systemic	139	73	66
axis_neuro_systemic	140	77	68
axis_neuro_systemic	141	74	67
axis_neuro_systemic	142	62	55
axis_neuro_systemic	143	57	52
axis_neuro_systemic	144	64	58
axis_neuro_systemic	145	76	71
axis_neuro_systemic	146	55	52
axis_neuro_systemic	147	71	66
axis_neuro_systemic	148	68	59
axis_neuro_systemic	149	65	60
axis_neuro_systemic	150	65	57
axis_neuro_systemic	151	67	56
axis_neuro_systemic	152	68	63
axis_neuro_systemic	153	60	54
axis_neuro_systemic	154	61	57
axis_neuro_systemic	155	67	58
axis_neuro_systemic	156	67	62
axis_neuro_systemic	157	65	59
axis_neuro_systemic	158	65	60
axis_neuro_systemic	159	57	52
axis_neuro_systemic	160	75	65
axis_neuro_systemic	161	65	57
axis_neuro_systemic	162	68	64
axis_neuro_systemic	163	81	73
axis_neuro_systemic	164	68	61
axis_neuro_systemic	165	71	63
axis_neuro_systemic	166	61	56
axis_neuro_systemic	167	63	61
axis_neuro_systemic	168	61	58
axis_neuro_systemic	169	67	59
axis_neuro_systemic	170	72	68
axis_neuro_systemic	171	57	54
axis_neuro_systemic	172	65	59
axis_neuro_systemic	173	65	62
axis_neuro_systemic	174	77	68
axis_neuro_systemic	175	65	60
axis_neuro_systemic	176	65	64
axis_neuro_systemic	177	68	62
axis_neuro_systemic	178	73	68
axis_neuro_systemic	179	59	53
axis_neuro_systemic	180	67	61
axis_neuro_systemic	181	62	55
axis_neuro_systemic	182	67	60
axis_neuro_systemic	183	78	73
axis_neuro_systemic	184	61	58
axis_neuro_systemic	185	67	62
axis_neuro_systemic	186	63	59
axis_neuro_systemic	187	58	54
axis_neuro_systemic	188	75	68
axis_neuro_systemic	189	67	64
axis_neuro_systemic	190	62	58
axis_neuro_systemic	191	65	59
axis_neuro_systemic	192	62	56
axis_neuro_systemic	193	64	62
axis_neuro_systemic	194	80	71
axis_neuro_systemic	195	59	54
axis_neuro_systemic	196	81	77
axis_neuro_systemic	197	64	59
axis_neuro_systemic	198	73	69
axis_neuro_systemic	199	62	60
axis_neuro_systemic	200	64	60
axis_neuro_systemic	201	63	58
axis_neuro_systemic	202	61	56
axis_neuro_systemic	203	64	59
axis_neuro_systemic	204	66	60
axis_neuro_systemic	205	61	58
axis_neuro_systemic	206	65	61
axis_neuro_systemic	207	55	50
axis_neuro_systemic	208	64	59
axis_neuro_systemic	209	59	55
axis_neuro_systemic	210	72	64
axis_neuro_systemic	211	66	61
axis_neuro_systemic	212	70	63
axis_neuro_systemic	213	65	61
axis_neuro_systemic	214	67	60
axis_neuro_systemic	215	67	63
axis_neuro_systemic	216	69	65
axis_neuro_systemic	217	63	56
axis_neuro_systemic	218	67	62
axis_neuro_systemic	219	75	70
axis_neuro_systemic	220	70	64
axis_neuro_systemic	221	68	64
axis_neuro_systemic	222	67	61
axis_neuro_systemic	223	67	62
axis_neuro_systemic	224	58	54
axis_neuro_systemic	225	59	54
axis_neuro_systemic	226	63	60
axis_neuro_systemic	227	64	62
axis_neuro_systemic	228	64	59
axis_neuro_systemic	229	73	70
axis_neuro_systemic	230	57	53
axis_neuro_systemic	231	63	60
axis_neuro_systemic	232	62	59
axis_neuro_systemic	233	61	59
axis_neuro_systemic	234	73	66
axis_neuro_systemic	235	72	68
axis_neuro_systemic	236	67	63
axis_neuro_systemic	237	74	69
axis_neuro_systemic	238	67	61
axis_neuro_systemic	239	74	72
axis_neuro_systemic	240	62	57
axis_neuro_systemic	241	67	61
axis_neuro_systemic	242	67	64
axis_neuro_systemic	243	77	70
axis_neuro_systemic	244	59	57
axis_neuro_systemic	245	66	60
axis_neuro_systemic	246	75	69
axis_neuro_systemic	247	81	73
axis_neuro_systemic	248	72	68
axis_neuro_systemic	249	61	55
axis_neuro_systemic	250	61	53
axis_neuro_systemic	251	71	66
axis_neuro_systemic	252	71	65
axis_neuro_systemic	253	60	56
axis_neuro_systemic	254	70	68
axis_neuro_systemic	255	68	64
axis_neuro_systemic	256	71	63
axis_neuro_systemic	257	63	59
axis_neuro_systemic	258	67	62
axis_neuro_systemic	259	62	58
axis_neuro_systemic	260	68	64
axis_neuro_systemic	261	66	61
axis_neuro_systemic	262	62	57
axis_neuro_systemic	263	69	60
axis_neuro_systemic	264	72	66
axis_neuro_systemic	265	62	54
axis_neuro_systemic	266	71	66
axis_neuro_systemic	267	75	69
axis_neuro_systemic	268	69	66
axis_neuro_systemic	269	70	67
axis_neuro_systemic	270	73	70
axis_neuro_systemic	271	59	53
axis_neuro_systemic	272	64	59
axis_neuro_systemic	273	75	68
axis_neuro_systemic	274	75	69
axis_neuro_systemic	275	71	66
axis_neuro_systemic	276	58	54
axis_neuro_systemic	277	72	67
axis_neuro_systemic	278	76	71
axis_neuro_systemic	279	68	64
axis_neuro_systemic	280	57	53
axis_neuro_systemic	281	61	55
axis_neuro_systemic	282	69	64
axis_neuro_systemic	283	65	61
axis_neuro_systemic	284	65	63
axis_neuro_systemic	285	60	58
axis_neuro_systemic	286	63	57
axis_neuro_systemic	287	69	62
axis_neuro_systemic	288	59	56
axis_neuro_systemic	289	70	65
axis_neuro_systemic	290	62	59
axis_neuro_systemic	291	69	63
axis_neuro_systemic	292	64	58
axis_neuro_systemic	293	69	63
axis_neuro_systemic	294	75	71
axis_neuro_systemic	295	68	62
axis_neuro_systemic	296	71	67
axis_neuro_systemic	297	75	67
axis_neuro_systemic	298	66	61
axis_neuro_systemic	299	64	59
axis_neuro_systemic	300	71	67
axis_neuro_systemic	301	63	56
axis_neuro_systemic	302	65	59
axis_neuro_systemic	303	76	70
axis_neuro_systemic	304	67	62
axis_neuro_systemic	305	71	66
axis_neuro_systemic	306	51	50
axis_neuro_systemic	307	63	56
axis_neuro_systemic	308	71	64
axis_neuro_systemic	309	59	56
axis_neuro_systemic	310	70	63
axis_neuro_systemic	311	62	56
axis_neuro_systemic	312	77	70
axis_neuro_systemic	313	70	64
axis_neuro_systemic	314	69	64
axis_neuro_systemic	315	74	69
axis_neuro_systemic	316	67	62
axis_neuro_systemic	317	63	59
axis_neuro_systemic	318	66	59
axis_neuro_systemic	319	53	50
axis_neuro_systemic	320	53	51
axis_neuro_systemic	321	69	61
axis_neuro_systemic	322	63	56
axis_neuro_systemic	323	71	67
axis_neuro_systemic	324	71	64
axis_neuro_systemic	325	68	64
axis_neuro_systemic	326	57	51
axis_neuro_systemic	327	69	64
axis_neuro_systemic	328	62	57
axis_neuro_systemic	329	74	66
axis_neuro_systemic	330	58	54
axis_neuro_systemic	331	70	61
axis_neuro_systemic	332	73	64
axis_neuro_systemic	333	72	63
axis_neuro_systemic	334	66	63
axis_neuro_systemic	335	65	57
axis_neuro_systemic	336	66	57
axis_neuro_systemic	337	68	60
axis_neuro_systemic	338	68	62
axis_neuro_systemic	339	65	60
axis_neuro_systemic	340	75	68
axis_neuro_systemic	341	65	59
axis_neuro_systemic	342	59	56
axis_neuro_systemic	343	76	68
axis_neuro_systemic	344	58	56
axis_neuro_systemic	345	59	51
axis_neuro_systemic	346	55	49
axis_neuro_systemic	347	64	58
axis_neuro_systemic	348	79	73
axis_neuro_systemic	349	67	63
axis_neuro_systemic	350	61	58
axis_neuro_systemic	351	72	64
axis_neuro_systemic	352	70	63
axis_neuro_systemic	353	65	57
axis_neuro_systemic	354	71	66
axis_neuro_systemic	355	66	61
axis_neuro_systemic	356	68	62
axis_neuro_systemic	357	66	61
axis_neuro_systemic	358	62	56
axis_neuro_systemic	359	69	60
axis_neuro_systemic	360	72	67
axis_neuro_systemic	361	71	65
axis_neuro_systemic	362	79	72
axis_neuro_systemic	363	54	51
axis_neuro_systemic	364	66	62
axis_neuro_systemic	365	72	65
axis_neuro_systemic	366	66	60
axis_neuro_systemic	367	60	55
axis_neuro_systemic	368	74	69
axis_neuro_systemic	369	69	64
axis_neuro_systemic	370	61	57
axis_neuro_systemic	371	75	68
axis_neuro_systemic	372	60	57
axis_neuro_systemic	373	65	63
axis_neuro_systemic	374	72	69
axis_neuro_systemic	375	63	59
axis_neuro_systemic	376	70	65
axis_neuro_systemic	377	74	69
axis_neuro_systemic	378	62	58
axis_neuro_systemic	379	73	67
axis_neuro_systemic	380	65	59
axis_neuro_systemic	381	73	68
axis_neuro_systemic	382	76	68
axis_neuro_systemic	383	69	60
axis_neuro_systemic	384	71	64
axis_neuro_systemic	385	67	61
axis_neuro_systemic	386	81	73
axis_neuro_systemic	387	76	68
axis_neuro_systemic	388	65	60
axis_neuro_systemic	389	71	63
axis_neuro_systemic	390	74	71
axis_neuro_systemic	391	71	68
axis_neuro_systemic	392	69	62
axis_neuro_systemic	393	74	68
axis_neuro_systemic	394	61	55
axis_neuro_systemic	395	74	66
axis_neuro_systemic	396	67	60
axis_neuro_systemic	397	71	69
axis_neuro_systemic	398	67	61
axis_neuro_systemic	399	57	54
axis_neuro_systemic	400	59	56
axis_neuro_systemic	401	61	56
axis_neuro_systemic	402	54	52
axis_neuro_systemic	403	67	61
axis_neuro_systemic	404	73	66
axis_neuro_systemic	405	76	65
axis_neuro_systemic	406	66	60
axis_neuro_systemic	407	65	61
axis_neuro_systemic	408	76	70
axis_neuro_systemic	409	77	70
axis_neuro_systemic	410	65	63
axis_neuro_systemic	411	63	58
axis_neuro_systemic	412	78	74
axis_neuro_systemic	413	63	56
axis_neuro_systemic	414	69	62
axis_neuro_systemic	415	68	62
axis_neuro_systemic	416	66	61
axis_neuro_systemic	417	59	54
axis_neuro_systemic	418	70	61
axis_neuro_systemic	419	66	63
axis_neuro_systemic	420	73	64
axis_neuro_systemic	421	74	67
axis_neuro_systemic	422	68	59
axis_neuro_systemic	423	68	62
axis_neuro_systemic	424	69	64
axis_neuro_systemic	425	74	69
axis_neuro_systemic	426	59	57
axis_neuro_systemic	427	72	69
axis_neuro_systemic	428	66	61
axis_neuro_systemic	429	63	58
axis_neuro_systemic	430	77	71
axis_neuro_systemic	431	61	56
axis_neuro_systemic	432	79	76
axis_neuro_systemic	433	66	61
axis_neuro_systemic	434	63	61
axis_neuro_systemic	435	74	67
axis_neuro_systemic	436	71	68
axis_neuro_systemic	437	61	58
axis_neuro_systemic	438	57	53
axis_neuro_systemic	439	56	52
axis_neuro_systemic	440	62	56
axis_neuro_systemic	441	61	58
axis_neuro_systemic	442	69	64
axis_neuro_systemic	443	74	68
axis_neuro_systemic	444	71	67
axis_neuro_systemic	445	65	60
axis_neuro_systemic	446	62	58
axis_neuro_systemic	447	60	57
axis_neuro_systemic	448	66	62
axis_neuro_systemic	449	66	61
axis_neuro_systemic	450	61	54
axis_neuro_systemic	451	68	63
axis_neuro_systemic	452	55	52
axis_neuro_systemic	453	69	61
axis_neuro_systemic	454	62	57
axis_neuro_systemic	455	70	64
axis_neuro_systemic	456	58	54
axis_neuro_systemic	457	57	52
axis_neuro_systemic	458	61	54
axis_neuro_systemic	459	54	52
axis_neuro_systemic	460	61	58
axis_neuro_systemic	461	71	64
axis_neuro_systemic	462	66	58
axis_neuro_systemic	463	69	62
axis_neuro_systemic	464	67	61
axis_neuro_systemic	465	68	63
axis_neuro_systemic	466	73	69
axis_neuro_systemic	467	68	63
axis_neuro_systemic	468	73	69
axis_neuro_systemic	469	69	62
axis_neuro_systemic	470	58	52
axis_neuro_systemic	471	58	52
axis_neuro_systemic	472	62	60
axis_neuro_systemic	473	74	66
axis_neuro_systemic	474	62	58
axis_neuro_systemic	475	62	59
axis_neuro_systemic	476	65	60
axis_neuro_systemic	477	74	70
axis_neuro_systemic	478	70	65
axis_neuro_systemic	479	63	59
axis_neuro_systemic	480	74	70
axis_neuro_systemic	481	67	63
axis_neuro_systemic	482	64	60
axis_neuro_systemic	483	62	57
axis_neuro_systemic	484	60	56
axis_neuro_systemic	485	61	55
axis_neuro_systemic	486	70	63
axis_neuro_systemic	487	69	61
axis_neuro_systemic	488	77	69
axis_neuro_systemic	489	66	61
axis_neuro_systemic	490	70	63
axis_neuro_systemic	491	73	68
axis_neuro_systemic	492	66	61
axis_neuro_systemic	493	61	57
axis_neuro_systemic	494	59	55
axis_neuro_systemic	495	61	56
axis_neuro_systemic	496	62	58
axis_neuro_systemic	497	65	62
axis_neuro_systemic	498	71	64
axis_neuro_systemic	499	64	61
axis_neuro_systemic	500	64	60
axis_neuro_systemic	501	68	64
axis_neuro_systemic	502	64	59
axis_neuro_systemic	503	69	65
axis_neuro_systemic	504	65	59
axis_neuro_systemic	505	73	68
axis_neuro_systemic	506	63	55
axis_neuro_systemic	507	65	62
axis_neuro_systemic	508	66	61
axis_neuro_systemic	509	64	59
axis_neuro_systemic	510	57	54
axis_neuro_systemic	511	58	56
axis_neuro_systemic	512	65	58
axis_neuro_systemic	513	57	54
axis_neuro_systemic	514	64	61
axis_neuro_systemic	515	64	61
axis_neuro_systemic	516	56	54
axis_neuro_systemic	517	63	59
axis_neuro_systemic	518	69	62
axis_neuro_systemic	519	66	62
axis_neuro_systemic	520	64	60
axis_neuro_systemic	521	70	64
axis_neuro_systemic	522	64	58
axis_neuro_systemic	523	63	58
axis_neuro_systemic	524	62	54
axis_neuro_systemic	525	70	64
axis_neuro_systemic	526	61	56
axis_neuro_systemic	527	60	54
axis_neuro_systemic	528	66	64
axis_neuro_systemic	529	58	54
axis_neuro_systemic	530	69	62
axis_neuro_systemic	531	66	60
axis_neuro_systemic	532	63	56
axis_neuro_systemic	533	56	55
axis_neuro_systemic	534	63	56
axis_neuro_systemic	535	66	63
axis_neuro_systemic	536	71	65
axis_neuro_systemic	537	74	71
axis_neuro_systemic	538	56	53
axis_neuro_systemic	539	65	58
axis_neuro_systemic	540	67	61
axis_neuro_systemic	541	65	59
axis_neuro_systemic	542	67	61
axis_neuro_systemic	543	69	63
axis_neuro_systemic	544	70	64
axis_neuro_systemic	545	70	67
axis_neuro_systemic	546	77	70
axis_neuro_systemic	547	66	59
axis_neuro_systemic	548	59	56
axis_neuro_systemic	549	65	59
axis_neuro_systemic	550	76	67
axis_neuro_systemic	551	61	58
axis_neuro_systemic	552	63	59
axis_neuro_systemic	553	73	64
axis_neuro_systemic	554	77	68
axis_neuro_systemic	555	67	62
axis_neuro_systemic	556	65	59
axis_neuro_systemic	557	66	62
axis_neuro_systemic	558	64	59
axis_neuro_systemic	559	69	66
axis_neuro_systemic	560	76	71
axis_neuro_systemic	561	64	61
axis_neuro_systemic	562	59	56
axis_neuro_systemic	563	71	63
axis_neuro_systemic	564	65	57
axis_neuro_systemic	565	68	62
axis_neuro_systemic	566	73	70
axis_neuro_systemic	567	65	60
axis_neuro_systemic	568	67	60
axis_neuro_systemic	569	60	58
axis_neuro_systemic	570	65	57
axis_neuro_systemic	571	62	57
axis_neuro_systemic	572	75	69
axis_neuro_systemic	573	74	67
axis_neuro_systemic	574	71	66
axis_neuro_systemic	575	72	67
axis_neuro_systemic	576	78	74
axis_neuro_systemic	577	62	58
axis_neuro_systemic	578	65	59
axis_neuro_systemic	579	75	70
axis_neuro_systemic	580	67	65
axis_neuro_systemic	581	62	56
axis_neuro_systemic	582	65	59
axis_neuro_systemic	583	59	55
axis_neuro_systemic	584	66	61
axis_neuro_systemic	585	65	60
axis_neuro_systemic	586	73	68
axis_neuro_systemic	587	69	64
axis_neuro_systemic	588	68	61
axis_neuro_systemic	589	57	53
axis_neuro_systemic	590	62	58
axis_neuro_systemic	591	67	60
axis_neuro_systemic	592	75	71
axis_neuro_systemic	593	64	59
axis_neuro_systemic	594	70	64
axis_neuro_systemic	595	74	68
axis_neuro_systemic	596	66	62
axis_neuro_systemic	597	68	62
axis_neuro_systemic	598	78	70
axis_neuro_systemic	599	59	55
axis_neuro_systemic	600	70	63
axis_neuro_systemic	601	61	58
axis_neuro_systemic	602	67	61
axis_neuro_systemic	603	69	64
axis_neuro_systemic	604	74	66
axis_neuro_systemic	605	62	57
axis_neuro_systemic	606	80	74
axis_neuro_systemic	607	63	56
axis_neuro_systemic	608	70	63
axis_neuro_systemic	609	60	57
axis_neuro_systemic	610	70	66
axis_neuro_systemic	611	61	56
axis_neuro_systemic	612	75	67
axis_neuro_systemic	613	66	63
axis_neuro_systemic	614	73	70
axis_neuro_systemic	615	62	60
axis_neuro_systemic	616	75	72
axis_neuro_systemic	617	68	59
axis_neuro_systemic	618	66	61
axis_neuro_systemic	619	72	65
axis_neuro_systemic	620	65	58
axis_neuro_systemic	621	62	60
axis_neuro_systemic	622	67	65
axis_neuro_systemic	623	59	55
axis_neuro_systemic	624	63	58
axis_neuro_systemic	625	58	53
axis_neuro_systemic	626	72	67
axis_neuro_systemic	627	54	51
axis_neuro_systemic	628	73	67
axis_neuro_systemic	629	61	58
axis_neuro_systemic	630	61	57
axis_neuro_systemic	631	69	66
axis_neuro_systemic	632	69	62
axis_neuro_systemic	633	62	56
axis_neuro_systemic	634	62	58
axis_neuro_systemic	635	57	49
axis_neuro_systemic	636	68	61
axis_neuro_systemic	637	66	62
axis_neuro_systemic	638	71	65
axis_neuro_systemic	639	69	62
axis_neuro_systemic	640	68	63
axis_neuro_systemic	641	54	50
axis_neuro_systemic	642	56	51
axis_neuro_systemic	643	71	63
axis_neuro_systemic	644	69	63
axis_neuro_systemic	645	64	59
axis_neuro_systemic	646	65	60
axis_neuro_systemic	647	76	68
axis_neuro_systemic	648	65	63
axis_neuro_systemic	649	58	53
axis_neuro_systemic	650	73	66
axis_neuro_systemic	651	60	57
axis_neuro_systemic	652	58	52
axis_neuro_systemic	653	65	59
axis_neuro_systemic	654	64	59
axis_neuro_systemic	655	56	53
axis_neuro_systemic	656	70	64
axis_neuro_systemic	657	64	58
axis_neuro_systemic	658	66	62
axis_neuro_systemic	659	64	59
axis_neuro_systemic	660	72	64
axis_neuro_systemic	661	70	66
axis_neuro_systemic	662	69	65
axis_neuro_systemic	663	67	59
axis_neuro_systemic	664	68	63
axis_neuro_systemic	665	69	65
axis_neuro_systemic	666	72	67
axis_neuro_systemic	667	66	60
axis_neuro_systemic	668	77	72
axis_neuro_systemic	669	63	59
axis_neuro_systemic	670	60	59
axis_neuro_systemic	671	62	58
axis_neuro_systemic	672	70	64
axis_neuro_systemic	673	66	60
axis_neuro_systemic	674	66	58
axis_neuro_systemic	675	65	60
axis_neuro_systemic	676	68	64
axis_neuro_systemic	677	62	59
axis_neuro_systemic	678	68	62
axis_neuro_systemic	679	67	62
axis_neuro_systemic	680	79	71
axis_neuro_systemic	681	71	65
axis_neuro_systemic	682	71	67
axis_neuro_systemic	683	72	67
axis_neuro_systemic	684	71	67
axis_neuro_systemic	685	74	68
axis_neuro_systemic	686	65	62
axis_neuro_systemic	687	69	63
axis_neuro_systemic	688	62	59
axis_neuro_systemic	689	69	62
axis_neuro_systemic	690	55	51
axis_neuro_systemic	691	63	60
axis_neuro_systemic	692	62	56
axis_neuro_systemic	693	63	58
axis_neuro_systemic	694	71	66
axis_neuro_systemic	695	78	72
axis_neuro_systemic	696	68	63
axis_neuro_systemic	697	72	63
axis_neuro_systemic	698	68	61
axis_neuro_systemic	699	52	50
axis_neuro_systemic	700	52	50
axis_neuro_systemic	701	58	53
axis_neuro_systemic	702	67	61
axis_neuro_systemic	703	60	56
axis_neuro_systemic	704	64	61
axis_neuro_systemic	705	65	58
axis_neuro_systemic	706	66	60
axis_neuro_systemic	707	73	65
axis_neuro_systemic	708	67	60
axis_neuro_systemic	709	67	59
axis_neuro_systemic	710	72	65
axis_neuro_systemic	711	62	58
axis_neuro_systemic	712	67	60
axis_neuro_systemic	713	69	61
axis_neuro_systemic	714	67	59
axis_neuro_systemic	715	58	53
axis_neuro_systemic	716	78	70
axis_neuro_systemic	717	77	67
axis_neuro_systemic	718	60	54
axis_neuro_systemic	719	69	64
axis_neuro_systemic	720	71	66
axis_neuro_systemic	721	68	64
axis_neuro_systemic	722	76	69
axis_neuro_systemic	723	72	67
axis_neuro_systemic	724	74	64
axis_neuro_systemic	725	65	63
axis_neuro_systemic	726	62	57
axis_neuro_systemic	727	67	64
axis_neuro_systemic	728	69	64
axis_neuro_systemic	729	70	65
axis_neuro_systemic	730	66	62
axis_neuro_systemic	731	77	69
axis_neuro_systemic	732	79	72
axis_neuro_systemic	733	73	66
axis_neuro_systemic	734	56	51
axis_neuro_systemic	735	60	57
axis_neuro_systemic	736	67	64
axis_neuro_systemic	737	73	67
axis_neuro_systemic	738	65	61
axis_neuro_systemic	739	63	57
axis_neuro_systemic	740	72	62
axis_neuro_systemic	741	63	60
axis_neuro_systemic	742	72	65
axis_neuro_systemic	743	74	65
axis_neuro_systemic	744	73	63
axis_neuro_systemic	745	67	61
axis_neuro_systemic	746	67	63
axis_neuro_systemic	747	76	69
axis_neuro_systemic	748	62	57
axis_neuro_systemic	749	71	67
axis_neuro_systemic	750	65	61
axis_neuro_systemic	751	66	61
axis_neuro_systemic	752	70	63
axis_neuro_systemic	753	59	54
axis_neuro_systemic	754	63	56
axis_neuro_systemic	755	57	56
axis_neuro_systemic	756	67	62
axis_neuro_systemic	757	82	75
axis_neuro_systemic	758	81	72
axis_neuro_systemic	759	71	66
axis_neuro_systemic	760	65	60
axis_neuro_systemic	761	60	56
axis_neuro_systemic	762	68	64
axis_neuro_systemic	763	61	56
axis_neuro_systemic	764	73	67
axis_neuro_systemic	765	68	61
axis_neuro_systemic	766	60	53
axis_neuro_systemic	767	69	64
axis_neuro_systemic	768	60	57
axis_neuro_systemic	769	67	60
axis_neuro_systemic	770	76	69
axis_neuro_systemic	771	73	66
axis_neuro_systemic	772	69	60
axis_neuro_systemic	773	66	63
axis_neuro_systemic	774	66	61
axis_neuro_systemic	775	65	58
axis_neuro_systemic	776	60	56
axis_neuro_systemic	777	70	62
axis_neuro_systemic	778	66	60
axis_neuro_systemic	779	61	57
axis_neuro_systemic	780	63	61
axis_neuro_systemic	781	62	59
axis_neuro_systemic	782	68	61
axis_neuro_systemic	783	74	66
axis_neuro_systemic	784	66	61
axis_neuro_systemic	785	57	53
axis_neuro_systemic	786	72	64
axis_neuro_systemic	787	67	59
axis_neuro_systemic	788	70	67
axis_neuro_systemic	789	72	67
axis_neuro_systemic	790	59	54
axis_neuro_systemic	791	67	62
axis_neuro_systemic	792	60	57
axis_neuro_systemic	793	62	56
axis_neuro_systemic	794	72	67
axis_neuro_systemic	795	66	62
axis_neuro_systemic	796	73	67
axis_neuro_systemic	797	69	61
axis_neuro_systemic	798	75	69
axis_neuro_systemic	799	76	69
axis_neuro_systemic	800	66	60
axis_neuro_systemic	801	74	67
axis_neuro_systemic	802	69	63
axis_neuro_systemic	803	67	63
axis_neuro_systemic	804	63	59
axis_neuro_systemic	805	66	63
axis_neuro_systemic	806	73	68
axis_neuro_systemic	807	70	60
axis_neuro_systemic	808	53	48
axis_neuro_systemic	809	72	65
axis_neuro_systemic	810	74	67
axis_neuro_systemic	811	74	66
axis_neuro_systemic	812	63	58
axis_neuro_systemic	813	68	65
axis_neuro_systemic	814	74	70
axis_neuro_systemic	815	61	57
axis_neuro_systemic	816	62	57
axis_neuro_systemic	817	77	73
axis_neuro_systemic	818	67	63
axis_neuro_systemic	819	60	53
axis_neuro_systemic	820	66	60
axis_neuro_systemic	821	68	61
axis_neuro_systemic	822	57	52
axis_neuro_systemic	823	74	66
axis_neuro_systemic	824	63	57
axis_neuro_systemic	825	77	72
axis_neuro_systemic	826	67	61
axis_neuro_systemic	827	72	66
axis_neuro_systemic	828	67	60
axis_neuro_systemic	829	69	63
axis_neuro_systemic	830	68	65
axis_neuro_systemic	831	71	62
axis_neuro_systemic	832	59	56
axis_neuro_systemic	833	60	55
axis_neuro_systemic	834	67	64
axis_neuro_systemic	835	68	63
axis_neuro_systemic	836	62	55
axis_neuro_systemic	837	63	60
axis_neuro_systemic	838	61	59
axis_neuro_systemic	839	70	61
axis_neuro_systemic	840	64	59
axis_neuro_systemic	841	64	58
axis_neuro_systemic	842	68	63
axis_neuro_systemic	843	52	50
axis_neuro_systemic	844	64	60
axis_neuro_systemic	845	67	63
axis_neuro_systemic	846	76	71
axis_neuro_systemic	847	68	64
axis_neuro_systemic	848	68	62
axis_neuro_systemic	849	69	60
axis_neuro_systemic	850	71	64
axis_neuro_systemic	851	70	64
axis_neuro_systemic	852	64	60
axis_neuro_systemic	853	72	69
axis_neuro_systemic	854	64	58
axis_neuro_systemic	855	64	59
axis_neuro_systemic	856	73	67
axis_neuro_systemic	857	59	57
axis_neuro_systemic	858	69	66
axis_neuro_systemic	859	65	62
axis_neuro_systemic	860	69	62
axis_neuro_systemic	861	59	55
axis_neuro_systemic	862	63	60
axis_neuro_systemic	863	67	61
axis_neuro_systemic	864	61	55
axis_neuro_systemic	865	78	69
axis_neuro_systemic	866	74	70
axis_neuro_systemic	867	67	61
axis_neuro_systemic	868	67	60
axis_neuro_systemic	869	81	73
axis_neuro_systemic	870	69	61
axis_neuro_systemic	871	73	69
axis_neuro_systemic	872	70	68
axis_neuro_systemic	873	69	65
axis_neuro_systemic	874	67	61
axis_neuro_systemic	875	66	62
axis_neuro_systemic	876	74	68
axis_neuro_systemic	877	67	62
axis_neuro_systemic	878	76	72
axis_neuro_systemic	879	75	65
axis_neuro_systemic	880	67	63
axis_neuro_systemic	881	71	64
axis_neuro_systemic	882	71	64
axis_neuro_systemic	883	68	61
axis_neuro_systemic	884	66	63
axis_neuro_systemic	885	64	59
axis_neuro_systemic	886	69	66
axis_neuro_systemic	887	59	54
axis_neuro_systemic	888	63	61
axis_neuro_systemic	889	70	63
axis_neuro_systemic	890	66	60
axis_neuro_systemic	891	73	65
axis_neuro_systemic	892	72	65
axis_neuro_systemic	893	75	69
axis_neuro_systemic	894	73	67
axis_neuro_systemic	895	70	63
axis_neuro_systemic	896	70	63
axis_neuro_systemic	897	78	68
axis_neuro_systemic	898	66	63
axis_neuro_systemic	899	62	57
axis_neuro_systemic	900	70	63
axis_neuro_systemic	901	78	71
axis_neuro_systemic	902	71	66
axis_neuro_systemic	903	64	58
axis_neuro_systemic	904	86	80
axis_neuro_systemic	905	65	58
axis_neuro_systemic	906	70	66
axis_neuro_systemic	907	70	65
axis_neuro_systemic	908	54	49
axis_neuro_systemic	909	70	67
axis_neuro_systemic	910	61	58
axis_neuro_systemic	911	69	65
axis_neuro_systemic	912	61	56
axis_neuro_systemic	913	68	61
axis_neuro_systemic	914	69	62
axis_neuro_systemic	915	61	57
axis_neuro_systemic	916	67	61
axis_neuro_systemic	917	70	63
axis_neuro_systemic	918	57	50
axis_neuro_systemic	919	68	61
axis_neuro_systemic	920	66	61
axis_neuro_systemic	921	77	72
axis_neuro_systemic	922	61	55
axis_neuro_systemic	923	68	63
axis_neuro_systemic	924	81	74
axis_neuro_systemic	925	74	68
axis_neuro_systemic	926	65	57
axis_neuro_systemic	927	68	63
axis_neuro_systemic	928	65	58
axis_neuro_systemic	929	74	69
axis_neuro_systemic	930	77	70
axis_neuro_systemic	931	68	62
axis_neuro_systemic	932	70	65
axis_neuro_systemic	933	58	50
axis_neuro_systemic	934	66	61
axis_neuro_systemic	935	74	68
axis_neuro_systemic	936	72	65
axis_neuro_systemic	937	65	61
axis_neuro_systemic	938	71	68
axis_neuro_systemic	939	67	59
axis_neuro_systemic	940	73	65
axis_neuro_systemic	941	69	63
axis_neuro_systemic	942	68	62
axis_neuro_systemic	943	65	63
axis_neuro_systemic	944	71	65
axis_neuro_systemic	945	56	53
axis_neuro_systemic	946	69	64
axis_neuro_systemic	947	65	61
axis_neuro_systemic	948	60	55
axis_neuro_systemic	949	67	62
axis_neuro_systemic	950	68	60
axis_neuro_systemic	951	70	65
axis_neuro_systemic	952	67	62
axis_neuro_systemic	953	71	65
axis_neuro_systemic	954	74	69
axis_neuro_systemic	955	74	67
axis_neuro_systemic	956	63	59
axis_neuro_systemic	957	59	55
axis_neuro_systemic	958	60	55
axis_neuro_systemic	959	61	59
axis_neuro_systemic	960	82	74
axis_neuro_systemic	961	68	61
axis_neuro_systemic	962	68	65
axis_neuro_systemic	963	74	66
axis_neuro_systemic	964	72	68
axis_neuro_systemic	965	65	57
axis_neuro_systemic	966	64	54
axis_neuro_systemic	967	69	63
axis_neuro_systemic	968	66	58
axis_neuro_systemic	969	69	63
axis_neuro_systemic	970	74	67
axis_neuro_systemic	971	58	54
axis_neuro_systemic	972	71	67
axis_neuro_systemic	973	71	68
axis_neuro_systemic	974	73	65
axis_neuro_systemic	975	82	76
axis_neuro_systemic	976	64	59
axis_neuro_systemic	977	70	62
axis_neuro_systemic	978	56	54
axis_neuro_systemic	979	62	57
axis_neuro_systemic	980	68	60
axis_neuro_systemic	981	67	62
axis_neuro_systemic	982	66	61
axis_neuro_systemic	983	74	66
axis_neuro_systemic	984	66	62
axis_neuro_systemic	985	67	60
axis_neuro_systemic	986	66	61
axis_neuro_systemic	987	77	70
axis_neuro_systemic	988	63	59
axis_neuro_systemic	989	59	54
axis_neuro_systemic	990	71	67
axis_neuro_systemic	991	68	63
axis_neuro_systemic	992	61	55
axis_neuro_systemic	993	69	63
axis_neuro_systemic	994	58	54
axis_neuro_systemic	995	76	71
axis_neuro_systemic	996	71	63
axis_neuro_systemic	997	66	61
axis_neuro_systemic	998	70	65
axis_neuro_systemic	999	62	56
axis_neuro_systemic	1000	64	61
axis_neuro_systemic	1001	67	62
axis_neuro_systemic	1002	72	69
axis_neuro_systemic	1003	64	56
axis_neuro_systemic	1004	68	62
axis_neuro_systemic	1005	65	62
axis_neuro_systemic	1006	65	59
axis_neuro_systemic	1007	64	60
axis_neuro_systemic	1008	62	54
axis_neuro_systemic	1009	56	53
axis_neuro_systemic	1010	63	58
axis_neuro_systemic	1011	58	56
axis_neuro_systemic	1012	72	67
axis_neuro_systemic	1013	63	58
axis_neuro_systemic	1014	64	61
axis_neuro_systemic	1015	64	59
axis_neuro_systemic	1016	67	64
axis_neuro_systemic	1017	73	68
axis_neuro_systemic	1018	70	64
axis_neuro_systemic	1019	57	53
axis_neuro_systemic	1020	69	66
axis_neuro_systemic	1021	76	72
axis_neuro_systemic	1022	65	61
axis_neuro_systemic	1023	67	61
axis_neuro_systemic	1024	72	68
axis_neuro_systemic	1025	81	73
axis_neuro_systemic	1026	62	58
axis_neuro_systemic	1027	69	66
axis_neuro_systemic	1028	63	60
axis_neuro_systemic	1029	62	58
axis_neuro_systemic	1030	69	65
axis_neuro_systemic	1031	74	67
axis_neuro_systemic	1032	69	62
axis_neuro_systemic	1033	55	54
axis_neuro_systemic	1034	65	59
axis_neuro_systemic	1035	68	62
axis_neuro_systemic	1036	59	56
axis_neuro_systemic	1037	68	63
axis_neuro_systemic	1038	66	62
axis_neuro_systemic	1039	60	57
axis_neuro_systemic	1040	78	71
axis_neuro_systemic	1041	66	60
axis_neuro_systemic	1042	71	65
axis_neuro_systemic	1043	70	64
axis_neuro_systemic	1044	79	72
axis_neuro_systemic	1045	56	52
axis_neuro_systemic	1046	73	65
axis_neuro_systemic	1047	65	57
axis_neuro_systemic	1048	72	66
axis_neuro_systemic	1049	67	61
axis_neuro_systemic	1050	62	58
axis_neuro_systemic	1051	66	60
axis_neuro_systemic	1052	69	63
axis_neuro_systemic	1053	55	51
axis_neuro_systemic	1054	65	59
axis_neuro_systemic	1055	70	67
axis_neuro_systemic	1056	75	69
axis_neuro_systemic	1057	66	62
axis_neuro_systemic	1058	60	58
axis_neuro_systemic	1059	74	65
axis_neuro_systemic	1060	69	63
axis_neuro_systemic	1061	66	60
axis_neuro_systemic	1062	78	71
axis_neuro_systemic	1063	63	57
axis_neuro_systemic	1064	65	61
axis_neuro_systemic	1065	59	56
axis_neuro_systemic	1066	71	63
axis_neuro_systemic	1067	60	57
axis_neuro_systemic	1068	74	67
axis_neuro_systemic	1069	79	74
axis_neuro_systemic	1070	68	60
axis_neuro_systemic	1071	71	62
axis_neuro_systemic	1072	72	65
axis_neuro_systemic	1073	67	63
axis_neuro_systemic	1074	77	71
axis_neuro_systemic	1075	67	63
axis_neuro_systemic	1076	72	65
axis_neuro_systemic	1077	58	52
axis_neuro_systemic	1078	66	60
axis_neuro_systemic	1079	74	68
axis_neuro_systemic	1080	68	65
axis_neuro_systemic	1081	73	67
axis_neuro_systemic	1082	68	66
axis_neuro_systemic	1083	81	73
axis_neuro_systemic	1084	64	59
axis_neuro_systemic	1085	78	69
axis_neuro_systemic	1086	71	68
axis_neuro_systemic	1087	69	63
axis_neuro_systemic	1088	69	64
axis_neuro_systemic	1089	73	67
axis_neuro_systemic	1090	59	51
axis_neuro_systemic	1091	48	45
axis_neuro_systemic	1092	63	59
axis_neuro_systemic	1093	67	64
axis_neuro_systemic	1094	74	68
axis_neuro_systemic	1095	68	64
axis_neuro_systemic	1096	59	53
axis_neuro_systemic	1097	64	59
axis_neuro_systemic	1098	71	61
axis_neuro_systemic	1099	67	65
axis_neuro_systemic	1100	61	56
axis_neuro_systemic	1101	66	59
axis_neuro_systemic	1102	65	60
axis_neuro_systemic	1103	64	58
axis_neuro_systemic	1104	74	68
axis_neuro_systemic	1105	72	64
axis_neuro_systemic	1106	74	66
axis_neuro_systemic	1107	59	53
axis_neuro_systemic	1108	71	67
axis_neuro_systemic	1109	68	64
axis_neuro_systemic	1110	77	71
axis_neuro_systemic	1111	80	71
axis_neuro_systemic	1112	56	54
axis_neuro_systemic	1113	68	63
axis_neuro_systemic	1114	69	67
axis_neuro_systemic	1115	68	62
axis_neuro_systemic	1116	70	65
axis_neuro_systemic	1117	72	67
axis_neuro_systemic	1118	71	64
axis_neuro_systemic	1119	73	65
axis_neuro_systemic	1120	61	60
axis_neuro_systemic	1121	64	58
axis_neuro_systemic	1122	69	60
axis_neuro_systemic	1123	70	67
axis_neuro_systemic	1124	71	68
axis_neuro_systemic	1125	71	67
axis_neuro_systemic	1126	73	68
axis_neuro_systemic	1127	67	61
axis_neuro_systemic	1128	66	61
axis_neuro_systemic	1129	64	60
axis_neuro_systemic	1130	70	62
axis_neuro_systemic	1131	70	63
axis_neuro_systemic	1132	63	57
axis_neuro_systemic	1133	66	61
axis_neuro_systemic	1134	53	49
axis_neuro_systemic	1135	78	73
axis_neuro_systemic	1136	67	61
axis_neuro_systemic	1137	73	67
axis_neuro_systemic	1138	73	70
axis_neuro_systemic	1139	67	62
axis_neuro_systemic	1140	71	68
axis_neuro_systemic	1141	69	65
axis_neuro_systemic	1142	65	60
axis_neuro_systemic	1143	70	64
axis_neuro_systemic	1144	68	60
axis_neuro_systemic	1145	67	60
axis_neuro_systemic	1146	64	61
axis_neuro_systemic	1147	65	61
axis_neuro_systemic	1148	67	63
axis_neuro_systemic	1149	65	59
axis_neuro_systemic	1150	72	65
axis_neuro_systemic	1151	65	56
axis_neuro_systemic	1152	70	62
axis_neuro_systemic	1153	62	55
axis_neuro_systemic	1154	65	61
axis_neuro_systemic	1155	77	68
axis_neuro_systemic	1156	70	65
axis_neuro_systemic	1157	62	59
axis_neuro_systemic	1158	68	64
axis_neuro_systemic	1159	79	72
axis_neuro_systemic	1160	57	52
axis_neuro_systemic	1161	69	64
axis_neuro_systemic	1162	67	60
axis_neuro_systemic	1163	62	58
axis_neuro_systemic	1164	65	63
axis_neuro_systemic	1165	67	60
axis_neuro_systemic	1166	61	54
axis_neuro_systemic	1167	68	63
axis_neuro_systemic	1168	64	62
axis_neuro_systemic	1169	74	69
axis_neuro_systemic	1170	73	66
axis_neuro_systemic	1171	57	53
axis_neuro_systemic	1172	69	64
axis_neuro_systemic	1173	72	67
axis_neuro_systemic	1174	68	63
axis_neuro_systemic	1175	75	69
axis_neuro_systemic	1176	65	62
axis_neuro_systemic	1177	64	61
axis_neuro_systemic	1178	69	65
axis_neuro_systemic	1179	71	64
axis_neuro_systemic	1180	77	69
axis_neuro_systemic	1181	70	63
axis_neuro_systemic	1182	59	54
axis_neuro_systemic	1183	63	60
axis_neuro_systemic	1184	66	59
axis_neuro_systemic	1185	67	62
axis_neuro_systemic	1186	65	61
axis_neuro_systemic	1187	71	66
axis_neuro_systemic	1188	67	60
axis_neuro_systemic	1189	56	51
axis_neuro_systemic	1190	67	63
axis_neuro_systemic	1191	78	72
axis_neuro_systemic	1192	69	63
axis_neuro_systemic	1193	69	62
axis_neuro_systemic	1194	64	58
axis_neuro_systemic	1195	63	59
axis_neuro_systemic	1196	65	61
axis_neuro_systemic	1197	59	55
axis_neuro_systemic	1198	66	60
axis_neuro_systemic	1199	59	54
axis_neuro_systemic	1200	63	59
axis_neuro_systemic	1201	66	60
axis_neuro_systemic	1202	69	64
axis_neuro_systemic	1203	72	66
axis_neuro_systemic	1204	63	59
axis_neuro_systemic	1205	64	58
axis_neuro_systemic	1206	69	63
axis_neuro_systemic	1207	73	69
axis_neuro_systemic	1208	66	60
axis_neuro_systemic	1209	65	58
axis_neuro_systemic	1210	71	64
axis_neuro_systemic	1211	66	60
axis_neuro_systemic	1212	65	64
axis_neuro_systemic	1213	69	64
axis_neuro_systemic	1214	66	63
axis_neuro_systemic	1215	62	61
axis_neuro_systemic	1216	59	55
axis_neuro_systemic	1217	74	66
axis_neuro_systemic	1218	65	59
axis_neuro_systemic	1219	67	65
axis_neuro_systemic	1220	61	59
axis_neuro_systemic	1221	69	65
axis_neuro_systemic	1222	64	60
axis_neuro_systemic	1223	69	62
axis_neuro_systemic	1224	70	67
axis_neuro_systemic	1225	71	67
axis_neuro_systemic	1226	70	66
axis_neuro_systemic	1227	67	62
axis_neuro_systemic	1228	66	57
axis_neuro_systemic	1229	69	65
axis_neuro_systemic	1230	78	71
axis_neuro_systemic	1231	67	62
axis_neuro_systemic	1232	67	63
axis_neuro_systemic	1233	70	62
axis_neuro_systemic	1234	71	63
axis_neuro_systemic	1235	77	72
axis_neuro_systemic	1236	56	50
axis_neuro_systemic	1237	53	51
axis_neuro_systemic	1238	60	54
axis_neuro_systemic	1239	66	61
axis_neuro_systemic	1240	75	70
axis_neuro_systemic	1241	73	65
axis_neuro_systemic	1242	66	63
axis_neuro_systemic	1243	65	62
axis_neuro_systemic	1244	80	74
axis_neuro_systemic	1245	73	66
axis_neuro_systemic	1246	68	62
axis_neuro_systemic	1247	58	54
axis_neuro_systemic	1248	68	63
axis_neuro_systemic	1249	66	60
axis_neuro_systemic	1250	70	63
axis_neuro_systemic	1251	70	65
axis_neuro_systemic	1252	75	67
axis_neuro_systemic	1253	63	57
axis_neuro_systemic	1254	63	59
axis_neuro_systemic	1255	56	54
axis_neuro_systemic	1256	62	54
axis_neuro_systemic	1257	64	57
axis_neuro_systemic	1258	72	63
axis_neuro_systemic	1259	60	55
axis_neuro_systemic	1260	63	58
axis_neuro_systemic	1261	62	59
axis_neuro_systemic	1262	66	63
axis_neuro_systemic	1263	70	67
axis_neuro_systemic	1264	59	54
axis_neuro_systemic	1265	67	61
axis_neuro_systemic	1266	69	63
axis_neuro_systemic	1267	73	65
axis_neuro_systemic	1268	67	64
axis_neuro_systemic	1269	61	57
axis_neuro_systemic	1270	71	63
axis_neuro_systemic	1271	77	66
axis_neuro_systemic	1272	72	65
axis_neuro_systemic	1273	72	64
axis_neuro_systemic	1274	67	61
axis_neuro_systemic	1275	77	69
axis_neuro_systemic	1276	72	66
axis_neuro_systemic	1277	71	64
axis_neuro_systemic	1278	61	55
axis_neuro_systemic	1279	67	58
axis_neuro_systemic	1280	69	63
axis_neuro_systemic	1281	75	66
axis_neuro_systemic	1282	68	61
axis_neuro_systemic	1283	56	54
axis_neuro_systemic	1284	67	64
axis_neuro_systemic	1285	83	76
axis_neuro_systemic	1286	75	71
axis_neuro_systemic	1287	68	65
axis_neuro_systemic	1288	67	62
axis_neuro_systemic	1289	72	68
axis_neuro_systemic	1290	59	55
axis_neuro_systemic	1291	63	59
axis_neuro_systemic	1292	70	61
axis_neuro_systemic	1293	66	61
axis_neuro_systemic	1294	62	57
axis_neuro_systemic	1295	64	62
axis_neuro_systemic	1296	63	58
axis_neuro_systemic	1297	72	69
axis_neuro_systemic	1298	75	69
axis_neuro_systemic	1299	68	65
axis_neuro_systemic	1300	80	72
axis_neuro_systemic	1301	63	58
axis_neuro_systemic	1302	66	61
axis_neuro_systemic	1303	76	69
axis_neuro_systemic	1304	68	62
axis_neuro_systemic	1305	77	70
axis_neuro_systemic	1306	65	60
axis_neuro_systemic	1307	73	67
axis_neuro_systemic	1308	70	65
axis_neuro_systemic	1309	70	67
axis_neuro_systemic	1310	60	54
axis_neuro_systemic	1311	64	58
axis_neuro_systemic	1312	74	70
axis_neuro_systemic	1313	63	58
axis_neuro_systemic	1314	68	59
axis_neuro_systemic	1315	75	70
axis_neuro_systemic	1316	80	69
axis_neuro_systemic	1317	62	60
axis_neuro_systemic	1318	79	74
axis_neuro_systemic	1319	75	66
axis_neuro_systemic	1320	69	66
axis_neuro_systemic	1321	65	60
axis_neuro_systemic	1322	64	60
axis_neuro_systemic	1323	56	52
axis_neuro_systemic	1324	57	56
axis_neuro_systemic	1325	72	67
axis_neuro_systemic	1326	64	57
axis_neuro_systemic	1327	61	57
axis_neuro_systemic	1328	71	66
axis_neuro_systemic	1329	67	62
axis_neuro_systemic	1330	67	60
axis_neuro_systemic	1331	66	61
axis_neuro_systemic	1332	65	59
axis_neuro_systemic	1333	70	66
axis_neuro_systemic	1334	64	59
axis_neuro_systemic	1335	59	55
axis_neuro_systemic	1336	71	62
axis_neuro_systemic	1337	71	65
axis_neuro_systemic	1338	64	63
axis_neuro_systemic	1339	66	60
axis_neuro_systemic	1340	63	58
axis_neuro_systemic	1341	72	66
axis_neuro_systemic	1342	76	69
axis_neuro_systemic	1343	63	59
axis_neuro_systemic	1344	64	58
axis_neuro_systemic	1345	69	64
axis_neuro_systemic	1346	54	53
axis_neuro_systemic	1347	63	57
axis_neuro_systemic	1348	62	56
axis_neuro_systemic	1349	68	62
axis_neuro_systemic	1350	77	71
axis_neuro_systemic	1351	60	55
axis_neuro_systemic	1352	70	66
axis_neuro_systemic	1353	62	56
axis_neuro_systemic	1354	56	55
axis_neuro_systemic	1355	56	52
axis_neuro_systemic	1356	62	58
axis_neuro_systemic	1357	69	63
axis_neuro_systemic	1358	63	58
axis_neuro_systemic	1359	61	56
axis_neuro_systemic	1360	59	56
axis_neuro_systemic	1361	51	48
axis_neuro_systemic	1362	64	58
axis_neuro_systemic	1363	66	60
axis_neuro_systemic	1364	65	60
axis_neuro_systemic	1365	72	68
axis_neuro_systemic	1366	66	61
axis_neuro_systemic	1367	69	61
axis_neuro_systemic	1368	69	64
axis_neuro_systemic	1369	65	63
axis_neuro_systemic	1370	67	61
axis_neuro_systemic	1371	69	65
axis_neuro_systemic	1372	55	48
axis_neuro_systemic	1373	63	58
axis_neuro_systemic	1374	66	62
axis_neuro_systemic	1375	90	81
axis_neuro_systemic	1376	67	62
axis_neuro_systemic	1377	65	58
axis_neuro_systemic	1378	70	62
axis_neuro_systemic	1379	65	62
axis_neuro_systemic	1380	81	74
axis_neuro_systemic	1381	67	63
axis_neuro_systemic	1382	67	62
axis_neuro_systemic	1383	65	59
axis_neuro_systemic	1384	71	66
axis_neuro_systemic	1385	68	63
axis_neuro_systemic	1386	60	55
axis_neuro_systemic	1387	69	64
axis_neuro_systemic	1388	69	62
axis_neuro_systemic	1389	63	58
axis_neuro_systemic	1390	69	65
axis_neuro_systemic	1391	68	61
axis_neuro_systemic	1392	77	68
axis_neuro_systemic	1393	65	62
axis_neuro_systemic	1394	61	57
axis_neuro_systemic	1395	70	62
axis_neuro_systemic	1396	54	51
axis_neuro_systemic	1397	73	66
axis_neuro_systemic	1398	69	61
axis_neuro_systemic	1399	67	62
axis_neuro_systemic	1400	66	60
axis_neuro_systemic	1401	78	73
axis_neuro_systemic	1402	70	63
axis_neuro_systemic	1403	71	63
axis_neuro_systemic	1404	62	56
axis_neuro_systemic	1405	60	58
axis_neuro_systemic	1406	72	68
axis_neuro_systemic	1407	79	72
axis_neuro_systemic	1408	51	49
axis_neuro_systemic	1409	61	56
axis_neuro_systemic	1410	62	57
axis_neuro_systemic	1411	59	55
axis_neuro_systemic	1412	74	67
axis_neuro_systemic	1413	65	59
axis_neuro_systemic	1414	73	65
axis_neuro_systemic	1415	66	58
axis_neuro_systemic	1416	65	62
axis_neuro_systemic	1417	67	64
axis_neuro_systemic	1418	68	65
axis_neuro_systemic	1419	63	58
axis_neuro_systemic	1420	64	58
axis_neuro_systemic	1421	58	54
axis_neuro_systemic	1422	62	59
axis_neuro_systemic	1423	69	66
axis_neuro_systemic	1424	71	68
axis_neuro_systemic	1425	67	60
axis_neuro_systemic	1426	65	58
axis_neuro_systemic	1427	74	66
axis_neuro_systemic	1428	65	59
axis_neuro_systemic	1429	76	69
axis_neuro_systemic	1430	67	64
axis_neuro_systemic	1431	69	64
axis_neuro_systemic	1432	59	56
axis_neuro_systemic	1433	71	67
axis_neuro_systemic	1434	67	60
axis_neuro_systemic	1435	60	54
axis_neuro_systemic	1436	71	63
axis_neuro_systemic	1437	64	56
axis_neuro_systemic	1438	60	57
axis_neuro_systemic	1439	57	51
axis_neuro_systemic	1440	60	55
axis_neuro_systemic	1441	61	57
axis_neuro_systemic	1442	63	60
axis_neuro_systemic	1443	75	71
axis_neuro_systemic	1444	67	63
axis_neuro_systemic	1445	67	57
axis_neuro_systemic	1446	67	62
axis_neuro_systemic	1447	68	62
axis_neuro_systemic	1448	76	71
axis_neuro_systemic	1449	77	73
axis_neuro_systemic	1450	64	63
axis_neuro_systemic	1451	61	55
axis_neuro_systemic	1452	69	64
axis_neuro_systemic	1453	83	74
axis_neuro_systemic	1454	70	63
axis_neuro_systemic	1455	62	58
axis_neuro_systemic	1456	65	60
axis_neuro_systemic	1457	68	61
axis_neuro_systemic	1458	72	66
axis_neuro_systemic	1459	69	64
axis_neuro_systemic	1460	74	68
axis_neuro_systemic	1461	64	58
axis_neuro_systemic	1462	69	63
axis_neuro_systemic	1463	66	58
axis_neuro_systemic	1464	73	67
axis_neuro_systemic	1465	48	46
axis_neuro_systemic	1466	62	59
axis_neuro_systemic	1467	69	65
axis_neuro_systemic	1468	66	63
axis_neuro_systemic	1469	64	60
axis_neuro_systemic	1470	65	62
axis_neuro_systemic	1471	64	60
axis_neuro_systemic	1472	69	64
axis_neuro_systemic	1473	75	69
axis_neuro_systemic	1474	78	70
axis_neuro_systemic	1475	81	74
axis_neuro_systemic	1476	71	64
axis_neuro_systemic	1477	58	54
axis_neuro_systemic	1478	68	63
axis_neuro_systemic	1479	74	67
axis_neuro_systemic	1480	74	68
axis_neuro_systemic	1481	73	65
axis_neuro_systemic	1482	63	62
axis_neuro_systemic	1483	78	72
axis_neuro_systemic	1484	64	59
axis_neuro_systemic	1485	70	65
axis_neuro_systemic	1486	60	55
axis_neuro_systemic	1487	64	59
axis_neuro_systemic	1488	66	58
axis_neuro_systemic	1489	64	59
axis_neuro_systemic	1490	64	58
axis_neuro_systemic	1491	70	65
axis_neuro_systemic	1492	66	63
axis_neuro_systemic	1493	71	64
axis_neuro_systemic	1494	58	56
axis_neuro_systemic	1495	61	54
axis_neuro_systemic	1496	77	70
axis_neuro_systemic	1497	73	65
axis_neuro_systemic	1498	62	58
axis_neuro_systemic	1499	71	66
axis_neuro_systemic	1500	66	61
axis_neuro_systemic	1501	64	58
axis_neuro_systemic	1502	71	66
axis_neuro_systemic	1503	66	61
axis_neuro_systemic	1504	73	70
axis_neuro_systemic	1505	66	59
axis_neuro_systemic	1506	63	59
axis_neuro_systemic	1507	69	62
axis_neuro_systemic	1508	66	61
axis_neuro_systemic	1509	75	68
axis_neuro_systemic	1510	65	58
axis_neuro_systemic	1511	74	67
axis_neuro_systemic	1512	66	62
axis_neuro_systemic	1513	63	56
axis_neuro_systemic	1514	71	64
axis_neuro_systemic	1515	70	66
axis_neuro_systemic	1516	66	63
axis_neuro_systemic	1517	61	60
axis_neuro_systemic	1518	67	60
axis_neuro_systemic	1519	84	77
axis_neuro_systemic	1520	66	62
axis_neuro_systemic	1521	65	63
axis_neuro_systemic	1522	70	63
axis_neuro_systemic	1523	64	59
axis_neuro_systemic	1524	74	69
axis_neuro_systemic	1525	54	52
axis_neuro_systemic	1526	74	68
axis_neuro_systemic	1527	63	60
axis_neuro_systemic	1528	70	66
axis_neuro_systemic	1529	63	59
axis_neuro_systemic	1530	70	62
axis_neuro_systemic	1531	69	65
axis_neuro_systemic	1532	64	58
axis_neuro_systemic	1533	58	54
axis_neuro_systemic	1534	76	71
axis_neuro_systemic	1535	61	55
axis_neuro_systemic	1536	65	58
axis_neuro_systemic	1537	61	53
axis_neuro_systemic	1538	71	65
axis_neuro_systemic	1539	73	68
axis_neuro_systemic	1540	73	66
axis_neuro_systemic	1541	69	63
axis_neuro_systemic	1542	54	51
axis_neuro_systemic	1543	58	53
axis_neuro_systemic	1544	59	54
axis_neuro_systemic	1545	70	62
axis_neuro_systemic	1546	65	59
axis_neuro_systemic	1547	76	68
axis_neuro_systemic	1548	72	64
axis_neuro_systemic	1549	70	65
axis_neuro_systemic	1550	59	54
axis_neuro_systemic	1551	61	53
axis_neuro_systemic	1552	51	49
axis_neuro_systemic	1553	64	61
axis_neuro_systemic	1554	57	54
axis_neuro_systemic	1555	58	53
axis_neuro_systemic	1556	63	60
axis_neuro_systemic	1557	54	51
axis_neuro_systemic	1558	67	62
axis_neuro_systemic	1559	59	53
axis_neuro_systemic	1560	77	69
axis_neuro_systemic	1561	68	63
axis_neuro_systemic	1562	70	63
axis_neuro_systemic	1563	68	61
axis_neuro_systemic	1564	71	67
axis_neuro_systemic	1565	66	60
axis_neuro_systemic	1566	68	66
axis_neuro_systemic	1567	52	49
axis_neuro_systemic	1568	68	61
axis_neuro_systemic	1569	75	68
axis_neuro_systemic	1570	69	63
axis_neuro_systemic	1571	62	57
axis_neuro_systemic	1572	78	71
axis_neuro_systemic	1573	69	63
axis_neuro_systemic	1574	59	52
axis_neuro_systemic	1575	70	64
axis_neuro_systemic	1576	65	60
axis_neuro_systemic	1577	62	57
axis_neuro_systemic	1578	61	57
axis_neuro_systemic	1579	61	55
axis_neuro_systemic	1580	74	67
axis_neuro_systemic	1581	71	64
axis_neuro_systemic	1582	65	61
axis_neuro_systemic	1583	65	59
axis_neuro_systemic	1584	64	60
axis_neuro_systemic	1585	57	54
axis_neuro_systemic	1586	55	52
axis_neuro_systemic	1587	64	61
axis_neuro_systemic	1588	69	63
axis_neuro_systemic	1589	64	59
axis_neuro_systemic	1590	60	54
axis_neuro_systemic	1591	72	64
axis_neuro_systemic	1592	79	70
axis_neuro_systemic	1593	61	59
axis_neuro_systemic	1594	59	57
axis_neuro_systemic	1595	62	56
axis_neuro_systemic	1596	65	59
axis_neuro_systemic	1597	70	62
axis_neuro_systemic	1598	66	59
axis_neuro_systemic	1599	61	59
axis_neuro_systemic	1600	69	60
axis_neuro_systemic	1601	64	56
axis_neuro_systemic	1602	59	54
axis_neuro_systemic	1603	72	68
axis_neuro_systemic	1604	66	61
axis_neuro_systemic	1605	74	67
axis_neuro_systemic	1606	73	67
axis_neuro_systemic	1607	58	57
axis_neuro_systemic	1608	72	67
axis_neuro_systemic	1609	69	68
axis_neuro_systemic	1610	65	59
axis_neuro_systemic	1611	74	68
axis_neuro_systemic	1612	78	73
axis_neuro_systemic	1613	55	51
axis_neuro_systemic	1614	65	60
axis_neuro_systemic	1615	72	68
axis_neuro_systemic	1616	66	65
axis_neuro_systemic	1617	67	61
axis_neuro_systemic	1618	79	72
axis_neuro_systemic	1619	65	61
axis_neuro_systemic	1620	61	56
axis_neuro_systemic	1621	69	61
axis_neuro_systemic	1622	65	62
axis_neuro_systemic	1623	72	67
axis_neuro_systemic	1624	75	69
axis_neuro_systemic	1625	66	59
axis_neuro_systemic	1626	64	58
axis_neuro_systemic	1627	54	50
axis_neuro_systemic	1628	68	63
axis_neuro_systemic	1629	74	67
axis_neuro_systemic	1630	72	65
axis_neuro_systemic	1631	63	60
axis_neuro_systemic	1632	69	65
axis_neuro_systemic	1633	54	51
axis_neuro_systemic	1634	58	55
axis_neuro_systemic	1635	59	56
axis_neuro_systemic	1636	65	63
axis_neuro_systemic	1637	68	63
axis_neuro_systemic	1638	60	56
axis_neuro_systemic	1639	83	79
axis_neuro_systemic	1640	73	66
axis_neuro_systemic	1641	68	65
axis_neuro_systemic	1642	73	62
axis_neuro_systemic	1643	65	59
axis_neuro_systemic	1644	73	68
axis_neuro_systemic	1645	70	65
axis_neuro_systemic	1646	66	61
axis_neuro_systemic	1647	56	52
axis_neuro_systemic	1648	62	58
axis_neuro_systemic	1649	65	62
axis_neuro_systemic	1650	78	68
axis_neuro_systemic	1651	67	63
axis_neuro_systemic	1652	67	60
axis_neuro_systemic	1653	71	66
axis_neuro_systemic	1654	62	58
axis_neuro_systemic	1655	63	59
axis_neuro_systemic	1656	63	60
axis_neuro_systemic	1657	74	70
axis_neuro_systemic	1658	60	58
axis_neuro_systemic	1659	71	66
axis_neuro_systemic	1660	79	74
axis_neuro_systemic	1661	66	62
axis_neuro_systemic	1662	72	66
axis_neuro_systemic	1663	62	58
axis_neuro_systemic	1664	59	55
axis_neuro_systemic	1665	59	55
axis_neuro_systemic	1666	67	62
axis_neuro_systemic	1667	64	56
axis_neuro_systemic	1668	61	59
axis_neuro_systemic	1669	66	63
axis_neuro_systemic	1670	69	63
axis_neuro_systemic	1671	68	63
axis_neuro_systemic	1672	70	60
axis_neuro_systemic	1673	74	69
axis_neuro_systemic	1674	73	67
axis_neuro_systemic	1675	70	63
axis_neuro_systemic	1676	66	60
axis_neuro_systemic	1677	67	61
axis_neuro_systemic	1678	72	66
axis_neuro_systemic	1679	67	64
axis_neuro_systemic	1680	66	63
axis_neuro_systemic	1681	72	64
axis_neuro_systemic	1682	62	56
axis_neuro_systemic	1683	74	68
axis_neuro_systemic	1684	68	60
axis_neuro_systemic	1685	76	68
axis_neuro_systemic	1686	62	60
axis_neuro_systemic	1687	74	66
axis_neuro_systemic	1688	66	60
axis_neuro_systemic	1689	75	69
axis_neuro_systemic	1690	64	58
axis_neuro_systemic	1691	70	66
axis_neuro_systemic	1692	66	61
axis_neuro_systemic	1693	72	67
axis_neuro_systemic	1694	64	60
axis_neuro_systemic	1695	68	62
axis_neuro_systemic	1696	68	63
axis_neuro_systemic	1697	63	58
axis_neuro_systemic	1698	74	68
axis_neuro_systemic	1699	63	55
axis_neuro_systemic	1700	64	58
axis_neuro_systemic	1701	60	54
axis_neuro_systemic	1702	73	67
axis_neuro_systemic	1703	70	64
axis_neuro_systemic	1704	66	61
axis_neuro_systemic	1705	64	58
axis_neuro_systemic	1706	73	69
axis_neuro_systemic	1707	72	65
axis_neuro_systemic	1708	59	55
axis_neuro_systemic	1709	70	63
axis_neuro_systemic	1710	67	62
axis_neuro_systemic	1711	80	74
axis_neuro_systemic	1712	71	66
axis_neuro_systemic	1713	74	70
axis_neuro_systemic	1714	65	59
axis_neuro_systemic	1715	71	65
axis_neuro_systemic	1716	73	65
axis_neuro_systemic	1717	71	65
axis_neuro_systemic	1718	71	65
axis_neuro_systemic	1719	62	57
axis_neuro_systemic	1720	56	54
axis_neuro_systemic	1721	66	63
axis_neuro_systemic	1722	70	63
axis_neuro_systemic	1723	62	58
axis_neuro_systemic	1724	64	60
axis_neuro_systemic	1725	70	65
axis_neuro_systemic	1726	63	60
axis_neuro_systemic	1727	61	59
axis_neuro_systemic	1728	61	55
axis_neuro_systemic	1729	73	68
axis_neuro_systemic	1730	74	68
axis_neuro_systemic	1731	63	59
axis_neuro_systemic	1732	65	59
axis_neuro_systemic	1733	73	66
axis_neuro_systemic	1734	68	61
axis_neuro_systemic	1735	58	53
axis_neuro_systemic	1736	76	70
axis_neuro_systemic	1737	70	63
axis_neuro_systemic	1738	74	68
axis_neuro_systemic	1739	68	63
axis_neuro_systemic	1740	72	65
axis_neuro_systemic	1741	68	64
axis_neuro_systemic	1742	80	72
axis_neuro_systemic	1743	66	57
axis_neuro_systemic	1744	70	64
axis_neuro_systemic	1745	62	55
axis_neuro_systemic	1746	68	63
axis_neuro_systemic	1747	66	62
axis_neuro_systemic	1748	64	61
axis_neuro_systemic	1749	64	62
axis_neuro_systemic	1750	71	67
axis_neuro_systemic	1751	73	71
axis_neuro_systemic	1752	71	65
axis_neuro_systemic	1753	63	61
axis_neuro_systemic	1754	65	63
axis_neuro_systemic	1755	70	62
axis_neuro_systemic	1756	71	67
axis_neuro_systemic	1757	71	68
axis_neuro_systemic	1758	71	64
axis_neuro_systemic	1759	76	70
axis_neuro_systemic	1760	71	65
axis_neuro_systemic	1761	61	56
axis_neuro_systemic	1762	64	59
axis_neuro_systemic	1763	68	63
axis_neuro_systemic	1764	61	57
axis_neuro_systemic	1765	73	70
axis_neuro_systemic	1766	59	53
axis_neuro_systemic	1767	67	63
axis_neuro_systemic	1768	60	52
axis_neuro_systemic	1769	67	63
axis_neuro_systemic	1770	69	64
axis_neuro_systemic	1771	69	64
axis_neuro_systemic	1772	58	56
axis_neuro_systemic	1773	73	66
axis_neuro_systemic	1774	68	63
axis_neuro_systemic	1775	67	60
axis_neuro_systemic	1776	74	69
axis_neuro_systemic	1777	66	62
axis_neuro_systemic	1778	62	56
axis_neuro_systemic	1779	70	63
axis_neuro_systemic	1780	72	63
axis_neuro_systemic	1781	70	62
axis_neuro_systemic	1782	64	58
axis_neuro_systemic	1783	71	66
axis_neuro_systemic	1784	60	55
axis_neuro_systemic	1785	68	63
axis_neuro_systemic	1786	70	67
axis_neuro_systemic	1787	60	56
axis_neuro_systemic	1788	63	58
axis_neuro_systemic	1789	59	57
axis_neuro_systemic	1790	56	51
axis_neuro_systemic	1791	59	56
axis_neuro_systemic	1792	61	58
axis_neuro_systemic	1793	58	56
axis_neuro_systemic	1794	73	68
axis_neuro_systemic	1795	65	60
axis_neuro_systemic	1796	55	51
axis_neuro_systemic	1797	62	59
axis_neuro_systemic	1798	67	60
axis_neuro_systemic	1799	64	55
axis_neuro_systemic	1800	62	57
axis_neuro_systemic	1801	68	63
axis_neuro_systemic	1802	70	65
axis_neuro_systemic	1803	74	67
axis_neuro_systemic	1804	70	65
axis_neuro_systemic	1805	66	59
axis_neuro_systemic	1806	66	62
axis_neuro_systemic	1807	69	65
axis_neuro_systemic	1808	67	63
axis_neuro_systemic	1809	61	56
axis_neuro_systemic	1810	72	65
axis_neuro_systemic	1811	56	51
axis_neuro_systemic	1812	73	62
axis_neuro_systemic	1813	72	67
axis_neuro_systemic	1814	70	67
axis_neuro_systemic	1815	60	57
axis_neuro_systemic	1816	76	69
axis_neuro_systemic	1817	71	65
axis_neuro_systemic	1818	66	62
axis_neuro_systemic	1819	61	54
axis_neuro_systemic	1820	67	59
axis_neuro_systemic	1821	67	61
axis_neuro_systemic	1822	76	71
axis_neuro_systemic	1823	53	51
axis_neuro_systemic	1824	61	60
axis_neuro_systemic	1825	63	60
axis_neuro_systemic	1826	62	55
axis_neuro_systemic	1827	76	71
axis_neuro_systemic	1828	55	51
axis_neuro_systemic	1829	83	74
axis_neuro_systemic	1830	65	59
axis_neuro_systemic	1831	60	56
axis_neuro_systemic	1832	61	58
axis_neuro_systemic	1833	72	66
axis_neuro_systemic	1834	54	52
axis_neuro_systemic	1835	69	64
axis_neuro_systemic	1836	70	63
axis_neuro_systemic	1837	65	61
axis_neuro_systemic	1838	58	54
axis_neuro_systemic	1839	63	54
axis_neuro_systemic	1840	65	57
axis_neuro_systemic	1841	79	71
axis_neuro_systemic	1842	64	60
axis_neuro_systemic	1843	68	62
axis_neuro_systemic	1844	86	78
axis_neuro_systemic	1845	68	60
axis_neuro_systemic	1846	72	69
axis_neuro_systemic	1847	59	56
axis_neuro_systemic	1848	65	62
axis_neuro_systemic	1849	63	59
axis_neuro_systemic	1850	71	64
axis_neuro_systemic	1851	64	56
axis_neuro_systemic	1852	70	67
axis_neuro_systemic	1853	66	62
axis_neuro_systemic	1854	56	49
axis_neuro_systemic	1855	66	57
axis_neuro_systemic	1856	65	59
axis_neuro_systemic	1857	67	64
axis_neuro_systemic	1858	67	60
axis_neuro_systemic	1859	66	58
axis_neuro_systemic	1860	70	66
axis_neuro_systemic	1861	76	72
axis_neuro_systemic	1862	62	56
axis_neuro_systemic	1863	56	51
axis_neuro_systemic	1864	65	61
axis_neuro_systemic	1865	59	57
axis_neuro_systemic	1866	75	71
axis_neuro_systemic	1867	65	58
axis_neuro_systemic	1868	55	54
axis_neuro_systemic	1869	65	61
axis_neuro_systemic	1870	65	63
axis_neuro_systemic	1871	66	59
axis_neuro_systemic	1872	57	53
axis_neuro_systemic	1873	79	71
axis_neuro_systemic	1874	66	61
axis_neuro_systemic	1875	68	60
axis_neuro_systemic	1876	68	62
axis_neuro_systemic	1877	70	64
axis_neuro_systemic	1878	70	63
axis_neuro_systemic	1879	75	66
axis_neuro_systemic	1880	67	61
axis_neuro_systemic	1881	54	51
axis_neuro_systemic	1882	65	60
axis_neuro_systemic	1883	73	69
axis_neuro_systemic	1884	67	62
axis_neuro_systemic	1885	69	64
axis_neuro_systemic	1886	68	62
axis_neuro_systemic	1887	64	60
axis_neuro_systemic	1888	77	72
axis_neuro_systemic	1889	70	63
axis_neuro_systemic	1890	65	61
axis_neuro_systemic	1891	64	61
axis_neuro_systemic	1892	78	73
axis_neuro_systemic	1893	66	61
axis_neuro_systemic	1894	54	50
axis_neuro_systemic	1895	57	54
axis_neuro_systemic	1896	64	59
axis_neuro_systemic	1897	57	54
axis_neuro_systemic	1898	68	63
axis_neuro_systemic	1899	72	64
axis_neuro_systemic	1900	71	66
axis_neuro_systemic	1901	72	67
axis_neuro_systemic	1902	66	61
axis_neuro_systemic	1903	61	56
axis_neuro_systemic	1904	70	66
axis_neuro_systemic	1905	67	62
axis_neuro_systemic	1906	64	59
axis_neuro_systemic	1907	60	56
axis_neuro_systemic	1908	66	60
axis_neuro_systemic	1909	74	68
axis_neuro_systemic	1910	68	63
axis_neuro_systemic	1911	73	68
axis_neuro_systemic	1912	69	64
axis_neuro_systemic	1913	64	60
axis_neuro_systemic	1914	61	59
axis_neuro_systemic	1915	72	65
axis_neuro_systemic	1916	70	64
axis_neuro_systemic	1917	64	60
axis_neuro_systemic	1918	71	63
axis_neuro_systemic	1919	64	62
axis_neuro_systemic	1920	76	69
axis_neuro_systemic	1921	71	67
axis_neuro_systemic	1922	58	54
axis_neuro_systemic	1923	65	60
axis_neuro_systemic	1924	53	51
axis_neuro_systemic	1925	71	65
axis_neuro_systemic	1926	70	64
axis_neuro_systemic	1927	64	56
axis_neuro_systemic	1928	79	70
axis_neuro_systemic	1929	68	67
axis_neuro_systemic	1930	69	63
axis_neuro_systemic	1931	68	62
axis_neuro_systemic	1932	64	60
axis_neuro_systemic	1933	52	47
axis_neuro_systemic	1934	68	65
axis_neuro_systemic	1935	73	63
axis_neuro_systemic	1936	66	60
axis_neuro_systemic	1937	56	50
axis_neuro_systemic	1938	69	63
axis_neuro_systemic	1939	70	66
axis_neuro_systemic	1940	62	57
axis_neuro_systemic	1941	70	63
axis_neuro_systemic	1942	89	81
axis_neuro_systemic	1943	74	69
axis_neuro_systemic	1944	62	55
axis_neuro_systemic	1945	66	61
axis_neuro_systemic	1946	65	58
axis_neuro_systemic	1947	76	70
axis_neuro_systemic	1948	65	61
axis_neuro_systemic	1949	68	64
axis_neuro_systemic	1950	76	70
axis_neuro_systemic	1951	65	57
axis_neuro_systemic	1952	61	58
axis_neuro_systemic	1953	67	63
axis_neuro_systemic	1954	61	58
axis_neuro_systemic	1955	65	60
axis_neuro_systemic	1956	69	64
axis_neuro_systemic	1957	78	70
axis_neuro_systemic	1958	67	62
axis_neuro_systemic	1959	74	68
axis_neuro_systemic	1960	53	48
axis_neuro_systemic	1961	70	64
axis_neuro_systemic	1962	76	70
axis_neuro_systemic	1963	64	60
axis_neuro_systemic	1964	72	67
axis_neuro_systemic	1965	69	63
axis_neuro_systemic	1966	62	55
axis_neuro_systemic	1967	77	72
axis_neuro_systemic	1968	67	62
axis_neuro_systemic	1969	70	65
axis_neuro_systemic	1970	64	60
axis_neuro_systemic	1971	63	59
axis_neuro_systemic	1972	63	58
axis_neuro_systemic	1973	64	58
axis_neuro_systemic	1974	60	57
axis_neuro_systemic	1975	60	57
axis_neuro_systemic	1976	64	58
axis_neuro_systemic	1977	63	59
axis_neuro_systemic	1978	72	67
axis_neuro_systemic	1979	76	68
axis_neuro_systemic	1980	72	63
axis_neuro_systemic	1981	75	68
axis_neuro_systemic	1982	59	55
axis_neuro_systemic	1983	59	56
axis_neuro_systemic	1984	73	67
axis_neuro_systemic	1985	76	68
axis_neuro_systemic	1986	71	64
axis_neuro_systemic	1987	68	62
axis_neuro_systemic	1988	73	66
axis_neuro_systemic	1989	65	59
axis_neuro_systemic	1990	62	55
axis_neuro_systemic	1991	68	61
axis_neuro_systemic	1992	70	65
axis_neuro_systemic	1993	70	64
axis_neuro_systemic	1994	67	62
axis_neuro_systemic	1995	63	56
axis_neuro_systemic	1996	77	72
axis_neuro_systemic	1997	66	61
axis_neuro_systemic	1998	70	62
axis_neuro_systemic	1999	62	58
axis_neural_enriched	0	63	61
axis_neural_enriched	1	63	60
axis_neural_enriched	2	69	66
axis_neural_enriched	3	64	60
axis_neural_enriched	4	56	53
axis_neural_enriched	5	67	64
axis_neural_enriched	6	55	52
axis_neural_enriched	7	64	61
axis_neural_enriched	8	55	53
axis_neural_enriched	9	61	59
axis_neural_enriched	10	62	59
axis_neural_enriched	11	59	56
axis_neural_enriched	12	46	44
axis_neural_enriched	13	56	54
axis_neural_enriched	14	58	56
axis_neural_enriched	15	64	61
axis_neural_enriched	16	67	64
axis_neural_enriched	17	64	62
axis_neural_enriched	18	53	51
axis_neural_enriched	19	46	43
axis_neural_enriched	20	60	57
axis_neural_enriched	21	55	53
axis_neural_enriched	22	62	59
axis_neural_enriched	23	52	50
axis_neural_enriched	24	66	64
axis_neural_enriched	25	51	48
axis_neural_enriched	26	57	55
axis_neural_enriched	27	63	59
axis_neural_enriched	28	61	59
axis_neural_enriched	29	57	54
axis_neural_enriched	30	59	57
axis_neural_enriched	31	57	55
axis_neural_enriched	32	59	56
axis_neural_enriched	33	57	54
axis_neural_enriched	34	49	47
axis_neural_enriched	35	55	51
axis_neural_enriched	36	57	55
axis_neural_enriched	37	60	58
axis_neural_enriched	38	58	56
axis_neural_enriched	39	53	50
axis_neural_enriched	40	53	50
axis_neural_enriched	41	65	63
axis_neural_enriched	42	74	71
axis_neural_enriched	43	61	59
axis_neural_enriched	44	57	55
axis_neural_enriched	45	52	50
axis_neural_enriched	46	47	45
axis_neural_enriched	47	65	62
axis_neural_enriched	48	59	56
axis_neural_enriched	49	56	52
axis_neural_enriched	50	58	56
axis_neural_enriched	51	57	55
axis_neural_enriched	52	68	66
axis_neural_enriched	53	65	63
axis_neural_enriched	54	55	53
axis_neural_enriched	55	62	60
axis_neural_enriched	56	59	56
axis_neural_enriched	57	60	58
axis_neural_enriched	58	63	61
axis_neural_enriched	59	55	52
axis_neural_enriched	60	64	60
axis_neural_enriched	61	60	57
axis_neural_enriched	62	54	51
axis_neural_enriched	63	55	53
axis_neural_enriched	64	67	65
axis_neural_enriched	65	54	52
axis_neural_enriched	66	54	52
axis_neural_enriched	67	63	61
axis_neural_enriched	68	48	46
axis_neural_enriched	69	65	62
axis_neural_enriched	70	66	63
axis_neural_enriched	71	57	55
axis_neural_enriched	72	67	65
axis_neural_enriched	73	58	56
axis_neural_enriched	74	48	45
axis_neural_enriched	75	61	59
axis_neural_enriched	76	55	52
axis_neural_enriched	77	60	57
axis_neural_enriched	78	64	61
axis_neural_enriched	79	62	59
axis_neural_enriched	80	65	62
axis_neural_enriched	81	57	55
axis_neural_enriched	82	65	62
axis_neural_enriched	83	58	56
axis_neural_enriched	84	60	58
axis_neural_enriched	85	57	54
axis_neural_enriched	86	71	69
axis_neural_enriched	87	66	64
axis_neural_enriched	88	55	52
axis_neural_enriched	89	54	52
axis_neural_enriched	90	58	56
axis_neural_enriched	91	62	60
axis_neural_enriched	92	61	59
axis_neural_enriched	93	58	54
axis_neural_enriched	94	55	53
axis_neural_enriched	95	66	63
axis_neural_enriched	96	59	57
axis_neural_enriched	97	63	60
axis_neural_enriched	98	57	54
axis_neural_enriched	99	64	60
axis_neural_enriched	100	55	52
axis_neural_enriched	101	61	58
axis_neural_enriched	102	51	49
axis_neural_enriched	103	63	61
axis_neural_enriched	104	62	60
axis_neural_enriched	105	63	61
axis_neural_enriched	106	63	61
axis_neural_enriched	107	64	62
axis_neural_enriched	108	56	54
axis_neural_enriched	109	66	63
axis_neural_enriched	110	59	57
axis_neural_enriched	111	56	53
axis_neural_enriched	112	73	70
axis_neural_enriched	113	56	53
axis_neural_enriched	114	63	61
axis_neural_enriched	115	61	58
axis_neural_enriched	116	61	57
axis_neural_enriched	117	54	50
axis_neural_enriched	118	74	72
axis_neural_enriched	119	54	51
axis_neural_enriched	120	53	51
axis_neural_enriched	121	57	55
axis_neural_enriched	122	52	50
axis_neural_enriched	123	56	54
axis_neural_enriched	124	59	55
axis_neural_enriched	125	60	58
axis_neural_enriched	126	56	54
axis_neural_enriched	127	57	55
axis_neural_enriched	128	63	60
axis_neural_enriched	129	54	52
axis_neural_enriched	130	65	62
axis_neural_enriched	131	66	63
axis_neural_enriched	132	62	60
axis_neural_enriched	133	60	58
axis_neural_enriched	134	59	56
axis_neural_enriched	135	60	58
axis_neural_enriched	136	59	56
axis_neural_enriched	137	62	60
axis_neural_enriched	138	56	54
axis_neural_enriched	139	56	54
axis_neural_enriched	140	58	54
axis_neural_enriched	141	60	58
axis_neural_enriched	142	60	58
axis_neural_enriched	143	65	61
axis_neural_enriched	144	58	56
axis_neural_enriched	145	61	58
axis_neural_enriched	146	59	56
axis_neural_enriched	147	52	49
axis_neural_enriched	148	60	58
axis_neural_enriched	149	57	54
axis_neural_enriched	150	52	49
axis_neural_enriched	151	57	55
axis_neural_enriched	152	54	52
axis_neural_enriched	153	57	55
axis_neural_enriched	154	51	49
axis_neural_enriched	155	50	48
axis_neural_enriched	156	55	53
axis_neural_enriched	157	61	59
axis_neural_enriched	158	67	63
axis_neural_enriched	159	63	60
axis_neural_enriched	160	66	63
axis_neural_enriched	161	72	69
axis_neural_enriched	162	57	54
axis_neural_enriched	163	68	66
axis_neural_enriched	164	64	61
axis_neural_enriched	165	62	60
axis_neural_enriched	166	64	62
axis_neural_enriched	167	51	49
axis_neural_enriched	168	50	47
axis_neural_enriched	169	60	58
axis_neural_enriched	170	61	58
axis_neural_enriched	171	49	47
axis_neural_enriched	172	49	46
axis_neural_enriched	173	61	57
axis_neural_enriched	174	61	59
axis_neural_enriched	175	69	65
axis_neural_enriched	176	54	52
axis_neural_enriched	177	57	54
axis_neural_enriched	178	52	50
axis_neural_enriched	179	60	57
axis_neural_enriched	180	65	63
axis_neural_enriched	181	63	61
axis_neural_enriched	182	68	66
axis_neural_enriched	183	62	59
axis_neural_enriched	184	60	58
axis_neural_enriched	185	63	60
axis_neural_enriched	186	52	50
axis_neural_enriched	187	64	62
axis_neural_enriched	188	57	55
axis_neural_enriched	189	51	48
axis_neural_enriched	190	56	54
axis_neural_enriched	191	60	57
axis_neural_enriched	192	55	53
axis_neural_enriched	193	66	64
axis_neural_enriched	194	59	56
axis_neural_enriched	195	43	41
axis_neural_enriched	196	58	56
axis_neural_enriched	197	69	66
axis_neural_enriched	198	58	56
axis_neural_enriched	199	57	55
axis_neural_enriched	200	66	63
axis_neural_enriched	201	56	53
axis_neural_enriched	202	58	56
axis_neural_enriched	203	61	58
axis_neural_enriched	204	61	57
axis_neural_enriched	205	60	58
axis_neural_enriched	206	63	60
axis_neural_enriched	207	57	54
axis_neural_enriched	208	54	52
axis_neural_enriched	209	57	54
axis_neural_enriched	210	61	59
axis_neural_enriched	211	64	62
axis_neural_enriched	212	71	68
axis_neural_enriched	213	58	55
axis_neural_enriched	214	66	63
axis_neural_enriched	215	63	61
axis_neural_enriched	216	52	50
axis_neural_enriched	217	56	53
axis_neural_enriched	218	56	54
axis_neural_enriched	219	54	52
axis_neural_enriched	220	66	64
axis_neural_enriched	221	56	52
axis_neural_enriched	222	67	65
axis_neural_enriched	223	55	53
axis_neural_enriched	224	74	71
axis_neural_enriched	225	53	51
axis_neural_enriched	226	69	67
axis_neural_enriched	227	56	52
axis_neural_enriched	228	57	55
axis_neural_enriched	229	61	58
axis_neural_enriched	230	64	61
axis_neural_enriched	231	59	57
axis_neural_enriched	232	61	58
axis_neural_enriched	233	56	54
axis_neural_enriched	234	60	58
axis_neural_enriched	235	50	48
axis_neural_enriched	236	63	60
axis_neural_enriched	237	60	56
axis_neural_enriched	238	66	62
axis_neural_enriched	239	63	60
axis_neural_enriched	240	55	53
axis_neural_enriched	241	68	65
axis_neural_enriched	242	56	53
axis_neural_enriched	243	63	61
axis_neural_enriched	244	55	53
axis_neural_enriched	245	54	52
axis_neural_enriched	246	55	53
axis_neural_enriched	247	56	53
axis_neural_enriched	248	68	65
axis_neural_enriched	249	60	58
axis_neural_enriched	250	50	48
axis_neural_enriched	251	64	61
axis_neural_enriched	252	49	47
axis_neural_enriched	253	61	59
axis_neural_enriched	254	63	60
axis_neural_enriched	255	57	55
axis_neural_enriched	256	62	60
axis_neural_enriched	257	57	55
axis_neural_enriched	258	54	52
axis_neural_enriched	259	62	60
axis_neural_enriched	260	58	55
axis_neural_enriched	261	65	61
axis_neural_enriched	262	69	65
axis_neural_enriched	263	65	63
axis_neural_enriched	264	65	63
axis_neural_enriched	265	57	55
axis_neural_enriched	266	64	61
axis_neural_enriched	267	57	55
axis_neural_enriched	268	58	56
axis_neural_enriched	269	61	58
axis_neural_enriched	270	60	58
axis_neural_enriched	271	68	65
axis_neural_enriched	272	63	60
axis_neural_enriched	273	58	55
axis_neural_enriched	274	57	53
axis_neural_enriched	275	65	62
axis_neural_enriched	276	61	59
axis_neural_enriched	277	56	53
axis_neural_enriched	278	62	58
axis_neural_enriched	279	56	53
axis_neural_enriched	280	56	54
axis_neural_enriched	281	59	56
axis_neural_enriched	282	60	58
axis_neural_enriched	283	57	54
axis_neural_enriched	284	69	65
axis_neural_enriched	285	57	55
axis_neural_enriched	286	57	54
axis_neural_enriched	287	59	55
axis_neural_enriched	288	61	58
axis_neural_enriched	289	59	56
axis_neural_enriched	290	55	53
axis_neural_enriched	291	56	54
axis_neural_enriched	292	69	66
axis_neural_enriched	293	59	56
axis_neural_enriched	294	61	57
axis_neural_enriched	295	52	50
axis_neural_enriched	296	54	52
axis_neural_enriched	297	58	56
axis_neural_enriched	298	61	59
axis_neural_enriched	299	69	66
axis_neural_enriched	300	61	58
axis_neural_enriched	301	60	58
axis_neural_enriched	302	67	64
axis_neural_enriched	303	54	52
axis_neural_enriched	304	58	56
axis_neural_enriched	305	62	60
axis_neural_enriched	306	60	58
axis_neural_enriched	307	69	67
axis_neural_enriched	308	58	56
axis_neural_enriched	309	61	59
axis_neural_enriched	310	59	56
axis_neural_enriched	311	58	56
axis_neural_enriched	312	65	62
axis_neural_enriched	313	68	65
axis_neural_enriched	314	65	63
axis_neural_enriched	315	62	60
axis_neural_enriched	316	58	56
axis_neural_enriched	317	69	66
axis_neural_enriched	318	59	57
axis_neural_enriched	319	60	57
axis_neural_enriched	320	54	52
axis_neural_enriched	321	67	65
axis_neural_enriched	322	55	52
axis_neural_enriched	323	65	62
axis_neural_enriched	324	66	64
axis_neural_enriched	325	47	45
axis_neural_enriched	326	60	57
axis_neural_enriched	327	56	54
axis_neural_enriched	328	59	56
axis_neural_enriched	329	49	46
axis_neural_enriched	330	62	59
axis_neural_enriched	331	63	60
axis_neural_enriched	332	59	56
axis_neural_enriched	333	65	63
axis_neural_enriched	334	60	58
axis_neural_enriched	335	61	58
axis_neural_enriched	336	66	64
axis_neural_enriched	337	58	56
axis_neural_enriched	338	54	52
axis_neural_enriched	339	54	51
axis_neural_enriched	340	62	59
axis_neural_enriched	341	53	51
axis_neural_enriched	342	64	61
axis_neural_enriched	343	57	53
axis_neural_enriched	344	54	52
axis_neural_enriched	345	65	62
axis_neural_enriched	346	58	55
axis_neural_enriched	347	70	68
axis_neural_enriched	348	59	55
axis_neural_enriched	349	67	64
axis_neural_enriched	350	58	56
axis_neural_enriched	351	61	58
axis_neural_enriched	352	56	52
axis_neural_enriched	353	63	61
axis_neural_enriched	354	51	48
axis_neural_enriched	355	61	59
axis_neural_enriched	356	62	59
axis_neural_enriched	357	55	52
axis_neural_enriched	358	47	45
axis_neural_enriched	359	61	59
axis_neural_enriched	360	73	71
axis_neural_enriched	361	59	56
axis_neural_enriched	362	56	54
axis_neural_enriched	363	61	59
axis_neural_enriched	364	63	61
axis_neural_enriched	365	56	54
axis_neural_enriched	366	53	51
axis_neural_enriched	367	60	58
axis_neural_enriched	368	51	48
axis_neural_enriched	369	54	51
axis_neural_enriched	370	52	50
axis_neural_enriched	371	74	71
axis_neural_enriched	372	66	63
axis_neural_enriched	373	54	52
axis_neural_enriched	374	61	58
axis_neural_enriched	375	51	49
axis_neural_enriched	376	71	66
axis_neural_enriched	377	66	64
axis_neural_enriched	378	67	65
axis_neural_enriched	379	66	63
axis_neural_enriched	380	58	55
axis_neural_enriched	381	57	55
axis_neural_enriched	382	59	56
axis_neural_enriched	383	58	55
axis_neural_enriched	384	62	58
axis_neural_enriched	385	49	47
axis_neural_enriched	386	62	60
axis_neural_enriched	387	58	56
axis_neural_enriched	388	62	59
axis_neural_enriched	389	61	58
axis_neural_enriched	390	56	54
axis_neural_enriched	391	60	58
axis_neural_enriched	392	52	50
axis_neural_enriched	393	58	54
axis_neural_enriched	394	56	54
axis_neural_enriched	395	68	65
axis_neural_enriched	396	58	56
axis_neural_enriched	397	58	55
axis_neural_enriched	398	69	67
axis_neural_enriched	399	62	57
axis_neural_enriched	400	64	61
axis_neural_enriched	401	58	56
axis_neural_enriched	402	62	57
axis_neural_enriched	403	59	57
axis_neural_enriched	404	54	51
axis_neural_enriched	405	57	55
axis_neural_enriched	406	63	60
axis_neural_enriched	407	59	57
axis_neural_enriched	408	55	53
axis_neural_enriched	409	56	52
axis_neural_enriched	410	63	61
axis_neural_enriched	411	67	65
axis_neural_enriched	412	67	65
axis_neural_enriched	413	53	50
axis_neural_enriched	414	65	61
axis_neural_enriched	415	54	51
axis_neural_enriched	416	56	54
axis_neural_enriched	417	69	67
axis_neural_enriched	418	63	61
axis_neural_enriched	419	52	50
axis_neural_enriched	420	60	57
axis_neural_enriched	421	67	63
axis_neural_enriched	422	64	62
axis_neural_enriched	423	60	57
axis_neural_enriched	424	57	54
axis_neural_enriched	425	57	55
axis_neural_enriched	426	62	60
axis_neural_enriched	427	63	60
axis_neural_enriched	428	55	53
axis_neural_enriched	429	64	62
axis_neural_enriched	430	61	58
axis_neural_enriched	431	53	50
axis_neural_enriched	432	69	66
axis_neural_enriched	433	55	53
axis_neural_enriched	434	62	60
axis_neural_enriched	435	62	60
axis_neural_enriched	436	55	52
axis_neural_enriched	437	51	49
axis_neural_enriched	438	55	52
axis_neural_enriched	439	53	51
axis_neural_enriched	440	51	49
axis_neural_enriched	441	63	60
axis_neural_enriched	442	54	52
axis_neural_enriched	443	55	53
axis_neural_enriched	444	60	58
axis_neural_enriched	445	57	54
axis_neural_enriched	446	52	50
axis_neural_enriched	447	59	57
axis_neural_enriched	448	66	64
axis_neural_enriched	449	62	59
axis_neural_enriched	450	57	55
axis_neural_enriched	451	65	63
axis_neural_enriched	452	67	64
axis_neural_enriched	453	68	65
axis_neural_enriched	454	61	58
axis_neural_enriched	455	69	67
axis_neural_enriched	456	47	43
axis_neural_enriched	457	62	60
axis_neural_enriched	458	65	62
axis_neural_enriched	459	73	71
axis_neural_enriched	460	59	57
axis_neural_enriched	461	64	62
axis_neural_enriched	462	48	46
axis_neural_enriched	463	54	51
axis_neural_enriched	464	67	64
axis_neural_enriched	465	76	72
axis_neural_enriched	466	54	50
axis_neural_enriched	467	58	54
axis_neural_enriched	468	68	66
axis_neural_enriched	469	62	60
axis_neural_enriched	470	58	55
axis_neural_enriched	471	65	63
axis_neural_enriched	472	55	53
axis_neural_enriched	473	59	56
axis_neural_enriched	474	64	62
axis_neural_enriched	475	70	67
axis_neural_enriched	476	62	59
axis_neural_enriched	477	64	62
axis_neural_enriched	478	68	65
axis_neural_enriched	479	79	75
axis_neural_enriched	480	57	55
axis_neural_enriched	481	60	58
axis_neural_enriched	482	57	54
axis_neural_enriched	483	61	58
axis_neural_enriched	484	61	59
axis_neural_enriched	485	60	58
axis_neural_enriched	486	55	53
axis_neural_enriched	487	55	52
axis_neural_enriched	488	54	52
axis_neural_enriched	489	71	69
axis_neural_enriched	490	66	63
axis_neural_enriched	491	64	61
axis_neural_enriched	492	64	62
axis_neural_enriched	493	60	58
axis_neural_enriched	494	65	62
axis_neural_enriched	495	55	53
axis_neural_enriched	496	58	54
axis_neural_enriched	497	76	72
axis_neural_enriched	498	62	59
axis_neural_enriched	499	59	57
axis_neural_enriched	500	61	58
axis_neural_enriched	501	50	48
axis_neural_enriched	502	64	62
axis_neural_enriched	503	58	56
axis_neural_enriched	504	56	54
axis_neural_enriched	505	58	56
axis_neural_enriched	506	59	56
axis_neural_enriched	507	65	62
axis_neural_enriched	508	62	59
axis_neural_enriched	509	56	54
axis_neural_enriched	510	64	61
axis_neural_enriched	511	54	52
axis_neural_enriched	512	55	53
axis_neural_enriched	513	62	59
axis_neural_enriched	514	58	55
axis_neural_enriched	515	54	51
axis_neural_enriched	516	58	56
axis_neural_enriched	517	51	49
axis_neural_enriched	518	67	65
axis_neural_enriched	519	57	55
axis_neural_enriched	520	49	47
axis_neural_enriched	521	59	56
axis_neural_enriched	522	63	60
axis_neural_enriched	523	66	61
axis_neural_enriched	524	61	59
axis_neural_enriched	525	53	51
axis_neural_enriched	526	63	61
axis_neural_enriched	527	53	51
axis_neural_enriched	528	58	56
axis_neural_enriched	529	66	63
axis_neural_enriched	530	54	52
axis_neural_enriched	531	63	61
axis_neural_enriched	532	56	54
axis_neural_enriched	533	65	63
axis_neural_enriched	534	62	59
axis_neural_enriched	535	63	61
axis_neural_enriched	536	64	61
axis_neural_enriched	537	57	55
axis_neural_enriched	538	66	63
axis_neural_enriched	539	49	47
axis_neural_enriched	540	58	56
axis_neural_enriched	541	54	52
axis_neural_enriched	542	53	51
axis_neural_enriched	543	58	56
axis_neural_enriched	544	60	58
axis_neural_enriched	545	57	55
axis_neural_enriched	546	70	66
axis_neural_enriched	547	55	52
axis_neural_enriched	548	53	50
axis_neural_enriched	549	60	55
axis_neural_enriched	550	48	46
axis_neural_enriched	551	69	67
axis_neural_enriched	552	54	52
axis_neural_enriched	553	55	53
axis_neural_enriched	554	63	60
axis_neural_enriched	555	59	57
axis_neural_enriched	556	59	56
axis_neural_enriched	557	59	57
axis_neural_enriched	558	55	52
axis_neural_enriched	559	58	56
axis_neural_enriched	560	54	51
axis_neural_enriched	561	64	61
axis_neural_enriched	562	49	47
axis_neural_enriched	563	60	57
axis_neural_enriched	564	63	60
axis_neural_enriched	565	52	50
axis_neural_enriched	566	60	58
axis_neural_enriched	567	56	54
axis_neural_enriched	568	59	56
axis_neural_enriched	569	57	54
axis_neural_enriched	570	62	60
axis_neural_enriched	571	63	61
axis_neural_enriched	572	65	63
axis_neural_enriched	573	60	57
axis_neural_enriched	574	65	62
axis_neural_enriched	575	63	61
axis_neural_enriched	576	60	56
axis_neural_enriched	577	52	49
axis_neural_enriched	578	62	60
axis_neural_enriched	579	62	59
axis_neural_enriched	580	64	62
axis_neural_enriched	581	56	54
axis_neural_enriched	582	64	60
axis_neural_enriched	583	64	61
axis_neural_enriched	584	54	51
axis_neural_enriched	585	62	60
axis_neural_enriched	586	60	57
axis_neural_enriched	587	68	66
axis_neural_enriched	588	58	56
axis_neural_enriched	589	55	53
axis_neural_enriched	590	63	60
axis_neural_enriched	591	60	57
axis_neural_enriched	592	58	56
axis_neural_enriched	593	55	52
axis_neural_enriched	594	63	60
axis_neural_enriched	595	59	57
axis_neural_enriched	596	56	54
axis_neural_enriched	597	60	58
axis_neural_enriched	598	64	62
axis_neural_enriched	599	51	49
axis_neural_enriched	600	65	63
axis_neural_enriched	601	54	52
axis_neural_enriched	602	54	52
axis_neural_enriched	603	62	60
axis_neural_enriched	604	60	58
axis_neural_enriched	605	62	60
axis_neural_enriched	606	57	54
axis_neural_enriched	607	57	54
axis_neural_enriched	608	64	62
axis_neural_enriched	609	65	62
axis_neural_enriched	610	59	55
axis_neural_enriched	611	54	51
axis_neural_enriched	612	61	59
axis_neural_enriched	613	63	60
axis_neural_enriched	614	63	60
axis_neural_enriched	615	68	66
axis_neural_enriched	616	53	50
axis_neural_enriched	617	70	68
axis_neural_enriched	618	71	66
axis_neural_enriched	619	65	63
axis_neural_enriched	620	58	56
axis_neural_enriched	621	59	57
axis_neural_enriched	622	67	64
axis_neural_enriched	623	50	46
axis_neural_enriched	624	62	60
axis_neural_enriched	625	60	58
axis_neural_enriched	626	56	54
axis_neural_enriched	627	68	65
axis_neural_enriched	628	61	58
axis_neural_enriched	629	57	54
axis_neural_enriched	630	52	50
axis_neural_enriched	631	61	58
axis_neural_enriched	632	52	50
axis_neural_enriched	633	52	50
axis_neural_enriched	634	57	55
axis_neural_enriched	635	57	55
axis_neural_enriched	636	46	44
axis_neural_enriched	637	56	53
axis_neural_enriched	638	58	56
axis_neural_enriched	639	51	49
axis_neural_enriched	640	60	57
axis_neural_enriched	641	58	55
axis_neural_enriched	642	68	66
axis_neural_enriched	643	65	62
axis_neural_enriched	644	58	55
axis_neural_enriched	645	57	55
axis_neural_enriched	646	54	52
axis_neural_enriched	647	51	49
axis_neural_enriched	648	59	57
axis_neural_enriched	649	66	62
axis_neural_enriched	650	55	53
axis_neural_enriched	651	65	61
axis_neural_enriched	652	57	53
axis_neural_enriched	653	57	55
axis_neural_enriched	654	60	57
axis_neural_enriched	655	63	61
axis_neural_enriched	656	68	66
axis_neural_enriched	657	56	54
axis_neural_enriched	658	62	59
axis_neural_enriched	659	68	64
axis_neural_enriched	660	56	54
axis_neural_enriched	661	55	53
axis_neural_enriched	662	71	69
axis_neural_enriched	663	59	57
axis_neural_enriched	664	59	56
axis_neural_enriched	665	59	56
axis_neural_enriched	666	63	61
axis_neural_enriched	667	55	53
axis_neural_enriched	668	57	54
axis_neural_enriched	669	53	51
axis_neural_enriched	670	70	68
axis_neural_enriched	671	61	57
axis_neural_enriched	672	68	66
axis_neural_enriched	673	58	55
axis_neural_enriched	674	64	61
axis_neural_enriched	675	59	56
axis_neural_enriched	676	58	56
axis_neural_enriched	677	56	53
axis_neural_enriched	678	56	54
axis_neural_enriched	679	60	58
axis_neural_enriched	680	50	47
axis_neural_enriched	681	55	51
axis_neural_enriched	682	65	63
axis_neural_enriched	683	56	54
axis_neural_enriched	684	58	55
axis_neural_enriched	685	44	42
axis_neural_enriched	686	53	51
axis_neural_enriched	687	54	51
axis_neural_enriched	688	53	50
axis_neural_enriched	689	63	59
axis_neural_enriched	690	60	57
axis_neural_enriched	691	48	46
axis_neural_enriched	692	61	58
axis_neural_enriched	693	56	53
axis_neural_enriched	694	56	54
axis_neural_enriched	695	66	63
axis_neural_enriched	696	59	56
axis_neural_enriched	697	44	42
axis_neural_enriched	698	58	56
axis_neural_enriched	699	61	58
axis_neural_enriched	700	63	61
axis_neural_enriched	701	63	60
axis_neural_enriched	702	52	50
axis_neural_enriched	703	50	47
axis_neural_enriched	704	68	65
axis_neural_enriched	705	52	50
axis_neural_enriched	706	63	58
axis_neural_enriched	707	66	63
axis_neural_enriched	708	57	55
axis_neural_enriched	709	57	55
axis_neural_enriched	710	55	53
axis_neural_enriched	711	54	52
axis_neural_enriched	712	50	48
axis_neural_enriched	713	51	49
axis_neural_enriched	714	65	63
axis_neural_enriched	715	56	53
axis_neural_enriched	716	70	68
axis_neural_enriched	717	61	59
axis_neural_enriched	718	57	55
axis_neural_enriched	719	54	52
axis_neural_enriched	720	58	56
axis_neural_enriched	721	69	65
axis_neural_enriched	722	62	60
axis_neural_enriched	723	52	50
axis_neural_enriched	724	62	60
axis_neural_enriched	725	60	58
axis_neural_enriched	726	57	55
axis_neural_enriched	727	54	52
axis_neural_enriched	728	56	54
axis_neural_enriched	729	60	57
axis_neural_enriched	730	59	56
axis_neural_enriched	731	65	62
axis_neural_enriched	732	59	57
axis_neural_enriched	733	60	57
axis_neural_enriched	734	60	57
axis_neural_enriched	735	71	68
axis_neural_enriched	736	65	63
axis_neural_enriched	737	52	50
axis_neural_enriched	738	56	54
axis_neural_enriched	739	67	65
axis_neural_enriched	740	61	59
axis_neural_enriched	741	60	58
axis_neural_enriched	742	63	61
axis_neural_enriched	743	67	64
axis_neural_enriched	744	57	55
axis_neural_enriched	745	46	44
axis_neural_enriched	746	54	51
axis_neural_enriched	747	67	64
axis_neural_enriched	748	66	64
axis_neural_enriched	749	65	63
axis_neural_enriched	750	51	47
axis_neural_enriched	751	54	51
axis_neural_enriched	752	64	62
axis_neural_enriched	753	67	63
axis_neural_enriched	754	62	60
axis_neural_enriched	755	57	55
axis_neural_enriched	756	60	57
axis_neural_enriched	757	62	59
axis_neural_enriched	758	64	61
axis_neural_enriched	759	62	59
axis_neural_enriched	760	54	52
axis_neural_enriched	761	59	57
axis_neural_enriched	762	70	67
axis_neural_enriched	763	61	57
axis_neural_enriched	764	52	50
axis_neural_enriched	765	59	57
axis_neural_enriched	766	60	57
axis_neural_enriched	767	62	58
axis_neural_enriched	768	58	54
axis_neural_enriched	769	65	63
axis_neural_enriched	770	59	57
axis_neural_enriched	771	61	58
axis_neural_enriched	772	57	55
axis_neural_enriched	773	63	61
axis_neural_enriched	774	54	51
axis_neural_enriched	775	64	62
axis_neural_enriched	776	56	54
axis_neural_enriched	777	72	68
axis_neural_enriched	778	69	67
axis_neural_enriched	779	53	51
axis_neural_enriched	780	56	53
axis_neural_enriched	781	56	54
axis_neural_enriched	782	44	42
axis_neural_enriched	783	69	66
axis_neural_enriched	784	67	65
axis_neural_enriched	785	62	59
axis_neural_enriched	786	51	49
axis_neural_enriched	787	65	62
axis_neural_enriched	788	51	49
axis_neural_enriched	789	46	44
axis_neural_enriched	790	65	62
axis_neural_enriched	791	63	60
axis_neural_enriched	792	54	52
axis_neural_enriched	793	52	49
axis_neural_enriched	794	70	67
axis_neural_enriched	795	61	59
axis_neural_enriched	796	60	58
axis_neural_enriched	797	56	54
axis_neural_enriched	798	56	54
axis_neural_enriched	799	59	56
axis_neural_enriched	800	58	56
axis_neural_enriched	801	66	63
axis_neural_enriched	802	61	59
axis_neural_enriched	803	57	55
axis_neural_enriched	804	66	63
axis_neural_enriched	805	57	54
axis_neural_enriched	806	52	50
axis_neural_enriched	807	55	53
axis_neural_enriched	808	53	51
axis_neural_enriched	809	57	54
axis_neural_enriched	810	51	48
axis_neural_enriched	811	57	55
axis_neural_enriched	812	52	49
axis_neural_enriched	813	51	48
axis_neural_enriched	814	63	60
axis_neural_enriched	815	52	50
axis_neural_enriched	816	68	66
axis_neural_enriched	817	57	55
axis_neural_enriched	818	65	63
axis_neural_enriched	819	64	60
axis_neural_enriched	820	54	52
axis_neural_enriched	821	60	58
axis_neural_enriched	822	59	57
axis_neural_enriched	823	53	51
axis_neural_enriched	824	53	51
axis_neural_enriched	825	66	62
axis_neural_enriched	826	63	59
axis_neural_enriched	827	52	50
axis_neural_enriched	828	52	50
axis_neural_enriched	829	58	56
axis_neural_enriched	830	57	53
axis_neural_enriched	831	60	58
axis_neural_enriched	832	58	55
axis_neural_enriched	833	51	48
axis_neural_enriched	834	58	56
axis_neural_enriched	835	54	52
axis_neural_enriched	836	67	64
axis_neural_enriched	837	53	51
axis_neural_enriched	838	71	68
axis_neural_enriched	839	61	59
axis_neural_enriched	840	58	56
axis_neural_enriched	841	69	67
axis_neural_enriched	842	60	58
axis_neural_enriched	843	45	43
axis_neural_enriched	844	60	58
axis_neural_enriched	845	60	58
axis_neural_enriched	846	61	59
axis_neural_enriched	847	54	52
axis_neural_enriched	848	56	54
axis_neural_enriched	849	58	56
axis_neural_enriched	850	64	62
axis_neural_enriched	851	57	54
axis_neural_enriched	852	60	57
axis_neural_enriched	853	64	62
axis_neural_enriched	854	57	55
axis_neural_enriched	855	52	49
axis_neural_enriched	856	51	49
axis_neural_enriched	857	65	62
axis_neural_enriched	858	54	50
axis_neural_enriched	859	55	53
axis_neural_enriched	860	66	64
axis_neural_enriched	861	57	55
axis_neural_enriched	862	62	59
axis_neural_enriched	863	58	55
axis_neural_enriched	864	66	64
axis_neural_enriched	865	58	55
axis_neural_enriched	866	66	64
axis_neural_enriched	867	51	48
axis_neural_enriched	868	59	55
axis_neural_enriched	869	60	58
axis_neural_enriched	870	60	58
axis_neural_enriched	871	55	53
axis_neural_enriched	872	51	49
axis_neural_enriched	873	50	48
axis_neural_enriched	874	69	65
axis_neural_enriched	875	60	57
axis_neural_enriched	876	56	54
axis_neural_enriched	877	55	53
axis_neural_enriched	878	60	58
axis_neural_enriched	879	62	58
axis_neural_enriched	880	41	39
axis_neural_enriched	881	57	55
axis_neural_enriched	882	56	52
axis_neural_enriched	883	59	56
axis_neural_enriched	884	56	54
axis_neural_enriched	885	60	58
axis_neural_enriched	886	55	52
axis_neural_enriched	887	60	58
axis_neural_enriched	888	59	57
axis_neural_enriched	889	57	55
axis_neural_enriched	890	55	53
axis_neural_enriched	891	65	62
axis_neural_enriched	892	60	57
axis_neural_enriched	893	61	57
axis_neural_enriched	894	62	60
axis_neural_enriched	895	56	54
axis_neural_enriched	896	58	56
axis_neural_enriched	897	53	51
axis_neural_enriched	898	77	72
axis_neural_enriched	899	60	57
axis_neural_enriched	900	66	63
axis_neural_enriched	901	67	65
axis_neural_enriched	902	72	68
axis_neural_enriched	903	58	55
axis_neural_enriched	904	63	61
axis_neural_enriched	905	55	53
axis_neural_enriched	906	54	50
axis_neural_enriched	907	52	49
axis_neural_enriched	908	60	58
axis_neural_enriched	909	57	55
axis_neural_enriched	910	57	55
axis_neural_enriched	911	67	65
axis_neural_enriched	912	58	56
axis_neural_enriched	913	54	51
axis_neural_enriched	914	56	54
axis_neural_enriched	915	56	54
axis_neural_enriched	916	62	58
axis_neural_enriched	917	53	50
axis_neural_enriched	918	50	48
axis_neural_enriched	919	53	51
axis_neural_enriched	920	61	59
axis_neural_enriched	921	71	69
axis_neural_enriched	922	58	56
axis_neural_enriched	923	54	52
axis_neural_enriched	924	58	56
axis_neural_enriched	925	56	53
axis_neural_enriched	926	61	59
axis_neural_enriched	927	57	55
axis_neural_enriched	928	64	62
axis_neural_enriched	929	75	73
axis_neural_enriched	930	60	58
axis_neural_enriched	931	56	53
axis_neural_enriched	932	65	63
axis_neural_enriched	933	63	60
axis_neural_enriched	934	61	58
axis_neural_enriched	935	63	61
axis_neural_enriched	936	68	66
axis_neural_enriched	937	61	59
axis_neural_enriched	938	55	53
axis_neural_enriched	939	60	58
axis_neural_enriched	940	49	47
axis_neural_enriched	941	61	59
axis_neural_enriched	942	57	55
axis_neural_enriched	943	62	59
axis_neural_enriched	944	62	60
axis_neural_enriched	945	59	57
axis_neural_enriched	946	61	59
axis_neural_enriched	947	53	49
axis_neural_enriched	948	57	55
axis_neural_enriched	949	55	53
axis_neural_enriched	950	63	61
axis_neural_enriched	951	63	60
axis_neural_enriched	952	58	55
axis_neural_enriched	953	54	52
axis_neural_enriched	954	68	66
axis_neural_enriched	955	63	60
axis_neural_enriched	956	59	56
axis_neural_enriched	957	52	50
axis_neural_enriched	958	53	51
axis_neural_enriched	959	63	60
axis_neural_enriched	960	56	54
axis_neural_enriched	961	62	59
axis_neural_enriched	962	55	52
axis_neural_enriched	963	56	54
axis_neural_enriched	964	59	57
axis_neural_enriched	965	67	65
axis_neural_enriched	966	60	56
axis_neural_enriched	967	53	50
axis_neural_enriched	968	70	68
axis_neural_enriched	969	70	66
axis_neural_enriched	970	58	54
axis_neural_enriched	971	58	55
axis_neural_enriched	972	62	60
axis_neural_enriched	973	65	63
axis_neural_enriched	974	67	63
axis_neural_enriched	975	56	53
axis_neural_enriched	976	60	58
axis_neural_enriched	977	54	51
axis_neural_enriched	978	71	66
axis_neural_enriched	979	56	54
axis_neural_enriched	980	58	56
axis_neural_enriched	981	60	58
axis_neural_enriched	982	62	59
axis_neural_enriched	983	57	55
axis_neural_enriched	984	56	54
axis_neural_enriched	985	58	56
axis_neural_enriched	986	61	59
axis_neural_enriched	987	54	52
axis_neural_enriched	988	60	57
axis_neural_enriched	989	56	54
axis_neural_enriched	990	60	58
axis_neural_enriched	991	48	46
axis_neural_enriched	992	55	52
axis_neural_enriched	993	58	55
axis_neural_enriched	994	56	53
axis_neural_enriched	995	63	60
axis_neural_enriched	996	58	56
axis_neural_enriched	997	60	57
axis_neural_enriched	998	60	58
axis_neural_enriched	999	60	56
axis_neural_enriched	1000	63	60
axis_neural_enriched	1001	56	53
axis_neural_enriched	1002	67	65
axis_neural_enriched	1003	59	56
axis_neural_enriched	1004	61	59
axis_neural_enriched	1005	58	56
axis_neural_enriched	1006	68	65
axis_neural_enriched	1007	60	57
axis_neural_enriched	1008	54	51
axis_neural_enriched	1009	56	53
axis_neural_enriched	1010	61	58
axis_neural_enriched	1011	68	66
axis_neural_enriched	1012	51	49
axis_neural_enriched	1013	57	55
axis_neural_enriched	1014	61	58
axis_neural_enriched	1015	54	52
axis_neural_enriched	1016	57	55
axis_neural_enriched	1017	62	60
axis_neural_enriched	1018	56	54
axis_neural_enriched	1019	59	56
axis_neural_enriched	1020	61	59
axis_neural_enriched	1021	62	59
axis_neural_enriched	1022	62	60
axis_neural_enriched	1023	53	51
axis_neural_enriched	1024	63	60
axis_neural_enriched	1025	56	54
axis_neural_enriched	1026	63	60
axis_neural_enriched	1027	60	57
axis_neural_enriched	1028	65	63
axis_neural_enriched	1029	65	63
axis_neural_enriched	1030	60	58
axis_neural_enriched	1031	70	68
axis_neural_enriched	1032	60	57
axis_neural_enriched	1033	61	59
axis_neural_enriched	1034	52	49
axis_neural_enriched	1035	52	50
axis_neural_enriched	1036	67	63
axis_neural_enriched	1037	61	59
axis_neural_enriched	1038	60	57
axis_neural_enriched	1039	63	61
axis_neural_enriched	1040	55	52
axis_neural_enriched	1041	64	61
axis_neural_enriched	1042	55	52
axis_neural_enriched	1043	63	61
axis_neural_enriched	1044	56	52
axis_neural_enriched	1045	59	57
axis_neural_enriched	1046	63	61
axis_neural_enriched	1047	47	45
axis_neural_enriched	1048	65	62
axis_neural_enriched	1049	65	61
axis_neural_enriched	1050	62	60
axis_neural_enriched	1051	70	66
axis_neural_enriched	1052	62	60
axis_neural_enriched	1053	62	60
axis_neural_enriched	1054	60	58
axis_neural_enriched	1055	60	56
axis_neural_enriched	1056	67	65
axis_neural_enriched	1057	64	62
axis_neural_enriched	1058	62	60
axis_neural_enriched	1059	61	59
axis_neural_enriched	1060	54	50
axis_neural_enriched	1061	55	52
axis_neural_enriched	1062	60	57
axis_neural_enriched	1063	63	60
axis_neural_enriched	1064	57	54
axis_neural_enriched	1065	72	70
axis_neural_enriched	1066	61	58
axis_neural_enriched	1067	63	61
axis_neural_enriched	1068	68	66
axis_neural_enriched	1069	52	50
axis_neural_enriched	1070	69	64
axis_neural_enriched	1071	59	56
axis_neural_enriched	1072	55	53
axis_neural_enriched	1073	56	53
axis_neural_enriched	1074	59	57
axis_neural_enriched	1075	49	47
axis_neural_enriched	1076	58	56
axis_neural_enriched	1077	52	50
axis_neural_enriched	1078	59	57
axis_neural_enriched	1079	56	52
axis_neural_enriched	1080	55	52
axis_neural_enriched	1081	57	55
axis_neural_enriched	1082	64	60
axis_neural_enriched	1083	63	61
axis_neural_enriched	1084	63	60
axis_neural_enriched	1085	66	63
axis_neural_enriched	1086	47	45
axis_neural_enriched	1087	51	49
axis_neural_enriched	1088	52	50
axis_neural_enriched	1089	63	60
axis_neural_enriched	1090	63	60
axis_neural_enriched	1091	57	54
axis_neural_enriched	1092	56	53
axis_neural_enriched	1093	65	62
axis_neural_enriched	1094	57	54
axis_neural_enriched	1095	55	52
axis_neural_enriched	1096	61	59
axis_neural_enriched	1097	64	61
axis_neural_enriched	1098	70	68
axis_neural_enriched	1099	55	53
axis_neural_enriched	1100	61	58
axis_neural_enriched	1101	70	68
axis_neural_enriched	1102	59	55
axis_neural_enriched	1103	69	66
axis_neural_enriched	1104	57	54
axis_neural_enriched	1105	68	66
axis_neural_enriched	1106	59	57
axis_neural_enriched	1107	56	54
axis_neural_enriched	1108	59	55
axis_neural_enriched	1109	59	56
axis_neural_enriched	1110	65	63
axis_neural_enriched	1111	56	54
axis_neural_enriched	1112	56	54
axis_neural_enriched	1113	60	58
axis_neural_enriched	1114	60	58
axis_neural_enriched	1115	56	53
axis_neural_enriched	1116	63	60
axis_neural_enriched	1117	64	61
axis_neural_enriched	1118	54	52
axis_neural_enriched	1119	55	53
axis_neural_enriched	1120	66	62
axis_neural_enriched	1121	52	50
axis_neural_enriched	1122	68	65
axis_neural_enriched	1123	65	62
axis_neural_enriched	1124	57	55
axis_neural_enriched	1125	57	55
axis_neural_enriched	1126	59	57
axis_neural_enriched	1127	65	63
axis_neural_enriched	1128	52	50
axis_neural_enriched	1129	64	60
axis_neural_enriched	1130	56	54
axis_neural_enriched	1131	55	53
axis_neural_enriched	1132	57	55
axis_neural_enriched	1133	63	61
axis_neural_enriched	1134	62	58
axis_neural_enriched	1135	58	56
axis_neural_enriched	1136	64	62
axis_neural_enriched	1137	49	45
axis_neural_enriched	1138	61	58
axis_neural_enriched	1139	65	63
axis_neural_enriched	1140	67	64
axis_neural_enriched	1141	49	47
axis_neural_enriched	1142	55	53
axis_neural_enriched	1143	64	60
axis_neural_enriched	1144	70	68
axis_neural_enriched	1145	62	59
axis_neural_enriched	1146	61	59
axis_neural_enriched	1147	69	64
axis_neural_enriched	1148	59	56
axis_neural_enriched	1149	66	63
axis_neural_enriched	1150	54	52
axis_neural_enriched	1151	56	54
axis_neural_enriched	1152	68	66
axis_neural_enriched	1153	63	59
axis_neural_enriched	1154	57	55
axis_neural_enriched	1155	62	60
axis_neural_enriched	1156	61	59
axis_neural_enriched	1157	54	51
axis_neural_enriched	1158	54	52
axis_neural_enriched	1159	47	45
axis_neural_enriched	1160	55	53
axis_neural_enriched	1161	62	59
axis_neural_enriched	1162	53	50
axis_neural_enriched	1163	50	47
axis_neural_enriched	1164	62	60
axis_neural_enriched	1165	68	63
axis_neural_enriched	1166	53	51
axis_neural_enriched	1167	54	52
axis_neural_enriched	1168	56	54
axis_neural_enriched	1169	61	59
axis_neural_enriched	1170	58	55
axis_neural_enriched	1171	60	57
axis_neural_enriched	1172	63	61
axis_neural_enriched	1173	53	51
axis_neural_enriched	1174	68	65
axis_neural_enriched	1175	54	52
axis_neural_enriched	1176	57	54
axis_neural_enriched	1177	55	53
axis_neural_enriched	1178	57	55
axis_neural_enriched	1179	59	56
axis_neural_enriched	1180	50	48
axis_neural_enriched	1181	43	41
axis_neural_enriched	1182	50	48
axis_neural_enriched	1183	72	70
axis_neural_enriched	1184	52	50
axis_neural_enriched	1185	64	61
axis_neural_enriched	1186	53	51
axis_neural_enriched	1187	60	58
axis_neural_enriched	1188	62	59
axis_neural_enriched	1189	68	66
axis_neural_enriched	1190	55	52
axis_neural_enriched	1191	60	58
axis_neural_enriched	1192	70	67
axis_neural_enriched	1193	62	59
axis_neural_enriched	1194	58	54
axis_neural_enriched	1195	62	60
axis_neural_enriched	1196	61	59
axis_neural_enriched	1197	60	56
axis_neural_enriched	1198	57	55
axis_neural_enriched	1199	54	52
axis_neural_enriched	1200	73	71
axis_neural_enriched	1201	60	58
axis_neural_enriched	1202	57	54
axis_neural_enriched	1203	56	54
axis_neural_enriched	1204	58	56
axis_neural_enriched	1205	58	55
axis_neural_enriched	1206	54	51
axis_neural_enriched	1207	62	57
axis_neural_enriched	1208	63	60
axis_neural_enriched	1209	53	51
axis_neural_enriched	1210	64	62
axis_neural_enriched	1211	61	59
axis_neural_enriched	1212	60	58
axis_neural_enriched	1213	66	63
axis_neural_enriched	1214	64	62
axis_neural_enriched	1215	61	59
axis_neural_enriched	1216	61	58
axis_neural_enriched	1217	64	60
axis_neural_enriched	1218	58	55
axis_neural_enriched	1219	59	57
axis_neural_enriched	1220	58	56
axis_neural_enriched	1221	62	59
axis_neural_enriched	1222	50	48
axis_neural_enriched	1223	63	61
axis_neural_enriched	1224	63	61
axis_neural_enriched	1225	66	62
axis_neural_enriched	1226	60	58
axis_neural_enriched	1227	62	60
axis_neural_enriched	1228	57	55
axis_neural_enriched	1229	60	57
axis_neural_enriched	1230	54	52
axis_neural_enriched	1231	62	60
axis_neural_enriched	1232	61	59
axis_neural_enriched	1233	60	57
axis_neural_enriched	1234	55	52
axis_neural_enriched	1235	68	65
axis_neural_enriched	1236	62	60
axis_neural_enriched	1237	55	53
axis_neural_enriched	1238	54	51
axis_neural_enriched	1239	62	59
axis_neural_enriched	1240	60	56
axis_neural_enriched	1241	61	58
axis_neural_enriched	1242	62	60
axis_neural_enriched	1243	68	66
axis_neural_enriched	1244	62	60
axis_neural_enriched	1245	55	53
axis_neural_enriched	1246	62	60
axis_neural_enriched	1247	62	59
axis_neural_enriched	1248	56	53
axis_neural_enriched	1249	47	45
axis_neural_enriched	1250	57	55
axis_neural_enriched	1251	59	57
axis_neural_enriched	1252	57	55
axis_neural_enriched	1253	58	56
axis_neural_enriched	1254	57	54
axis_neural_enriched	1255	65	63
axis_neural_enriched	1256	54	52
axis_neural_enriched	1257	58	55
axis_neural_enriched	1258	63	60
axis_neural_enriched	1259	55	53
axis_neural_enriched	1260	69	67
axis_neural_enriched	1261	68	65
axis_neural_enriched	1262	57	53
axis_neural_enriched	1263	50	48
axis_neural_enriched	1264	68	65
axis_neural_enriched	1265	60	57
axis_neural_enriched	1266	61	59
axis_neural_enriched	1267	70	67
axis_neural_enriched	1268	52	50
axis_neural_enriched	1269	60	57
axis_neural_enriched	1270	51	49
axis_neural_enriched	1271	49	47
axis_neural_enriched	1272	50	48
axis_neural_enriched	1273	58	56
axis_neural_enriched	1274	51	49
axis_neural_enriched	1275	64	61
axis_neural_enriched	1276	58	56
axis_neural_enriched	1277	52	50
axis_neural_enriched	1278	58	56
axis_neural_enriched	1279	69	67
axis_neural_enriched	1280	62	59
axis_neural_enriched	1281	55	53
axis_neural_enriched	1282	57	55
axis_neural_enriched	1283	55	53
axis_neural_enriched	1284	59	57
axis_neural_enriched	1285	64	60
axis_neural_enriched	1286	48	46
axis_neural_enriched	1287	56	54
axis_neural_enriched	1288	55	52
axis_neural_enriched	1289	58	55
axis_neural_enriched	1290	57	54
axis_neural_enriched	1291	63	60
axis_neural_enriched	1292	59	57
axis_neural_enriched	1293	58	55
axis_neural_enriched	1294	58	55
axis_neural_enriched	1295	55	52
axis_neural_enriched	1296	65	62
axis_neural_enriched	1297	59	57
axis_neural_enriched	1298	63	61
axis_neural_enriched	1299	57	54
axis_neural_enriched	1300	58	56
axis_neural_enriched	1301	69	67
axis_neural_enriched	1302	57	54
axis_neural_enriched	1303	60	58
axis_neural_enriched	1304	63	60
axis_neural_enriched	1305	65	62
axis_neural_enriched	1306	64	61
axis_neural_enriched	1307	62	59
axis_neural_enriched	1308	60	58
axis_neural_enriched	1309	70	67
axis_neural_enriched	1310	61	58
axis_neural_enriched	1311	51	48
axis_neural_enriched	1312	63	60
axis_neural_enriched	1313	58	56
axis_neural_enriched	1314	70	67
axis_neural_enriched	1315	72	69
axis_neural_enriched	1316	65	61
axis_neural_enriched	1317	62	60
axis_neural_enriched	1318	65	62
axis_neural_enriched	1319	60	58
axis_neural_enriched	1320	73	71
axis_neural_enriched	1321	58	56
axis_neural_enriched	1322	57	55
axis_neural_enriched	1323	63	60
axis_neural_enriched	1324	56	54
axis_neural_enriched	1325	65	62
axis_neural_enriched	1326	48	45
axis_neural_enriched	1327	48	46
axis_neural_enriched	1328	61	58
axis_neural_enriched	1329	58	55
axis_neural_enriched	1330	60	58
axis_neural_enriched	1331	60	57
axis_neural_enriched	1332	52	50
axis_neural_enriched	1333	59	56
axis_neural_enriched	1334	65	63
axis_neural_enriched	1335	65	63
axis_neural_enriched	1336	64	62
axis_neural_enriched	1337	57	55
axis_neural_enriched	1338	56	54
axis_neural_enriched	1339	64	61
axis_neural_enriched	1340	75	71
axis_neural_enriched	1341	69	66
axis_neural_enriched	1342	60	58
axis_neural_enriched	1343	61	58
axis_neural_enriched	1344	65	63
axis_neural_enriched	1345	59	55
axis_neural_enriched	1346	56	53
axis_neural_enriched	1347	72	69
axis_neural_enriched	1348	63	59
axis_neural_enriched	1349	60	58
axis_neural_enriched	1350	50	48
axis_neural_enriched	1351	65	62
axis_neural_enriched	1352	62	60
axis_neural_enriched	1353	55	53
axis_neural_enriched	1354	71	68
axis_neural_enriched	1355	53	51
axis_neural_enriched	1356	64	61
axis_neural_enriched	1357	64	62
axis_neural_enriched	1358	61	59
axis_neural_enriched	1359	58	56
axis_neural_enriched	1360	69	66
axis_neural_enriched	1361	57	55
axis_neural_enriched	1362	59	57
axis_neural_enriched	1363	61	59
axis_neural_enriched	1364	60	58
axis_neural_enriched	1365	64	61
axis_neural_enriched	1366	55	53
axis_neural_enriched	1367	51	48
axis_neural_enriched	1368	69	67
axis_neural_enriched	1369	65	62
axis_neural_enriched	1370	61	59
axis_neural_enriched	1371	64	62
axis_neural_enriched	1372	58	56
axis_neural_enriched	1373	58	56
axis_neural_enriched	1374	53	51
axis_neural_enriched	1375	57	55
axis_neural_enriched	1376	63	60
axis_neural_enriched	1377	58	55
axis_neural_enriched	1378	59	57
axis_neural_enriched	1379	49	47
axis_neural_enriched	1380	56	54
axis_neural_enriched	1381	65	63
axis_neural_enriched	1382	58	56
axis_neural_enriched	1383	57	55
axis_neural_enriched	1384	60	58
axis_neural_enriched	1385	65	61
axis_neural_enriched	1386	61	59
axis_neural_enriched	1387	63	61
axis_neural_enriched	1388	63	59
axis_neural_enriched	1389	63	60
axis_neural_enriched	1390	58	55
axis_neural_enriched	1391	71	68
axis_neural_enriched	1392	62	59
axis_neural_enriched	1393	58	56
axis_neural_enriched	1394	70	67
axis_neural_enriched	1395	65	61
axis_neural_enriched	1396	57	54
axis_neural_enriched	1397	62	60
axis_neural_enriched	1398	64	61
axis_neural_enriched	1399	60	58
axis_neural_enriched	1400	58	56
axis_neural_enriched	1401	59	56
axis_neural_enriched	1402	61	59
axis_neural_enriched	1403	59	57
axis_neural_enriched	1404	66	63
axis_neural_enriched	1405	58	54
axis_neural_enriched	1406	56	53
axis_neural_enriched	1407	51	49
axis_neural_enriched	1408	61	59
axis_neural_enriched	1409	54	52
axis_neural_enriched	1410	60	58
axis_neural_enriched	1411	51	49
axis_neural_enriched	1412	60	58
axis_neural_enriched	1413	63	61
axis_neural_enriched	1414	59	57
axis_neural_enriched	1415	61	59
axis_neural_enriched	1416	61	57
axis_neural_enriched	1417	52	50
axis_neural_enriched	1418	69	67
axis_neural_enriched	1419	60	57
axis_neural_enriched	1420	64	61
axis_neural_enriched	1421	56	53
axis_neural_enriched	1422	67	63
axis_neural_enriched	1423	71	67
axis_neural_enriched	1424	56	53
axis_neural_enriched	1425	64	62
axis_neural_enriched	1426	63	60
axis_neural_enriched	1427	49	47
axis_neural_enriched	1428	49	46
axis_neural_enriched	1429	51	48
axis_neural_enriched	1430	61	59
axis_neural_enriched	1431	58	54
axis_neural_enriched	1432	58	56
axis_neural_enriched	1433	51	49
axis_neural_enriched	1434	53	51
axis_neural_enriched	1435	59	57
axis_neural_enriched	1436	59	56
axis_neural_enriched	1437	60	57
axis_neural_enriched	1438	54	52
axis_neural_enriched	1439	55	53
axis_neural_enriched	1440	60	57
axis_neural_enriched	1441	57	55
axis_neural_enriched	1442	71	68
axis_neural_enriched	1443	54	51
axis_neural_enriched	1444	54	51
axis_neural_enriched	1445	56	53
axis_neural_enriched	1446	69	65
axis_neural_enriched	1447	63	59
axis_neural_enriched	1448	54	51
axis_neural_enriched	1449	55	53
axis_neural_enriched	1450	60	57
axis_neural_enriched	1451	65	63
axis_neural_enriched	1452	59	57
axis_neural_enriched	1453	62	60
axis_neural_enriched	1454	76	73
axis_neural_enriched	1455	59	57
axis_neural_enriched	1456	56	52
axis_neural_enriched	1457	58	56
axis_neural_enriched	1458	57	54
axis_neural_enriched	1459	65	62
axis_neural_enriched	1460	68	65
axis_neural_enriched	1461	63	61
axis_neural_enriched	1462	55	53
axis_neural_enriched	1463	61	59
axis_neural_enriched	1464	80	77
axis_neural_enriched	1465	57	55
axis_neural_enriched	1466	65	62
axis_neural_enriched	1467	57	55
axis_neural_enriched	1468	59	57
axis_neural_enriched	1469	58	56
axis_neural_enriched	1470	58	56
axis_neural_enriched	1471	57	55
axis_neural_enriched	1472	75	71
axis_neural_enriched	1473	56	54
axis_neural_enriched	1474	56	54
axis_neural_enriched	1475	64	62
axis_neural_enriched	1476	57	54
axis_neural_enriched	1477	67	64
axis_neural_enriched	1478	58	55
axis_neural_enriched	1479	56	53
axis_neural_enriched	1480	67	64
axis_neural_enriched	1481	55	53
axis_neural_enriched	1482	56	54
axis_neural_enriched	1483	58	56
axis_neural_enriched	1484	63	60
axis_neural_enriched	1485	56	54
axis_neural_enriched	1486	62	60
axis_neural_enriched	1487	62	59
axis_neural_enriched	1488	61	59
axis_neural_enriched	1489	61	59
axis_neural_enriched	1490	67	64
axis_neural_enriched	1491	67	64
axis_neural_enriched	1492	61	59
axis_neural_enriched	1493	63	60
axis_neural_enriched	1494	67	64
axis_neural_enriched	1495	61	58
axis_neural_enriched	1496	55	53
axis_neural_enriched	1497	61	58
axis_neural_enriched	1498	52	50
axis_neural_enriched	1499	50	48
axis_neural_enriched	1500	53	49
axis_neural_enriched	1501	49	47
axis_neural_enriched	1502	60	57
axis_neural_enriched	1503	58	55
axis_neural_enriched	1504	59	55
axis_neural_enriched	1505	57	54
axis_neural_enriched	1506	60	57
axis_neural_enriched	1507	53	51
axis_neural_enriched	1508	50	48
axis_neural_enriched	1509	63	61
axis_neural_enriched	1510	62	60
axis_neural_enriched	1511	64	61
axis_neural_enriched	1512	64	61
axis_neural_enriched	1513	61	58
axis_neural_enriched	1514	66	64
axis_neural_enriched	1515	55	53
axis_neural_enriched	1516	54	52
axis_neural_enriched	1517	61	58
axis_neural_enriched	1518	60	57
axis_neural_enriched	1519	51	48
axis_neural_enriched	1520	59	57
axis_neural_enriched	1521	73	70
axis_neural_enriched	1522	53	51
axis_neural_enriched	1523	65	62
axis_neural_enriched	1524	56	53
axis_neural_enriched	1525	63	61
axis_neural_enriched	1526	64	61
axis_neural_enriched	1527	75	71
axis_neural_enriched	1528	57	55
axis_neural_enriched	1529	52	50
axis_neural_enriched	1530	53	51
axis_neural_enriched	1531	70	68
axis_neural_enriched	1532	73	69
axis_neural_enriched	1533	55	53
axis_neural_enriched	1534	61	59
axis_neural_enriched	1535	53	51
axis_neural_enriched	1536	61	56
axis_neural_enriched	1537	59	57
axis_neural_enriched	1538	57	53
axis_neural_enriched	1539	60	58
axis_neural_enriched	1540	60	57
axis_neural_enriched	1541	70	68
axis_neural_enriched	1542	58	56
axis_neural_enriched	1543	63	59
axis_neural_enriched	1544	64	62
axis_neural_enriched	1545	57	55
axis_neural_enriched	1546	50	48
axis_neural_enriched	1547	65	61
axis_neural_enriched	1548	56	54
axis_neural_enriched	1549	63	59
axis_neural_enriched	1550	56	53
axis_neural_enriched	1551	48	46
axis_neural_enriched	1552	62	59
axis_neural_enriched	1553	60	57
axis_neural_enriched	1554	56	54
axis_neural_enriched	1555	62	60
axis_neural_enriched	1556	61	57
axis_neural_enriched	1557	60	57
axis_neural_enriched	1558	66	63
axis_neural_enriched	1559	55	53
axis_neural_enriched	1560	74	70
axis_neural_enriched	1561	61	58
axis_neural_enriched	1562	55	51
axis_neural_enriched	1563	58	56
axis_neural_enriched	1564	61	58
axis_neural_enriched	1565	66	63
axis_neural_enriched	1566	56	53
axis_neural_enriched	1567	52	48
axis_neural_enriched	1568	56	53
axis_neural_enriched	1569	65	63
axis_neural_enriched	1570	51	49
axis_neural_enriched	1571	59	57
axis_neural_enriched	1572	64	61
axis_neural_enriched	1573	66	64
axis_neural_enriched	1574	56	54
axis_neural_enriched	1575	70	66
axis_neural_enriched	1576	62	59
axis_neural_enriched	1577	63	61
axis_neural_enriched	1578	59	57
axis_neural_enriched	1579	68	66
axis_neural_enriched	1580	58	56
axis_neural_enriched	1581	63	60
axis_neural_enriched	1582	59	56
axis_neural_enriched	1583	71	69
axis_neural_enriched	1584	58	55
axis_neural_enriched	1585	60	57
axis_neural_enriched	1586	64	62
axis_neural_enriched	1587	57	55
axis_neural_enriched	1588	60	58
axis_neural_enriched	1589	53	51
axis_neural_enriched	1590	62	60
axis_neural_enriched	1591	52	49
axis_neural_enriched	1592	56	54
axis_neural_enriched	1593	55	51
axis_neural_enriched	1594	54	50
axis_neural_enriched	1595	62	58
axis_neural_enriched	1596	63	61
axis_neural_enriched	1597	57	55
axis_neural_enriched	1598	64	62
axis_neural_enriched	1599	57	55
axis_neural_enriched	1600	63	60
axis_neural_enriched	1601	53	51
axis_neural_enriched	1602	59	56
axis_neural_enriched	1603	64	60
axis_neural_enriched	1604	63	61
axis_neural_enriched	1605	62	59
axis_neural_enriched	1606	57	55
axis_neural_enriched	1607	58	55
axis_neural_enriched	1608	57	54
axis_neural_enriched	1609	53	51
axis_neural_enriched	1610	59	57
axis_neural_enriched	1611	54	52
axis_neural_enriched	1612	68	66
axis_neural_enriched	1613	64	62
axis_neural_enriched	1614	63	60
axis_neural_enriched	1615	56	54
axis_neural_enriched	1616	67	65
axis_neural_enriched	1617	49	47
axis_neural_enriched	1618	64	61
axis_neural_enriched	1619	55	53
axis_neural_enriched	1620	57	55
axis_neural_enriched	1621	66	62
axis_neural_enriched	1622	57	54
axis_neural_enriched	1623	58	54
axis_neural_enriched	1624	65	63
axis_neural_enriched	1625	55	52
axis_neural_enriched	1626	66	64
axis_neural_enriched	1627	59	56
axis_neural_enriched	1628	62	60
axis_neural_enriched	1629	70	67
axis_neural_enriched	1630	57	55
axis_neural_enriched	1631	59	56
axis_neural_enriched	1632	62	60
axis_neural_enriched	1633	77	75
axis_neural_enriched	1634	65	62
axis_neural_enriched	1635	58	56
axis_neural_enriched	1636	61	59
axis_neural_enriched	1637	67	64
axis_neural_enriched	1638	58	56
axis_neural_enriched	1639	59	57
axis_neural_enriched	1640	52	50
axis_neural_enriched	1641	63	61
axis_neural_enriched	1642	60	58
axis_neural_enriched	1643	51	49
axis_neural_enriched	1644	64	61
axis_neural_enriched	1645	59	57
axis_neural_enriched	1646	59	56
axis_neural_enriched	1647	51	48
axis_neural_enriched	1648	59	57
axis_neural_enriched	1649	57	55
axis_neural_enriched	1650	52	50
axis_neural_enriched	1651	63	60
axis_neural_enriched	1652	58	56
axis_neural_enriched	1653	59	57
axis_neural_enriched	1654	60	58
axis_neural_enriched	1655	69	67
axis_neural_enriched	1656	65	63
axis_neural_enriched	1657	52	50
axis_neural_enriched	1658	65	63
axis_neural_enriched	1659	61	57
axis_neural_enriched	1660	49	45
axis_neural_enriched	1661	64	62
axis_neural_enriched	1662	68	64
axis_neural_enriched	1663	54	52
axis_neural_enriched	1664	63	61
axis_neural_enriched	1665	65	62
axis_neural_enriched	1666	58	55
axis_neural_enriched	1667	62	60
axis_neural_enriched	1668	58	54
axis_neural_enriched	1669	54	52
axis_neural_enriched	1670	56	53
axis_neural_enriched	1671	58	56
axis_neural_enriched	1672	53	50
axis_neural_enriched	1673	71	66
axis_neural_enriched	1674	60	56
axis_neural_enriched	1675	56	54
axis_neural_enriched	1676	63	60
axis_neural_enriched	1677	55	53
axis_neural_enriched	1678	53	51
axis_neural_enriched	1679	62	60
axis_neural_enriched	1680	62	59
axis_neural_enriched	1681	73	71
axis_neural_enriched	1682	56	53
axis_neural_enriched	1683	54	52
axis_neural_enriched	1684	54	51
axis_neural_enriched	1685	69	67
axis_neural_enriched	1686	60	58
axis_neural_enriched	1687	59	57
axis_neural_enriched	1688	72	67
axis_neural_enriched	1689	63	60
axis_neural_enriched	1690	59	56
axis_neural_enriched	1691	62	60
axis_neural_enriched	1692	57	54
axis_neural_enriched	1693	56	53
axis_neural_enriched	1694	66	63
axis_neural_enriched	1695	70	67
axis_neural_enriched	1696	59	57
axis_neural_enriched	1697	54	51
axis_neural_enriched	1698	56	53
axis_neural_enriched	1699	63	60
axis_neural_enriched	1700	68	65
axis_neural_enriched	1701	65	62
axis_neural_enriched	1702	50	48
axis_neural_enriched	1703	52	48
axis_neural_enriched	1704	55	53
axis_neural_enriched	1705	63	61
axis_neural_enriched	1706	58	56
axis_neural_enriched	1707	54	52
axis_neural_enriched	1708	49	47
axis_neural_enriched	1709	55	53
axis_neural_enriched	1710	57	55
axis_neural_enriched	1711	56	54
axis_neural_enriched	1712	62	59
axis_neural_enriched	1713	57	55
axis_neural_enriched	1714	63	59
axis_neural_enriched	1715	54	52
axis_neural_enriched	1716	52	50
axis_neural_enriched	1717	55	52
axis_neural_enriched	1718	64	61
axis_neural_enriched	1719	54	52
axis_neural_enriched	1720	59	56
axis_neural_enriched	1721	67	62
axis_neural_enriched	1722	60	57
axis_neural_enriched	1723	67	64
axis_neural_enriched	1724	63	61
axis_neural_enriched	1725	55	53
axis_neural_enriched	1726	56	54
axis_neural_enriched	1727	59	57
axis_neural_enriched	1728	69	67
axis_neural_enriched	1729	54	52
axis_neural_enriched	1730	55	52
axis_neural_enriched	1731	57	55
axis_neural_enriched	1732	50	48
axis_neural_enriched	1733	60	58
axis_neural_enriched	1734	61	58
axis_neural_enriched	1735	55	53
axis_neural_enriched	1736	61	59
axis_neural_enriched	1737	62	59
axis_neural_enriched	1738	59	56
axis_neural_enriched	1739	62	58
axis_neural_enriched	1740	65	63
axis_neural_enriched	1741	67	63
axis_neural_enriched	1742	59	57
axis_neural_enriched	1743	56	54
axis_neural_enriched	1744	61	58
axis_neural_enriched	1745	51	49
axis_neural_enriched	1746	66	64
axis_neural_enriched	1747	60	57
axis_neural_enriched	1748	62	56
axis_neural_enriched	1749	72	69
axis_neural_enriched	1750	50	48
axis_neural_enriched	1751	65	63
axis_neural_enriched	1752	72	69
axis_neural_enriched	1753	64	62
axis_neural_enriched	1754	57	55
axis_neural_enriched	1755	54	52
axis_neural_enriched	1756	55	52
axis_neural_enriched	1757	54	51
axis_neural_enriched	1758	59	56
axis_neural_enriched	1759	62	59
axis_neural_enriched	1760	61	58
axis_neural_enriched	1761	65	62
axis_neural_enriched	1762	63	61
axis_neural_enriched	1763	58	55
axis_neural_enriched	1764	60	57
axis_neural_enriched	1765	63	61
axis_neural_enriched	1766	59	57
axis_neural_enriched	1767	69	66
axis_neural_enriched	1768	64	60
axis_neural_enriched	1769	72	70
axis_neural_enriched	1770	62	59
axis_neural_enriched	1771	59	57
axis_neural_enriched	1772	62	60
axis_neural_enriched	1773	61	57
axis_neural_enriched	1774	63	61
axis_neural_enriched	1775	56	53
axis_neural_enriched	1776	66	63
axis_neural_enriched	1777	65	63
axis_neural_enriched	1778	61	59
axis_neural_enriched	1779	60	58
axis_neural_enriched	1780	65	63
axis_neural_enriched	1781	58	56
axis_neural_enriched	1782	59	56
axis_neural_enriched	1783	58	56
axis_neural_enriched	1784	60	58
axis_neural_enriched	1785	61	59
axis_neural_enriched	1786	55	53
axis_neural_enriched	1787	51	49
axis_neural_enriched	1788	59	57
axis_neural_enriched	1789	60	58
axis_neural_enriched	1790	59	56
axis_neural_enriched	1791	66	63
axis_neural_enriched	1792	61	58
axis_neural_enriched	1793	70	67
axis_neural_enriched	1794	54	51
axis_neural_enriched	1795	51	49
axis_neural_enriched	1796	57	55
axis_neural_enriched	1797	60	57
axis_neural_enriched	1798	51	49
axis_neural_enriched	1799	56	54
axis_neural_enriched	1800	67	65
axis_neural_enriched	1801	62	60
axis_neural_enriched	1802	66	64
axis_neural_enriched	1803	61	59
axis_neural_enriched	1804	57	55
axis_neural_enriched	1805	61	58
axis_neural_enriched	1806	63	60
axis_neural_enriched	1807	55	53
axis_neural_enriched	1808	71	68
axis_neural_enriched	1809	58	56
axis_neural_enriched	1810	61	58
axis_neural_enriched	1811	53	50
axis_neural_enriched	1812	62	60
axis_neural_enriched	1813	57	55
axis_neural_enriched	1814	55	52
axis_neural_enriched	1815	51	49
axis_neural_enriched	1816	69	65
axis_neural_enriched	1817	64	62
axis_neural_enriched	1818	66	64
axis_neural_enriched	1819	65	63
axis_neural_enriched	1820	64	62
axis_neural_enriched	1821	62	60
axis_neural_enriched	1822	47	45
axis_neural_enriched	1823	65	62
axis_neural_enriched	1824	53	51
axis_neural_enriched	1825	59	56
axis_neural_enriched	1826	55	53
axis_neural_enriched	1827	60	58
axis_neural_enriched	1828	61	58
axis_neural_enriched	1829	61	58
axis_neural_enriched	1830	50	48
axis_neural_enriched	1831	61	58
axis_neural_enriched	1832	60	58
axis_neural_enriched	1833	65	62
axis_neural_enriched	1834	59	56
axis_neural_enriched	1835	57	55
axis_neural_enriched	1836	67	65
axis_neural_enriched	1837	54	52
axis_neural_enriched	1838	57	55
axis_neural_enriched	1839	61	59
axis_neural_enriched	1840	53	50
axis_neural_enriched	1841	60	58
axis_neural_enriched	1842	53	51
axis_neural_enriched	1843	56	53
axis_neural_enriched	1844	77	74
axis_neural_enriched	1845	57	55
axis_neural_enriched	1846	64	61
axis_neural_enriched	1847	51	49
axis_neural_enriched	1848	54	51
axis_neural_enriched	1849	63	60
axis_neural_enriched	1850	53	51
axis_neural_enriched	1851	63	60
axis_neural_enriched	1852	63	61
axis_neural_enriched	1853	51	49
axis_neural_enriched	1854	58	55
axis_neural_enriched	1855	58	56
axis_neural_enriched	1856	60	56
axis_neural_enriched	1857	64	61
axis_neural_enriched	1858	66	63
axis_neural_enriched	1859	60	58
axis_neural_enriched	1860	60	58
axis_neural_enriched	1861	63	61
axis_neural_enriched	1862	69	67
axis_neural_enriched	1863	53	51
axis_neural_enriched	1864	72	70
axis_neural_enriched	1865	65	62
axis_neural_enriched	1866	58	55
axis_neural_enriched	1867	58	56
axis_neural_enriched	1868	61	58
axis_neural_enriched	1869	70	67
axis_neural_enriched	1870	60	57
axis_neural_enriched	1871	57	55
axis_neural_enriched	1872	61	58
axis_neural_enriched	1873	54	52
axis_neural_enriched	1874	59	56
axis_neural_enriched	1875	62	59
axis_neural_enriched	1876	44	41
axis_neural_enriched	1877	57	55
axis_neural_enriched	1878	59	57
axis_neural_enriched	1879	65	62
axis_neural_enriched	1880	54	52
axis_neural_enriched	1881	60	56
axis_neural_enriched	1882	56	54
axis_neural_enriched	1883	51	48
axis_neural_enriched	1884	58	56
axis_neural_enriched	1885	63	61
axis_neural_enriched	1886	64	62
axis_neural_enriched	1887	64	62
axis_neural_enriched	1888	53	51
axis_neural_enriched	1889	56	54
axis_neural_enriched	1890	60	55
axis_neural_enriched	1891	64	62
axis_neural_enriched	1892	61	59
axis_neural_enriched	1893	66	64
axis_neural_enriched	1894	62	59
axis_neural_enriched	1895	53	51
axis_neural_enriched	1896	53	50
axis_neural_enriched	1897	61	57
axis_neural_enriched	1898	47	44
axis_neural_enriched	1899	51	48
axis_neural_enriched	1900	56	53
axis_neural_enriched	1901	57	55
axis_neural_enriched	1902	60	58
axis_neural_enriched	1903	67	64
axis_neural_enriched	1904	61	58
axis_neural_enriched	1905	60	58
axis_neural_enriched	1906	54	52
axis_neural_enriched	1907	59	57
axis_neural_enriched	1908	56	53
axis_neural_enriched	1909	65	63
axis_neural_enriched	1910	57	55
axis_neural_enriched	1911	57	54
axis_neural_enriched	1912	57	54
axis_neural_enriched	1913	53	51
axis_neural_enriched	1914	68	66
axis_neural_enriched	1915	56	54
axis_neural_enriched	1916	60	57
axis_neural_enriched	1917	54	52
axis_neural_enriched	1918	57	54
axis_neural_enriched	1919	61	59
axis_neural_enriched	1920	63	60
axis_neural_enriched	1921	53	51
axis_neural_enriched	1922	57	54
axis_neural_enriched	1923	56	54
axis_neural_enriched	1924	63	61
axis_neural_enriched	1925	49	47
axis_neural_enriched	1926	69	66
axis_neural_enriched	1927	64	61
axis_neural_enriched	1928	52	49
axis_neural_enriched	1929	57	54
axis_neural_enriched	1930	52	49
axis_neural_enriched	1931	66	64
axis_neural_enriched	1932	65	63
axis_neural_enriched	1933	67	64
axis_neural_enriched	1934	66	63
axis_neural_enriched	1935	62	59
axis_neural_enriched	1936	53	50
axis_neural_enriched	1937	57	54
axis_neural_enriched	1938	62	60
axis_neural_enriched	1939	68	66
axis_neural_enriched	1940	63	61
axis_neural_enriched	1941	57	55
axis_neural_enriched	1942	54	52
axis_neural_enriched	1943	61	59
axis_neural_enriched	1944	67	65
axis_neural_enriched	1945	62	59
axis_neural_enriched	1946	52	50
axis_neural_enriched	1947	67	64
axis_neural_enriched	1948	55	52
axis_neural_enriched	1949	68	64
axis_neural_enriched	1950	59	57
axis_neural_enriched	1951	64	61
axis_neural_enriched	1952	68	64
axis_neural_enriched	1953	58	56
axis_neural_enriched	1954	59	57
axis_neural_enriched	1955	54	49
axis_neural_enriched	1956	62	60
axis_neural_enriched	1957	61	59
axis_neural_enriched	1958	56	54
axis_neural_enriched	1959	60	58
axis_neural_enriched	1960	73	68
axis_neural_enriched	1961	60	58
axis_neural_enriched	1962	73	70
axis_neural_enriched	1963	63	61
axis_neural_enriched	1964	51	47
axis_neural_enriched	1965	64	61
axis_neural_enriched	1966	67	64
axis_neural_enriched	1967	67	65
axis_neural_enriched	1968	54	52
axis_neural_enriched	1969	56	53
axis_neural_enriched	1970	61	59
axis_neural_enriched	1971	64	61
axis_neural_enriched	1972	62	59
axis_neural_enriched	1973	58	55
axis_neural_enriched	1974	59	57
axis_neural_enriched	1975	58	54
axis_neural_enriched	1976	62	60
axis_neural_enriched	1977	54	50
axis_neural_enriched	1978	62	60
axis_neural_enriched	1979	65	61
axis_neural_enriched	1980	51	48
axis_neural_enriched	1981	70	67
axis_neural_enriched	1982	54	51
axis_neural_enriched	1983	64	62
axis_neural_enriched	1984	60	58
axis_neural_enriched	1985	61	58
axis_neural_enriched	1986	66	64
axis_neural_enriched	1987	59	56
axis_neural_enriched	1988	61	59
axis_neural_enriched	1989	58	56
axis_neural_enriched	1990	56	54
axis_neural_enriched	1991	56	54
axis_neural_enriched	1992	60	57
axis_neural_enriched	1993	54	52
axis_neural_enriched	1994	60	58
axis_neural_enriched	1995	56	54
axis_neural_enriched	1996	57	55
axis_neural_enriched	1997	57	53
axis_neural_enriched	1998	50	48
axis_neural_enriched	1999	63	60
axis_systemic_other	0	79	70
axis_systemic_other	1	55	51
axis_systemic_other	2	66	63
axis_systemic_other	3	58	54
axis_systemic_other	4	69	63
axis_systemic_other	5	71	65
axis_systemic_other	6	53	50
axis_systemic_other	7	58	54
axis_systemic_other	8	65	60
axis_systemic_other	9	68	64
axis_systemic_other	10	69	61
axis_systemic_other	11	60	58
axis_systemic_other	12	61	59
axis_systemic_other	13	69	66
axis_systemic_other	14	67	65
axis_systemic_other	15	67	61
axis_systemic_other	16	63	59
axis_systemic_other	17	64	59
axis_systemic_other	18	62	56
axis_systemic_other	19	56	53
axis_systemic_other	20	64	59
axis_systemic_other	21	62	56
axis_systemic_other	22	62	59
axis_systemic_other	23	65	60
axis_systemic_other	24	71	66
axis_systemic_other	25	55	50
axis_systemic_other	26	61	59
axis_systemic_other	27	60	56
axis_systemic_other	28	59	55
axis_systemic_other	29	62	57
axis_systemic_other	30	58	54
axis_systemic_other	31	64	61
axis_systemic_other	32	66	61
axis_systemic_other	33	57	53
axis_systemic_other	34	69	66
axis_systemic_other	35	79	72
axis_systemic_other	36	54	50
axis_systemic_other	37	66	62
axis_systemic_other	38	69	65
axis_systemic_other	39	59	55
axis_systemic_other	40	64	62
axis_systemic_other	41	59	56
axis_systemic_other	42	62	57
axis_systemic_other	43	61	55
axis_systemic_other	44	58	55
axis_systemic_other	45	69	64
axis_systemic_other	46	62	56
axis_systemic_other	47	72	66
axis_systemic_other	48	71	68
axis_systemic_other	49	51	47
axis_systemic_other	50	61	56
axis_systemic_other	51	59	56
axis_systemic_other	52	63	58
axis_systemic_other	53	59	55
axis_systemic_other	54	62	59
axis_systemic_other	55	66	60
axis_systemic_other	56	66	60
axis_systemic_other	57	69	64
axis_systemic_other	58	57	55
axis_systemic_other	59	72	69
axis_systemic_other	60	52	48
axis_systemic_other	61	63	59
axis_systemic_other	62	61	56
axis_systemic_other	63	70	67
axis_systemic_other	64	56	51
axis_systemic_other	65	72	67
axis_systemic_other	66	69	62
axis_systemic_other	67	62	60
axis_systemic_other	68	81	73
axis_systemic_other	69	61	55
axis_systemic_other	70	64	62
axis_systemic_other	71	67	64
axis_systemic_other	72	65	61
axis_systemic_other	73	65	61
axis_systemic_other	74	64	58
axis_systemic_other	75	65	61
axis_systemic_other	76	77	72
axis_systemic_other	77	54	49
axis_systemic_other	78	63	58
axis_systemic_other	79	54	51
axis_systemic_other	80	68	62
axis_systemic_other	81	63	57
axis_systemic_other	82	75	72
axis_systemic_other	83	71	64
axis_systemic_other	84	71	64
axis_systemic_other	85	66	62
axis_systemic_other	86	61	55
axis_systemic_other	87	65	63
axis_systemic_other	88	60	55
axis_systemic_other	89	66	61
axis_systemic_other	90	57	50
axis_systemic_other	91	64	55
axis_systemic_other	92	75	69
axis_systemic_other	93	62	57
axis_systemic_other	94	60	55
axis_systemic_other	95	61	59
axis_systemic_other	96	70	64
axis_systemic_other	97	64	61
axis_systemic_other	98	64	62
axis_systemic_other	99	73	62
axis_systemic_other	100	66	63
axis_systemic_other	101	51	48
axis_systemic_other	102	50	45
axis_systemic_other	103	64	59
axis_systemic_other	104	59	53
axis_systemic_other	105	71	64
axis_systemic_other	106	69	64
axis_systemic_other	107	71	64
axis_systemic_other	108	70	66
axis_systemic_other	109	70	65
axis_systemic_other	110	67	61
axis_systemic_other	111	73	68
axis_systemic_other	112	53	51
axis_systemic_other	113	59	53
axis_systemic_other	114	66	62
axis_systemic_other	115	64	58
axis_systemic_other	116	62	59
axis_systemic_other	117	72	68
axis_systemic_other	118	58	54
axis_systemic_other	119	64	58
axis_systemic_other	120	64	58
axis_systemic_other	121	75	65
axis_systemic_other	122	61	56
axis_systemic_other	123	62	59
axis_systemic_other	124	68	62
axis_systemic_other	125	69	63
axis_systemic_other	126	61	60
axis_systemic_other	127	75	71
axis_systemic_other	128	53	47
axis_systemic_other	129	67	62
axis_systemic_other	130	65	61
axis_systemic_other	131	63	60
axis_systemic_other	132	69	65
axis_systemic_other	133	62	58
axis_systemic_other	134	68	63
axis_systemic_other	135	65	62
axis_systemic_other	136	55	51
axis_systemic_other	137	65	60
axis_systemic_other	138	66	62
axis_systemic_other	139	64	57
axis_systemic_other	140	62	58
axis_systemic_other	141	69	63
axis_systemic_other	142	65	58
axis_systemic_other	143	74	69
axis_systemic_other	144	65	61
axis_systemic_other	145	70	64
axis_systemic_other	146	71	66
axis_systemic_other	147	60	56
axis_systemic_other	148	74	67
axis_systemic_other	149	56	52
axis_systemic_other	150	50	47
axis_systemic_other	151	61	58
axis_systemic_other	152	73	65
axis_systemic_other	153	62	59
axis_systemic_other	154	72	65
axis_systemic_other	155	72	65
axis_systemic_other	156	68	58
axis_systemic_other	157	67	64
axis_systemic_other	158	71	64
axis_systemic_other	159	60	57
axis_systemic_other	160	67	62
axis_systemic_other	161	66	60
axis_systemic_other	162	58	53
axis_systemic_other	163	73	69
axis_systemic_other	164	59	57
axis_systemic_other	165	82	76
axis_systemic_other	166	58	56
axis_systemic_other	167	65	60
axis_systemic_other	168	71	66
axis_systemic_other	169	67	58
axis_systemic_other	170	59	51
axis_systemic_other	171	65	62
axis_systemic_other	172	61	55
axis_systemic_other	173	65	61
axis_systemic_other	174	66	63
axis_systemic_other	175	59	57
axis_systemic_other	176	56	52
axis_systemic_other	177	61	53
axis_systemic_other	178	73	66
axis_systemic_other	179	62	59
axis_systemic_other	180	52	50
axis_systemic_other	181	66	61
axis_systemic_other	182	55	52
axis_systemic_other	183	66	60
axis_systemic_other	184	65	63
axis_systemic_other	185	63	60
axis_systemic_other	186	69	64
axis_systemic_other	187	70	63
axis_systemic_other	188	55	52
axis_systemic_other	189	62	57
axis_systemic_other	190	78	74
axis_systemic_other	191	69	64
axis_systemic_other	192	59	54
axis_systemic_other	193	64	58
axis_systemic_other	194	68	62
axis_systemic_other	195	68	63
axis_systemic_other	196	60	56
axis_systemic_other	197	52	48
axis_systemic_other	198	68	64
axis_systemic_other	199	72	68
axis_systemic_other	200	60	57
axis_systemic_other	201	66	60
axis_systemic_other	202	62	58
axis_systemic_other	203	56	52
axis_systemic_other	204	62	55
axis_systemic_other	205	72	68
axis_systemic_other	206	49	47
axis_systemic_other	207	66	61
axis_systemic_other	208	56	50
axis_systemic_other	209	67	62
axis_systemic_other	210	61	57
axis_systemic_other	211	62	57
axis_systemic_other	212	50	49
axis_systemic_other	213	74	67
axis_systemic_other	214	59	54
axis_systemic_other	215	67	65
axis_systemic_other	216	73	68
axis_systemic_other	217	64	59
axis_systemic_other	218	65	60
axis_systemic_other	219	57	56
axis_systemic_other	220	70	64
axis_systemic_other	221	71	66
axis_systemic_other	222	60	54
axis_systemic_other	223	66	61
axis_systemic_other	224	62	59
axis_systemic_other	225	65	57
axis_systemic_other	226	56	50
axis_systemic_other	227	72	66
axis_systemic_other	228	54	52
axis_systemic_other	229	61	53
axis_systemic_other	230	59	56
axis_systemic_other	231	73	67
axis_systemic_other	232	55	50
axis_systemic_other	233	68	61
axis_systemic_other	234	63	59
axis_systemic_other	235	56	53
axis_systemic_other	236	76	68
axis_systemic_other	237	44	41
axis_systemic_other	238	62	57
axis_systemic_other	239	67	61
axis_systemic_other	240	59	55
axis_systemic_other	241	55	53
axis_systemic_other	242	66	59
axis_systemic_other	243	67	63
axis_systemic_other	244	69	61
axis_systemic_other	245	65	60
axis_systemic_other	246	66	59
axis_systemic_other	247	65	61
axis_systemic_other	248	62	59
axis_systemic_other	249	59	54
axis_systemic_other	250	58	53
axis_systemic_other	251	68	62
axis_systemic_other	252	66	63
axis_systemic_other	253	63	58
axis_systemic_other	254	60	55
axis_systemic_other	255	62	58
axis_systemic_other	256	59	54
axis_systemic_other	257	54	51
axis_systemic_other	258	66	61
axis_systemic_other	259	56	54
axis_systemic_other	260	59	57
axis_systemic_other	261	66	59
axis_systemic_other	262	62	57
axis_systemic_other	263	58	54
axis_systemic_other	264	57	55
axis_systemic_other	265	71	64
axis_systemic_other	266	61	54
axis_systemic_other	267	65	60
axis_systemic_other	268	68	64
axis_systemic_other	269	73	66
axis_systemic_other	270	61	59
axis_systemic_other	271	60	57
axis_systemic_other	272	66	63
axis_systemic_other	273	61	57
axis_systemic_other	274	57	54
axis_systemic_other	275	62	59
axis_systemic_other	276	60	53
axis_systemic_other	277	62	56
axis_systemic_other	278	59	54
axis_systemic_other	279	61	56
axis_systemic_other	280	57	54
axis_systemic_other	281	59	54
axis_systemic_other	282	66	60
axis_systemic_other	283	72	67
axis_systemic_other	284	68	59
axis_systemic_other	285	65	59
axis_systemic_other	286	66	62
axis_systemic_other	287	73	68
axis_systemic_other	288	72	70
axis_systemic_other	289	63	57
axis_systemic_other	290	66	58
axis_systemic_other	291	62	56
axis_systemic_other	292	55	50
axis_systemic_other	293	69	63
axis_systemic_other	294	50	47
axis_systemic_other	295	63	59
axis_systemic_other	296	74	68
axis_systemic_other	297	70	62
axis_systemic_other	298	61	57
axis_systemic_other	299	66	62
axis_systemic_other	300	69	62
axis_systemic_other	301	68	64
axis_systemic_other	302	54	50
axis_systemic_other	303	66	60
axis_systemic_other	304	56	53
axis_systemic_other	305	76	72
axis_systemic_other	306	66	60
axis_systemic_other	307	60	56
axis_systemic_other	308	66	62
axis_systemic_other	309	58	54
axis_systemic_other	310	78	73
axis_systemic_other	311	59	53
axis_systemic_other	312	75	68
axis_systemic_other	313	72	64
axis_systemic_other	314	61	57
axis_systemic_other	315	69	63
axis_systemic_other	316	64	59
axis_systemic_other	317	63	59
axis_systemic_other	318	71	64
axis_systemic_other	319	69	67
axis_systemic_other	320	67	64
axis_systemic_other	321	59	57
axis_systemic_other	322	60	56
axis_systemic_other	323	66	62
axis_systemic_other	324	60	56
axis_systemic_other	325	66	59
axis_systemic_other	326	67	62
axis_systemic_other	327	68	63
axis_systemic_other	328	67	62
axis_systemic_other	329	55	51
axis_systemic_other	330	68	64
axis_systemic_other	331	64	61
axis_systemic_other	332	56	53
axis_systemic_other	333	62	59
axis_systemic_other	334	72	68
axis_systemic_other	335	60	54
axis_systemic_other	336	71	68
axis_systemic_other	337	62	57
axis_systemic_other	338	66	62
axis_systemic_other	339	61	55
axis_systemic_other	340	55	50
axis_systemic_other	341	58	53
axis_systemic_other	342	64	62
axis_systemic_other	343	76	72
axis_systemic_other	344	65	62
axis_systemic_other	345	65	63
axis_systemic_other	346	76	72
axis_systemic_other	347	60	57
axis_systemic_other	348	54	51
axis_systemic_other	349	65	61
axis_systemic_other	350	59	56
axis_systemic_other	351	65	60
axis_systemic_other	352	67	60
axis_systemic_other	353	61	56
axis_systemic_other	354	65	60
axis_systemic_other	355	63	58
axis_systemic_other	356	59	54
axis_systemic_other	357	65	62
axis_systemic_other	358	58	56
axis_systemic_other	359	55	52
axis_systemic_other	360	56	53
axis_systemic_other	361	60	56
axis_systemic_other	362	69	63
axis_systemic_other	363	60	58
axis_systemic_other	364	65	62
axis_systemic_other	365	70	63
axis_systemic_other	366	59	58
axis_systemic_other	367	61	51
axis_systemic_other	368	58	54
axis_systemic_other	369	66	63
axis_systemic_other	370	68	62
axis_systemic_other	371	66	62
axis_systemic_other	372	60	57
axis_systemic_other	373	56	53
axis_systemic_other	374	68	61
axis_systemic_other	375	61	57
axis_systemic_other	376	68	62
axis_systemic_other	377	74	68
axis_systemic_other	378	67	63
axis_systemic_other	379	66	63
axis_systemic_other	380	60	54
axis_systemic_other	381	53	49
axis_systemic_other	382	57	53
axis_systemic_other	383	60	56
axis_systemic_other	384	63	60
axis_systemic_other	385	72	66
axis_systemic_other	386	68	61
axis_systemic_other	387	57	55
axis_systemic_other	388	65	62
axis_systemic_other	389	65	60
axis_systemic_other	390	63	56
axis_systemic_other	391	63	58
axis_systemic_other	392	71	68
axis_systemic_other	393	54	51
axis_systemic_other	394	70	64
axis_systemic_other	395	56	51
axis_systemic_other	396	66	62
axis_systemic_other	397	61	56
axis_systemic_other	398	57	54
axis_systemic_other	399	69	65
axis_systemic_other	400	63	60
axis_systemic_other	401	64	59
axis_systemic_other	402	65	58
axis_systemic_other	403	66	63
axis_systemic_other	404	65	60
axis_systemic_other	405	74	68
axis_systemic_other	406	65	62
axis_systemic_other	407	58	56
axis_systemic_other	408	67	61
axis_systemic_other	409	59	58
axis_systemic_other	410	52	49
axis_systemic_other	411	52	50
axis_systemic_other	412	69	65
axis_systemic_other	413	58	50
axis_systemic_other	414	63	58
axis_systemic_other	415	58	55
axis_systemic_other	416	64	61
axis_systemic_other	417	64	60
axis_systemic_other	418	60	55
axis_systemic_other	419	58	52
axis_systemic_other	420	67	60
axis_systemic_other	421	62	58
axis_systemic_other	422	65	62
axis_systemic_other	423	53	49
axis_systemic_other	424	60	53
axis_systemic_other	425	75	70
axis_systemic_other	426	63	59
axis_systemic_other	427	73	68
axis_systemic_other	428	63	58
axis_systemic_other	429	61	55
axis_systemic_other	430	64	59
axis_systemic_other	431	69	64
axis_systemic_other	432	68	62
axis_systemic_other	433	69	66
axis_systemic_other	434	60	56
axis_systemic_other	435	75	64
axis_systemic_other	436	65	62
axis_systemic_other	437	56	53
axis_systemic_other	438	53	47
axis_systemic_other	439	64	59
axis_systemic_other	440	57	54
axis_systemic_other	441	54	48
axis_systemic_other	442	67	63
axis_systemic_other	443	66	61
axis_systemic_other	444	63	61
axis_systemic_other	445	70	63
axis_systemic_other	446	71	67
axis_systemic_other	447	52	49
axis_systemic_other	448	80	74
axis_systemic_other	449	75	73
axis_systemic_other	450	67	62
axis_systemic_other	451	57	53
axis_systemic_other	452	61	59
axis_systemic_other	453	67	64
axis_systemic_other	454	66	61
axis_systemic_other	455	68	64
axis_systemic_other	456	65	61
axis_systemic_other	457	63	60
axis_systemic_other	458	55	49
axis_systemic_other	459	70	67
axis_systemic_other	460	68	61
axis_systemic_other	461	65	61
axis_systemic_other	462	72	67
axis_systemic_other	463	63	59
axis_systemic_other	464	56	54
axis_systemic_other	465	64	58
axis_systemic_other	466	66	60
axis_systemic_other	467	67	64
axis_systemic_other	468	62	58
axis_systemic_other	469	56	54
axis_systemic_other	470	52	47
axis_systemic_other	471	68	65
axis_systemic_other	472	69	64
axis_systemic_other	473	69	65
axis_systemic_other	474	67	62
axis_systemic_other	475	61	57
axis_systemic_other	476	64	60
axis_systemic_other	477	60	55
axis_systemic_other	478	64	60
axis_systemic_other	479	61	57
axis_systemic_other	480	65	59
axis_systemic_other	481	62	59
axis_systemic_other	482	57	53
axis_systemic_other	483	75	70
axis_systemic_other	484	80	75
axis_systemic_other	485	63	59
axis_systemic_other	486	65	62
axis_systemic_other	487	63	57
axis_systemic_other	488	67	59
axis_systemic_other	489	62	59
axis_systemic_other	490	68	64
axis_systemic_other	491	68	59
axis_systemic_other	492	63	60
axis_systemic_other	493	68	66
axis_systemic_other	494	52	50
axis_systemic_other	495	54	49
axis_systemic_other	496	76	70
axis_systemic_other	497	61	58
axis_systemic_other	498	75	70
axis_systemic_other	499	60	54
axis_systemic_other	500	67	62
axis_systemic_other	501	63	57
axis_systemic_other	502	74	69
axis_systemic_other	503	63	59
axis_systemic_other	504	69	64
axis_systemic_other	505	63	57
axis_systemic_other	506	59	53
axis_systemic_other	507	73	66
axis_systemic_other	508	54	51
axis_systemic_other	509	64	59
axis_systemic_other	510	65	60
axis_systemic_other	511	57	55
axis_systemic_other	512	51	49
axis_systemic_other	513	60	55
axis_systemic_other	514	56	51
axis_systemic_other	515	77	70
axis_systemic_other	516	69	63
axis_systemic_other	517	74	67
axis_systemic_other	518	69	60
axis_systemic_other	519	61	57
axis_systemic_other	520	75	67
axis_systemic_other	521	55	51
axis_systemic_other	522	60	57
axis_systemic_other	523	63	56
axis_systemic_other	524	54	49
axis_systemic_other	525	57	54
axis_systemic_other	526	51	47
axis_systemic_other	527	58	53
axis_systemic_other	528	76	73
axis_systemic_other	529	53	49
axis_systemic_other	530	57	54
axis_systemic_other	531	68	62
axis_systemic_other	532	69	64
axis_systemic_other	533	60	56
axis_systemic_other	534	64	62
axis_systemic_other	535	52	47
axis_systemic_other	536	64	62
axis_systemic_other	537	60	56
axis_systemic_other	538	68	63
axis_systemic_other	539	60	53
axis_systemic_other	540	70	65
axis_systemic_other	541	53	47
axis_systemic_other	542	67	64
axis_systemic_other	543	68	63
axis_systemic_other	544	68	64
axis_systemic_other	545	70	66
axis_systemic_other	546	57	52
axis_systemic_other	547	70	68
axis_systemic_other	548	63	58
axis_systemic_other	549	60	55
axis_systemic_other	550	69	63
axis_systemic_other	551	56	53
axis_systemic_other	552	53	52
axis_systemic_other	553	57	54
axis_systemic_other	554	57	54
axis_systemic_other	555	70	66
axis_systemic_other	556	66	63
axis_systemic_other	557	62	57
axis_systemic_other	558	63	57
axis_systemic_other	559	58	53
axis_systemic_other	560	63	57
axis_systemic_other	561	72	66
axis_systemic_other	562	70	61
axis_systemic_other	563	58	56
axis_systemic_other	564	73	67
axis_systemic_other	565	56	49
axis_systemic_other	566	63	59
axis_systemic_other	567	70	66
axis_systemic_other	568	74	70
axis_systemic_other	569	62	57
axis_systemic_other	570	75	67
axis_systemic_other	571	71	67
axis_systemic_other	572	64	59
axis_systemic_other	573	50	47
axis_systemic_other	574	64	60
axis_systemic_other	575	56	53
axis_systemic_other	576	63	59
axis_systemic_other	577	70	63
axis_systemic_other	578	56	53
axis_systemic_other	579	71	67
axis_systemic_other	580	63	59
axis_systemic_other	581	74	66
axis_systemic_other	582	65	57
axis_systemic_other	583	80	74
axis_systemic_other	584	70	65
axis_systemic_other	585	52	49
axis_systemic_other	586	61	57
axis_systemic_other	587	61	56
axis_systemic_other	588	59	55
axis_systemic_other	589	60	56
axis_systemic_other	590	68	63
axis_systemic_other	591	61	59
axis_systemic_other	592	71	66
axis_systemic_other	593	72	68
axis_systemic_other	594	59	56
axis_systemic_other	595	58	54
axis_systemic_other	596	75	70
axis_systemic_other	597	47	46
axis_systemic_other	598	64	60
axis_systemic_other	599	83	78
axis_systemic_other	600	55	52
axis_systemic_other	601	54	51
axis_systemic_other	602	66	61
axis_systemic_other	603	64	59
axis_systemic_other	604	65	56
axis_systemic_other	605	57	54
axis_systemic_other	606	66	60
axis_systemic_other	607	63	57
axis_systemic_other	608	67	63
axis_systemic_other	609	63	59
axis_systemic_other	610	59	54
axis_systemic_other	611	61	54
axis_systemic_other	612	60	57
axis_systemic_other	613	66	63
axis_systemic_other	614	65	61
axis_systemic_other	615	61	58
axis_systemic_other	616	66	62
axis_systemic_other	617	70	64
axis_systemic_other	618	75	67
axis_systemic_other	619	52	49
axis_systemic_other	620	61	57
axis_systemic_other	621	60	56
axis_systemic_other	622	63	61
axis_systemic_other	623	73	68
axis_systemic_other	624	72	65
axis_systemic_other	625	81	75
axis_systemic_other	626	72	71
axis_systemic_other	627	66	63
axis_systemic_other	628	85	81
axis_systemic_other	629	60	58
axis_systemic_other	630	54	51
axis_systemic_other	631	64	61
axis_systemic_other	632	77	69
axis_systemic_other	633	57	53
axis_systemic_other	634	69	65
axis_systemic_other	635	62	57
axis_systemic_other	636	67	63
axis_systemic_other	637	55	49
axis_systemic_other	638	63	62
axis_systemic_other	639	61	57
axis_systemic_other	640	77	70
axis_systemic_other	641	72	65
axis_systemic_other	642	65	61
axis_systemic_other	643	61	58
axis_systemic_other	644	70	66
axis_systemic_other	645	67	61
axis_systemic_other	646	60	57
axis_systemic_other	647	72	66
axis_systemic_other	648	73	68
axis_systemic_other	649	63	60
axis_systemic_other	650	64	58
axis_systemic_other	651	64	62
axis_systemic_other	652	55	52
axis_systemic_other	653	62	60
axis_systemic_other	654	62	58
axis_systemic_other	655	51	47
axis_systemic_other	656	64	58
axis_systemic_other	657	72	68
axis_systemic_other	658	67	62
axis_systemic_other	659	66	57
axis_systemic_other	660	59	56
axis_systemic_other	661	70	64
axis_systemic_other	662	59	55
axis_systemic_other	663	67	62
axis_systemic_other	664	61	57
axis_systemic_other	665	64	59
axis_systemic_other	666	61	56
axis_systemic_other	667	64	60
axis_systemic_other	668	65	60
axis_systemic_other	669	57	55
axis_systemic_other	670	70	63
axis_systemic_other	671	58	54
axis_systemic_other	672	60	57
axis_systemic_other	673	66	62
axis_systemic_other	674	56	52
axis_systemic_other	675	72	64
axis_systemic_other	676	60	57
axis_systemic_other	677	59	56
axis_systemic_other	678	69	65
axis_systemic_other	679	66	63
axis_systemic_other	680	62	59
axis_systemic_other	681	55	51
axis_systemic_other	682	67	62
axis_systemic_other	683	63	59
axis_systemic_other	684	63	60
axis_systemic_other	685	62	58
axis_systemic_other	686	61	59
axis_systemic_other	687	63	57
axis_systemic_other	688	66	63
axis_systemic_other	689	71	66
axis_systemic_other	690	73	66
axis_systemic_other	691	69	62
axis_systemic_other	692	58	55
axis_systemic_other	693	61	58
axis_systemic_other	694	61	57
axis_systemic_other	695	70	62
axis_systemic_other	696	60	55
axis_systemic_other	697	68	62
axis_systemic_other	698	60	55
axis_systemic_other	699	71	67
axis_systemic_other	700	76	72
axis_systemic_other	701	57	54
axis_systemic_other	702	65	60
axis_systemic_other	703	80	75
axis_systemic_other	704	64	58
axis_systemic_other	705	55	51
axis_systemic_other	706	63	61
axis_systemic_other	707	73	68
axis_systemic_other	708	67	61
axis_systemic_other	709	69	63
axis_systemic_other	710	67	63
axis_systemic_other	711	63	59
axis_systemic_other	712	58	52
axis_systemic_other	713	58	54
axis_systemic_other	714	54	50
axis_systemic_other	715	64	59
axis_systemic_other	716	74	67
axis_systemic_other	717	67	64
axis_systemic_other	718	65	60
axis_systemic_other	719	63	57
axis_systemic_other	720	61	57
axis_systemic_other	721	63	59
axis_systemic_other	722	70	61
axis_systemic_other	723	66	61
axis_systemic_other	724	67	64
axis_systemic_other	725	56	51
axis_systemic_other	726	66	59
axis_systemic_other	727	81	77
axis_systemic_other	728	73	66
axis_systemic_other	729	65	61
axis_systemic_other	730	68	65
axis_systemic_other	731	66	61
axis_systemic_other	732	63	56
axis_systemic_other	733	62	58
axis_systemic_other	734	70	65
axis_systemic_other	735	76	72
axis_systemic_other	736	65	62
axis_systemic_other	737	71	67
axis_systemic_other	738	64	59
axis_systemic_other	739	55	50
axis_systemic_other	740	68	65
axis_systemic_other	741	64	59
axis_systemic_other	742	64	58
axis_systemic_other	743	57	49
axis_systemic_other	744	80	73
axis_systemic_other	745	77	70
axis_systemic_other	746	62	56
axis_systemic_other	747	71	67
axis_systemic_other	748	73	66
axis_systemic_other	749	62	58
axis_systemic_other	750	61	58
axis_systemic_other	751	45	39
axis_systemic_other	752	54	51
axis_systemic_other	753	51	47
axis_systemic_other	754	66	61
axis_systemic_other	755	66	61
axis_systemic_other	756	72	67
axis_systemic_other	757	64	61
axis_systemic_other	758	64	58
axis_systemic_other	759	73	67
axis_systemic_other	760	75	69
axis_systemic_other	761	60	53
axis_systemic_other	762	54	50
axis_systemic_other	763	66	60
axis_systemic_other	764	67	60
axis_systemic_other	765	76	71
axis_systemic_other	766	58	52
axis_systemic_other	767	60	54
axis_systemic_other	768	63	57
axis_systemic_other	769	57	54
axis_systemic_other	770	75	65
axis_systemic_other	771	57	54
axis_systemic_other	772	66	60
axis_systemic_other	773	62	59
axis_systemic_other	774	65	61
axis_systemic_other	775	66	63
axis_systemic_other	776	57	51
axis_systemic_other	777	68	64
axis_systemic_other	778	59	57
axis_systemic_other	779	74	70
axis_systemic_other	780	65	58
axis_systemic_other	781	67	62
axis_systemic_other	782	60	55
axis_systemic_other	783	66	62
axis_systemic_other	784	67	64
axis_systemic_other	785	58	54
axis_systemic_other	786	71	64
axis_systemic_other	787	74	71
axis_systemic_other	788	64	58
axis_systemic_other	789	62	60
axis_systemic_other	790	79	74
axis_systemic_other	791	62	59
axis_systemic_other	792	72	65
axis_systemic_other	793	62	60
axis_systemic_other	794	64	59
axis_systemic_other	795	69	63
axis_systemic_other	796	64	60
axis_systemic_other	797	70	64
axis_systemic_other	798	65	60
axis_systemic_other	799	63	58
axis_systemic_other	800	67	64
axis_systemic_other	801	55	52
axis_systemic_other	802	59	53
axis_systemic_other	803	63	57
axis_systemic_other	804	77	71
axis_systemic_other	805	67	60
axis_systemic_other	806	70	63
axis_systemic_other	807	69	65
axis_systemic_other	808	67	62
axis_systemic_other	809	64	56
axis_systemic_other	810	61	59
axis_systemic_other	811	64	59
axis_systemic_other	812	58	55
axis_systemic_other	813	56	51
axis_systemic_other	814	57	53
axis_systemic_other	815	68	62
axis_systemic_other	816	63	57
axis_systemic_other	817	63	59
axis_systemic_other	818	60	56
axis_systemic_other	819	66	60
axis_systemic_other	820	56	48
axis_systemic_other	821	63	60
axis_systemic_other	822	69	64
axis_systemic_other	823	63	58
axis_systemic_other	824	74	67
axis_systemic_other	825	65	60
axis_systemic_other	826	56	52
axis_systemic_other	827	70	62
axis_systemic_other	828	58	55
axis_systemic_other	829	64	60
axis_systemic_other	830	70	67
axis_systemic_other	831	59	56
axis_systemic_other	832	61	55
axis_systemic_other	833	52	46
axis_systemic_other	834	68	65
axis_systemic_other	835	65	60
axis_systemic_other	836	66	61
axis_systemic_other	837	67	61
axis_systemic_other	838	64	58
axis_systemic_other	839	68	62
axis_systemic_other	840	66	60
axis_systemic_other	841	67	64
axis_systemic_other	842	63	55
axis_systemic_other	843	63	57
axis_systemic_other	844	63	60
axis_systemic_other	845	68	61
axis_systemic_other	846	75	68
axis_systemic_other	847	72	66
axis_systemic_other	848	48	42
axis_systemic_other	849	65	64
axis_systemic_other	850	73	67
axis_systemic_other	851	56	51
axis_systemic_other	852	61	55
axis_systemic_other	853	68	62
axis_systemic_other	854	59	54
axis_systemic_other	855	61	55
axis_systemic_other	856	63	58
axis_systemic_other	857	71	65
axis_systemic_other	858	60	53
axis_systemic_other	859	64	59
axis_systemic_other	860	75	67
axis_systemic_other	861	63	60
axis_systemic_other	862	63	58
axis_systemic_other	863	64	60
axis_systemic_other	864	64	61
axis_systemic_other	865	64	57
axis_systemic_other	866	71	61
axis_systemic_other	867	68	64
axis_systemic_other	868	66	60
axis_systemic_other	869	57	55
axis_systemic_other	870	61	57
axis_systemic_other	871	62	58
axis_systemic_other	872	60	55
axis_systemic_other	873	63	59
axis_systemic_other	874	65	63
axis_systemic_other	875	58	53
axis_systemic_other	876	59	55
axis_systemic_other	877	60	56
axis_systemic_other	878	58	56
axis_systemic_other	879	64	59
axis_systemic_other	880	60	56
axis_systemic_other	881	69	63
axis_systemic_other	882	75	71
axis_systemic_other	883	56	53
axis_systemic_other	884	66	60
axis_systemic_other	885	65	63
axis_systemic_other	886	57	54
axis_systemic_other	887	55	50
axis_systemic_other	888	59	54
axis_systemic_other	889	57	55
axis_systemic_other	890	72	66
axis_systemic_other	891	69	62
axis_systemic_other	892	57	54
axis_systemic_other	893	71	67
axis_systemic_other	894	61	58
axis_systemic_other	895	67	59
axis_systemic_other	896	66	60
axis_systemic_other	897	77	72
axis_systemic_other	898	54	47
axis_systemic_other	899	70	63
axis_systemic_other	900	69	64
axis_systemic_other	901	67	59
axis_systemic_other	902	58	52
axis_systemic_other	903	72	67
axis_systemic_other	904	61	59
axis_systemic_other	905	67	62
axis_systemic_other	906	67	61
axis_systemic_other	907	63	59
axis_systemic_other	908	62	59
axis_systemic_other	909	73	67
axis_systemic_other	910	59	56
axis_systemic_other	911	76	69
axis_systemic_other	912	66	62
axis_systemic_other	913	59	55
axis_systemic_other	914	55	53
axis_systemic_other	915	58	54
axis_systemic_other	916	63	60
axis_systemic_other	917	65	59
axis_systemic_other	918	65	60
axis_systemic_other	919	59	56
axis_systemic_other	920	70	66
axis_systemic_other	921	66	62
axis_systemic_other	922	66	62
axis_systemic_other	923	68	64
axis_systemic_other	924	55	52
axis_systemic_other	925	79	74
axis_systemic_other	926	66	56
axis_systemic_other	927	73	66
axis_systemic_other	928	58	55
axis_systemic_other	929	68	64
axis_systemic_other	930	61	59
axis_systemic_other	931	61	56
axis_systemic_other	932	64	58
axis_systemic_other	933	65	59
axis_systemic_other	934	65	60
axis_systemic_other	935	64	60
axis_systemic_other	936	73	69
axis_systemic_other	937	58	53
axis_systemic_other	938	67	63
axis_systemic_other	939	63	60
axis_systemic_other	940	64	57
axis_systemic_other	941	69	64
axis_systemic_other	942	59	53
axis_systemic_other	943	74	66
axis_systemic_other	944	70	63
axis_systemic_other	945	62	58
axis_systemic_other	946	64	61
axis_systemic_other	947	69	62
axis_systemic_other	948	63	56
axis_systemic_other	949	67	61
axis_systemic_other	950	54	50
axis_systemic_other	951	60	56
axis_systemic_other	952	73	69
axis_systemic_other	953	61	60
axis_systemic_other	954	67	62
axis_systemic_other	955	50	49
axis_systemic_other	956	78	73
axis_systemic_other	957	68	63
axis_systemic_other	958	71	68
axis_systemic_other	959	57	53
axis_systemic_other	960	66	58
axis_systemic_other	961	72	66
axis_systemic_other	962	73	71
axis_systemic_other	963	64	61
axis_systemic_other	964	61	58
axis_systemic_other	965	58	56
axis_systemic_other	966	60	56
axis_systemic_other	967	66	61
axis_systemic_other	968	55	52
axis_systemic_other	969	64	60
axis_systemic_other	970	56	54
axis_systemic_other	971	51	48
axis_systemic_other	972	67	61
axis_systemic_other	973	68	62
axis_systemic_other	974	61	55
axis_systemic_other	975	68	62
axis_systemic_other	976	69	63
axis_systemic_other	977	67	61
axis_systemic_other	978	53	48
axis_systemic_other	979	65	63
axis_systemic_other	980	58	55
axis_systemic_other	981	58	56
axis_systemic_other	982	61	56
axis_systemic_other	983	70	65
axis_systemic_other	984	66	62
axis_systemic_other	985	69	64
axis_systemic_other	986	64	61
axis_systemic_other	987	69	64
axis_systemic_other	988	59	55
axis_systemic_other	989	64	58
axis_systemic_other	990	62	59
axis_systemic_other	991	52	49
axis_systemic_other	992	67	61
axis_systemic_other	993	68	64
axis_systemic_other	994	65	63
axis_systemic_other	995	62	56
axis_systemic_other	996	60	55
axis_systemic_other	997	68	62
axis_systemic_other	998	51	48
axis_systemic_other	999	67	61
axis_systemic_other	1000	53	51
axis_systemic_other	1001	49	47
axis_systemic_other	1002	62	53
axis_systemic_other	1003	55	51
axis_systemic_other	1004	55	52
axis_systemic_other	1005	72	70
axis_systemic_other	1006	57	50
axis_systemic_other	1007	57	55
axis_systemic_other	1008	64	59
axis_systemic_other	1009	71	67
axis_systemic_other	1010	59	56
axis_systemic_other	1011	68	65
axis_systemic_other	1012	74	67
axis_systemic_other	1013	55	51
axis_systemic_other	1014	68	62
axis_systemic_other	1015	64	60
axis_systemic_other	1016	65	57
axis_systemic_other	1017	68	63
axis_systemic_other	1018	59	57
axis_systemic_other	1019	66	61
axis_systemic_other	1020	74	68
axis_systemic_other	1021	59	53
axis_systemic_other	1022	62	57
axis_systemic_other	1023	61	57
axis_systemic_other	1024	59	54
axis_systemic_other	1025	63	58
axis_systemic_other	1026	68	63
axis_systemic_other	1027	67	62
axis_systemic_other	1028	59	54
axis_systemic_other	1029	64	61
axis_systemic_other	1030	62	61
axis_systemic_other	1031	67	63
axis_systemic_other	1032	52	48
axis_systemic_other	1033	72	68
axis_systemic_other	1034	63	61
axis_systemic_other	1035	71	64
axis_systemic_other	1036	66	61
axis_systemic_other	1037	70	68
axis_systemic_other	1038	67	62
axis_systemic_other	1039	53	50
axis_systemic_other	1040	65	60
axis_systemic_other	1041	61	57
axis_systemic_other	1042	58	55
axis_systemic_other	1043	68	62
axis_systemic_other	1044	66	60
axis_systemic_other	1045	61	54
axis_systemic_other	1046	73	68
axis_systemic_other	1047	59	53
axis_systemic_other	1048	67	58
axis_systemic_other	1049	51	47
axis_systemic_other	1050	65	62
axis_systemic_other	1051	66	62
axis_systemic_other	1052	60	57
axis_systemic_other	1053	61	54
axis_systemic_other	1054	71	67
axis_systemic_other	1055	62	59
axis_systemic_other	1056	65	61
axis_systemic_other	1057	61	58
axis_systemic_other	1058	71	65
axis_systemic_other	1059	69	62
axis_systemic_other	1060	63	60
axis_systemic_other	1061	62	56
axis_systemic_other	1062	53	51
axis_systemic_other	1063	71	68
axis_systemic_other	1064	67	62
axis_systemic_other	1065	62	56
axis_systemic_other	1066	53	50
axis_systemic_other	1067	65	62
axis_systemic_other	1068	58	55
axis_systemic_other	1069	60	55
axis_systemic_other	1070	74	66
axis_systemic_other	1071	62	58
axis_systemic_other	1072	66	59
axis_systemic_other	1073	71	63
axis_systemic_other	1074	62	57
axis_systemic_other	1075	61	59
axis_systemic_other	1076	65	58
axis_systemic_other	1077	63	61
axis_systemic_other	1078	57	52
axis_systemic_other	1079	68	63
axis_systemic_other	1080	50	47
axis_systemic_other	1081	66	61
axis_systemic_other	1082	63	59
axis_systemic_other	1083	65	59
axis_systemic_other	1084	53	48
axis_systemic_other	1085	59	56
axis_systemic_other	1086	62	58
axis_systemic_other	1087	65	62
axis_systemic_other	1088	75	66
axis_systemic_other	1089	62	58
axis_systemic_other	1090	62	56
axis_systemic_other	1091	57	53
axis_systemic_other	1092	57	52
axis_systemic_other	1093	62	60
axis_systemic_other	1094	65	64
axis_systemic_other	1095	61	55
axis_systemic_other	1096	66	61
axis_systemic_other	1097	56	52
axis_systemic_other	1098	60	54
axis_systemic_other	1099	62	57
axis_systemic_other	1100	68	62
axis_systemic_other	1101	58	55
axis_systemic_other	1102	67	61
axis_systemic_other	1103	66	58
axis_systemic_other	1104	64	59
axis_systemic_other	1105	64	61
axis_systemic_other	1106	61	57
axis_systemic_other	1107	65	62
axis_systemic_other	1108	70	64
axis_systemic_other	1109	68	65
axis_systemic_other	1110	65	60
axis_systemic_other	1111	64	59
axis_systemic_other	1112	68	63
axis_systemic_other	1113	75	69
axis_systemic_other	1114	59	56
axis_systemic_other	1115	69	63
axis_systemic_other	1116	66	63
axis_systemic_other	1117	54	50
axis_systemic_other	1118	59	56
axis_systemic_other	1119	72	66
axis_systemic_other	1120	67	62
axis_systemic_other	1121	70	64
axis_systemic_other	1122	54	50
axis_systemic_other	1123	52	50
axis_systemic_other	1124	66	63
axis_systemic_other	1125	62	55
axis_systemic_other	1126	62	59
axis_systemic_other	1127	65	59
axis_systemic_other	1128	74	67
axis_systemic_other	1129	65	60
axis_systemic_other	1130	62	58
axis_systemic_other	1131	60	57
axis_systemic_other	1132	64	60
axis_systemic_other	1133	60	58
axis_systemic_other	1134	62	57
axis_systemic_other	1135	57	54
axis_systemic_other	1136	67	64
axis_systemic_other	1137	56	54
axis_systemic_other	1138	63	58
axis_systemic_other	1139	61	58
axis_systemic_other	1140	60	56
axis_systemic_other	1141	74	69
axis_systemic_other	1142	53	51
axis_systemic_other	1143	68	64
axis_systemic_other	1144	56	54
axis_systemic_other	1145	61	55
axis_systemic_other	1146	62	60
axis_systemic_other	1147	64	58
axis_systemic_other	1148	80	68
axis_systemic_other	1149	56	51
axis_systemic_other	1150	58	53
axis_systemic_other	1151	69	62
axis_systemic_other	1152	63	57
axis_systemic_other	1153	59	54
axis_systemic_other	1154	58	53
axis_systemic_other	1155	62	59
axis_systemic_other	1156	56	51
axis_systemic_other	1157	85	78
axis_systemic_other	1158	59	56
axis_systemic_other	1159	71	64
axis_systemic_other	1160	59	55
axis_systemic_other	1161	64	61
axis_systemic_other	1162	58	52
axis_systemic_other	1163	66	60
axis_systemic_other	1164	61	56
axis_systemic_other	1165	65	57
axis_systemic_other	1166	62	55
axis_systemic_other	1167	71	64
axis_systemic_other	1168	62	55
axis_systemic_other	1169	54	51
axis_systemic_other	1170	65	60
axis_systemic_other	1171	60	58
axis_systemic_other	1172	66	60
axis_systemic_other	1173	58	55
axis_systemic_other	1174	61	57
axis_systemic_other	1175	66	60
axis_systemic_other	1176	49	46
axis_systemic_other	1177	59	55
axis_systemic_other	1178	71	65
axis_systemic_other	1179	54	50
axis_systemic_other	1180	60	55
axis_systemic_other	1181	64	60
axis_systemic_other	1182	64	59
axis_systemic_other	1183	61	59
axis_systemic_other	1184	59	53
axis_systemic_other	1185	66	59
axis_systemic_other	1186	67	62
axis_systemic_other	1187	60	56
axis_systemic_other	1188	55	50
axis_systemic_other	1189	73	68
axis_systemic_other	1190	69	65
axis_systemic_other	1191	63	58
axis_systemic_other	1192	74	69
axis_systemic_other	1193	66	62
axis_systemic_other	1194	54	50
axis_systemic_other	1195	58	53
axis_systemic_other	1196	53	50
axis_systemic_other	1197	70	65
axis_systemic_other	1198	69	63
axis_systemic_other	1199	69	62
axis_systemic_other	1200	65	59
axis_systemic_other	1201	59	55
axis_systemic_other	1202	76	69
axis_systemic_other	1203	70	66
axis_systemic_other	1204	67	61
axis_systemic_other	1205	50	46
axis_systemic_other	1206	72	68
axis_systemic_other	1207	71	67
axis_systemic_other	1208	65	60
axis_systemic_other	1209	54	52
axis_systemic_other	1210	53	49
axis_systemic_other	1211	59	53
axis_systemic_other	1212	68	61
axis_systemic_other	1213	70	66
axis_systemic_other	1214	59	53
axis_systemic_other	1215	58	56
axis_systemic_other	1216	73	65
axis_systemic_other	1217	63	58
axis_systemic_other	1218	65	61
axis_systemic_other	1219	58	55
axis_systemic_other	1220	70	67
axis_systemic_other	1221	75	69
axis_systemic_other	1222	62	58
axis_systemic_other	1223	56	50
axis_systemic_other	1224	56	53
axis_systemic_other	1225	61	58
axis_systemic_other	1226	69	63
axis_systemic_other	1227	70	61
axis_systemic_other	1228	67	65
axis_systemic_other	1229	71	65
axis_systemic_other	1230	56	52
axis_systemic_other	1231	69	65
axis_systemic_other	1232	64	59
axis_systemic_other	1233	62	59
axis_systemic_other	1234	62	59
axis_systemic_other	1235	58	56
axis_systemic_other	1236	67	64
axis_systemic_other	1237	68	64
axis_systemic_other	1238	69	64
axis_systemic_other	1239	63	59
axis_systemic_other	1240	57	53
axis_systemic_other	1241	58	52
axis_systemic_other	1242	53	48
axis_systemic_other	1243	55	51
axis_systemic_other	1244	80	75
axis_systemic_other	1245	61	54
axis_systemic_other	1246	58	56
axis_systemic_other	1247	65	61
axis_systemic_other	1248	66	63
axis_systemic_other	1249	62	56
axis_systemic_other	1250	70	65
axis_systemic_other	1251	67	63
axis_systemic_other	1252	65	59
axis_systemic_other	1253	63	56
axis_systemic_other	1254	54	51
axis_systemic_other	1255	56	52
axis_systemic_other	1256	67	58
axis_systemic_other	1257	60	56
axis_systemic_other	1258	55	51
axis_systemic_other	1259	67	63
axis_systemic_other	1260	65	60
axis_systemic_other	1261	65	57
axis_systemic_other	1262	67	64
axis_systemic_other	1263	52	51
axis_systemic_other	1264	65	60
axis_systemic_other	1265	58	52
axis_systemic_other	1266	68	63
axis_systemic_other	1267	66	62
axis_systemic_other	1268	62	58
axis_systemic_other	1269	73	66
axis_systemic_other	1270	59	54
axis_systemic_other	1271	61	57
axis_systemic_other	1272	63	60
axis_systemic_other	1273	62	57
axis_systemic_other	1274	64	57
axis_systemic_other	1275	60	56
axis_systemic_other	1276	70	66
axis_systemic_other	1277	63	60
axis_systemic_other	1278	49	48
axis_systemic_other	1279	59	55
axis_systemic_other	1280	66	62
axis_systemic_other	1281	66	64
axis_systemic_other	1282	80	73
axis_systemic_other	1283	76	72
axis_systemic_other	1284	61	55
axis_systemic_other	1285	57	52
axis_systemic_other	1286	59	55
axis_systemic_other	1287	70	63
axis_systemic_other	1288	71	67
axis_systemic_other	1289	61	55
axis_systemic_other	1290	59	56
axis_systemic_other	1291	66	61
axis_systemic_other	1292	63	56
axis_systemic_other	1293	58	53
axis_systemic_other	1294	65	63
axis_systemic_other	1295	74	70
axis_systemic_other	1296	64	61
axis_systemic_other	1297	58	54
axis_systemic_other	1298	63	57
axis_systemic_other	1299	52	48
axis_systemic_other	1300	67	62
axis_systemic_other	1301	62	57
axis_systemic_other	1302	77	70
axis_systemic_other	1303	52	48
axis_systemic_other	1304	60	58
axis_systemic_other	1305	56	52
axis_systemic_other	1306	63	59
axis_systemic_other	1307	66	60
axis_systemic_other	1308	70	64
axis_systemic_other	1309	72	66
axis_systemic_other	1310	55	51
axis_systemic_other	1311	64	60
axis_systemic_other	1312	69	64
axis_systemic_other	1313	63	56
axis_systemic_other	1314	57	55
axis_systemic_other	1315	57	54
axis_systemic_other	1316	66	61
axis_systemic_other	1317	63	61
axis_systemic_other	1318	54	50
axis_systemic_other	1319	59	53
axis_systemic_other	1320	62	55
axis_systemic_other	1321	62	59
axis_systemic_other	1322	79	74
axis_systemic_other	1323	56	54
axis_systemic_other	1324	65	59
axis_systemic_other	1325	61	57
axis_systemic_other	1326	69	64
axis_systemic_other	1327	66	59
axis_systemic_other	1328	59	56
axis_systemic_other	1329	63	58
axis_systemic_other	1330	73	67
axis_systemic_other	1331	67	64
axis_systemic_other	1332	65	61
axis_systemic_other	1333	59	58
axis_systemic_other	1334	53	48
axis_systemic_other	1335	56	50
axis_systemic_other	1336	63	57
axis_systemic_other	1337	51	47
axis_systemic_other	1338	64	60
axis_systemic_other	1339	66	59
axis_systemic_other	1340	52	51
axis_systemic_other	1341	59	55
axis_systemic_other	1342	57	53
axis_systemic_other	1343	65	58
axis_systemic_other	1344	69	61
axis_systemic_other	1345	62	55
axis_systemic_other	1346	69	64
axis_systemic_other	1347	79	73
axis_systemic_other	1348	59	54
axis_systemic_other	1349	56	54
axis_systemic_other	1350	68	65
axis_systemic_other	1351	61	58
axis_systemic_other	1352	55	51
axis_systemic_other	1353	63	56
axis_systemic_other	1354	66	61
axis_systemic_other	1355	63	60
axis_systemic_other	1356	65	60
axis_systemic_other	1357	72	65
axis_systemic_other	1358	65	58
axis_systemic_other	1359	58	53
axis_systemic_other	1360	66	61
axis_systemic_other	1361	65	61
axis_systemic_other	1362	66	61
axis_systemic_other	1363	66	60
axis_systemic_other	1364	72	64
axis_systemic_other	1365	57	53
axis_systemic_other	1366	69	65
axis_systemic_other	1367	70	65
axis_systemic_other	1368	63	57
axis_systemic_other	1369	67	62
axis_systemic_other	1370	70	64
axis_systemic_other	1371	66	61
axis_systemic_other	1372	61	58
axis_systemic_other	1373	73	67
axis_systemic_other	1374	55	53
axis_systemic_other	1375	61	55
axis_systemic_other	1376	51	49
axis_systemic_other	1377	56	53
axis_systemic_other	1378	59	56
axis_systemic_other	1379	71	60
axis_systemic_other	1380	64	59
axis_systemic_other	1381	65	61
axis_systemic_other	1382	67	61
axis_systemic_other	1383	57	54
axis_systemic_other	1384	53	50
axis_systemic_other	1385	62	61
axis_systemic_other	1386	72	66
axis_systemic_other	1387	62	59
axis_systemic_other	1388	62	59
axis_systemic_other	1389	54	50
axis_systemic_other	1390	67	62
axis_systemic_other	1391	71	67
axis_systemic_other	1392	61	55
axis_systemic_other	1393	64	59
axis_systemic_other	1394	75	66
axis_systemic_other	1395	69	65
axis_systemic_other	1396	67	63
axis_systemic_other	1397	68	63
axis_systemic_other	1398	60	52
axis_systemic_other	1399	62	56
axis_systemic_other	1400	79	69
axis_systemic_other	1401	68	61
axis_systemic_other	1402	65	60
axis_systemic_other	1403	68	61
axis_systemic_other	1404	59	56
axis_systemic_other	1405	50	47
axis_systemic_other	1406	59	56
axis_systemic_other	1407	60	55
axis_systemic_other	1408	71	61
axis_systemic_other	1409	72	66
axis_systemic_other	1410	59	54
axis_systemic_other	1411	65	60
axis_systemic_other	1412	62	59
axis_systemic_other	1413	69	64
axis_systemic_other	1414	60	56
axis_systemic_other	1415	56	53
axis_systemic_other	1416	62	59
axis_systemic_other	1417	62	57
axis_systemic_other	1418	65	61
axis_systemic_other	1419	62	58
axis_systemic_other	1420	57	53
axis_systemic_other	1421	68	60
axis_systemic_other	1422	63	56
axis_systemic_other	1423	72	68
axis_systemic_other	1424	58	55
axis_systemic_other	1425	56	49
axis_systemic_other	1426	63	58
axis_systemic_other	1427	63	59
axis_systemic_other	1428	66	60
axis_systemic_other	1429	61	57
axis_systemic_other	1430	61	59
axis_systemic_other	1431	57	53
axis_systemic_other	1432	65	58
axis_systemic_other	1433	61	57
axis_systemic_other	1434	68	62
axis_systemic_other	1435	76	67
axis_systemic_other	1436	64	62
axis_systemic_other	1437	64	59
axis_systemic_other	1438	57	54
axis_systemic_other	1439	62	58
axis_systemic_other	1440	76	68
axis_systemic_other	1441	51	48
axis_systemic_other	1442	53	49
axis_systemic_other	1443	57	49
axis_systemic_other	1444	58	53
axis_systemic_other	1445	52	47
axis_systemic_other	1446	63	59
axis_systemic_other	1447	70	65
axis_systemic_other	1448	61	57
axis_systemic_other	1449	69	65
axis_systemic_other	1450	63	57
axis_systemic_other	1451	60	57
axis_systemic_other	1452	48	46
axis_systemic_other	1453	56	54
axis_systemic_other	1454	67	60
axis_systemic_other	1455	70	65
axis_systemic_other	1456	72	66
axis_systemic_other	1457	54	48
axis_systemic_other	1458	58	50
axis_systemic_other	1459	68	64
axis_systemic_other	1460	65	60
axis_systemic_other	1461	64	58
axis_systemic_other	1462	55	53
axis_systemic_other	1463	62	55
axis_systemic_other	1464	58	54
axis_systemic_other	1465	66	61
axis_systemic_other	1466	54	49
axis_systemic_other	1467	71	66
axis_systemic_other	1468	61	56
axis_systemic_other	1469	57	55
axis_systemic_other	1470	70	66
axis_systemic_other	1471	66	60
axis_systemic_other	1472	79	70
axis_systemic_other	1473	72	69
axis_systemic_other	1474	57	54
axis_systemic_other	1475	65	60
axis_systemic_other	1476	65	60
axis_systemic_other	1477	66	61
axis_systemic_other	1478	65	62
axis_systemic_other	1479	62	58
axis_systemic_other	1480	57	54
axis_systemic_other	1481	68	63
axis_systemic_other	1482	57	51
axis_systemic_other	1483	70	63
axis_systemic_other	1484	57	53
axis_systemic_other	1485	52	48
axis_systemic_other	1486	61	59
axis_systemic_other	1487	81	77
axis_systemic_other	1488	52	50
axis_systemic_other	1489	64	63
axis_systemic_other	1490	69	63
axis_systemic_other	1491	64	59
axis_systemic_other	1492	57	54
axis_systemic_other	1493	72	67
axis_systemic_other	1494	58	55
axis_systemic_other	1495	56	53
axis_systemic_other	1496	67	63
axis_systemic_other	1497	59	55
axis_systemic_other	1498	65	61
axis_systemic_other	1499	58	55
axis_systemic_other	1500	64	58
axis_systemic_other	1501	66	60
axis_systemic_other	1502	65	60
axis_systemic_other	1503	66	59
axis_systemic_other	1504	73	67
axis_systemic_other	1505	64	60
axis_systemic_other	1506	62	59
axis_systemic_other	1507	63	56
axis_systemic_other	1508	75	69
axis_systemic_other	1509	64	60
axis_systemic_other	1510	69	60
axis_systemic_other	1511	70	66
axis_systemic_other	1512	57	55
axis_systemic_other	1513	70	65
axis_systemic_other	1514	60	55
axis_systemic_other	1515	64	60
axis_systemic_other	1516	60	55
axis_systemic_other	1517	62	59
axis_systemic_other	1518	61	59
axis_systemic_other	1519	56	55
axis_systemic_other	1520	64	60
axis_systemic_other	1521	58	54
axis_systemic_other	1522	55	53
axis_systemic_other	1523	61	56
axis_systemic_other	1524	77	71
axis_systemic_other	1525	54	52
axis_systemic_other	1526	78	70
axis_systemic_other	1527	73	65
axis_systemic_other	1528	55	50
axis_systemic_other	1529	63	58
axis_systemic_other	1530	78	73
axis_systemic_other	1531	49	46
axis_systemic_other	1532	64	61
axis_systemic_other	1533	61	57
axis_systemic_other	1534	65	61
axis_systemic_other	1535	68	60
axis_systemic_other	1536	60	57
axis_systemic_other	1537	67	62
axis_systemic_other	1538	66	63
axis_systemic_other	1539	64	59
axis_systemic_other	1540	63	59
axis_systemic_other	1541	60	56
axis_systemic_other	1542	64	58
axis_systemic_other	1543	61	55
axis_systemic_other	1544	70	66
axis_systemic_other	1545	70	67
axis_systemic_other	1546	64	59
axis_systemic_other	1547	68	62
axis_systemic_other	1548	75	70
axis_systemic_other	1549	69	64
axis_systemic_other	1550	74	63
axis_systemic_other	1551	70	63
axis_systemic_other	1552	63	59
axis_systemic_other	1553	75	68
axis_systemic_other	1554	69	65
axis_systemic_other	1555	69	65
axis_systemic_other	1556	56	53
axis_systemic_other	1557	63	59
axis_systemic_other	1558	64	62
axis_systemic_other	1559	62	59
axis_systemic_other	1560	69	66
axis_systemic_other	1561	60	55
axis_systemic_other	1562	74	68
axis_systemic_other	1563	72	66
axis_systemic_other	1564	57	52
axis_systemic_other	1565	63	60
axis_systemic_other	1566	66	60
axis_systemic_other	1567	54	50
axis_systemic_other	1568	63	58
axis_systemic_other	1569	59	54
axis_systemic_other	1570	63	59
axis_systemic_other	1571	58	52
axis_systemic_other	1572	65	60
axis_systemic_other	1573	64	57
axis_systemic_other	1574	67	63
axis_systemic_other	1575	69	63
axis_systemic_other	1576	69	65
axis_systemic_other	1577	54	49
axis_systemic_other	1578	69	63
axis_systemic_other	1579	71	66
axis_systemic_other	1580	66	62
axis_systemic_other	1581	64	60
axis_systemic_other	1582	65	59
axis_systemic_other	1583	63	58
axis_systemic_other	1584	64	59
axis_systemic_other	1585	68	62
axis_systemic_other	1586	65	61
axis_systemic_other	1587	66	61
axis_systemic_other	1588	53	51
axis_systemic_other	1589	69	65
axis_systemic_other	1590	62	58
axis_systemic_other	1591	61	59
axis_systemic_other	1592	61	56
axis_systemic_other	1593	50	47
axis_systemic_other	1594	72	67
axis_systemic_other	1595	68	62
axis_systemic_other	1596	56	49
axis_systemic_other	1597	72	68
axis_systemic_other	1598	57	53
axis_systemic_other	1599	59	53
axis_systemic_other	1600	63	57
axis_systemic_other	1601	64	58
axis_systemic_other	1602	67	64
axis_systemic_other	1603	62	59
axis_systemic_other	1604	54	51
axis_systemic_other	1605	67	62
axis_systemic_other	1606	65	61
axis_systemic_other	1607	61	58
axis_systemic_other	1608	63	59
axis_systemic_other	1609	64	61
axis_systemic_other	1610	61	55
axis_systemic_other	1611	60	55
axis_systemic_other	1612	62	60
axis_systemic_other	1613	64	60
axis_systemic_other	1614	61	59
axis_systemic_other	1615	67	63
axis_systemic_other	1616	60	55
axis_systemic_other	1617	58	53
axis_systemic_other	1618	69	65
axis_systemic_other	1619	53	49
axis_systemic_other	1620	61	58
axis_systemic_other	1621	60	58
axis_systemic_other	1622	60	55
axis_systemic_other	1623	69	65
axis_systemic_other	1624	59	56
axis_systemic_other	1625	53	47
axis_systemic_other	1626	69	61
axis_systemic_other	1627	58	53
axis_systemic_other	1628	57	53
axis_systemic_other	1629	66	59
axis_systemic_other	1630	63	60
axis_systemic_other	1631	55	53
axis_systemic_other	1632	67	63
axis_systemic_other	1633	70	67
axis_systemic_other	1634	65	60
axis_systemic_other	1635	60	56
axis_systemic_other	1636	63	60
axis_systemic_other	1637	76	70
axis_systemic_other	1638	65	62
axis_systemic_other	1639	75	69
axis_systemic_other	1640	56	55
axis_systemic_other	1641	70	67
axis_systemic_other	1642	70	65
axis_systemic_other	1643	56	51
axis_systemic_other	1644	65	61
axis_systemic_other	1645	64	61
axis_systemic_other	1646	62	58
axis_systemic_other	1647	56	51
axis_systemic_other	1648	56	52
axis_systemic_other	1649	59	56
axis_systemic_other	1650	56	53
axis_systemic_other	1651	72	66
axis_systemic_other	1652	64	58
axis_systemic_other	1653	65	56
axis_systemic_other	1654	63	57
axis_systemic_other	1655	69	65
axis_systemic_other	1656	62	59
axis_systemic_other	1657	63	60
axis_systemic_other	1658	58	55
axis_systemic_other	1659	69	62
axis_systemic_other	1660	66	62
axis_systemic_other	1661	60	57
axis_systemic_other	1662	67	63
axis_systemic_other	1663	60	58
axis_systemic_other	1664	80	76
axis_systemic_other	1665	56	52
axis_systemic_other	1666	58	56
axis_systemic_other	1667	66	62
axis_systemic_other	1668	72	64
axis_systemic_other	1669	62	58
axis_systemic_other	1670	62	58
axis_systemic_other	1671	65	59
axis_systemic_other	1672	59	55
axis_systemic_other	1673	63	58
axis_systemic_other	1674	70	65
axis_systemic_other	1675	64	59
axis_systemic_other	1676	67	64
axis_systemic_other	1677	59	55
axis_systemic_other	1678	72	67
axis_systemic_other	1679	66	61
axis_systemic_other	1680	63	59
axis_systemic_other	1681	55	53
axis_systemic_other	1682	65	64
axis_systemic_other	1683	63	56
axis_systemic_other	1684	69	64
axis_systemic_other	1685	64	58
axis_systemic_other	1686	62	56
axis_systemic_other	1687	58	55
axis_systemic_other	1688	69	63
axis_systemic_other	1689	54	51
axis_systemic_other	1690	71	64
axis_systemic_other	1691	60	56
axis_systemic_other	1692	70	67
axis_systemic_other	1693	63	60
axis_systemic_other	1694	61	56
axis_systemic_other	1695	67	63
axis_systemic_other	1696	66	62
axis_systemic_other	1697	63	58
axis_systemic_other	1698	59	56
axis_systemic_other	1699	63	56
axis_systemic_other	1700	70	66
axis_systemic_other	1701	62	56
axis_systemic_other	1702	67	66
axis_systemic_other	1703	69	63
axis_systemic_other	1704	59	53
axis_systemic_other	1705	59	54
axis_systemic_other	1706	72	66
axis_systemic_other	1707	68	64
axis_systemic_other	1708	66	63
axis_systemic_other	1709	58	56
axis_systemic_other	1710	61	57
axis_systemic_other	1711	66	60
axis_systemic_other	1712	71	68
axis_systemic_other	1713	50	44
axis_systemic_other	1714	64	62
axis_systemic_other	1715	60	56
axis_systemic_other	1716	70	67
axis_systemic_other	1717	60	58
axis_systemic_other	1718	58	52
axis_systemic_other	1719	70	63
axis_systemic_other	1720	60	56
axis_systemic_other	1721	59	55
axis_systemic_other	1722	60	56
axis_systemic_other	1723	65	62
axis_systemic_other	1724	53	51
axis_systemic_other	1725	69	65
axis_systemic_other	1726	73	66
axis_systemic_other	1727	79	73
axis_systemic_other	1728	68	62
axis_systemic_other	1729	57	55
axis_systemic_other	1730	60	53
axis_systemic_other	1731	73	67
axis_systemic_other	1732	80	75
axis_systemic_other	1733	65	61
axis_systemic_other	1734	67	64
axis_systemic_other	1735	67	65
axis_systemic_other	1736	73	66
axis_systemic_other	1737	70	65
axis_systemic_other	1738	67	64
axis_systemic_other	1739	72	66
axis_systemic_other	1740	73	67
axis_systemic_other	1741	62	58
axis_systemic_other	1742	56	52
axis_systemic_other	1743	65	58
axis_systemic_other	1744	62	56
axis_systemic_other	1745	59	54
axis_systemic_other	1746	72	66
axis_systemic_other	1747	66	60
axis_systemic_other	1748	65	62
axis_systemic_other	1749	60	57
axis_systemic_other	1750	69	61
axis_systemic_other	1751	65	62
axis_systemic_other	1752	66	62
axis_systemic_other	1753	62	58
axis_systemic_other	1754	50	47
axis_systemic_other	1755	67	64
axis_systemic_other	1756	57	53
axis_systemic_other	1757	55	52
axis_systemic_other	1758	71	67
axis_systemic_other	1759	65	57
axis_systemic_other	1760	59	56
axis_systemic_other	1761	66	61
axis_systemic_other	1762	60	57
axis_systemic_other	1763	61	57
axis_systemic_other	1764	56	50
axis_systemic_other	1765	68	63
axis_systemic_other	1766	66	61
axis_systemic_other	1767	64	60
axis_systemic_other	1768	66	61
axis_systemic_other	1769	74	68
axis_systemic_other	1770	60	56
axis_systemic_other	1771	56	52
axis_systemic_other	1772	54	52
axis_systemic_other	1773	73	70
axis_systemic_other	1774	49	45
axis_systemic_other	1775	57	54
axis_systemic_other	1776	67	63
axis_systemic_other	1777	70	68
axis_systemic_other	1778	74	67
axis_systemic_other	1779	59	56
axis_systemic_other	1780	61	56
axis_systemic_other	1781	68	62
axis_systemic_other	1782	56	54
axis_systemic_other	1783	61	59
axis_systemic_other	1784	64	59
axis_systemic_other	1785	62	57
axis_systemic_other	1786	59	54
axis_systemic_other	1787	66	60
axis_systemic_other	1788	58	56
axis_systemic_other	1789	55	51
axis_systemic_other	1790	55	50
axis_systemic_other	1791	55	52
axis_systemic_other	1792	56	51
axis_systemic_other	1793	73	67
axis_systemic_other	1794	60	58
axis_systemic_other	1795	64	61
axis_systemic_other	1796	63	61
axis_systemic_other	1797	75	69
axis_systemic_other	1798	71	63
axis_systemic_other	1799	60	56
axis_systemic_other	1800	55	52
axis_systemic_other	1801	67	63
axis_systemic_other	1802	56	52
axis_systemic_other	1803	67	63
axis_systemic_other	1804	59	54
axis_systemic_other	1805	58	52
axis_systemic_other	1806	59	55
axis_systemic_other	1807	56	53
axis_systemic_other	1808	62	58
axis_systemic_other	1809	67	62
axis_systemic_other	1810	70	66
axis_systemic_other	1811	55	52
axis_systemic_other	1812	57	52
axis_systemic_other	1813	65	62
axis_systemic_other	1814	70	64
axis_systemic_other	1815	60	54
axis_systemic_other	1816	73	66
axis_systemic_other	1817	49	45
axis_systemic_other	1818	64	60
axis_systemic_other	1819	71	64
axis_systemic_other	1820	59	53
axis_systemic_other	1821	74	65
axis_systemic_other	1822	61	57
axis_systemic_other	1823	71	65
axis_systemic_other	1824	65	59
axis_systemic_other	1825	64	60
axis_systemic_other	1826	62	58
axis_systemic_other	1827	71	65
axis_systemic_other	1828	66	59
axis_systemic_other	1829	74	69
axis_systemic_other	1830	59	54
axis_systemic_other	1831	59	54
axis_systemic_other	1832	69	64
axis_systemic_other	1833	59	53
axis_systemic_other	1834	74	70
axis_systemic_other	1835	64	61
axis_systemic_other	1836	54	51
axis_systemic_other	1837	63	56
axis_systemic_other	1838	72	67
axis_systemic_other	1839	65	60
axis_systemic_other	1840	55	51
axis_systemic_other	1841	67	64
axis_systemic_other	1842	69	63
axis_systemic_other	1843	65	62
axis_systemic_other	1844	68	62
axis_systemic_other	1845	67	64
axis_systemic_other	1846	67	60
axis_systemic_other	1847	66	61
axis_systemic_other	1848	64	61
axis_systemic_other	1849	58	57
axis_systemic_other	1850	69	62
axis_systemic_other	1851	69	68
axis_systemic_other	1852	66	61
axis_systemic_other	1853	61	57
axis_systemic_other	1854	51	50
axis_systemic_other	1855	59	56
axis_systemic_other	1856	60	58
axis_systemic_other	1857	76	72
axis_systemic_other	1858	69	64
axis_systemic_other	1859	66	59
axis_systemic_other	1860	66	64
axis_systemic_other	1861	62	56
axis_systemic_other	1862	68	63
axis_systemic_other	1863	73	68
axis_systemic_other	1864	69	63
axis_systemic_other	1865	67	61
axis_systemic_other	1866	65	59
axis_systemic_other	1867	62	59
axis_systemic_other	1868	69	62
axis_systemic_other	1869	72	66
axis_systemic_other	1870	60	55
axis_systemic_other	1871	66	61
axis_systemic_other	1872	75	67
axis_systemic_other	1873	66	63
axis_systemic_other	1874	55	52
axis_systemic_other	1875	69	65
axis_systemic_other	1876	63	59
axis_systemic_other	1877	60	56
axis_systemic_other	1878	58	53
axis_systemic_other	1879	74	69
axis_systemic_other	1880	58	56
axis_systemic_other	1881	59	55
axis_systemic_other	1882	61	57
axis_systemic_other	1883	61	56
axis_systemic_other	1884	67	61
axis_systemic_other	1885	50	46
axis_systemic_other	1886	67	64
axis_systemic_other	1887	66	63
axis_systemic_other	1888	56	51
axis_systemic_other	1889	63	56
axis_systemic_other	1890	61	55
axis_systemic_other	1891	59	56
axis_systemic_other	1892	68	61
axis_systemic_other	1893	60	57
axis_systemic_other	1894	74	68
axis_systemic_other	1895	64	59
axis_systemic_other	1896	63	57
axis_systemic_other	1897	65	62
axis_systemic_other	1898	68	63
axis_systemic_other	1899	77	75
axis_systemic_other	1900	65	59
axis_systemic_other	1901	70	66
axis_systemic_other	1902	68	65
axis_systemic_other	1903	71	65
axis_systemic_other	1904	57	53
axis_systemic_other	1905	54	48
axis_systemic_other	1906	59	58
axis_systemic_other	1907	61	58
axis_systemic_other	1908	65	59
axis_systemic_other	1909	64	61
axis_systemic_other	1910	70	67
axis_systemic_other	1911	65	61
axis_systemic_other	1912	57	51
axis_systemic_other	1913	59	55
axis_systemic_other	1914	56	53
axis_systemic_other	1915	66	61
axis_systemic_other	1916	71	65
axis_systemic_other	1917	63	58
axis_systemic_other	1918	69	63
axis_systemic_other	1919	64	59
axis_systemic_other	1920	68	61
axis_systemic_other	1921	62	60
axis_systemic_other	1922	67	62
axis_systemic_other	1923	61	56
axis_systemic_other	1924	67	62
axis_systemic_other	1925	71	66
axis_systemic_other	1926	54	49
axis_systemic_other	1927	55	53
axis_systemic_other	1928	66	62
axis_systemic_other	1929	60	55
axis_systemic_other	1930	55	50
axis_systemic_other	1931	64	60
axis_systemic_other	1932	50	46
axis_systemic_other	1933	67	64
axis_systemic_other	1934	65	59
axis_systemic_other	1935	61	58
axis_systemic_other	1936	68	65
axis_systemic_other	1937	63	59
axis_systemic_other	1938	63	59
axis_systemic_other	1939	59	57
axis_systemic_other	1940	57	54
axis_systemic_other	1941	68	63
axis_systemic_other	1942	54	49
axis_systemic_other	1943	57	54
axis_systemic_other	1944	54	50
axis_systemic_other	1945	69	63
axis_systemic_other	1946	73	68
axis_systemic_other	1947	61	59
axis_systemic_other	1948	59	55
axis_systemic_other	1949	60	55
axis_systemic_other	1950	64	61
axis_systemic_other	1951	71	65
axis_systemic_other	1952	62	56
axis_systemic_other	1953	51	48
axis_systemic_other	1954	58	52
axis_systemic_other	1955	64	60
axis_systemic_other	1956	57	53
axis_systemic_other	1957	56	52
axis_systemic_other	1958	81	74
axis_systemic_other	1959	63	60
axis_systemic_other	1960	78	74
axis_systemic_other	1961	63	59
axis_systemic_other	1962	75	72
axis_systemic_other	1963	55	53
axis_systemic_other	1964	68	62
axis_systemic_other	1965	68	62
axis_systemic_other	1966	58	53
axis_systemic_other	1967	56	53
axis_systemic_other	1968	60	55
axis_systemic_other	1969	72	67
axis_systemic_other	1970	66	57
axis_systemic_other	1971	63	56
axis_systemic_other	1972	66	61
axis_systemic_other	1973	61	56
axis_systemic_other	1974	70	64
axis_systemic_other	1975	68	64
axis_systemic_other	1976	71	65
axis_systemic_other	1977	57	55
axis_systemic_other	1978	59	55
axis_systemic_other	1979	69	63
axis_systemic_other	1980	72	66
axis_systemic_other	1981	67	63
axis_systemic_other	1982	61	57
axis_systemic_other	1983	59	57
axis_systemic_other	1984	59	55
axis_systemic_other	1985	61	55
axis_systemic_other	1986	78	73
axis_systemic_other	1987	67	64
axis_systemic_other	1988	61	55
axis_systemic_other	1989	64	57
axis_systemic_other	1990	64	60
axis_systemic_other	1991	58	52
axis_systemic_other	1992	54	49
axis_systemic_other	1993	58	54
axis_systemic_other	1994	65	58
axis_systemic_other	1995	58	53
axis_systemic_other	1996	60	56
axis_systemic_other	1997	73	65
axis_systemic_other	1998	71	68
axis_systemic_other	1999	61	57
