variant_key	locus_500kb	SNP	standalone_e2g_gene_agree	standalone_e2g_gene_symbols	standalone_e2g_max_score	standalone_e2g_biosample_count	standalone_e2g_interval_types	same_gene_pqtl_h4_ge_0_8	same_gene_pqtl_h4_genes	same_gene_pqtl_clpp_ge_0_01	same_gene_pqtl_clpp_genes
9:137478851	9:137000000	rs12005738	True	NSMF	0.8151134679569859	3	genic	False		False	
11:57499839	11:57000000	rs2584856	True	RTN4RL2;SLC43A1;SMTNL1;TIMM10	0.987946876235458	244	genic	True	TIMM10	False	
9:96879588	9:96500000	rs10739262	False		0.0	0		False		False	
15:74497842	15:74000000	rs10851872	False		0.0	0		False		False	
17:64987027	17:64500000	rs4791250	False		0.0	0		False		False	
2:74506707	2:74500000	rs41285991	False		0.0	0		False		False	
16:23499005	16:23000000	rs2040574	False		0.0	0		False		False	
14:96502831	14:96500000	rs4544182	False		0.0	0		False		False	
17:497719	17:0	rs759974	False		0.0	0		False		False	
3:123498402	3:123000000	rs6794826	False		0.0	0		False		False	
17:61012822	17:61000000	rs75782344	False		0.0	0		False		False	
7:6831004	7:6500000	rs10242703	False		0.0	0		False		False	
17:75997465	17:75500000	rs12945114	False		0.0	0		False		False	
17:64976905	17:64500000	rs7212449	False		0.0	0		False		False	
17:19002062	17:19000000	rs7216681	False		0.0	0		False		False	
4:1862420	4:1500000	rs4362888	False		0.0	0		False		False	
13:52208449	13:52000000	rs2094354	False		0.0	0		False		False	
19:16496422	19:16000000	rs967886	False		0.0	0		False		False	
17:6999441	17:6500000	rs1126667	False		0.0	0		False		False	
2:113504435	2:113500000	rs4849236	False		0.0	0		False		False	
5:131315518	5:131000000	rs6872533	False		0.0	0		False		False	
1:10998531	1:10500000	rs11121674	False		0.0	0		False		False	
17:19004876	17:19000000	rs11868888	False		0.0	0		False		False	
14:34497730	14:34000000	rs12892302	True	SPTSSA	0.7922855405574987	2	intergenic	False		False	
9:77743719	9:77500000	rs979354	False		0.0	0		False		False	
5:134638199	5:134500000	rs4958192	False		0.0	0		False		False	
17:42894423	17:42500000	rs324079	False		0.0	0		False		False	
7:75880134	7:75500000	rs42184	True	POR;TMEM120A	0.9004836006646646	4	genic	False		False	
17:32719812	17:32500000	rs9901111	False		0.0	0		False		False	
17:74746981	17:74500000	rs3178300	False		0.0	0		False		False	
1:145608293	1:145500000	rs34955113	False		0.0	0		False		False	
2:158984860	2:158500000	rs1719079	False		0.0	0		False		False	
7:65500680	7:65500000	rs147935040	False		0.0	0		False		False	
12:15690718	12:15500000	rs11835559	False		0.0	0		False		False	
1:35097364	1:35000000	rs2971408	False		0.0	0		False		False	
18:62851130	18:62500000	rs500978	False		0.0	0		False		False	
6:148039	6:0	rs12195140	False		0.0	0		False		False	
2:148922389	2:148500000	rs4346318	False		0.0	0		False		False	
3:197799330	3:197500000	rs841672	False		0.0	0		False		False	
13:37000571	13:37000000	rs9603126	False		0.0	0		False		False	
11:62977427	11:62500000	rs3017670	False		0.0	0		False		False	
10:131932974	10:131500000	rs4880334	True	PPP2R2D	0.9894193037169924	4	intergenic	False		False	
7:130490328	7:130000000	rs4731694	False		0.0	0		False		False	
8:42850559	8:42500000	rs6474422	False		0.0	0		False		False	
11:71933287	11:71500000	rs7924834	False		0.0	0		False		False	
12:6306828	12:6000000	rs3759322	False		0.0	0		False		False	
4:173499832	4:173000000	rs920625	True	HAND2	0.6839861668171896	1	intergenic	False		False	
11:65429413	11:65000000	rs580933	True	FRMD8	0.8878381066623648	2	genic	False		False	
10:650297	10:500000	rs10904535	False		0.0	0		False		False	
2:168499821	2:168000000	rs6712374	False		0.0	0		False		False	
2:96009558	2:96000000	rs2969478	True	ADRA2B;ANKRD36C	0.8317945352732977	2	intergenic	False		False	
14:34594262	14:34500000	rs10136826	False		0.0	0		False		False	
20:2947150	20:2500000	rs6076448	False		0.0	0		False		False	
17:64991033	17:64500000	rs11652805	False		0.0	0		False		False	
4:98998261	4:98500000	rs2004994	False		0.0	0		False		False	
16:23492720	16:23000000	rs7202661	True	GGA2	0.7554901936411721	2	genic	False		False	
8:143800253	8:143500000	rs4874100	True	SCRIB	0.7712771881303793	1	genic	False		False	
11:45984278	11:45500000	rs1401421	False		0.0	0		False		False	
17:34991293	17:34500000	rs3135983	True	LIG3;RAD51D;RFFL	0.7422441037214507	1	genic	False		False	
12:55831500	12:55500000	rs7965333	True	MMP19	0.8915713096471422	4	intergenic	False		False	
16:15141783	16:15000000	rs2941266	False		0.0	0		False		False	
20:36723005	20:36500000	rs2425261	False		0.0	0		False		False	
3:150792505	3:150500000	rs1220472	False		0.0	0		False		False	
4:124998769	4:124500000	rs13135635	False		0.0	0		False		False	
10:124084023	10:124000000	rs4929814	True	CHST15	0.7964858251038396	10	genic	True	CHST15	False	
17:49700124	17:49500000	rs2412129	False		0.0	0		False		False	
12:54001000	12:54000000	rs67918869	False		0.0	0		False		False	
9:137067808	9:137000000	rs144334202	True	UAP1L1	0.8590130113964459	27	genic	False		False	
19:55493534	19:55000000	rs889090	False		0.0	0		False		False	
4:118683854	4:118500000	rs298982	False		0.0	0		False		False	
17:67996073	17:67500000	rs7502578	False		0.0	0		False		False	
8:143778707	8:143500000	rs4875051	False		0.0	0		False		False	
16:2150881	16:2000000	rs36233	True	PKD1	0.943038957073418	14	genic	True	PKD1	True	PKD1
21:46667934	21:46500000	rs8131044	False		0.0	0		False		False	
2:96072837	2:96000000	rs2579551	True	ADRA2B	0.9264586518171308	13	intergenic	False		False	
17:2487417	17:2000000	rs9898813	False		0.0	0		False		False	
7:143733111	7:143500000	rs4726642	False		0.0	0		False		False	
17:64745971	17:64500000	rs2521880	False		0.0	0		False		False	
16:28312149	16:28000000	rs11863346	False		0.0	0		False		False	
7:27034112	7:27000000	rs799234	False		0.0	0		False		False	
11:8002921	11:8000000	rs11041706	False		0.0	0		False		False	
5:139323469	5:139000000	rs6866346	False		0.0	0		False		False	
16:15143080	16:15000000	rs2457526	False		0.0	0		False		False	
3:197673640	3:197500000	rs3749250	False		0.0	0		False		False	
11:8000467	11:8000000	rs4758038	False		0.0	0		False		False	
11:10798837	11:10500000	rs4909953	False		0.0	0		False		False	
6:7391259	6:7000000	rs942493	False		0.0	0		False		False	
11:45983212	11:45500000	rs2959095	True	LARGE2	0.6795823798654058	3	genic	False		False	
3:37969217	3:37500000	rs7372209	False		0.0	0		False		False	
5:1495648	5:1000000	rs36993	True	LPCAT1	0.95226223109413	31	genic	False		False	
12:55847314	12:55500000	rs2046292	True	DGKA	0.6521615307342149	1	intergenic	False		False	
8:143811845	8:143500000	rs4875059	False		0.0	0		False		False	
7:130490329	7:130000000	rs4731695	False		0.0	0		False		False	
13:66996977	13:66500000	rs7336507	False		0.0	0		False		False	
1:207502508	1:207500000	rs12075933	False		0.0	0		False		False	
2:74502935	2:74500000	rs13023123	False		0.0	0		False		False	
1:24660386	1:24500000	rs7549196	False		0.0	0		False		False	
12:15883327	12:15500000	rs10734889	False		0.0	0		False		False	
12:6662711	12:6500000	rs7397940	False		0.0	0		False		False	
1:155390039	1:155000000	rs11264369	False		0.0	0		False		False	
19:7000390	19:7000000	rs11665875	False		0.0	0		False		False	
19:10859882	19:10500000	rs8100581	True	C19ORF38	0.6314398489124677	1	genic	False		False	
17:1498319	17:1000000	rs1879488	False		0.0	0		False		False	
7:143737311	7:143500000	rs7807308	False		0.0	0		False		False	
1:222420506	1:222000000	rs17508365	False		0.0	0		False		False	
11:70231775	11:70000000	rs2155456	False		0.0	0		False		False	
2:88752509	2:88500000	rs335124	False		0.0	0		True	EIF2AK3	True	EIF2AK3
17:64985215	17:64500000	rs17685439	True	GNA13	0.7692439398725329	8	intergenic	False		False	
3:9498000	3:9000000	rs2596915	False		0.0	0		False		False	
22:49998943	22:49500000	rs4838838	False		0.0	0		False		False	
9:36458796	9:36000000	rs10511929	False		0.0	0		False		False	
17:19014124	17:19000000	rs35475444	False		0.0	0		False		False	
4:1998531	4:1500000	rs506996	False		0.0	0		False		False	
20:38497214	20:38000000	rs1303577	False		0.0	0		False		False	
15:71002853	15:71000000	rs10518929	False		0.0	0		False		False	
16:72820408	16:72500000	rs2266943	False		0.0	0		False		False	
6:3211381	6:3000000	rs4296931	True	TUBB2B	0.9048596248758968	10	intergenic	False		False	
1:24763955	1:24500000	rs6604978	False		0.0	0		False		False	
11:72077171	11:72000000	rs552966	False		0.0	0		False		False	
19:42172329	19:42000000	rs1195296	False		0.0	0		False		False	
1:37493849	1:37000000	rs215210	False		0.0	0		False		False	
16:4496585	16:4000000	rs3789038	True	C16ORF96;HMOX2	0.7879985971116175	2	genic	True	HMOX2	False	
6:3189475	6:3000000	rs4327733	False		0.0	0		False		False	
5:103216312	5:103000000	rs26256	False		0.0	0		False		False	
20:32385371	20:32000000	rs4911226	False		0.0	0		False		False	
14:58427073	14:58000000	rs6764	False		0.0	0		False		False	
7:87646325	7:87500000	rs10246878	False		0.0	0		False		False	
11:33292530	11:33000000	rs266464	False		0.0	0		False		False	
18:21000980	18:21000000	rs117433482	False		0.0	0		False		False	
17:44170978	17:44000000	rs7218599	False		0.0	0		False		False	
10:133389090	10:133000000	rs10776679	True	ECHS1;PAOX	0.9944501264469636	50	genic	False		False	
11:45996588	11:45500000	rs2959101	False		0.0	0		False		False	
12:110614660	12:110500000	rs684596	False		0.0	0		False		False	
11:71956415	11:71500000	rs10793011	False		0.0	0		False		False	
20:62760625	20:62500000	rs746192	False		0.0	0		False		False	
1:53981254	1:53500000	rs6697447	False		0.0	0		False		False	
11:65903039	11:65500000	rs10896065	False		0.0	0		False		False	
9:36488264	9:36000000	rs13291966	True	RNF38	0.9666300479753928	155	intergenic	False		False	
7:143504693	7:143500000	rs940702	False		0.0	0		False		False	
3:129114707	3:129000000	rs4293717	False		0.0	0		False		False	
6:157433578	6:157000000	rs77137580	False		0.0	0		False		False	
17:64712166	17:64500000	rs7225993	True	SMURF2	0.728330062552638	1	intergenic	False		False	
12:120488516	12:120000000	rs787820	False		0.0	0		False		False	
3:130094219	3:130000000	rs10934906	False		0.0	0		False		False	
14:31361500	14:31000000	rs11844036	False		0.0	0		False		False	
8:67058008	8:67000000	rs6997490	False		0.0	0		False		False	
1:225996737	1:225500000	rs1998273	False		0.0	0		False		False	
7:75957218	7:75500000	rs4728533	True	POR	0.952769782534861	15	genic	False		False	
15:34526826	15:34500000	rs16954442	False		0.0	0		False		False	
12:96486775	12:96000000	rs3858656	False		0.0	0		False		False	
17:79000662	17:79000000	rs9896857	True	CANT1	0.9072890319968516	1	genic	False		False	
4:84952298	4:84500000	rs6531779	True	CDS1;WDFY3	0.9796740076223556	20	genic	False		False	
3:129131689	3:129000000	rs6767719	False		0.0	0		False		False	
2:110711561	2:110500000	rs4443010	False		0.0	0		False		False	
14:104987076	14:104500000	rs2241867	False		0.0	0		False		False	
1:24768223	1:24500000	rs6692599	False		0.0	0		False		False	
5:180858668	5:180500000	rs2619756	False		0.0	0		False		False	
10:133377066	10:133000000	rs7074435	False		0.0	0		True	PRAP1	True	PRAP1
10:121511632	10:121500000	rs3750815	False		0.0	0		False		False	
4:147734125	4:147500000	rs4835093	False		0.0	0		False		False	
12:131912058	12:131500000	rs11616018	False		0.0	0		False		False	
11:71940915	11:71500000	rs2187496	False		0.0	0		False		False	
14:71650439	14:71500000	rs8017465	False		0.0	0		False		False	
15:71050653	15:71000000	rs1561691	False		0.0	0		False		False	
12:5497206	12:5000000	rs7488316	True	NTF3	0.9982368253974496	12	intergenic	False		False	
2:96019128	2:96000000	rs2579516	False		0.0	0		False		False	
14:105433481	14:105000000	rs7144389	False		0.0	0		False		False	
8:42493793	8:42000000	rs6988483	False		0.0	0		False		False	
5:76450988	5:76000000	rs6880993	False		0.0	0		False		False	
12:64383924	12:64000000	rs6581555	False		0.0	0		False		False	
2:241703438	2:241500000	rs6437282	True	ING5	0.999980720816098	47	genic;promoter	False		False	
19:6402267	19:6000000	rs8100269	False		0.0	0		False		False	
11:18245480	11:18000000	rs2468844	False		0.0	0		False		False	
16:29894561	16:29500000	rs13332660	False		0.0	0		False		False	
1:215591054	1:215500000	rs1819739	False		0.0	0		False		False	
1:211823133	1:211500000	rs6703304	False		0.0	0		False		False	
5:71590146	5:71500000	rs12153571	False		0.0	0		False		False	
1:224274905	1:224000000	rs6426094	False		0.0	0		False		False	
11:67002996	11:67000000	rs17584120	False		0.0	0		False		False	
20:18497226	20:18000000	rs2247757	False		0.0	0		False		False	
15:74978787	15:74500000	rs1561893	False		0.0	0		True	PPCDC	False	
19:55488626	19:55000000	rs4405662	False		0.0	0		False		False	
14:49861711	14:49500000	rs3126165	True	ARF6;KLHDC1	0.955197881820398	152	intergenic	False		False	
16:18997617	16:18500000	rs7403903	False		0.0	0		False		False	
1:207249581	1:207000000	rs891375	False		0.0	0		False		False	
21:44474024	21:44000000	rs2838567	False		0.0	0		False		False	
2:61003288	2:61000000	rs1177226	False		0.0	0		False		False	
19:45996279	19:45500000	rs8111976	False		0.0	0		False		False	
6:157585824	6:157500000	rs16900289	False		0.0	0		False		False	
2:219640543	2:219500000	rs684428	False		0.0	0		False		False	
1:78333607	1:78000000	rs1417103	False		0.0	0		False		False	
7:141587085	7:141500000	rs11768654	True	AGK	0.6040862187389192	2	genic	False		False	
12:56412064	12:56000000	rs937117	False		0.0	0		False		False	
11:63512280	11:63500000	rs7106153	False		0.0	0		False		False	
3:197748569	3:197500000	rs2885470	True	RUBCN	0.88436123771805	4	intergenic	False		False	
13:44401763	13:44000000	rs1571934	False		0.0	0		False		False	
3:197795268	3:197500000	rs635652	False		0.0	0		False		False	
14:23509624	14:23500000	rs69931	False		0.0	0		False		False	
2:158932073	2:158500000	rs1522696	False		0.0	0		False		False	
5:10360998	5:10000000	rs13155132	False		0.0	0		False		False	
11:71957316	11:71500000	rs3216157	False		0.0	0		False		False	
16:23492927	16:23000000	rs7203580	True	GGA2	0.7554901936411721	1	genic	False		False	
3:197753342	3:197500000	rs6583253	False		0.0	0		False		False	
5:88838102	5:88500000	rs186233	False		0.0	0		False		False	
16:24850406	16:24500000	rs8051275	False		0.0	0		False		False	
21:32782926	21:32500000	rs2833952	False		0.0	0		False		False	
4:99994813	4:99500000	rs10015491	False		0.0	0		False		False	
6:149504128	6:149500000	rs4895792	False		0.0	0		False		False	
16:21597151	16:21500000	rs194548	False		0.0	0		False		False	
3:130096026	3:130000000	rs9758051	False		0.0	0		False		False	
19:18162237	19:18000000	rs1011320	True	PIK3R2	0.7541376532122976	1	genic	False		False	
1:215558463	1:215500000	rs2797390	False		0.0	0		False		False	
6:63348660	6:63000000	rs1741797	False		0.0	0		False		False	
14:88468307	14:88000000	rs366476	False		0.0	0		False		False	
2:62506118	2:62500000	rs11676567	False		0.0	0		False		False	
17:56994685	17:56500000	rs4793837	True	SCPEP1	0.6503441383091434	1	genic	True	SCPEP1	True	SCPEP1
2:150299054	2:150000000	rs11894267	False		0.0	0		False		False	
1:12341811	1:12000000	rs28551666	False		0.0	0		False		False	
19:8376973	19:8000000	rs1808536	False		0.0	0		False		False	
12:56214143	12:56000000	rs4759218	False		0.0	0		False		False	
17:19001800	17:19000000	rs201646917	False		0.0	0		False		False	
19:45999459	19:45500000	rs17652384	False		0.0	0		False		False	
12:56221479	12:56000000	rs2629450	False		0.0	0		False		False	
2:96170774	2:96000000	rs4907301	False		0.0	0		False		False	
8:92965568	8:92500000	rs440973	True	TRIQK	0.9999949305780532	355	promoter	False		False	
15:63996706	15:63500000	rs11639443	False		0.0	0		False		False	
17:36499225	17:36000000	rs2005488	False		0.0	0		False		False	
20:4987356	20:4500000	rs2681118	True	SLC23A2	0.761042497424772	6	genic	False		False	
19:12800526	19:12500000	rs1205171	False		0.0	0		False		False	
14:90992067	14:90500000	rs1286059	False		0.0	0		False		False	
16:48026413	16:48000000	rs75083962	False		0.0	0		False		False	
2:178471620	2:178000000	rs1559908	False		0.0	0		False		False	
1:33132187	1:33000000	rs10914660	False		0.0	0		False		False	
13:48485441	13:48000000	rs990814	False		0.0	0		False		False	
22:17648780	22:17500000	rs713701	False		0.0	0		False		False	
17:31067523	17:31000000	rs4795570	True	NF1	0.7708901683911782	2	intergenic	False		False	
3:15520739	3:15500000	rs4685251	True	COLQ	0.9999940782517188	34	genic;promoter	False		False	
9:81974954	9:81500000	rs11139465	False		0.0	0		False		False	
20:36608922	20:36500000	rs555394	False		0.0	0		False		False	
1:28310068	1:28000000	rs512493	False		0.0	0		False		False	
8:141309950	8:141000000	rs6578160	False		0.0	0		False		False	
9:137252821	9:137000000	rs61759822	False		0.0	0		False		False	
20:46219177	20:46000000	rs2425789	False		0.0	0		False		False	
1:24771754	1:24500000	rs9332415	False		0.0	0		False		False	
8:52703313	8:52500000	rs6994025	False		0.0	0		False		False	
8:140496470	8:140000000	rs56328790	False		0.0	0		False		False	
12:67986726	12:67500000	rs992078	False		0.0	0		False		False	
17:77499758	17:77000000	rs407525	False		0.0	0		False		False	
10:31924387	10:31500000	rs1419172	False		0.0	0		False		False	
14:52844834	14:52500000	rs12588482	True	FERMT2	0.6468913771874492	1	intergenic	False		False	
6:33080342	6:33000000	rs41270518	False		0.0	0		False		False	
6:73485808	6:73000000	rs658475	False		0.0	0		False		False	
14:75907846	14:75500000	rs8018962	False		0.0	0		False		False	
18:23994495	18:23500000	rs8089140	True	LAMA3;TTC39C	0.9876968851314084	108	intergenic	False		False	
11:1892147	11:1500000	rs548195	True	LSP1;TNNT3	0.9143286313710106	29	genic	False		False	
11:36510938	11:36500000	rs5030416	False		0.0	0		False		False	
14:91142592	14:91000000	rs12880762	False		0.0	0		False		False	
3:154778302	3:154500000	rs6803413	False		0.0	0		False		False	
15:72491919	15:72000000	rs8025088	False		0.0	0		False		False	
17:2485271	17:2000000	rs7224176	False		0.0	0		False		False	
17:56936856	17:56500000	rs8072942	False		0.0	0		False		False	
14:103727859	14:103500000	rs1535100	False		0.0	0		False		False	
3:113008337	3:113000000	rs2306857	False		0.0	0		False		False	
4:173340951	4:173000000	rs12498911	False		0.0	0		False		False	
8:28415871	8:28000000	rs6993934	True	ZNF395	0.7532910523218743	3	intergenic	False		False	
15:77995134	15:77500000	rs1053506	False		0.0	0		False		False	
14:20295287	14:20000000	rs1953551	False		0.0	0		False		False	
15:43775962	15:43500000	rs3844075	True	HYPK;PDIA3	0.8990880571189694	4	genic	False		False	
14:58426813	14:58000000	rs2031419	False		0.0	0		False		False	
8:143812326	8:143500000	rs4875060	False		0.0	0		False		False	
3:143003051	3:143000000	rs4683442	False		0.0	0		False		False	
12:100268050	12:100000000	rs4565995	False		0.0	0		False		False	
13:73000313	13:73000000	rs9543196	False		0.0	0		False		False	
8:103373488	8:103000000	rs2575695	True	BAALC;DCAF13;FZD6	0.9666773405687692	38	genic	False		False	
15:59492135	15:59000000	rs4291860	False		0.0	0		False		False	
6:13693682	6:13500000	rs204223	False		0.0	0		False		False	
1:149843756	1:149500000	rs3738319	False		0.0	0		False		False	
4:171814746	4:171500000	rs3796654	False		0.0	0		False		False	
1:112999214	1:112500000	rs773432	True	SLC16A1	0.7130461038033533	1	intergenic	True	SLC16A1	True	SLC16A1
8:81999880	8:81500000	rs4562270	False		0.0	0		False		False	
11:61436889	11:61000000	rs896831	False		0.0	0		False		False	
10:27501178	10:27500000	rs2505300	False		0.0	0		False		False	
1:207500635	1:207500000	rs7543742	False		0.0	0		False		False	
5:67143099	5:67000000	rs12697039	False		0.0	0		False		False	
16:70496456	16:70000000	rs2303793	False		0.0	0		False		False	
16:4477108	16:4000000	rs11639998	True	HMOX2	0.9999680590756655	225	genic;promoter	True	HMOX2	False	
1:46481425	1:46000000	rs4660351	False		0.0	0		False		False	
16:29897112	16:29500000	rs11649499	False		0.0	0		False		False	
19:50638229	19:50500000	rs889135	False		0.0	0		False		False	
12:45992032	12:45500000	rs11574952	True	SCAF11	0.9999552678409048	285	intergenic;promoter	False		False	
7:155005016	7:155000000	rs377850	False		0.0	0		False		False	
3:47789251	3:47500000	rs6776963	True	DHX30;SMARCC1	0.8103565696641856	30	intergenic	False		False	
16:30399124	16:30000000	rs4788413	False		0.0	0		False		False	
1:160305644	1:160000000	rs2066320	False		0.0	0		False		False	
10:99711170	10:99500000	rs10883407	False		0.0	0		False		False	
4:158496634	4:158000000	rs7376477	True	RXFP1	0.8117779947148561	1	intergenic	False		False	
8:73842035	8:73500000	rs2623809	False		0.0	0		False		False	
17:48482707	17:48000000	rs6504280	False		0.0	0		False		False	
3:197756408	3:197500000	rs6794391	False		0.0	0		False		False	
11:120505159	11:120500000	rs1287160	False		0.0	0		False		False	
7:6271979	7:6000000	rs889964	False		0.0	0		False		False	
2:62505644	2:62500000	rs4347816	False		0.0	0		False		False	
3:197810458	3:197500000	rs841673	False		0.0	0		False		False	
17:81471521	17:81000000	rs8079311	False		0.0	0		False		False	
11:10805373	11:10500000	rs7932171	False		0.0	0		False		False	
10:133347446	10:133000000	rs4838721	False		0.0	0		False		False	
11:36509193	11:36500000	rs5030419	True	PRR5L	0.8526376640134611	4	genic	False		False	
7:74988062	7:74500000	rs1421658986	False		0.0	0		False		False	
16:4325528	16:4000000	rs804179	False		0.0	0		False		False	
10:119220237	10:119000000	rs4751702	False		0.0	0		False		False	
2:28710542	2:28500000	rs4666116	False		0.0	0		False		False	
12:104276035	12:104000000	rs4964761	True	TXNRD1	0.8835711952766455	7	intergenic	False		False	
2:96501606	2:96500000	rs116097873	False		0.0	0		False		False	
5:132003396	5:132000000	rs644713	False		0.0	0		False		False	
3:129101775	3:129000000	rs4927904	False		0.0	0		False		False	
3:129162024	3:129000000	rs2046259	False		0.0	0		False		False	
11:113993387	11:113500000	rs897685	False		0.0	0		False		False	
22:39460027	22:39000000	rs738290	False		0.0	0		False		False	
12:50993056	12:50500000	rs224569	False		0.0	0		False		False	
19:41926881	19:41500000	rs2081999	False		0.0	0		False		False	
2:177224061	2:177000000	rs2706113	True	HNRNPA3;NFE2L2	0.604185353498782	1	intergenic	False		False	
21:35838600	21:35500000	rs2091855	False		0.0	0		False		False	
12:89499935	12:89000000	rs10858884	False		0.0	0		False		False	
8:73013356	8:73000000	rs2975842	False		0.0	0		False		False	
16:80993537	16:80500000	rs2549860	True	CENPN	0.7595017091815006	8	genic	False		False	
1:87089675	1:87000000	rs1419132	False		0.0	0		False		False	
15:44651559	15:44500000	rs3759871	False		0.0	0		False		False	
15:34496365	15:34000000	rs3812940	False		0.0	0		False		False	
15:92876662	15:92500000	rs12148826	False		0.0	0		False		False	
7:96699531	7:96500000	rs12690924	False		0.0	0		False		False	
4:9154700	4:9000000	rs35033276	False		0.0	0		False		False	
15:75751981	15:75500000	rs2593293	False		0.0	0		False		False	
4:70863213	4:70500000	rs6841414	False		0.0	0		False		False	
8:79996994	8:79500000	rs7014295	False		0.0	0		False		False	
19:1922940	19:1500000	rs7259322	False		0.0	0		False		False	
8:22370009	8:22000000	rs6998654	False		0.0	0		False		False	
3:129228874	3:129000000	rs11719332	True	CNBP;COPG1	0.8823030975317417	5	intergenic	False		False	
11:119713637	11:119500000	rs4533047	False		0.0	0		False		False	
9:126789187	9:126500000	rs2417038	False		0.0	0		False		False	
13:73000276	13:73000000	rs1029092	False		0.0	0		False		False	
3:23996182	3:23500000	rs6550828	False		0.0	0		False		False	
7:130507466	7:130500000	rs2302826	False		0.0	0		False		False	
14:104994092	14:104500000	rs7159328	False		0.0	0		False		False	
4:9152700	4:9000000	rs144776921	False		0.0	0		False		False	
3:129121191	3:129000000	rs9865992	False		0.0	0		False		False	
19:1360576	19:1000000	rs3826942	False		0.0	0		False		False	
3:197798485	3:197500000	rs576761	False		0.0	0		False		False	
1:205860831	1:205500000	rs6593969	False		0.0	0		False		False	
17:10799542	17:10500000	rs7222161	False		0.0	0		False		False	
5:142000783	5:142000000	rs7408	True	GNPDA1	0.7937407683831307	1	genic	False		False	
8:140496804	8:140000000	rs11780595	False		0.0	0		False		False	
4:84971538	4:84500000	rs7692223	False		0.0	0		False		False	
10:72703050	10:72500000	rs3009553	True	MCU	0.610002131077974	1	genic	False		False	
3:129174753	3:129000000	rs7638827	False		0.0	0		False		False	
13:25285893	13:25000000	rs9511740	False		0.0	0		False		False	
4:139396659	4:139000000	rs4863651	False		0.0	0		False		False	
19:10891903	19:10500000	rs7254708	False		0.0	0		False		False	
7:103149048	7:103000000	rs7789727	False		0.0	0		False		False	
18:49413246	18:49000000	rs7505245	True	DYM	0.7271068479149494	1	genic	False		False	
20:504677	20:500000	rs6037819	False		0.0	0		False		False	
16:21987803	16:21500000	rs9934359	False		0.0	0		False		False	
3:149908752	3:149500000	rs1350349	False		0.0	0		False		False	
7:64997366	7:64500000	rs4718179	False		0.0	0		False		False	
11:6497555	11:6000000	rs2555159	False		0.0	0		False		False	
2:96009749	2:96000000	rs148552067	False		0.0	0		False		False	
1:213124943	1:213000000	rs7533253	False		0.0	0		False		False	
1:84509277	1:84500000	rs312395	False		0.0	0		False		False	
22:49996657	22:49500000	rs4838818	False		0.0	0		False		False	
4:98388253	4:98000000	rs3756088	False		0.0	0		False		False	
12:22625767	12:22500000	rs2271098	False		0.0	0		False		False	
8:48000210	8:48000000	rs118051587	False		0.0	0		False		False	
11:59999928	11:59500000	rs526849	False		0.0	0		False		False	
10:132471503	10:132000000	rs10747060	False		0.0	0		False		False	
1:3499885	1:3000000	rs7553399	False		0.0	0		False		False	
6:16223037	6:16000000	rs9396650	False		0.0	0		False		False	
9:36399023	9:36000000	rs4144593	False		0.0	0		False		False	
7:5833614	7:5500000	rs3735290	False		0.0	0		False		False	
2:98241845	2:98000000	rs12470615	False		0.0	0		False		False	
2:174972115	2:174500000	rs3771917	True	CHN1	0.9462726309602684	34	genic	False		False	
8:93795937	8:93500000	rs3134031	True	PDP1	0.8046491891210145	1	genic	False		False	
8:143996235	8:143500000	rs7459603	True	PARP10	0.8690281758834436	4	intergenic	False		False	
2:84494882	2:84000000	rs12714129	False		0.0	0		False		False	
17:74804288	17:74500000	rs7226145	True	GRIN2C	0.8711173079112906	1	genic	False		False	
2:38394314	2:38000000	rs11674467	False		0.0	0		False		False	
1:207006437	1:207000000	rs11586424	False		0.0	0		False		False	
19:4852513	19:4500000	rs11881908	False		0.0	0		False		False	
11:61496201	11:61000000	rs2924447	True	LRRC10B	0.9682231477691404	33	intergenic	False		False	
4:185211901	4:185000000	rs12509189	False		0.0	0		False		False	
17:2490682	17:2000000	rs1545274	False		0.0	0		False		False	
7:44999282	7:44500000	rs2158564	True	CCM2;NACAD	0.9999892860849068	89	intergenic;promoter	False		False	
1:43320097	1:43000000	rs1098182	False		0.0	0		False		False	
9:129997529	9:129500000	rs1322671	False		0.0	0		False		False	
9:83013154	9:83000000	rs17397432	True	RASEF	0.8947325572391042	16	genic	False		False	
17:8610945	17:8500000	rs4128516	False		0.0	0		False		False	
5:10367771	5:10000000	rs2640713	False		0.0	0		False		False	
17:67224178	17:67000000	rs11657175	False		0.0	0		False		False	
7:74475480	7:74000000	rs37620	False		0.0	0		False		False	
19:18854245	19:18500000	rs886298	False		0.0	0		False		False	
10:132662743	10:132500000	rs7910850	False		0.0	0		False		False	
7:15508325	7:15500000	rs1992025	False		0.0	0		False		False	
22:28449291	22:28000000	rs5762629	False		0.0	0		False		False	
12:122244789	12:122000000	rs7953290	True	B3GNT4	0.723666812285288	1	genic	False		False	
11:66318125	11:66000000	rs7941602	True	RIN1	0.8786320209552264	29	intergenic	False		False	
4:107997213	4:107500000	rs7375325	False		0.0	0		False		False	
18:58996468	18:58500000	rs8086127	False		0.0	0		False		False	
8:144693741	8:144500000	rs2958492	False		0.0	0		False		False	
4:9154772	4:9000000	rs139818635	False		0.0	0		False		False	
12:56190040	12:56000000	rs6581091	False		0.0	0		False		False	
8:53953931	8:53500000	rs6981243	False		0.0	0		False		False	
3:94011448	3:94000000	rs6786905	True	PROS1	0.8231692306304245	3	genic	False		False	
7:5997349	7:5500000	rs1805319	False		0.0	0		False		False	
11:34007218	11:34000000	rs12577490	False		0.0	0		False		False	
22:26488073	22:26000000	rs4820682	False		0.0	0		False		False	
2:113502566	2:113500000	rs148580603	False		0.0	0		False		False	
11:125516527	11:125500000	rs600883	True	FEZ1	0.9605843650572696	3	intergenic	False		False	
1:89989856	1:89500000	rs2816866	True	LRRC8D	0.9527935779560476	4	intergenic	False		False	
8:56204536	8:56000000	rs6474050	False		0.0	0		False		False	
7:74479252	7:74000000	rs37616	True	GTF2IRD1	0.9750307602311262	45	genic	False		False	
1:151222856	1:151000000	rs6678528	False		0.0	0		False		False	
12:15677392	12:15500000	rs4237959	False		0.0	0		False		False	
1:156826905	1:156500000	rs7522395	False		0.0	0		False		False	
7:102451288	7:102000000	rs4481505	True	LRWD1	0.8561875856560864	4	genic	False		False	
17:74393387	17:74000000	rs4789658	True	GPRC5C	0.6455050378635433	1	intergenic	True	GPRC5C	True	GPRC5C
8:102394965	8:102000000	rs4495397	False		0.0	0		False		False	
15:44502132	15:44500000	15_44794330_CTT_C	False		0.0	0		False		False	
1:1956930	1:1500000	rs2803285	False		0.0	0		False		False	
16:8926952	16:8500000	rs2437713	False		0.0	0		False		False	
9:36500622	9:36500000	rs329376	False		0.0	0		False		False	
1:89990538	1:89500000	rs2490113	True	LRRC8D	0.8899903712955697	2	intergenic	False		False	
11:9626777	11:9500000	rs10743113	False		0.0	0		False		False	
8:22561678	8:22500000	rs2469764	True	PPP3CC;SORBS3	0.994720927358302	223	genic	False		False	
11:65718256	11:65500000	rs521678	False		0.0	0		False		False	
12:106985067	12:106500000	rs714359	False		0.0	0		False		False	
10:124995694	10:124500000	rs7899208	False		0.0	0		False		False	
16:47492908	16:47000000	rs12931879	False		0.0	0		False		False	
13:44402548	13:44000000	rs4941501	False		0.0	0		False		False	
3:134483664	3:134000000	rs2887797	False		0.0	0		False		False	
3:130092230	3:130000000	rs13066399	False		0.0	0		False		False	
12:54007547	12:54000000	rs7299442	False		0.0	0		False		False	
1:116378330	1:116000000	rs850602	False		0.0	0		False		False	
7:130500925	7:130500000	rs765205	False		0.0	0		False		False	
2:177203431	2:177000000	rs2251139	False		0.0	0		False		False	
11:65501878	11:65500000	rs664589	False		0.0	0		False		False	
8:48734876	8:48500000	rs1126259	False		0.0	0		False		False	
22:21448672	22:21000000	rs3747086	False		0.0	0		False		False	
12:133033656	12:133000000	rs937538	False		0.0	0		False		False	
15:82281492	15:82000000	rs3973890	False		0.0	0		False		False	
10:5501383	10:5500000	rs12412562	False		0.0	0		False		False	
18:21823475	18:21500000	rs8092100	False		0.0	0		False		False	
2:210189875	2:210000000	rs1155845	True	KANSL1L	0.7456534867538758	3	genic	False		False	
7:130510178	7:130500000	rs17333054	False		0.0	0		False		False	
1:32499505	1:32000000	rs10914566	False		0.0	0		False		False	
16:30489440	16:30000000	rs3087438	True	ITGAL	0.8021801117102446	3	genic	False		False	
14:58427095	14:58000000	rs6763	False		0.0	0		False		False	
5:64964168	5:64500000	rs1433608	False		0.0	0		False		False	
2:237166849	2:237000000	rs12613316	False		0.0	0		False		False	
1:232766993	1:232500000	rs2644422	False		0.0	0		False		False	
21:31795002	21:31500000	rs2032309	False		0.0	0		False		False	
5:123505437	5:123500000	rs4836020	False		0.0	0		False		False	
4:1421910	4:1000000	rs6814036	False		0.0	0		False		False	
11:74206145	11:74000000	rs544356	False		0.0	0		False		False	
8:41992704	8:41500000	rs11779404	False		0.0	0		False		False	
13:23614131	13:23500000	rs9510784	False		0.0	0		False		False	
12:55931635	12:55500000	rs772700	False		0.0	0		False		False	
15:92869548	15:92500000	rs10852181	False		0.0	0		False		False	
11:109998576	11:109500000	rs1648144	False		0.0	0		False		False	
18:35252619	18:35000000	rs4799791	False		0.0	0		False		False	
1:170098155	1:170000000	rs10919299	False		0.0	0		False		False	
10:50739543	10:50500000	rs10994247	False		0.0	0		False		False	
7:143735362	7:143500000	rs57784903	False		0.0	0		False		False	
16:29584600	16:29500000	rs56000057	False		0.0	0		False		False	
14:69190206	14:69000000	rs61980267	False		0.0	0		False		False	
1:235838479	1:235500000	rs6668242	False		0.0	0		False		False	
14:61662316	14:61500000	rs2252357	True	HIF1A	0.847405355543186	2	intergenic	False		False	
3:72738289	3:72500000	rs2679208	True	SHQ1	0.6509396029686135	1	intergenic	False		False	
8:66513902	8:66500000	rs17322654	False		0.0	0		False		False	
16:88997093	16:88500000	rs4782481	False		0.0	0		False		False	
2:161125461	2:161000000	rs10164593	True	TANK	0.7337964341102814	2	intergenic	False		False	
6:70510967	6:70500000	rs13207234	False		0.0	0		False		False	
16:15143630	16:15000000	rs2966138	False		0.0	0		False		False	
10:10831414	10:10500000	rs7904961	True	CELF2	0.9352807525055642	9	intergenic	False		False	
8:93903183	8:93500000	rs4585714	False		0.0	0		False		False	
3:129084691	3:129000000	rs9826460	False		0.0	0		False		False	
10:100985903	10:100500000	rs1535349	False		0.0	0		False		False	
4:147733500	4:147500000	rs6836509	False		0.0	0		False		False	
9:122978819	9:122500000	rs2791438	False		0.0	0		False		False	
18:13665590	18:13500000	rs948276	False		0.0	0		False		False	
11:65322321	11:65000000	rs525141	False		0.0	0		False		False	
19:13141168	19:13000000	rs2304096	False		0.0	0		False		False	
5:34957339	5:34500000	rs251636	False		0.0	0		False		False	
11:26842068	11:26500000	rs1545433	False		0.0	0		False		False	
2:199488938	2:199000000	rs1449066	False		0.0	0		False		False	
16:57812873	16:57500000	rs4255774	True	KIFC3	0.9504921641740836	13	intergenic	False		False	
6:135506613	6:135500000	rs7771001	False		0.0	0		False		False	
3:129119076	3:129000000	rs6808250	False		0.0	0		False		False	
9:71821776	9:71500000	rs4330750	False		0.0	0		False		False	
4:88455565	4:88000000	rs9784397	False		0.0	0		False		False	
3:159881401	3:159500000	rs33051	False		0.0	0		False		False	
14:23008384	14:23000000	rs8003201	False		0.0	0		False		False	
11:119706614	11:119500000	rs7104562	False		0.0	0		False		False	
17:77488699	17:77000000	rs370531	False		0.0	0		False		False	
11:57474483	11:57000000	rs2584862	True	RTN4RL2;SLC43A3	0.9262351205042306	43	genic	False		False	
7:4722512	7:4500000	rs7781456	False		0.0	0		False		False	
17:74869116	17:74500000	rs690418	False		0.0	0		False		False	
16:74992691	16:74500000	rs12446957	False		0.0	0		False		False	
10:132640416	10:132500000	rs945944	False		0.0	0		False		False	
4:8474391	4:8000000	rs2631735	True	CPZ	0.9449323380192628	7	genic	True	CPZ	False	
5:141506904	5:141500000	rs55892286	False		0.0	0		False		False	
6:37868275	6:37500000	rs2180514	False		0.0	0		False		False	
4:48905379	4:48500000	rs10938546	False		0.0	0		False		False	
7:74400419	7:74000000	rs2522943	False		0.0	0		False		False	
16:88990879	16:88500000	rs4782485	False		0.0	0		False		False	
12:106066223	12:106000000	rs10746054	False		0.0	0		False		False	
11:36502062	11:36500000	rs331457	False		0.0	0		False		False	
9:136999551	9:136500000	rs6560653	False		0.0	0		False		False	
5:997341	5:500000	rs6881081	False		0.0	0		False		False	
10:100504247	10:100500000	rs12780796	True	SEC31B	0.6074200815478089	1	genic	False		False	
19:21360133	19:21000000	rs2968022	False		0.0	0		False		False	
13:27966111	13:27500000	rs2504210	False		0.0	0		False		False	
8:143300022	8:143000000	rs7386102	False		0.0	0		False		False	
6:80152632	6:80000000	rs1892474	False		0.0	0		False		False	
17:32495386	17:32000000	rs8069868	True	MYO1D;PSMD11	0.8900375718811653	4	genic	False		False	
14:50478110	14:50000000	rs4898660	False		0.0	0		False		False	
17:75488672	17:75000000	rs11652993	False		0.0	0		False		False	
15:40746016	15:40500000	rs7167854	True	RAD51	0.6942958136032771	1	genic	False		False	
16:71746582	16:71500000	rs2270832	False		0.0	0		False		False	
5:72369418	5:72000000	rs2879132	False		0.0	0		False		False	
12:12226359	12:12000000	rs2160589	False		0.0	0		False		False	
9:137255858	9:137000000	rs11533155	False		0.0	0		False		False	
17:17791851	17:17500000	rs1883752	False		0.0	0		False		False	
6:17173145	6:17000000	rs2181349	False		0.0	0		False		False	
18:21368789	18:21000000	rs920743	False		0.0	0		False		False	
5:159210988	5:159000000	rs2195933	False		0.0	0		False		False	
8:30720389	8:30500000	rs2161850	False		0.0	0		False		False	
3:197802008	3:197500000	rs624721	True	LRCH3	0.6862875986569635	2	genic	False		False	
2:73783138	2:73500000	rs2685277	False		0.0	0		False		False	
9:128084930	9:128000000	rs10739708	False		0.0	0		False		False	
5:146490152	5:146000000	rs10058265	False		0.0	0		False		False	
17:75757422	17:75500000	rs871443	False		0.0	0		False		False	
20:38479103	20:38000000	rs1303588	False		0.0	0		False		False	
8:80248309	8:80000000	rs4412411	False		0.0	0		False		False	
7:30501416	7:30500000	rs2391870	False		0.0	0		False		False	
11:64772163	11:64500000	rs680273	True	PYGM	0.8208617086425417	10	genic	False		False	
19:8242299	19:8000000	rs1542538	False		0.0	0		False		False	
5:891325	5:500000	rs7730935	False		0.0	0		False		False	
16:23835433	16:23500000	rs2575390	False		0.0	0		False		False	
2:202655549	2:202500000	rs7571824	False		0.0	0		False		False	
12:6632821	12:6500000	rs6489726	False		0.0	0		False		False	
15:77813835	15:77500000	rs6495250	False		0.0	0		False		False	
19:42523537	19:42500000	rs41517547	False		0.0	0		False		False	
1:38510029	1:38500000	rs57388687	False		0.0	0		False		False	
18:51083598	18:51000000	rs12456284	False		0.0	0		False		False	
2:148997446	2:148500000	rs6738277	False		0.0	0		False		False	
11:63507054	11:63500000	rs12803628	False		0.0	0		False		False	
12:6813536	12:6500000	rs10774450	False		0.0	0		False		False	
11:106306841	11:106000000	rs591957	False		0.0	0		False		False	
2:20001697	2:20000000	rs6734005	False		0.0	0		False		False	
19:42501973	19:42500000	rs75171220	True	CEACAM1	0.80657185467625	2	intergenic	False		False	
16:46984168	16:46500000	rs12445911	False		0.0	0		False		False	
19:8488438	19:8000000	rs7507526	True	PRAM1	0.9005639544716499	5	genic	False		False	
7:158497735	7:158000000	rs7801395	False		0.0	0		False		False	
9:3508284	9:3500000	rs10814190	False		0.0	0		False		False	
19:3962371	19:3500000	rs10426955	False		0.0	0		False		False	
19:35908788	19:35500000	rs7258962	False		0.0	0		False		False	
2:170505332	2:170500000	rs78202288	False		0.0	0		False		False	
14:23353474	14:23000000	rs12433202	False		0.0	0		False		False	
14:23494871	14:23000000	rs12886508	False		0.0	0		False		False	
3:193593967	3:193500000	rs281797	False		0.0	0		False		False	
10:132662774	10:132500000	rs7914822	False		0.0	0		False		False	
5:154933864	5:154500000	rs2161128	False		0.0	0		False		False	
6:53021905	6:53000000	rs13195182	False		0.0	0		False		False	
11:66622215	11:66500000	rs470300	False		0.0	0		False		False	
2:177187775	2:177000000	rs6433653	False		0.0	0		False		False	
5:146490257	5:146000000	rs4705368	False		0.0	0		False		False	
19:7000999	19:7000000	rs11669654	False		0.0	0		False		False	
10:50740120	10:50500000	rs4497350	False		0.0	0		False		False	
3:130893464	3:130500000	rs852217	True	ATP2C1	0.9910347976739052	197	genic	False		False	
21:39346235	21:39000000	rs760166	False		0.0	0		False		False	
4:98878771	4:98500000	rs10433890	False		0.0	0		False		False	
1:94233562	1:94000000	rs6675959	False		0.0	0		False		False	
18:24189984	18:24000000	rs9304446	True	OSBPL1A	0.6128779458363299	1	genic	False		False	
3:48799749	3:48500000	rs9859473	False		0.0	0		True	PRKAR2A	True	PRKAR2A
9:127732678	9:127500000	rs538066	False		0.0	0		False		False	
17:76120342	17:76000000	rs2665991	False		0.0	0		False		False	
20:36822185	20:36500000	rs2425311	False		0.0	0		False		False	
17:65008273	17:65000000	rs62065481	False		0.0	0		False		False	
1:228159651	1:228000000	rs6668719	False		0.0	0		False		False	
19:13975701	19:13500000	rs11085876	False		0.0	0		False		False	
5:168589995	5:168500000	rs292489	False		0.0	0		False		False	
8:37870501	8:37500000	rs7820872	True	RAB11FIP1	0.9552432294478508	83	genic	False		False	
17:28970811	17:28500000	rs16964692	False		0.0	0		False		False	
11:65380391	11:65000000	rs573864	False		0.0	0		False		False	
9:112787267	9:112500000	rs787272	False		0.0	0		False		False	
12:12239425	12:12000000	rs7134001	False		0.0	0		False		False	
2:229802854	2:229500000	rs1599843	False		0.0	0		False		False	
8:47561205	8:47500000	rs6987282	False		0.0	0		False		False	
7:155008174	7:155000000	rs306289	False		0.0	0		False		False	
9:113469226	9:113000000	rs7046202	True	RGS3	0.6909192514401725	6	intergenic	False		False	
1:9815575	1:9500000	rs946277	False		0.0	0		False		False	
9:137191570	9:137000000	rs13288591	False		0.0	0		False		False	
10:86942593	10:86500000	rs4934281	True	MMRN2	0.989143526137332	33	genic	False		False	
12:53486869	12:53000000	rs7958457	False		0.0	0		False		False	
4:185213050	4:185000000	rs2310159	False		0.0	0		False		False	
8:39000638	8:39000000	rs72638553	False		0.0	0		False		False	
14:50999923	14:50500000	rs10151412	False		0.0	0		False		False	
17:74956728	17:74500000	rs902731	False		0.0	0		False		False	
7:44867988	7:44500000	rs2079327	False		0.0	0		False		False	
17:30004096	17:30000000	rs76392408	False		0.0	0		False		False	
18:21826269	18:21500000	rs9948906	False		0.0	0		False		False	
9:96515337	9:96500000	rs16912150	False		0.0	0		False		False	
7:141595258	7:141500000	rs12539011	False		0.0	0		False		False	
19:2268056	19:2000000	rs12985777	False		0.0	0		False		False	
14:101628293	14:101500000	rs1190708	False		0.0	0		False		False	
2:119994766	2:119500000	rs7578989	False		0.0	0		False		False	
17:2270976	17:2000000	rs216184	False		0.0	0		False		False	
16:21653790	16:21500000	rs8054825	False		0.0	0		False		False	
12:104251585	12:104000000	rs7960443	False		0.0	0		False		False	
12:104222179	12:104000000	rs10861170	False		0.0	0		False		False	
11:110193739	11:110000000	rs898847	False		0.0	0		False		False	
9:125179961	9:125000000	rs10986614	False		0.0	0		False		False	
8:37860950	8:37500000	rs1054748	False		0.0	0		False		False	
1:28738527	1:28500000	rs6704457	False		0.0	0		False		False	
17:38687583	17:38500000	rs9899846	False		0.0	0		False		False	
13:30240781	13:30000000	rs202093	False		0.0	0		False		False	
7:107142719	7:107000000	rs12705404	False		0.0	0		False		False	
5:132994361	5:132500000	rs7721953	False		0.0	0		False		False	
2:110105777	2:110000000	rs737182	True	MALL	0.9953909806401148	27	genic	False		False	
1:215600483	1:215500000	rs2797393	False		0.0	0		False		False	
9:128720188	9:128500000	rs3750325	False		0.0	0		False		False	
3:150594465	3:150500000	rs7642917	False		0.0	0		False		False	
19:36490316	19:36000000	rs2967473	False		0.0	0		False		False	
16:50480586	16:50000000	rs8047853	False		0.0	0		False		False	
1:109735327	1:109500000	rs1109138	False		0.0	0		False		False	
20:50707844	20:50500000	rs868846	False		0.0	0		False		False	
13:21475186	13:21000000	rs1744907	False		0.0	0		False		False	
22:20999039	22:20500000	rs178297	False		0.0	0		False		False	
3:24002909	3:24000000	rs9883101	False		0.0	0		False		False	
18:50891600	18:50500000	rs686709	False		0.0	0		False		False	
22:37487820	22:37000000	rs3761441	False		0.0	0		False		False	
13:25319083	13:25000000	rs9507499	False		0.0	0		False		False	
12:6952303	12:6500000	rs4963514	False		0.0	0		False		False	
2:138494387	2:138000000	rs11691283	False		0.0	0		False		False	
12:6999256	12:6500000	rs16933023	False		0.0	0		False		False	
9:89501649	9:89500000	rs11265780	True	SEMA4D	0.8917960441502728	10	intergenic	True	SEMA4D	True	SEMA4D
20:1493759	20:1000000	rs6135095	False		0.0	0		False		False	
2:74571602	2:74500000	rs73949689	False		0.0	0		False		False	
6:17910314	6:17500000	rs1983575	False		0.0	0		False		False	
8:37892771	8:37500000	rs7812866	False		0.0	0		False		False	
16:54942584	16:54500000	rs8045838	False		0.0	0		False		False	
7:72918004	7:72500000	rs9647777	False		0.0	0		False		False	
8:37870499	8:37500000	rs7817179	True	RAB11FIP1	0.9552432294478508	83	genic	False		False	
13:27166441	13:27000000	rs4769542	False		0.0	0		False		False	
21:31999227	21:31500000	rs2070372	False		0.0	0		False		False	
13:41815319	13:41500000	rs4433708	False		0.0	0		False		False	
10:121998861	10:121500000	rs2420979	False		0.0	0		False		False	
4:174449505	4:174000000	rs2555633	False		0.0	0		False		False	
12:45293197	12:45000000	rs7307262	False		0.0	0		False		False	
6:80453692	6:80000000	rs1370138	False		0.0	0		False		False	
17:19002729	17:19000000	rs115250081	True	SLC5A10	0.9362909972568652	2	genic	False		False	
5:742624	5:500000	rs454805	False		0.0	0		False		False	
2:177483716	2:177000000	rs10190306	False		0.0	0		False		False	
1:46942278	1:46500000	rs9332978	False		0.0	0		False		False	
5:134195758	5:134000000	rs10051026	False		0.0	0		False		False	
2:96023242	2:96000000	rs2278564	False		0.0	0		False		False	
8:81497119	8:81000000	rs7004393	False		0.0	0		False		False	
14:35340038	14:35000000	rs17103212	True	PSMA6	0.6094503730406143	1	intergenic	False		False	
6:21613909	6:21500000	rs62404141	False		0.0	0		False		False	
10:97292065	10:97000000	rs1253402	False		0.0	0		False		False	
2:95182606	2:95000000	rs1875402	False		0.0	0		False		False	
19:7855682	19:7500000	rs478783	False		0.0	0		False		False	
6:151001039	6:151000000	rs497161	False		0.0	0		False		False	
2:210000101	2:210000000	rs6754591	False		0.0	0		False		False	
17:60396954	17:60000000	rs6503965	False		0.0	0		False		False	
11:64714107	11:64500000	rs2666558	False		0.0	0		False		False	
8:119998232	8:119500000	rs6469882	False		0.0	0		False		False	
9:137196089	9:137000000	rs11794633	False		0.0	0		False		False	
9:123174261	9:123000000	rs10121252	False		0.0	0		False		False	
20:50176825	20:50000000	rs2869961	False		0.0	0		False		False	
6:157433581	6:157000000	rs35934542	False		0.0	0		False		False	
5:55993318	5:55500000	rs6863337	True	IL6ST	0.99996425440881	14	genic;promoter	True	IL6ST	True	IL6ST
4:89434576	4:89000000	rs12646144	False		0.0	0		False		False	
19:3984770	19:3500000	rs1445850	False		0.0	0		False		False	
11:10802993	11:10500000	rs10743150	False		0.0	0		False		False	
8:65963604	8:65500000	rs2357555	False		0.0	0		False		False	
11:119639934	11:119500000	rs7940667	False		0.0	0		False		False	
19:13001454	19:13000000	rs75783493	True	DAND5	0.907563240998998	12	genic	False		False	
12:76351392	12:76000000	rs2122198	False		0.0	0		False		False	
1:109668158	1:109500000	rs530021	False		0.0	0		False		False	
6:88993008	6:88500000	rs12208376	False		0.0	0		False		False	
15:44983500	15:44500000	rs12916850	False		0.0	0		False		False	
19:14415224	19:14000000	rs2420543	False		0.0	0		False		False	
1:161494622	1:161000000	rs6684851	False		0.0	0		False		False	
15:41692340	15:41500000	rs12441249	False		0.0	0		False		False	
12:79430071	12:79000000	rs2251214	False		0.0	0		False		False	
17:60371741	17:60000000	rs6503961	False		0.0	0		False		False	
11:15006599	11:15000000	rs113410906	False		0.0	0		False		False	
7:75966364	7:75500000	rs7804806	True	POR;TMEM120A	0.947858313656358	26	genic	False		False	
14:75978424	14:75500000	rs2268626	False		0.0	0		False		False	
12:50647660	12:50500000	rs2684906	False		0.0	0		False		False	
2:10122793	2:10000000	rs1130609	False		0.0	0		False		False	
2:28908485	2:28500000	rs9677133	False		0.0	0		False		False	
2:188498089	2:188000000	rs7420808	False		0.0	0		False		False	
9:136269814	9:136000000	rs62579927	False		0.0	0		False		False	
14:31371956	14:31000000	rs5025288	False		0.0	0		False		False	
17:44797502	17:44500000	rs8064669	False		0.0	0		False		False	
5:132008665	5:132000000	rs247004	True	MEIKIN	0.8772610515921222	1	genic	False		False	
16:2290602	16:2000000	rs161424	False		0.0	0		False		False	
8:85513580	8:85500000	rs11782151	True	CA2	0.7193495077705497	5	intergenic	False		False	
11:72999716	11:72500000	rs10793055	False		0.0	0		False		False	
12:122891872	12:122500000	rs2343107	False		0.0	0		False		False	
5:1500001	5:1500000	rs7706238	True	LPCAT1	0.7964594264963657	4	genic	False		False	
1:119298970	1:119000000	rs1418023	False		0.0	0		False		False	
2:20610899	2:20500000	rs4666439	False		0.0	0		False		False	
4:25252373	4:25000000	rs313567	False		0.0	0		False		False	
10:5501629	10:5500000	rs9423434	False		0.0	0		False		False	
2:47752548	2:47500000	rs406334	False		0.0	0		False		False	
15:58799766	15:58500000	rs481309	False		0.0	0		False		False	
1:16396773	1:16000000	rs7529767	False		0.0	0		False		False	
17:36492592	17:36000000	rs1542611	False		0.0	0		False		False	
8:144108511	8:144000000	rs4977196	False		0.0	0		False		False	
13:110005737	13:110000000	rs2225778	False		0.0	0		False		False	
9:85804046	9:85500000	rs12238656	False		0.0	0		False		False	
12:46482509	12:46000000	rs11183502	False		0.0	0		False		False	
14:37201854	14:37000000	rs4900700	False		0.0	0		False		False	
7:65501109	7:65500000	rs6949247	False		0.0	0		False		False	
8:28493236	8:28000000	rs1946583	False		0.0	0		False		False	
3:112117193	3:112000000	rs729641	True	GCSAM	0.8521293644121475	4	genic	False		False	
9:136819575	9:136500000	rs2784092	False		0.0	0		False		False	
7:50068524	7:50000000	rs1911750	True	ZPBP	0.968238876753541	27	genic	False		False	
7:2195886	7:2000000	rs1637744	False		0.0	0		False		False	
4:88249907	4:88000000	rs11729997	False		0.0	0		False		False	
6:87104405	6:87000000	rs6909901	False		0.0	0		False		False	
13:41849169	13:41500000	rs9562357	False		0.0	0		False		False	
17:11987148	17:11500000	rs4450439	True	ZNF18	0.8320221380139545	5	genic	False		False	
17:19002728	17:19000000	rs116139938	True	SLC5A10	0.9362909972568652	2	genic	False		False	
13:27251238	13:27000000	rs3094294	False		0.0	0		False		False	
2:138490935	2:138000000	rs3884566	False		0.0	0		False		False	
4:183878832	4:183500000	rs7688995	False		0.0	0		False		False	
19:47471321	19:47000000	rs830133	False		0.0	0		False		False	
11:67010532	11:67000000	rs57165118	False		0.0	0		False		False	
20:17505647	20:17500000	rs4052812	True	BFSP1	0.9654675818419708	63	genic	False		False	
17:78980335	17:78500000	rs9789049	False		0.0	0		False		False	
9:111013503	9:111000000	rs10739312	True	LPAR1	0.7481939887820114	2	genic	False		False	
2:46000186	2:46000000	rs2595219	False		0.0	0		False		False	
17:28127381	17:28000000	rs1380565	False		0.0	0		False		False	
8:119998617	8:119500000	rs1356747	False		0.0	0		False		False	
17:10552815	17:10500000	rs4239117	False		0.0	0		False		False	
7:42867194	7:42500000	rs607148	False		0.0	0		False		False	
15:55994115	15:55500000	rs1509408	True	NEDD4	0.9880943227655716	84	intergenic	False		False	
2:25992313	2:25500000	rs6731127	False		0.0	0		False		False	
19:46890535	19:46500000	rs3848534	False		0.0	0		False		False	
3:48015657	3:48000000	rs17079910	False		0.0	0		False		False	
18:76377699	18:76000000	rs603772	False		0.0	0		False		False	
3:130110768	3:130000000	rs9856004	False		0.0	0		False		False	
1:43004677	1:43000000	rs1754153	False		0.0	0		False		False	
2:101829265	2:101500000	rs2066942	True	MAP4K4	0.913513952465579	5	genic	False		False	
8:144204623	8:144000000	rs12542868	False		0.0	0		False		False	
13:27259230	13:27000000	rs7981153	False		0.0	0		False		False	
4:72505983	4:72500000	rs1085952	True	ADAMTS3	0.619787245800438	1	genic	False		False	
19:7850791	19:7500000	rs551462	False		0.0	0		False		False	
1:23558170	1:23500000	rs1050096	False		0.0	0		False		False	
20:36677111	20:36500000	rs397625	False		0.0	0		False		False	
14:36320523	14:36000000	rs3168891	False		0.0	0		False		False	
9:97624164	9:97500000	rs1034097	False		0.0	0		False		False	
9:136323950	9:136000000	rs28515716	False		0.0	0		False		False	
19:42501975	19:42500000	rs75434673	True	CEACAM1	0.80657185467625	2	intergenic	False		False	
2:95018999	2:95000000	rs114969196	False		0.0	0		False		False	
8:28621375	8:28500000	rs352428	False		0.0	0		False		False	
12:45244994	12:45000000	rs10880764	False		0.0	0		False		False	
10:483204	10:0	rs4881337	False		0.0	0		False		False	
12:93484015	12:93000000	rs10745654	False		0.0	0		False		False	
9:99827463	9:99500000	rs1526267	False		0.0	0		False		False	
2:207969503	2:207500000	rs12694096	False		0.0	0		False		False	
12:104279484	12:104000000	rs7301631	False		0.0	0		False		False	
3:146468402	3:146000000	rs544043	False		0.0	0		False		False	
15:71800167	15:71500000	rs12101574	False		0.0	0		False		False	
1:156815564	1:156500000	rs2150906	True	NTRK1	0.6172467480474834	1	genic	False		False	
14:103074336	14:103000000	rs7144521	False		0.0	0		False		False	
12:112113161	12:112000000	rs79053063	False		0.0	0		False		False	
14:34496082	14:34000000	rs12884423	False		0.0	0		False		False	
6:135497787	6:135000000	rs13197301	False		0.0	0		False		False	
17:31166975	17:31000000	rs2905808	False		0.0	0		False		False	
22:27905496	22:27500000	rs1983592	False		0.0	0		False		False	
8:73014627	8:73000000	rs2981081	False		0.0	0		False		False	
1:8007735	1:8000000	rs150163802	False		0.0	0		False		False	
12:110224522	12:110000000	rs7304243	True	ATP2A2;IFT81	0.791211755893473	7	intergenic	False		False	
4:98993868	4:98500000	rs6848246	False		0.0	0		False		False	
1:37868646	1:37500000	rs2306426	False		0.0	0		False		False	
1:206584745	1:206500000	rs4418597	True	RASSF5	0.7866732391101502	3	genic	False		False	
19:15298836	19:15000000	rs56825447	False		0.0	0		False		False	
1:21506964	1:21500000	rs72659157	False		0.0	0		False		False	
16:20890191	16:20500000	rs7195273	False		0.0	0		False		False	
12:104313784	12:104000000	rs4246269	False		0.0	0		False		False	
1:85502912	1:85500000	rs509112	False		0.0	0		False		False	
2:149002392	2:149000000	rs6721330	False		0.0	0		False		False	
1:78097856	1:78000000	rs633580	False		0.0	0		False		False	
20:50705018	20:50500000	rs4809810	False		0.0	0		False		False	
3:111077564	3:111000000	rs4682230	False		0.0	0		False		False	
19:52898603	19:52500000	rs8101252	True	ZNF468	0.6961613303498935	1	intergenic	False		False	
3:130095845	3:130000000	rs9812980	False		0.0	0		False		False	
14:69726964	14:69500000	rs1275823	True	SUSD6	0.9259689278848316	153	intergenic	False		False	
7:39988473	7:39500000	rs1257699	False		0.0	0		False		False	
16:3789534	16:3500000	rs3789033	False		0.0	0		False		False	
3:105800472	3:105500000	rs2120103	False		0.0	0		False		False	
7:121003876	7:121000000	rs41703	True	CPED1	0.9055350981543	5	genic	False		False	
1:38001025	1:38000000	rs11211085	True	SF3A3	0.9647517429168808	71	genic	False		False	
7:15507958	7:15500000	rs1992024	False		0.0	0		False		False	
14:64493913	14:64000000	rs11851236	False		0.0	0		False		False	
4:76388636	4:76000000	rs2136050	True	SHROOM3;STBD1	0.7466807941843622	2	genic	False		False	
14:61812190	14:61500000	rs217665	True	SNAPC1	0.7705284425461847	2	intergenic	False		False	
5:168509901	5:168500000	rs244888	False		0.0	0		False		False	
16:69179387	16:69000000	rs12103226	True	CHTF8;SNTB2	0.990729057824138	94	intergenic	False		False	
6:11008416	6:11000000	rs17675073	False		0.0	0		False		False	
7:1408552	7:1000000	rs10267348	False		0.0	0		False		False	
1:7690993	1:7500000	rs3124801	False		0.0	0		False		False	
5:138180092	5:138000000	rs10038448	False		0.0	0		False		False	
15:80088994	15:80000000	rs7183862	False		0.0	0		False		False	
10:114499620	10:114000000	rs2497701	True	ABLIM1	0.9525911089133208	44	genic	False		False	
16:54935612	16:54500000	rs4784436	False		0.0	0		False		False	
3:129003239	3:129000000	rs12695512	False		0.0	0		False		False	
12:106987362	12:106500000	rs2287161	False		0.0	0		False		False	
8:22228651	8:22000000	rs4872427	True	BMP1	0.7940179706405577	3	genic	False		False	
6:83082579	6:83000000	rs2182232	False		0.0	0		False		False	
1:26702773	1:26500000	rs6598861	False		0.0	0		False		False	
10:14967110	10:14500000	rs7087438	False		0.0	0		False		False	
2:101219039	2:101000000	rs1660695	False		0.0	0		False		False	
1:32245759	1:32000000	rs669538	False		0.0	0		False		False	
5:171982657	5:171500000	rs10080218	False		0.0	0		False		False	
11:1890660	11:1500000	rs629781	True	LSP1;TNNT3	0.9886136478915984	91	genic	False		False	
19:53882566	19:53500000	rs2547362	False		0.0	0		False		False	
15:44156311	15:44000000	rs2706475	False		0.0	0		False		False	
8:140470231	8:140000000	rs6993904	False		0.0	0		False		False	
5:92914109	5:92500000	rs1147165	False		0.0	0		False		False	
2:196759567	2:196500000	rs13011223	False		0.0	0		False		False	
14:34562906	14:34500000	rs13826	False		0.0	0		False		False	
7:5995876	7:5500000	rs2286680	True	AIMP2;PMS2	0.8426058098689649	9	genic	False		False	
19:44002969	19:44000000	rs451388	False		0.0	0		False		False	
19:1274540	19:1000000	rs8108009	False		0.0	0		False		False	
1:11996758	1:11500000	rs7535555	False		0.0	0		False		False	
16:50555332	16:50500000	rs4785217	False		0.0	0		False		False	
17:7497129	17:7000000	rs4632183	True	TNFSF12	0.6258522565596671	1	genic	False		False	
4:47830875	4:47500000	rs1440227	True	CORIN	0.9726179965839766	22	genic	False		False	
3:170279227	3:170000000	rs1705580	False		0.0	0		False		False	
19:45492798	19:45000000	rs1573606	False		0.0	0		False		False	
15:65088080	15:65000000	rs11071827	True	PDCD7;RASL12	0.9819010468149144	53	intergenic	False		False	
2:174489170	2:174000000	rs7593976	False		0.0	0		False		False	
16:22073022	16:22000000	rs9788908	False		0.0	0		False		False	
12:122884582	12:122500000	rs1037593	False		0.0	0		False		False	
16:22333870	16:22000000	rs7764	False		0.0	0		False		False	
8:51747403	8:51500000	rs7459977	True	PXDNL	0.900152247702491	1	genic	False		False	
9:36322624	9:36000000	rs10972856	False		0.0	0		False		False	
2:215000851	2:215000000	rs10498030	False		0.0	0		False		False	
12:50746627	12:50500000	rs7303202	False		0.0	0		False		False	
10:110503085	10:110500000	rs11594185	False		0.0	0		False		False	
12:131897375	12:131500000	rs9652059	False		0.0	0		False		False	
20:44736231	20:44500000	rs6031772	False		0.0	0		False		False	
16:58665786	16:58500000	rs30822	True	SLC38A7	0.9251903075769238	10	genic	False		False	
2:232476896	2:232000000	rs2741277	False		0.0	0		False		False	
7:73840482	7:73500000	rs13241921	True	CLDN4	0.902465602516345	12	genic	False		False	
12:48865411	12:48500000	rs2453489	False		0.0	0		False		False	
3:193604087	3:193500000	rs281798	False		0.0	0		False		False	
17:62995263	17:62500000	rs241074	False		0.0	0		False		False	
16:22071566	16:22000000	rs1862648	False		0.0	0		False		False	
19:45999536	19:45500000	rs17652418	False		0.0	0		False		False	
11:9480200	11:9000000	rs729313	False		0.0	0		False		False	
12:56288587	12:56000000	rs1274493	False		0.0	0		False		False	
16:2540416	16:2500000	rs116892143	False		0.0	0		False		False	
15:83107063	15:83000000	rs10152258	False		0.0	0		False		False	
15:72998351	15:72500000	rs7496513	True	NEO1	0.6163752665834825	1	intergenic	False		False	
1:37493869	1:37000000	rs215211	False		0.0	0		False		False	
18:46184922	18:46000000	rs6507678	False		0.0	0		False		False	
20:33512244	20:33500000	rs116862378	False		0.0	0		False		False	
2:178484500	2:178000000	rs9967820	False		0.0	0		False		False	
2:134661593	2:134500000	rs7560738	False		0.0	0		False		False	
8:33106451	8:33000000	rs11774193	False		0.0	0		False		False	
6:158207173	6:158000000	rs4710052	False		0.0	0		False		False	
7:65770418	7:65500000	rs4718277	True	VKORC1L1	0.7547783389382785	10	intergenic	False		False	
14:31294968	14:31000000	rs8005648	False		0.0	0		False		False	
19:14085080	19:14000000	rs8100676	False		0.0	0		False		False	
14:50452653	14:50000000	rs6572668	False		0.0	0		False		False	
19:38801131	19:38500000	rs10403583	True	LGALS4	0.608960182062184	1	genic	False		False	
2:86770425	2:86500000	rs2271666	True	CD8A	0.6542337087929812	1	genic	False		False	
18:55000647	18:55000000	rs72934617	True	CCDC68	0.7910674830685588	1	intergenic	False		False	
19:12642830	19:12500000	rs10411504	False		0.0	0		False		False	
21:39312463	21:39000000	rs2272576	True	HMGN1;PSMG1	0.9519371124214536	48	genic	False		False	
9:124000849	9:124000000	rs4314746	False		0.0	0		False		False	
20:51407034	20:51000000	rs6021185	False		0.0	0		False		False	
4:185217724	4:185000000	rs3108292	False		0.0	0		False		False	
7:73731709	7:73500000	rs4717104	False		0.0	0		False		False	
11:71781623	11:71500000	rs6592327	False		0.0	0		False		False	
11:125513189	11:125500000	rs2845835	False		0.0	0		False		False	
3:9846342	3:9500000	rs9819655	False		0.0	0		False		False	
2:177486839	2:177000000	rs1545363	False		0.0	0		False		False	
1:156490516	1:156000000	rs947660	True	MEF2D	0.9078087658565444	6	genic	False		False	
2:36911322	2:36500000	rs45504994	False		0.0	0		False		False	
3:129003469	3:129000000	rs12695513	False		0.0	0		False		False	
11:17233454	11:17000000	rs7108861	False		0.0	0		True	NUCB2	True	NUCB2
10:117497943	10:117000000	rs2420459	False		0.0	0		False		False	
13:27257301	13:27000000	rs1537434	False		0.0	0		False		False	
17:74880025	17:74500000	rs689639	False		0.0	0		False		False	
17:79008273	17:79000000	rs4497730	False		0.0	0		False		False	
3:179613390	3:179500000	rs4147788	False		0.0	0		False		False	
13:20773245	13:20500000	rs9579950	False		0.0	0		False		False	
14:63761633	14:63500000	rs4902241	False		0.0	0		False		False	
17:17823155	17:17500000	rs1108511	False		0.0	0		False		False	
11:1889477	11:1500000	rs613638	True	LSP1;TNNT3	0.9886136478915984	93	genic	False		False	
1:42834164	1:42500000	rs7540604	False		0.0	0		False		False	
16:3870739	16:3500000	rs2239317	False		0.0	0		False		False	
7:101689868	7:101500000	rs757822	False		0.0	0		False		False	
1:38985716	1:38500000	rs4336843	False		0.0	0		False		False	
9:19376410	9:19000000	rs2277151	False		0.0	0		False		False	
3:58999352	3:58500000	rs13082751	False		0.0	0		False		False	
3:50515725	3:50500000	rs35694819	False		0.0	0		False		False	
12:15698531	12:15500000	rs11829666	False		0.0	0		False		False	
2:157414448	2:157000000	rs198688	True	ERMN	0.7792960422332398	3	intergenic	False		False	
8:47602961	8:47500000	rs4608108	False		0.0	0		False		False	
8:57005811	8:57000000	rs7844777	False		0.0	0		False		False	
7:73809711	7:73500000	rs4440516	True	CLDN3;CLDN4	0.7334800846705781	9	intergenic	False		False	
12:64818983	12:64500000	rs10784422	True	TBC1D30	0.6739414410432822	2	intergenic	False		False	
19:17483257	19:17000000	rs11670276	False		0.0	0		False		False	
6:166333276	6:166000000	rs7758459	True	PRR18	0.8457636480162498	11	genic	False		False	
9:136805512	9:136500000	rs2811793	False		0.0	0		False		False	
2:24102935	2:24000000	rs6733127	False		0.0	0		False		False	
19:42175690	19:42000000	rs1195297	False		0.0	0		False		False	
7:2264351	7:2000000	rs2286206	False		0.0	0		False		False	
5:126988743	5:126500000	rs10065302	True	C5ORF63	0.6586988600885701	1	genic	False		False	
18:23457770	18:23000000	rs6507686	False		0.0	0		False		False	
11:113998634	11:113500000	rs7930014	False		0.0	0		False		False	
2:181995007	2:181500000	rs1153744	False		0.0	0		False		False	
19:55476938	19:55000000	rs2059138	True	SSC5D	0.622746440550833	2	genic	False		False	
1:1827587	1:1500000	rs9786963	False		0.0	0		False		False	
19:18350648	19:18000000	rs11086106	False		0.0	0		False		False	
13:51476388	13:51000000	rs7992256	False		0.0	0		False		False	
22:20298576	22:20000000	rs741413	True	DGCR6L	0.9723344343698566	58	intergenic	False		False	
1:112982017	1:112500000	rs4839276	False		0.0	0		True	SLC16A1	True	SLC16A1
19:13101310	19:13000000	rs1003391	False		0.0	0		False		False	
11:71937123	11:71500000	rs7102192	False		0.0	0		False		False	
17:56978993	17:56500000	rs2214565	False		0.0	0		False		False	
1:90936518	1:90500000	rs358694	False		0.0	0		False		False	
17:1280170	17:1000000	rs6502776	False		0.0	0		False		False	
12:52237529	12:52000000	rs6580870	False		0.0	0		False		False	
13:41008002	13:41000000	rs61962744	False		0.0	0		False		False	
7:102318043	7:102000000	rs1534243	False		0.0	0		False		False	
7:98853887	7:98500000	rs1685124	False		0.0	0		False		False	
12:66242522	12:66000000	rs1152918	False		0.0	0		False		False	
18:21978918	18:21500000	rs4426446	False		0.0	0		False		False	
1:51243850	1:51000000	rs12728955	False		0.0	0		False		False	
12:110638018	12:110500000	rs11065687	False		0.0	0		False		False	
3:188971825	3:188500000	rs710489	False		0.0	0		False		False	
19:18859548	19:18500000	rs757114	False		0.0	0		False		False	
11:70231855	11:70000000	rs2509158	False		0.0	0		False		False	
8:11498312	8:11000000	rs2618479	True	FAM167A	0.6725457822871955	1	genic	False		False	
10:70481325	10:70000000	rs7915565	False		0.0	0		False		False	
2:131153308	2:131000000	rs7557756	False		0.0	0		False		False	
5:69369982	5:69000000	rs3756399	False		0.0	0		False		False	
12:15780257	12:15500000	rs4343077	False		0.0	0		False		False	
8:85635122	8:85500000	rs987390	True	CA2	0.609777572046987	1	intergenic	False		False	
9:127990752	9:127500000	rs10987807	False		0.0	0		False		False	
2:202969678	2:202500000	rs2052944	False		0.0	0		False		False	
9:127245402	9:127000000	rs2779734	True	GARNL3	0.995117371744927	64	intergenic	False		False	
1:101005350	1:101000000	rs6682873	False		0.0	0		False		False	
17:80993115	17:80500000	rs4969331	False		0.0	0		False		False	
19:10928167	19:10500000	rs892010	False		0.0	0		False		False	
3:129260165	3:129000000	rs4927943	False		0.0	0		False		False	
7:129217331	7:129000000	rs4728160	False		0.0	0		False		False	
7:102410192	7:102000000	rs7384178	False		0.0	0		False		False	
19:50655932	19:50500000	rs4801843	False		0.0	0		False		False	
8:41489877	8:41000000	rs3824277	False		0.0	0		False		False	
10:84374498	10:84000000	rs7095983	False		0.0	0		False		False	
14:63910830	14:63500000	rs7153036	False		0.0	0		False		False	
8:51755043	8:51500000	rs12674620	False		0.0	0		False		False	
19:8469041	19:8000000	rs10421511	False		0.0	0		False		False	
18:12857762	18:12500000	rs637643	False		0.0	0		False		False	
3:44478775	3:44000000	rs13087917	False		0.0	0		False		False	
17:40324405	17:40000000	rs12946680	True	RARA	0.9019280672374068	12	genic	False		False	
14:23300148	14:23000000	rs1997903	False		0.0	0		False		False	
19:17460329	19:17000000	rs12984915	False		0.0	0		False		False	
17:74447053	17:74000000	rs2706527	True	GPRC5C	0.9540334755139386	70	genic	True	GPRC5C	True	GPRC5C
10:74082394	10:74000000	rs2270548	True	VCL	0.792981540506222	1	genic	False		False	
8:47973910	8:47500000	rs10091017	False		0.0	0		False		False	
12:968728	12:500000	rs7138367	False		0.0	0		False		False	
17:2481946	17:2000000	rs7207104	False		0.0	0		False		False	
1:145992816	1:145500000	rs7212	True	ANKRD34A	0.6609008106143124	1	genic	False		False	
11:111983705	11:111500000	rs10891304	True	C11ORF52;DLAT;HSPB2	0.8850036333700104	15	genic	False		False	
19:8482573	19:8000000	rs6603083	False		0.0	0		False		False	
5:168626131	5:168500000	rs188364	False		0.0	0		False		False	
8:28021479	8:28000000	rs2100365	False		0.0	0		False		False	
2:88692973	2:88500000	rs10179543	False		0.0	0		True	EIF2AK3	True	EIF2AK3
8:140488457	8:140000000	rs12678954	False		0.0	0		False		False	
10:129949441	10:129500000	rs556327	True	EBF3	0.948411184085565	12	genic	False		False	
8:53871877	8:53500000	rs7004580	False		0.0	0		False		False	
16:57160876	16:57000000	rs12599485	False		0.0	0		False		False	
5:179598549	5:179500000	rs4701136	False		0.0	0		False		False	
16:85497756	16:85000000	rs9930924	False		0.0	0		False		False	
17:61007552	17:61000000	rs117705293	False		0.0	0		False		False	
12:15898556	12:15500000	rs10846246	False		0.0	0		False		False	
17:44990160	17:44500000	rs9916632	False		0.0	0		False		False	
17:3679301	17:3500000	rs160580	False		0.0	0		False		False	
4:169795857	4:169500000	rs11132816	False		0.0	0		False		False	
11:18495370	11:18000000	rs2132302	False		0.0	0		False		False	
17:42778077	17:42500000	rs873084	False		0.0	0		False		False	
17:45336085	17:45000000	rs1000354	False		0.0	0		False		False	
11:67315781	11:67000000	rs7934433	False		0.0	0		False		False	
6:135496997	6:135000000	rs6928455	False		0.0	0		False		False	
10:124998761	10:124500000	rs4962717	False		0.0	0		False		False	
1:94235653	1:94000000	rs1999271	False		0.0	0		False		False	
5:10376763	5:10000000	rs2967943	False		0.0	0		False		False	
6:157384568	6:157000000	rs2800443	False		0.0	0		False		False	
5:135099326	5:135000000	rs254572	False		0.0	0		False		False	
8:48502650	8:48500000	rs6990374	False		0.0	0		False		False	
8:47610734	8:47500000	rs4873478	True	SPIDR	0.861220959929341	3	genic	False		False	
3:130895350	3:130500000	rs643417	True	ATP2C1	0.9535450594710336	4	genic	False		False	
11:75872946	11:75500000	rs4945027	False		0.0	0		False		False	
19:11390564	19:11000000	rs318699	False		0.0	0		False		False	
12:45280678	12:45000000	rs2012937	False		0.0	0		False		False	
5:69360514	5:69000000	rs2010354	False		0.0	0		False		False	
15:55352478	15:55000000	rs11071182	False		0.0	0		False		False	
3:149881995	3:149500000	rs9864069	False		0.0	0		False		False	
5:179701234	5:179500000	rs4701197	False		0.0	0		False		False	
19:34416425	19:34000000	rs6510417	False		0.0	0		False		False	
8:29286998	8:29000000	rs597695	True	KIF13B	0.9836453921227244	37	intergenic	False		False	
16:69276233	16:69000000	rs153047	True	SNTB2;VPS4A	0.888127806446578	34	genic	False		False	
17:77488932	17:77000000	rs426885	False		0.0	0		False		False	
1:235726796	1:235500000	rs2208384	False		0.0	0		False		False	
13:98502081	13:98500000	rs9517327	False		0.0	0		False		False	
13:77502143	13:77500000	rs7321916	False		0.0	0		False		False	
15:49153027	15:49000000	rs577614	False		0.0	0		False		False	
16:57227234	16:57000000	rs11643790	False		0.0	0		False		False	
7:2266962	7:2000000	rs6970973	False		0.0	0		False		False	
2:84490191	2:84000000	rs4832084	False		0.0	0		False		False	
1:215523742	1:215500000	rs17024879	False		0.0	0		False		False	
9:128638786	9:128500000	rs945836	False		0.0	0		False		False	
12:51132163	12:51000000	rs2436636	False		0.0	0		False		False	
15:72593533	15:72500000	rs10851858	False		0.0	0		False		False	
17:7492850	17:7000000	rs11078682	False		0.0	0		False		False	
8:124336936	8:124000000	rs7002456	False		0.0	0		False		False	
12:51481916	12:51000000	rs7961653	False		0.0	0		False		False	
6:159094174	6:159000000	rs642135	False		0.0	0		False		False	
4:138114758	4:138000000	rs2313455	False		0.0	0		False		False	
3:149882039	3:149500000	rs2035741	False		0.0	0		False		False	
19:46303373	19:46000000	rs8100021	True	PPP5C	0.761005945155157	2	genic	False		False	
11:63716104	11:63500000	rs474548	False		0.0	0		False		False	
12:51469859	12:51000000	rs4491281	False		0.0	0		False		False	
22:37485804	22:37000000	rs2071840	True	CARD10	0.9270044775859304	3	genic	False		False	
17:44340128	17:44000000	rs850714	False		0.0	0		False		False	
16:3854545	16:3500000	rs2530890	False		0.0	0		False		False	
2:25992165	2:25500000	rs11688934	False		0.0	0		False		False	
7:2258436	7:2000000	rs2398669	False		0.0	0		False		False	
6:135506428	6:135500000	rs958072	False		0.0	0		False		False	
9:86487391	9:86000000	rs653030	False		0.0	0		False		False	
14:49892771	14:49500000	rs3100908	False		0.0	0		False		False	
9:136806153	9:136500000	rs2811795	True	CCDC183;RABL6	0.9999692573188044	6	genic;promoter	False		False	
2:161205054	2:161000000	rs1267050	False		0.0	0		False		False	
15:42323875	15:42000000	rs1659218	False		0.0	0		False		False	
12:122893274	12:122500000	rs1026395	False		0.0	0		False		False	
4:48127784	4:48000000	rs7659164	True	TEC	0.6757693117260278	2	genic	False		False	
16:1711318	16:1500000	rs8059926	False		0.0	0		False		False	
15:34501263	15:34500000	rs35414723	False		0.0	0		False		False	
15:69399099	15:69000000	rs11072095	False		0.0	0		False		False	
16:46984250	16:46500000	rs7203206	False		0.0	0		False		False	
9:34555001	9:34500000	rs7044318	True	CNTFR	0.7939768258672198	9	genic	False		False	
15:69417347	15:69000000	rs3759825	False		0.0	0		False		False	
12:54412985	12:54000000	rs2091767	False		0.0	0		False		False	
6:56862021	6:56500000	rs1870639	False		0.0	0		False		False	
1:24709190	1:24500000	rs12732115	True	CLIC4	0.6016851752165159	1	intergenic	False		False	
5:118980049	5:118500000	rs299192	False		0.0	0		False		False	
22:38299094	22:38000000	rs1534891	True	CSNK1E	0.7864166624547059	3	genic	False		False	
9:34668549	9:34500000	rs2772546	False		0.0	0		False		False	
1:38006844	1:38000000	rs7513555	False		0.0	0		False		False	
12:131900286	12:131500000	rs7953348	False		0.0	0		False		False	
9:33487200	9:33000000	rs2992821	False		0.0	0		False		False	
19:55385802	19:55000000	rs4806668	False		0.0	0		False		False	
17:75736441	17:75500000	rs820176	True	ITGB4	0.8860372879806289	9	genic	False		False	
10:101814605	10:101500000	rs17770716	False		0.0	0		False		False	
22:37734465	22:37500000	rs8140958	False		0.0	0		False		False	
1:193070251	1:193000000	rs10921307	False		0.0	0		False		False	
2:112487093	2:112000000	rs10167775	False		0.0	0		False		False	
8:22311574	8:22000000	rs4266653	False		0.0	0		False		False	
19:1376724	19:1000000	rs266805	False		0.0	0		False		False	
15:78766230	15:78500000	rs1809421	False		0.0	0		False		False	
10:101839568	10:101500000	rs874885	False		0.0	0		False		False	
8:28989953	8:28500000	rs1581116	False		0.0	0		False		False	
4:141377548	4:141000000	rs4267812	False		0.0	0		False		False	
16:72398090	16:72000000	rs806743	False		0.0	0		False		False	
5:106957562	5:106500000	rs4957524	False		0.0	0		False		False	
13:48404009	13:48000000	rs198609	False		0.0	0		False		False	
8:123240569	8:123000000	rs938966	False		0.0	0		False		False	
22:24558864	22:24500000	rs3788374	False		0.0	0		False		False	
9:128640817	9:128500000	rs2298045	False		0.0	0		False		False	
2:95992840	2:95500000	rs11687113	False		0.0	0		False		False	
2:95190863	2:95000000	rs2320624	False		0.0	0		False		False	
3:188946721	3:188500000	rs12494043	False		0.0	0		False		False	
17:31012891	17:31000000	rs112417609	False		0.0	0		False		False	
16:57812939	16:57500000	rs4255775	True	KIFC3	0.9504921641740836	5	intergenic	False		False	
3:42756268	3:42500000	rs339680	False		0.0	0		False		False	
16:75061797	16:75000000	rs6564201	True	ZNRF1	0.6347863312338017	1	genic	False		False	
11:67165939	11:67000000	rs1253784	False		0.0	0		False		False	
1:156478469	1:156000000	rs4453029	False		0.0	0		False		False	
11:46494352	11:46000000	rs3802888	False		0.0	0		False		False	
1:10002030	1:10000000	rs56295335	False		0.0	0		False		False	
2:134919591	2:134500000	rs3769025	False		0.0	0		False		False	
14:58427859	14:58000000	rs3783694	False		0.0	0		False		False	
17:29222788	17:29000000	rs9900880	False		0.0	0		False		False	
2:112999244	2:112500000	rs6542109	False		0.0	0		False		False	
2:200832517	2:200500000	rs10804108	False		0.0	0		False		False	
4:109449711	4:109000000	rs13123618	False		0.0	0		False		False	
2:25993251	2:25500000	rs7596494	False		0.0	0		False		False	
2:215397898	2:215000000	rs6725958	True	FN1	0.8254462612399781	3	genic	False		False	
20:1118880	20:1000000	rs1803415	False		0.0	0		False		False	
7:150978822	7:150500000	rs11771844	False		0.0	0		False		False	
19:8483613	19:8000000	rs7508561	False		0.0	0		False		False	
14:60819774	14:60500000	rs10144292	False		0.0	0		False		False	
3:111016708	3:111000000	rs6765948	False		0.0	0		False		False	
21:46667387	21:46500000	rs9306158	False		0.0	0		False		False	
19:5995439	19:5500000	rs452767	False		0.0	0		False		False	
4:107995262	4:107500000	rs7667856	False		0.0	0		False		False	
22:37492987	22:37000000	rs5756697	False		0.0	0		False		False	
1:27296637	1:27000000	rs3813790	False		0.0	0		False		False	
8:47661576	8:47500000	rs6986054	False		0.0	0		False		False	
7:103120064	7:103000000	rs12540583	False		0.0	0		False		False	
12:48940261	12:48500000	rs708242	False		0.0	0		False		False	
5:761633	5:500000	rs6865411	True	TPPP;ZDHHC11	0.9869211270440712	18	intergenic	False		False	
19:48445039	19:48000000	rs1643489	True	KCNJ14	0.8908324564152457	1	genic	False		False	
19:45911370	19:45500000	rs10408380	False		0.0	0		False		False	
6:157384530	6:157000000	rs2749665	False		0.0	0		False		False	
19:55385341	19:55000000	rs3810168	False		0.0	0		False		False	
15:32999580	15:32500000	rs343919	False		0.0	0		False		False	
15:74369604	15:74000000	rs4887139	False		0.0	0		False		False	
2:28685731	2:28500000	rs4665430	False		0.0	0		False		False	
17:80502268	17:80500000	rs4561525	True	NPTX1	0.933073150539376	29	intergenic	False		False	
10:122570911	10:122500000	rs3013236	False		0.0	0		False		False	
14:104993587	14:104500000	rs2582567	False		0.0	0		False		False	
14:60631965	14:60500000	rs767603	False		0.0	0		False		False	
9:33344366	9:33000000	rs16919200	False		0.0	0		False		False	
2:208244034	2:208000000	rs10202116	False		0.0	0		False		False	
9:112757624	9:112500000	rs2796032	False		0.0	0		False		False	
5:132994418	5:132500000	rs7702076	False		0.0	0		False		False	
16:22007524	16:22000000	rs35256986	False		0.0	0		False		False	
15:63986009	15:63500000	rs4776701	True	DAPK2	0.9707279390194072	12	genic	False		False	
11:65470614	11:65000000	rs1194758	False		0.0	0		False		False	
11:63729540	11:63500000	rs1186605	False		0.0	0		False		False	
14:74941797	14:74500000	rs2268613	False		0.0	0		False		False	
8:67381205	8:67000000	rs891589	True	ARFGEF1	0.6170894016962976	1	intergenic	False		False	
14:49884724	14:49500000	rs3100920	False		0.0	0		False		False	
19:17418951	19:17000000	rs2303682	False		0.0	0		True	BST2	True	BST2
1:27257502	1:27000000	rs4460661	False		0.0	0		False		False	
17:32495989	17:32000000	rs9889771	True	CDK5R1	0.998115772843274	82	genic	False		False	
1:233007323	1:233000000	rs6676972	False		0.0	0		False		False	
5:141511628	5:141500000	rs4912608	True	PCDHGC5	0.9804160227573326	8	genic	False		False	
1:38961702	1:38500000	rs7550511	False		0.0	0		False		False	
1:47233031	1:47000000	rs2798349	False		0.0	0		False		False	
8:124465556	8:124000000	rs10105517	False		0.0	0		False		False	
17:19001118	17:19000000	rs73981285	False		0.0	0		False		False	
11:73312308	11:73000000	rs672660	False		0.0	0		False		False	
3:31565288	3:31500000	rs10222558	False		0.0	0		False		False	
1:21761185	1:21500000	rs7539759	False		0.0	0		False		False	
2:222570049	2:222500000	rs13426706	False		0.0	0		False		False	
16:54934327	16:54500000	rs1133611	False		0.0	0		False		False	
9:35836262	9:35500000	rs10738949	False		0.0	0		False		False	
13:73000143	13:73000000	rs7327552	False		0.0	0		False		False	
19:954678	19:500000	rs349310	False		0.0	0		False		False	
15:31499633	15:31000000	rs898212	False		0.0	0		False		False	
10:119234149	10:119000000	rs4237510	True	GRK5	0.8942515561111052	7	genic	False		False	
1:8373687	1:8000000	rs754346	False		0.0	0		False		False	
15:31398996	15:31000000	rs4586393	True	KLF13	0.7035581647761353	1	intergenic	False		False	
16:89361141	16:89000000	rs3114870	False		0.0	0		False		False	
17:77488074	17:77000000	rs441670	False		0.0	0		False		False	
19:40270501	19:40000000	rs8111561	False		0.0	0		False		False	
7:143736199	7:143500000	rs4636119	False		0.0	0		False		False	
6:166337928	6:166000000	rs9356478	False		0.0	0		False		False	
1:119870262	1:119500000	rs10923918	False		0.0	0		False		False	
17:42969246	17:42500000	rs4793187	False		0.0	0		False		False	
12:60198919	12:60000000	rs11173360	False		0.0	0		False		False	
3:15363815	3:15000000	rs1532787	False		0.0	0		False		False	
9:69228107	9:69000000	rs2309428	False		0.0	0		False		False	
17:38994303	17:38500000	rs3848398	False		0.0	0		False		False	
14:24060681	14:24000000	rs1951635	False		0.0	0		False		False	
7:35987205	7:35500000	rs10281163	False		0.0	0		False		False	
16:69275236	16:69000000	rs153046	False		0.0	0		False		False	
20:62260593	20:62000000	rs4925363	False		0.0	0		False		False	
1:46256717	1:46000000	rs9793263	False		0.0	0		False		False	
12:119660203	12:119500000	rs2393550	False		0.0	0		False		False	
10:96500713	10:96500000	rs11188801	False		0.0	0		False		False	
9:133418269	9:133000000	rs3118665	False		0.0	0		False		False	
11:94880985	11:94500000	rs690270	False		0.0	0		False		False	
22:26499371	22:26000000	rs1008530	False		0.0	0		False		False	
6:38649944	6:38500000	rs1739633	False		0.0	0		True	GLO1	True	GLO1
1:155840502	1:155500000	rs822497	False		0.0	0		False		False	
1:116579508	1:116500000	rs6703791	False		0.0	0		False		False	
19:11487668	19:11000000	rs311805	False		0.0	0		False		False	
13:77507157	13:77500000	rs9544524	False		0.0	0		False		False	
5:149513538	5:149500000	rs7712431	False		0.0	0		False		False	
17:74961620	17:74500000	rs7210122	True	HID1	0.8113494353968621	86	genic	False		False	
2:64357654	2:64000000	rs4671087	False		0.0	0		False		False	
15:42288107	15:42000000	rs8037100	False		0.0	0		False		False	
4:139004197	4:139000000	rs6848587	False		0.0	0		False		False	
12:69821735	12:69500000	rs1882193	False		0.0	0		False		False	
4:88216749	4:88000000	rs1986013	False		0.0	0		False		False	
22:37745379	22:37500000	rs5756802	False		0.0	0		False		False	
11:118880617	11:118500000	rs10892306	False		0.0	0		False		False	
1:9960836	1:9500000	rs6673580	True	RBP7	0.6620689735925581	2	genic	False		False	
8:48513920	8:48500000	rs72639052	False		0.0	0		False		False	
16:69162922	16:69000000	rs11640113	False		0.0	0		False		False	
5:134739241	5:134500000	rs17713112	False		0.0	0		False		False	
6:134588917	6:134500000	rs9402619	False		0.0	0		False		False	
10:75000835	10:75000000	rs1868628	False		0.0	0		False		False	
7:129496842	7:129000000	rs639605	False		0.0	0		False		False	
9:125427023	9:125000000	rs2841338	False		0.0	0		False		False	
12:111061088	12:111000000	rs6489906	False		0.0	0		False		False	
19:17460957	19:17000000	rs890839	False		0.0	0		False		False	
15:72609809	15:72500000	rs7496782	False		0.0	0		False		False	
16:72998566	16:72500000	rs6499604	False		0.0	0		False		False	
10:119210869	10:119000000	rs10466210	False		0.0	0		False		False	
8:130064464	8:130000000	rs7387355	False		0.0	0		False		False	
2:191651900	2:191500000	rs7558471	False		0.0	0		False		False	
15:82995439	15:82500000	rs1037403	False		0.0	0		False		False	
11:60981467	11:60500000	rs3019548	True	CD6	0.9732546486965749	5	genic	False		False	
14:99392735	14:99000000	rs11160517	False		0.0	0		False		False	
15:89499079	15:89000000	rs7165668	False		0.0	0		False		False	
17:57938312	17:57500000	rs2585845	False		0.0	0		False		False	
8:143395683	8:143000000	rs901770	False		0.0	0		False		False	
17:19005447	17:19000000	rs73982610	False		0.0	0		False		False	
22:39999080	22:39500000	rs3021274	False		0.0	0		False		False	
10:133382473	10:133000000	rs7907603	False		0.0	0		False		False	
14:35231356	14:35000000	rs7143346	False		0.0	0		False		False	
4:47837912	4:47500000	rs2289433	False		0.0	0		False		False	
1:27502998	1:27500000	rs12725818	False		0.0	0		False		False	
7:6995174	7:6500000	rs4724905	False		0.0	0		False		False	
1:32982746	1:32500000	rs4376697	False		0.0	0		False		False	
7:100509350	7:100500000	rs73405382	False		0.0	0		False		False	
10:654683	10:500000	rs883728	True	DIP2C	0.9501745570213086	7	genic	False		False	
20:21302458	20:21000000	rs3761289	False		0.0	0		False		False	
2:131493393	2:131000000	rs12472061	True	CCDC74A	0.7684191668109421	5	intergenic	False		False	
1:1956754	1:1500000	rs3820011	False		0.0	0		False		False	
22:32076472	22:32000000	rs135111	False		0.0	0		False		False	
11:65513735	11:65500000	rs630336	False		0.0	0		False		False	
7:44999010	7:44500000	rs6463259	True	CCM2	0.9999547466357488	2	promoter	False		False	
2:188493001	2:188000000	rs12997039	False		0.0	0		False		False	
3:197802596	3:197500000	rs611635	True	LRCH3	0.6862875986569635	2	genic	False		False	
19:37987640	19:37500000	rs833910	False		0.0	0		False		False	
15:42279532	15:42000000	rs11631983	False		0.0	0		False		False	
11:36512203	11:36500000	rs5030411	False		0.0	0		False		False	
8:29319402	8:29000000	rs592382	False		0.0	0		False		False	
3:129065914	3:129000000	rs9289337	False		0.0	0		False		False	
15:31235556	15:31000000	rs1370062	False		0.0	0		False		False	
7:116927595	7:116500000	rs9649395	False		0.0	0		False		False	
15:72377539	15:72000000	rs4777506	False		0.0	0		False		False	
1:172999449	1:172500000	rs7552839	False		0.0	0		False		False	
7:65751112	7:65500000	rs4718273	True	GUSB;VKORC1L1	0.9014874003902608	103	intergenic	False		False	
14:21476015	14:21000000	rs3762162	False		0.0	0		False		False	
5:156202345	5:156000000	rs4704994	True	SGCD	0.6273343968742964	1	intergenic	False		False	
10:99677148	10:99500000	rs4919382	True	ENTPD7	0.8672518672640537	5	genic	False		False	
18:7280912	18:7000000	rs984377	False		0.0	0		False		False	
16:56108853	16:56000000	rs963300	False		0.0	0		False		False	
17:39691204	17:39500000	rs2517961	False		0.0	0		False		False	
16:47018946	16:47000000	rs34174290	False		0.0	0		False		False	
7:150570649	7:150500000	rs1317559	False		0.0	0		False		False	
2:55280250	2:55000000	rs7579539	False		0.0	0		False		False	
12:68824258	12:68500000	rs2291857	False		0.0	0		False		False	
11:64858767	11:64500000	rs3936999	True	EHD1	0.9534966047279352	50	genic	False		False	
11:493007	11:0	rs211527	False		0.0	0		False		False	
15:44711166	15:44500000	rs2255235	False		0.0	0		False		False	
3:129004115	3:129000000	rs73210697	False		0.0	0		False		False	
16:67517237	16:67500000	rs35162827	False		0.0	0		False		False	
2:135496849	2:135000000	rs10182977	False		0.0	0		False		False	
14:49770623	14:49500000	rs4284545	False		0.0	0		False		False	
1:11060463	1:11000000	rs2748881	False		0.0	0		False		False	
2:130185940	2:130000000	rs10198499	False		0.0	0		False		False	
4:109641780	4:109500000	rs4698773	False		0.0	0		False		False	
12:6638412	12:6500000	rs1882553	False		0.0	0		False		False	
19:53879599	19:53500000	rs307940	False		0.0	0		False		False	
3:47611305	3:47500000	rs1014229	False		0.0	0		False		False	
12:56129273	12:56000000	rs10747761	True	MYL6	0.7053267216263812	6	genic	False		False	
16:47129963	16:47000000	rs7200954	False		0.0	0		False		False	
19:48429080	19:48000000	rs1799286	False		0.0	0		False		False	
7:142710192	7:142500000	rs12673576	False		0.0	0		False		False	
11:34002499	11:34000000	rs17771070	False		0.0	0		False		False	
2:131156321	2:131000000	rs13011826	False		0.0	0		False		False	
7:44922251	7:44500000	rs7790898	False		0.0	0		False		False	
5:134224066	5:134000000	rs2284317	False		0.0	0		False		False	
6:33497642	6:33000000	rs1755038	False		0.0	0		False		False	
6:21615212	6:21500000	rs6456437	False		0.0	0		False		False	
5:142003544	5:142000000	rs252112	True	GNPDA1	0.9687426112318622	1	genic	False		False	
15:75390172	15:75000000	rs7166737	False		0.0	0		False		False	
12:26769962	12:26500000	rs10506010	False		0.0	0		False		False	
10:70480814	10:70000000	rs1871595	False		0.0	0		False		False	
3:58096982	3:58000000	rs9834312	False		0.0	0		False		False	
1:109658958	1:109500000	rs650985	False		0.0	0		False		False	
9:113503080	9:113500000	rs7857217	True	RGS3	0.999979459035297	59	genic;promoter	False		False	
17:75992022	17:75500000	rs8082573	False		0.0	0		False		False	
5:132999473	5:132500000	rs6859346	False		0.0	0		False		False	
11:61490996	11:61000000	rs2943813	True	LRRC10B	0.9572655490256824	2	genic	False		False	
15:83164182	15:83000000	rs3816450	False		0.0	0		False		False	
3:154223594	3:154000000	rs357496	False		0.0	0		False		False	
1:23303726	1:23000000	rs665111	False		0.0	0		False		False	
15:75181149	15:75000000	rs11638544	False		0.0	0		False		False	
7:129488881	7:129000000	rs613068	False		0.0	0		False		False	
1:36023355	1:36000000	rs619666	False		0.0	0		False		False	
17:19000263	17:19000000	rs8064539	False		0.0	0		False		False	
10:117004075	10:117000000	rs7901788	False		0.0	0		False		False	
1:37487375	1:37000000	rs215208	True	ZC3H12A	0.832622209325847	39	intergenic	False		False	
1:19282275	1:19000000	rs1738026	False		0.0	0		False		False	
1:151990922	1:151500000	rs1552607	True	THEM4	0.7517620852781732	3	genic	False		False	
19:14051864	19:14000000	rs2306190	False		0.0	0		False		False	
7:100004399	7:100000000	rs6967287	True	ZKSCAN1	0.895325476872076	9	intergenic	False		False	
12:57209032	12:57000000	rs7956957	False		0.0	0		False		False	
3:128998544	3:128500000	rs6799008	False		0.0	0		False		False	
7:142997623	7:142500000	rs10243382	False		0.0	0		False		False	
19:34400577	19:34000000	rs4619515	False		0.0	0		False		False	
13:111215564	13:111000000	rs2147684	False		0.0	0		False		False	
3:179073890	3:179000000	rs9861291	False		0.0	0		False		False	
1:89997331	1:89500000	rs6690747	False		0.0	0		False		False	
12:38894264	12:38500000	rs7978838	False		0.0	0		False		False	
15:31398519	15:31000000	rs4261489	True	KLF13	0.7035581647761353	2	intergenic	False		False	
15:72516087	15:72500000	rs1374092	False		0.0	0		False		False	
19:18154130	19:18000000	rs273276	False		0.0	0		False		False	
8:94921880	8:94500000	rs2515235	False		0.0	0		False		False	
9:134123074	9:134000000	rs6479642	True	WDR5	0.7184071111657547	2	intergenic	False		False	
6:135496839	6:135000000	rs6928230	False		0.0	0		False		False	
4:42503227	4:42500000	rs17531861	False		0.0	0		False		False	
2:96410905	2:96000000	rs596069	False		0.0	0		False		False	
7:128881377	7:128500000	rs10954211	False		0.0	0		False		False	
6:3086686	6:3000000	rs9392453	False		0.0	0		False		False	
13:27166245	13:27000000	rs505361	False		0.0	0		False		False	
10:119192225	10:119000000	rs10430697	False		0.0	0		False		False	
2:65175744	2:65000000	rs2024438	False		0.0	0		False		False	
1:108627577	1:108500000	rs10776714	False		0.0	0		False		False	
1:1774697	1:1500000	rs6603811	False		0.0	0		False		False	
19:21289343	19:21000000	rs661453	False		0.0	0		False		False	
10:71429915	10:71000000	rs10740378	False		0.0	0		False		False	
15:59492294	15:59000000	rs4296198	False		0.0	0		False		False	
7:143503455	7:143500000	rs12532738	False		0.0	0		False		False	
3:129085397	3:129000000	rs4927931	True	RAB43	0.8606809313088338	3	genic	False		False	
3:53323991	3:53000000	rs6806814	False		0.0	0		False		False	
5:39018173	5:39000000	rs12519682	False		0.0	0		False		False	
6:166331906	6:166000000	rs6927168	False		0.0	0		False		False	
7:1227964	7:1000000	rs11766986	False		0.0	0		False		False	
11:27460805	11:27000000	rs4617543	True	LGR4	0.8931496765437417	5	genic	False		False	
1:84201769	1:84000000	rs603939	False		0.0	0		False		False	
19:16688116	19:16500000	rs2547112	False		0.0	0		False		False	
6:157535476	6:157500000	rs9457715	True	ZDHHC14	0.8899641587180038	4	genic	False		False	
2:106995560	2:106500000	rs6724264	False		0.0	0		False		False	
4:1569140	4:1500000	rs6848471	False		0.0	0		False		False	
3:58506153	3:58500000	rs6807633	False		0.0	0		False		False	
11:10710590	11:10500000	rs4909950	False		0.0	0		False		False	
16:751796	16:500000	rs3765317	True	MSLN	0.9403621660666066	11	intergenic	False		False	
14:31336930	14:31000000	rs4981838	False		0.0	0		False		False	
15:72471367	15:72000000	rs10744963	False		0.0	0		False		False	
11:70231392	11:70000000	rs480105	False		0.0	0		False		False	
19:56978416	19:56500000	rs2048429	False		0.0	0		False		False	
1:32713303	1:32500000	rs403352	False		0.0	0		False		False	
9:115495968	9:115000000	rs4637918	False		0.0	0		False		False	
17:74949983	17:74500000	rs1994720	False		0.0	0		False		False	
2:8889472	2:8500000	rs12616242	False		0.0	0		False		False	
15:65828861	15:65500000	rs10851749	True	DENND4A	0.6453933181209863	3	intergenic	False		False	
2:174791389	2:174500000	rs7598080	False		0.0	0		False		False	
2:169827097	2:169500000	rs13008146	False		0.0	0		False		False	
4:6201829	4:6000000	rs7683581	False		0.0	0		False		False	
17:19001517	17:19000000	rs7211874	False		0.0	0		False		False	
19:3414022	19:3000000	rs4806933	True	NFIC	0.9414231706503856	1	genic	False		False	
11:68004918	11:68000000	rs3808970	False		0.0	0		False		False	
1:93442352	1:93000000	rs2433279	False		0.0	0		False		False	
12:76764639	12:76500000	rs1017784	False		0.0	0		False		False	
11:129828938	11:129500000	rs690786	False		0.0	0		False		False	
20:21280594	20:21000000	rs6035825	False		0.0	0		False		False	
16:22318717	16:22000000	rs2926362	False		0.0	0		False		False	
12:131767238	12:131500000	rs11246801	False		0.0	0		False		False	
19:16381337	19:16000000	rs882306	False		0.0	0		False		False	
8:28895851	8:28500000	rs7009478	False		0.0	0		False		False	
11:125595125	11:125500000	rs2702023	False		0.0	0		False		False	
14:22936899	14:22500000	rs11623624	False		0.0	0		False		False	
6:107329105	6:107000000	rs2430461	False		0.0	0		False		False	
20:38474164	20:38000000	rs805552	False		0.0	0		False		False	
4:185299224	4:185000000	rs2692593	False		0.0	0		False		False	
16:46970159	16:46500000	rs8054039	False		0.0	0		False		False	
22:37711955	22:37500000	rs5756784	False		0.0	0		False		False	
7:64680913	7:64500000	rs6965811	False		0.0	0		False		False	
11:68336834	11:68000000	rs648438	False		0.0	0		False		False	
5:156813256	5:156500000	rs6555689	False		0.0	0		False		False	
2:231643441	2:231500000	rs4973013	False		0.0	0		False		False	
17:7489478	17:7000000	rs2111437	False		0.0	0		False		False	
14:31388819	14:31000000	rs3887865	False		0.0	0		False		False	
5:154722315	5:154500000	rs4117784	True	LARP1	0.6545530817569458	1	genic	False		False	
8:141294322	8:141000000	rs11167044	False		0.0	0		False		False	
2:131491303	2:131000000	rs6709245	True	CCDC74A	0.8344125590779325	1	genic	False		False	
17:41991918	17:41500000	rs4378665	False		0.0	0		False		False	
17:64496295	17:64000000	rs3744409	False		0.0	0		False		False	
11:111990466	11:111500000	rs489417	False		0.0	0		False		False	
7:98425192	7:98000000	rs10240312	False		0.0	0		False		False	
3:58898753	3:58500000	rs2365401	False		0.0	0		False		False	
19:46691366	19:46500000	rs314674	False		0.0	0		False		False	
17:21215396	17:21000000	rs7219901	False		0.0	0		False		False	
17:82496057	17:82000000	rs12950178	True	FOXK2	0.9142087063851062	10	intergenic	False		False	
1:205590991	1:205500000	rs7539751	False		0.0	0		False		False	
6:44095162	6:44000000	rs7769540	False		0.0	0		False		False	
9:19994544	9:19500000	rs7043986	False		0.0	0		False		False	
6:33430843	6:33000000	rs413722	False		0.0	0		False		False	
14:73502415	14:73500000	rs58235798	False		0.0	0		False		False	
15:64479108	15:64000000	rs514319	False		0.0	0		False		False	
8:47511193	8:47500000	rs114653490	False		0.0	0		False		False	
3:42064183	3:42000000	rs4974016	True	TRAK1	0.8129724172579071	8	intergenic	False		False	
1:116573246	1:116500000	rs1414272	False		0.0	0		False		False	
1:235702714	1:235500000	rs17615059	False		0.0	0		False		False	
14:69582408	14:69500000	rs11158809	False		0.0	0		False		False	
4:150706791	4:150500000	rs9884181	False		0.0	0		False		False	
19:13982786	19:13500000	rs31602	False		0.0	0		False		False	
17:7496722	17:7000000	rs9890920	True	TNFSF12	0.6258522565596671	1	genic	False		False	
4:3954576	4:3500000	rs3889251	False		0.0	0		False		False	
2:232997881	2:232500000	rs6437083	False		0.0	0		False		False	
9:87951654	9:87500000	rs2947237	True	CDK20	0.7224502938761205	1	intergenic	False		False	
20:36747074	20:36500000	rs2425269	False		0.0	0		False		False	
4:139501724	4:139500000	rs17346134	False		0.0	0		False		False	
14:63761909	14:63500000	rs1958413	False		0.0	0		False		False	
20:63480219	20:63000000	rs6011853	True	PPDPF	0.7037732930860189	1	intergenic	False		False	
18:50006727	18:50000000	rs17659350	False		0.0	0		False		False	
4:169612949	4:169500000	rs11132810	False		0.0	0		False		False	
3:101589932	3:101500000	rs6777292	False		0.0	0		False		False	
4:147768360	4:147500000	rs11099669	False		0.0	0		False		False	
12:120496143	12:120000000	rs12857	True	DYNLL1	0.9999999622860796	358	promoter	False		False	
22:37498413	22:37000000	rs2015524	True	MFNG	0.9309956311680924	73	genic	False		False	
1:16924078	1:16500000	rs3936146	False		0.0	0		False		False	
9:77751343	9:77500000	rs10869964	True	GNAQ	0.8165387451901924	8	genic	False		False	
3:13496095	3:13000000	rs1812622	True	FBLN2	0.8902218986111474	50	genic	False		False	
16:49483980	16:49000000	rs543659	False		0.0	0		False		False	
3:135924813	3:135500000	rs9882561	False		0.0	0		False		False	
16:31477595	16:31000000	rs10596	True	AHSP	0.9045040329650604	16	genic	False		False	
21:39280690	21:39000000	rs718225	False		0.0	0		False		False	
1:235091308	1:235000000	rs9287215	False		0.0	0		False		False	
22:37752261	22:37500000	rs1010287	True	GCAT	0.7058476118955329	1	genic	False		False	
11:108496726	11:108000000	rs2118309	True	C11ORF65	0.8157215702056675	1	genic	False		False	
19:46729887	19:46500000	rs313846	False		0.0	0		False		False	
2:84491951	2:84000000	rs4257414	False		0.0	0		False		False	
4:106806621	4:106500000	rs3111703	False		0.0	0		False		False	
1:1834144	1:1500000	rs6603797	True	NADK	0.6705317489656885	1	genic	False		False	
20:49303135	20:49000000	rs237720	False		0.0	0		False		False	
11:68255669	11:68000000	rs2512622	False		0.0	0		False		False	
6:3086719	6:3000000	rs9405191	False		0.0	0		False		False	
7:55895214	7:55500000	rs10271662	False		0.0	0		False		False	
6:157531128	6:157500000	rs4709360	True	ZDHHC14	0.9341655519541798	6	genic	False		False	
6:110882216	6:110500000	rs1279596	False		0.0	0		False		False	
1:23559007	1:23500000	rs11574	False		0.0	0		False		False	
10:60972930	10:60500000	rs1897370	False		0.0	0		False		False	
9:96552605	9:96500000	rs12550882	False		0.0	0		False		False	
2:64359724	2:64000000	rs10865346	True	LGALSL	0.8026118193484005	2	intergenic	False		False	
1:227994733	1:227500000	rs601050	False		0.0	0		False		False	
4:139042901	4:139000000	rs6819911	False		0.0	0		False		False	
17:75426138	17:75000000	rs4238984	False		0.0	0		False		False	
8:144522244	8:144500000	rs10111332	False		0.0	0		False		False	
15:66503642	15:66500000	rs8043062	False		0.0	0		False		False	
5:177504593	5:177500000	rs61749657	False		0.0	0		False		False	
11:62468622	11:62000000	rs2513046	False		0.0	0		False		False	
8:43171867	8:43000000	rs4559283	False		0.0	0		False		False	
17:77487919	17:77000000	rs414893	False		0.0	0		False		False	
12:6953228	12:6500000	rs7966756	True	ENO2	0.660186860550872	1	genic	False		False	
12:71694524	12:71500000	rs10784930	True	TMEM19	0.8613431677420058	16	genic	False		False	
17:56948784	17:56500000	rs7212722	False		0.0	0		False		False	
8:98913400	8:98500000	rs2922068	False		0.0	0		False		False	
4:1647582	4:1500000	rs7660921	False		0.0	0		False		False	
11:71944801	11:71500000	rs2885880	False		0.0	0		False		False	
1:68010791	1:68000000	rs978313	False		0.0	0		False		False	
7:74148784	7:74000000	rs412425	False		0.0	0		False		False	
9:137710882	9:137500000	rs7039441	False		0.0	0		False		False	
8:143393254	8:143000000	rs901764	False		0.0	0		False		False	
7:73868015	7:73500000	rs11761178	False		0.0	0		False		False	
20:5002126	20:5000000	rs2254964	False		0.0	0		False		False	
12:56579072	12:56500000	rs7299189	False		0.0	0		False		False	
10:75000873	10:75000000	rs3781252	False		0.0	0		False		False	
7:112985786	7:112500000	rs7797689	False		0.0	0		False		False	
13:100612379	13:100500000	rs1572641	False		0.0	0		False		False	
15:73744288	15:73500000	rs896598	False		0.0	0		False		False	
17:74393143	17:74000000	rs9906415	True	GPRC5C	0.6455050378635433	1	intergenic	True	GPRC5C	True	GPRC5C
15:72376198	15:72000000	rs4777505	False		0.0	0		False		False	
3:47998793	3:47500000	rs11711953	False		0.0	0		False		False	
11:72142196	11:72000000	rs522381	False		0.0	0		False		False	
16:89000465	16:89000000	rs9921065	False		0.0	0		False		False	
20:3957928	20:3500000	rs2300217	False		0.0	0		False		False	
11:67271141	11:67000000	rs1894111	True	ANKRD13D;SSH3	0.8623310293892174	13	genic	False		False	
1:17503460	1:17500000	rs11203414	False		0.0	0		False		False	
13:95623297	13:95500000	rs7338545	False		0.0	0		False		False	
9:79688411	9:79500000	rs4877501	False		0.0	0		False		False	
16:70496644	16:70000000	rs11641683	False		0.0	0		False		False	
7:2481456	7:2000000	rs2906155	False		0.0	0		False		False	
11:62510229	11:62500000	rs190377025	False		0.0	0		False		False	
13:51931912	13:51500000	rs2031993	False		0.0	0		False		False	
19:35352183	19:35000000	rs2301151	True	CD22	0.805437106183493	3	genic	False		False	
1:32490324	1:32000000	rs16834996	False		0.0	0		False		False	
11:108315222	11:108000000	rs611018	False		0.0	0		False		False	
5:139268725	5:139000000	rs1545035	False		0.0	0		False		False	
1:145990515	1:145500000	rs4636400	False		0.0	0		False		False	
22:23953589	22:23500000	rs2858908	False		0.0	0		False		False	
5:789895	5:500000	rs6894757	False		0.0	0		False		False	
15:65824996	15:65500000	rs2899713	True	DENND4A	0.6619584848244016	1	intergenic	False		False	
6:43507736	6:43500000	rs6924483	False		0.0	0		False		False	
19:34394553	19:34000000	rs4290576	False		0.0	0		False		False	
17:64992826	17:64500000	rs5022415	False		0.0	0		False		False	
10:43355120	10:43000000	rs2245413	False		0.0	0		False		False	
12:31206276	12:31000000	rs2164498	False		0.0	0		False		False	
14:89000456	14:89000000	rs2761407	False		0.0	0		False		False	
12:120052572	12:120000000	rs7968557	False		0.0	0		False		False	
17:74477635	17:74000000	rs7224429	False		0.0	0		False		False	
14:23519888	14:23500000	rs12323646	False		0.0	0		False		False	
7:129206628	7:129000000	rs2735842	False		0.0	0		False		False	
9:136558591	9:136500000	rs7039678	False		0.0	0		False		False	
11:125520435	11:125500000	rs515735	False		0.0	0		False		False	
2:74000361	2:74000000	rs77024306	False		0.0	0		False		False	
8:143367021	8:143000000	rs2467950	True	TOP1MT	0.922191602531633	2	intergenic	False		False	
3:78978204	3:78500000	rs1447834	False		0.0	0		False		False	
1:42835250	1:42500000	rs4660673	True	ERMAP	0.9716650758372292	3	genic	False		False	
11:67666945	11:67500000	rs4646823	False		0.0	0		False		False	
20:36608198	20:36500000	rs6071671	False		0.0	0		False		False	
9:127974598	9:127500000	rs7026115	False		0.0	0		False		False	
12:58988867	12:58500000	rs7306532	False		0.0	0		True	LRIG3	True	LRIG3
7:15515787	7:15500000	rs2196392	True	AGMO	0.8959005866808729	5	genic	False		False	
14:35245293	14:35000000	rs8015175	False		0.0	0		False		False	
8:143732072	8:143500000	rs12681370	False		0.0	0		False		False	
16:77223352	16:77000000	rs6564412	False		0.0	0		False		False	
7:51251631	7:51000000	rs2215164	False		0.0	0		False		False	
6:3174713	6:3000000	rs9501935	False		0.0	0		False		False	
5:135740765	5:135500000	rs4317317	True	SLC25A48	0.6453576950179785	1	intergenic	False		False	
19:47213090	19:47000000	rs884171	False		0.0	0		False		False	
19:14476048	19:14000000	rs3810255	False		0.0	0		False		False	
5:69444826	5:69000000	rs11955686	True	MARVELD2	0.8861167615393385	3	intergenic	False		False	
11:47006618	11:47000000	rs71474198	False		0.0	0		False		False	
14:103933822	14:103500000	rs6576012	False		0.0	0		False		False	
14:23877220	14:23500000	rs10139869	False		0.0	0		False		False	
11:61507318	11:61500000	rs10792315	False		0.0	0		False		False	
18:14173112	18:14000000	rs11080724	False		0.0	0		False		False	
14:100447329	14:100000000	rs1203548	True	WDR25	0.6769457037720562	1	genic	False		False	
2:74691987	2:74500000	rs363618	False		0.0	0		False		False	
3:136302133	3:136000000	rs1711170	False		0.0	0		False		False	
15:65300107	15:65000000	rs556177	True	CILP;PARP16	0.717139019086166	1	intergenic	False		False	
12:110426788	12:110000000	rs11829321	False		0.0	0		False		False	
11:45921444	11:45500000	rs10838530	False		0.0	0		False		False	
20:35434398	20:35000000	rs224330	True	GDF5	0.9862101316423164	73	genic	False		False	
2:31729099	2:31500000	rs806594	False		0.0	0		False		False	
2:85995126	2:85500000	rs6547655	False		0.0	0		False		False	
9:3526374	9:3500000	rs10814208	False		0.0	0		False		False	
5:7747526	5:7500000	rs4131923	True	ADCY2	0.8265531529453647	1	genic	False		False	
17:61967934	17:61500000	rs10512491	False		0.0	0		False		False	
12:95402278	12:95000000	rs2769481	False		0.0	0		False		False	
9:69747242	9:69500000	rs10511969	False		0.0	0		False		False	
16:21567067	16:21500000	rs7193383	False		0.0	0		False		False	
7:108004512	7:108000000	rs3814475	False		0.0	0		False		False	
12:55834720	12:55500000	rs750667	False		0.0	0		False		False	
3:53309906	3:53000000	rs2358619	False		0.0	0		False		False	
15:63979555	15:63500000	rs12911272	True	DAPK2	0.9128848443028664	5	genic	False		False	
17:28500477	17:28500000	rs12451081	False		0.0	0		False		False	
5:176826284	5:176500000	rs567442	False		0.0	0		False		False	
11:71941439	11:71500000	rs7948821	False		0.0	0		False		False	
22:39833230	22:39500000	rs4563342	False		0.0	0		False		False	
3:197802712	3:197500000	rs7616886	False		0.0	0		False		False	
2:135705091	2:135500000	rs2117511	False		0.0	0		False		False	
8:85556125	8:85500000	rs72682991	False		0.0	0		False		False	
1:2003208	1:2000000	rs6682175	False		0.0	0		False		False	
9:129624556	9:129500000	rs4509442	True	NTMT1	0.9999689978105852	90	intergenic;promoter	False		False	
17:77493561	17:77000000	rs312799	False		0.0	0		False		False	
5:174064297	5:174000000	rs17076802	False		0.0	0		False		False	
20:21309996	20:21000000	rs202825	False		0.0	0		False		False	
16:46907700	16:46500000	rs4967621	True	GPT2	0.6321156080860821	1	genic	False		False	
20:38477514	20:38000000	rs1303567	False		0.0	0		False		False	
17:42001946	17:42000000	rs74647883	False		0.0	0		False		False	
1:224330441	1:224000000	rs4654023	False		0.0	0		False		False	
19:2728579	19:2500000	rs759071	False		0.0	0		False		False	
2:46590505	2:46500000	rs896213	False		0.0	0		False		False	
16:47377292	16:47000000	rs13332786	False		0.0	0		False		False	
9:71984735	9:71500000	rs7030498	False		0.0	0		False		False	
20:47859843	20:47500000	rs2145134	False		0.0	0		False		False	
9:121459989	9:121000000	rs2289068	False		0.0	0		False		False	
9:136562820	9:136500000	rs6560635	False		0.0	0		False		False	
19:47003512	19:47000000	rs1052669	False		0.0	0		False		False	
3:121981774	3:121500000	rs1589700	False		0.0	0		False		False	
4:70900895	4:70500000	rs10446507	False		0.0	0		False		False	
7:108004148	7:108000000	rs3814473	False		0.0	0		False		False	
1:246591822	1:246500000	rs6702823	False		0.0	0		False		False	
10:70480858	10:70000000	rs11818000	False		0.0	0		False		False	
1:235085097	1:235000000	rs9662936	False		0.0	0		False		False	
5:177508998	5:177500000	rs114422170	False		0.0	0		False		False	
5:83307136	5:83000000	rs301286	False		0.0	0		False		False	
5:14809959	5:14500000	rs42679	True	ANKH	0.9574514959814308	97	genic	False		False	
6:96615646	6:96500000	rs9373985	False		0.0	0		False		False	
12:118138805	12:118000000	rs7977921	True	VSIG10	0.7537767568355085	5	genic	False		False	
19:48950989	19:48500000	rs8111833	False		0.0	0		False		False	
19:53875373	19:53500000	rs307935	False		0.0	0		False		False	
2:202966073	2:202500000	rs10755020	False		0.0	0		False		False	
11:67074192	11:67000000	rs11607327	False		0.0	0		False		False	
6:158757313	6:158500000	rs901363	False		0.0	0		False		False	
1:54493848	1:54000000	rs4451502	False		0.0	0		False		False	
1:19606139	1:19500000	rs2745222	False		0.0	0		False		False	
8:85638247	8:85500000	rs7826539	False		0.0	0		False		False	
7:143503513	7:143500000	rs7792164	False		0.0	0		False		False	
17:82328303	17:82000000	rs6502097	False		0.0	0		False		False	
17:40377328	17:40000000	rs506728	False		0.0	0		False		False	
5:16994695	5:16500000	rs7734046	False		0.0	0		False		False	
20:25398271	20:25000000	rs2263205	True	ABHD12	0.9057318323733352	11	intergenic	False		False	
9:77735627	9:77500000	rs2378081	True	GNA14	0.9026555682977376	3	genic	False		False	
11:61603811	11:61500000	rs174868	True	SYT7	0.7398541596161037	1	intergenic	False		False	
15:63972841	15:63500000	rs4776697	False		0.0	0		False		False	
1:151246418	1:151000000	rs4971023	False		0.0	0		False		False	
17:38337320	17:38000000	rs4312356	False		0.0	0		False		False	
4:77996432	4:77500000	rs1502880	False		0.0	0		False		False	
20:53652626	20:53500000	rs4811449	True	ZNF217	0.7251863922639715	3	intergenic	False		False	
13:48504777	13:48500000	rs9332034	False		0.0	0		False		False	
3:43641458	3:43500000	rs4234430	False		0.0	0		False		False	
8:143615483	8:143500000	rs7817301	False		0.0	0		False		False	
3:131503879	3:131500000	rs3762802	False		0.0	0		False		False	
1:212312265	1:212000000	rs351381	False		0.0	0		False		False	
2:230008407	2:230000000	rs720041	False		0.0	0		False		False	
19:46860134	19:46500000	rs311358	True	ARHGAP35	0.9893976013935928	34	intergenic	False		False	
22:42500468	22:42500000	rs2413692	True	RRP7A;SERHL2	0.8843484420336037	74	intergenic	False		False	
10:60595970	10:60500000	rs7477771	False		0.0	0		False		False	
1:229999173	1:229500000	rs6664857	False		0.0	0		False		False	
4:183140468	4:183000000	rs1377940	False		0.0	0		False		False	
10:70496884	10:70000000	rs729121	False		0.0	0		False		False	
1:202890640	1:202500000	rs7531745	False		0.0	0		False		False	
9:100490113	9:100000000	rs10512271	False		0.0	0		False		False	
17:3009540	17:3000000	rs7207048	False		0.0	0		False		False	
1:224332247	1:224000000	rs4653581	False		0.0	0		False		False	
12:110564506	12:110500000	rs7957299	False		0.0	0		False		False	
17:44795211	17:44500000	rs758020	True	GJC1	0.9768712544807524	57	intergenic	False		False	
7:2503792	7:2500000	rs13225558	False		0.0	0		False		False	
11:472576	11:0	rs7394670	False		0.0	0		False		False	
1:1127258	1:1000000	rs9442373	False		0.0	0		False		False	
17:15659006	17:15500000	rs10521309	True	ZNF286A	0.6802242581099933	1	genic	False		False	
15:80913859	15:80500000	rs7182025	False		0.0	0		False		False	
14:104852515	14:104500000	rs2841215	True	CEP170B	0.6004944193775825	1	intergenic	False		False	
11:68838222	11:68500000	rs3019594	False		0.0	0		False		False	
1:48488804	1:48000000	rs2253233	False		0.0	0		False		False	
7:6256188	7:6000000	rs6463537	False		0.0	0		False		False	
10:5502227	10:5500000	rs4078293	False		0.0	0		False		False	
9:127955698	9:127500000	rs7028190	True	DPM2;PIP5KL1	0.8856034132638516	34	intergenic	False		False	
1:87074196	1:87000000	rs11161932	False		0.0	0		False		False	
17:82490657	17:82000000	rs8081734	False		0.0	0		False		False	
17:3007190	17:3000000	rs894664	False		0.0	0		False		False	
1:182214489	1:182000000	rs2243457	False		0.0	0		False		False	
10:102397954	10:102000000	rs7897947	False		0.0	0		False		False	
15:62998335	15:62500000	rs10775183	True	TPM1	0.711736198421574	1	intergenic	False		False	
3:37190967	3:37000000	rs13098279	False		0.0	0		False		False	
8:23201811	8:23000000	rs20575	False		0.0	0		False		False	
6:3023484	6:3000000	rs927340	True	NQO2	0.8664063277806945	18	intergenic	False		False	
15:91479428	15:91000000	rs4522399	False		0.0	0		False		False	
4:137866906	4:137500000	rs2313982	False		0.0	0		False		False	
1:224315369	1:224000000	rs10916585	False		0.0	0		False		False	
5:1359823	5:1000000	rs27064	False		0.0	0		False		False	
7:44988209	7:44500000	rs1859489	False		0.0	0		False		False	
6:42668092	6:42500000	rs7768961	False		0.0	0		False		False	
19:42423369	19:42000000	rs10422283	True	CEACAM1;CXCL17	0.969528868706082	75	genic	False		False	
6:157383193	6:157000000	rs2251507	False		0.0	0		False		False	
3:195462268	3:195000000	rs823530	False		0.0	0		False		False	
9:136562148	9:136500000	rs7022601	False		0.0	0		False		False	
9:136563571	9:136500000	rs10735656	False		0.0	0		False		False	
6:46501757	6:46500000	rs9395195	False		0.0	0		False		False	
9:77763780	9:77500000	rs10781459	False		0.0	0		False		False	
22:19966935	22:19500000	rs174699	False		0.0	0		False		False	
1:184078977	1:184000000	rs1409811	False		0.0	0		False		False	
17:64497225	17:64000000	rs9905016	False		0.0	0		False		False	
12:7990870	12:7500000	rs4628755	False		0.0	0		False		False	
13:44387022	13:44000000	rs9533839	False		0.0	0		False		False	
10:123009383	10:123000000	rs12220683	False		0.0	0		False		False	
1:229999014	1:229500000	rs6664745	False		0.0	0		False		False	
20:23988290	20:23500000	rs6132686	False		0.0	0		False		False	
7:44322024	7:44000000	rs4410809	False		0.0	0		False		False	
11:68831216	11:68500000	rs1017640	False		0.0	0		False		False	
13:24512390	13:24500000	rs2282410	False		0.0	0		False		False	
8:29499043	8:29000000	rs6558118	False		0.0	0		False		False	
5:140002663	5:140000000	rs75043106	False		0.0	0		False		False	
2:72575089	2:72500000	rs9808444	False		0.0	0		False		False	
17:75477378	17:75000000	rs3935674	True	CASKIN2;TMEM94	0.868228264978179	8	genic	False		False	
19:55505235	19:55500000	rs8100922	False		0.0	0		False		False	
10:86443311	10:86000000	rs7094132	False		0.0	0		False		False	
1:155994907	1:155500000	rs12043212	False		0.0	0		False		False	
8:97439202	8:97000000	rs12549368	False		0.0	0		False		False	
17:57996536	17:57500000	rs8071344	False		0.0	0		False		False	
17:40489895	17:40000000	rs1901187	True	TNS4	0.9838531920867468	36	genic	False		False	
11:66322836	11:66000000	rs1190621	True	RIN1	0.7194426153235394	6	intergenic	False		False	
12:21757861	12:21500000	rs10841893	False		0.0	0		False		False	
3:168794155	3:168500000	rs1522983	False		0.0	0		False		False	
1:70978951	1:70500000	rs541667	False		0.0	0		False		False	
15:77978742	15:77500000	rs11631951	False		0.0	0		False		False	
4:139516879	4:139500000	rs2725772	False		0.0	0		False		False	
6:43515140	6:43500000	rs12661262	False		0.0	0		False		False	
1:34876494	1:34500000	rs11264126	False		0.0	0		False		False	
2:182018319	2:182000000	rs34024596	False		0.0	0		False		False	
15:31393924	15:31000000	rs6493639	True	KLF13	0.7867097466928071	1	intergenic	False		False	
5:115262507	5:115000000	rs267307	False		0.0	0		False		False	
2:218334281	2:218000000	rs10932777	True	CATIP	0.7308049099246885	1	genic	False		False	
5:119111986	5:119000000	rs6895651	False		0.0	0		False		False	
15:43123175	15:43000000	rs11632120	True	CCNDBP1;UBR1	0.9783907881723424	230	intergenic	False		False	
12:109993163	12:109500000	rs1027949	False		0.0	0		False		False	
9:129627960	9:129500000	rs1861782	True	NTMT1	0.9999678369815972	5	genic;promoter	False		False	
2:219644361	2:219500000	rs619540	False		0.0	0		False		False	
3:149781234	3:149500000	rs9865665	False		0.0	0		False		False	
19:52891609	19:52500000	rs10417915	False		0.0	0		False		False	
3:99175390	3:99000000	rs2687671	False		0.0	0		False		False	
17:64491739	17:64000000	rs6504234	True	MILR1	0.6787172409841161	1	genic	False		False	
16:29911667	16:29500000	rs8047140	False		0.0	0		False		False	
2:98586545	2:98500000	rs3754874	False		0.0	0		False		False	
11:129826137	11:129500000	rs2249351	False		0.0	0		False		False	
10:75466750	10:75000000	rs4384335	False		0.0	0		False		False	
2:110694239	2:110500000	rs11887934	False		0.0	0		False		False	
12:113245312	12:113000000	rs10850133	True	SLC8B1	0.6193696016013782	1	genic	False		False	
17:28033843	17:28000000	rs77226682	False		0.0	0		False		False	
6:157380715	6:157000000	rs2749663	True	TMEM242	0.8558134527455424	28	intergenic	False		False	
11:71937920	11:71500000	rs7103210	False		0.0	0		False		False	
8:81571357	8:81500000	rs7010208	False		0.0	0		False		False	
11:73003738	11:73000000	rs113593662	False		0.0	0		False		False	
22:50448128	22:50000000	rs6010041	False		0.0	0		False		False	
7:92576448	7:92500000	rs6962090	False		0.0	0		False		False	
5:73691585	5:73500000	rs10942685	True	ARHGEF28	0.7270814669102534	2	genic	False		False	
15:93017101	15:93000000	rs1545189	False		0.0	0		False		False	
2:210005571	2:210000000	rs114593068	False		0.0	0		False		False	
6:157381015	6:157000000	rs2749664	False		0.0	0		False		False	
5:39010107	5:39000000	rs1239274	False		0.0	0		False		False	
8:43379051	8:43000000	rs2020394	False		0.0	0		False		False	
22:23997244	22:23500000	rs6004014	False		0.0	0		False		False	
6:13638752	6:13500000	rs4715451	False		0.0	0		False		False	
17:38675699	17:38500000	rs4795309	False		0.0	0		False		False	
9:136571182	9:136500000	rs7042742	False		0.0	0		False		False	
11:61486904	11:61000000	rs3019188	False		0.0	0		False		False	
2:23489308	2:23000000	rs934363	False		0.0	0		False		False	
2:33067561	2:33000000	rs219086	False		0.0	0		False		False	
12:113477706	12:113000000	rs17704459	False		0.0	0		False		False	
19:42450984	19:42000000	rs11668599	True	CEACAM1	0.8787003572144516	26	intergenic	False		False	
7:2357003	7:2000000	rs6952433	False		0.0	0		False		False	
22:38481913	22:38000000	rs138435	False		0.0	0		False		False	
7:55894288	7:55500000	rs10252442	False		0.0	0		False		False	
10:110149493	10:110000000	rs17127128	False		0.0	0		False		False	
16:4397969	16:4000000	rs1291697	False		0.0	0		False		False	
14:22767315	14:22500000	rs8572	False		0.0	0		False		False	
18:3585919	18:3500000	rs588163	False		0.0	0		False		False	
12:56222583	12:56000000	rs1274495	False		0.0	0		False		False	
9:6566602	9:6500000	rs7039182	True	UHRF2	0.9186269603148788	10	genic	False		False	
9:112379854	9:112000000	rs4979110	False		0.0	0		False		False	
11:64855397	11:64500000	rs10897533	True	CDC42BPG;EHD1	0.9616134764587528	97	genic	False		False	
8:17003674	8:17000000	rs3763549	False		0.0	0		False		False	
12:68591425	12:68500000	rs1966751	True	RAP1B	0.8725396810263049	2	intergenic	False		False	
14:21499294	14:21000000	rs3168880	False		0.0	0		False		False	
8:97700960	8:97500000	rs17752436	False		0.0	0		False		False	
8:60237690	8:60000000	rs10081509	False		0.0	0		False		False	
1:248707520	1:248500000	rs12568511	False		0.0	0		False		False	
1:161081768	1:161000000	rs12401309	False		0.0	0		False		False	
6:85489611	6:85000000	rs9450284	False		0.0	0		False		False	
17:77489877	17:77000000	rs414340	False		0.0	0		False		False	
17:35875664	17:35500000	rs16971620	False		0.0	0		False		False	
11:36511415	11:36500000	rs5030414	False		0.0	0		False		False	
16:53499315	16:53000000	rs1861351	False		0.0	0		False		False	
11:45920293	11:45500000	rs7115790	False		0.0	0		False		False	
7:35185906	7:35000000	rs10262841	True	TBX20	0.9576065001535544	9	intergenic	False		False	
3:15000529	3:15000000	rs6805692	False		0.0	0		False		False	
9:113500045	9:113500000	rs72761965	True	RGS3	0.973570469690889	21	intergenic	False		False	
15:56737594	15:56500000	rs7176472	False		0.0	0		False		False	
12:113234772	12:113000000	rs1458366	False		0.0	0		False		False	
5:115484549	5:115000000	rs1820077	False		0.0	0		False		False	
4:39376026	4:39000000	rs2062228	False		0.0	0		False		False	
15:90007771	15:90000000	rs11073896	False		0.0	0		False		False	
13:60391348	13:60000000	rs1390156	False		0.0	0		False		False	
16:53217014	16:53000000	rs1984470	False		0.0	0		False		False	
1:86998412	1:86500000	rs17099785	False		0.0	0		False		False	
1:212004921	1:212000000	rs61828532	False		0.0	0		False		False	
13:41253434	13:41000000	rs9532755	False		0.0	0		False		False	
9:121746971	9:121500000	rs10818589	False		0.0	0		False		False	
2:23825313	2:23500000	rs6748701	False		0.0	0		False		False	
9:101477419	9:101000000	rs4743461	False		0.0	0		False		False	
17:61891639	17:61500000	rs753765	False		0.0	0		False		False	
7:143505171	7:143500000	rs2949752	False		0.0	0		False		False	
3:146109277	3:146000000	rs7642940	False		0.0	0		False		False	
4:16001552	4:16000000	rs2677778	False		0.0	0		False		False	
18:966480	18:500000	rs7506297	True	ADCYAP1	0.9337305215231284	4	intergenic	False		False	
14:74257557	14:74000000	rs8016365	True	ABCD4	0.83046719018665	28	genic	False		False	
11:73745459	11:73500000	rs4944865	False		0.0	0		False		False	
12:57281420	12:57000000	rs7397991	False		0.0	0		False		False	
13:114339973	13:114000000	rs9562202	False		0.0	0		False		False	
12:107555230	12:107500000	rs10861754	False		0.0	0		False		False	
16:67525433	16:67500000	rs118161478	False		0.0	0		False		False	
3:44761331	3:44500000	rs1876223	False		0.0	0		False		False	
1:27523427	1:27500000	rs4373782	False		0.0	0		False		False	
11:104918779	11:104500000	rs632806	True	CASP4	0.8166003031884956	7	intergenic	False		False	
1:227999495	1:227500000	rs11590118	False		0.0	0		False		False	
8:98193384	8:98000000	rs3735887	False		0.0	0		False		False	
2:187592552	2:187500000	rs4366866	False		0.0	0		False		False	
17:4395961	17:4000000	rs9909751	False		0.0	0		False		False	
2:238160439	2:238000000	rs11684091	False		0.0	0		False		False	
3:25830785	3:25500000	rs4681079	True	OXSM	0.9230579829446526	3	intergenic	False		False	
5:112349635	5:112000000	rs2140626	False		0.0	0		False		False	
2:74646178	2:74500000	rs6718184	False		0.0	0		False		False	
12:53203308	12:53000000	rs7139068	False		0.0	0		False		False	
9:96681230	9:96500000	rs6477616	False		0.0	0		False		False	
22:37499908	22:37000000	rs2015819	True	MFNG	0.7660636296033332	2	genic	False		False	
13:75415254	13:75000000	rs7990050	False		0.0	0		False		False	
19:1189483	19:1000000	rs9304882	False		0.0	0		False		False	
10:581271	10:500000	rs1672535	False		0.0	0		False		False	
15:44529993	15:44500000	rs10518981	False		0.0	0		False		False	
6:36431343	6:36000000	rs7741260	False		0.0	0		False		False	
4:103011818	4:103000000	rs76281393	False		0.0	0		False		False	
1:160975095	1:160500000	rs2249409	False		0.0	0		False		False	
5:134224006	5:134000000	rs254051	False		0.0	0		False		False	
12:95079382	12:95000000	rs7970670	False		0.0	0		False		False	
4:3407632	4:3000000	rs1730768	False		0.0	0		False		False	
6:10685828	6:10500000	rs4712827	False		0.0	0		False		False	
8:85636122	8:85500000	rs10504814	True	CA2	0.7040577146353276	2	intergenic	False		False	
20:47512735	20:47500000	rs6094723	False		0.0	0		False		False	
11:74010163	11:74000000	rs78604943	False		0.0	0		False		False	
9:71985601	9:71500000	rs10869073	False		0.0	0		False		False	
16:69109674	16:69000000	rs2232228	False		0.0	0		False		False	
10:117074790	10:117000000	rs1898357	False		0.0	0		False		False	
16:4787361	16:4500000	rs741695	False		0.0	0		False		False	
17:36486103	17:36000000	rs7217798	False		0.0	0		False		False	
1:183262923	1:183000000	rs659712	False		0.0	0		False		False	
17:78876003	17:78500000	rs1531795	False		0.0	0		False		False	
5:134174693	5:134000000	rs2300065	False		0.0	0		False		False	
6:78911497	6:78500000	rs9361468	True	IRAK1BP1	0.8885617226394656	5	intergenic	False		False	
19:51351047	19:51000000	rs10413706	False		0.0	0		False		False	
9:127979614	9:127500000	rs1571141	True	DPM2;PIP5KL1	0.9460700896891816	56	intergenic	False		False	
5:83307025	5:83000000	rs387002	False		0.0	0		False		False	
1:3490227	1:3000000	rs2821040	True	ARHGEF16;MEGF6	0.8519863283514375	9	genic	False		False	
8:53959197	8:53500000	rs72614663	False		0.0	0		False		False	
14:103476332	14:103000000	rs4906329	False		0.0	0		False		False	
14:104093286	14:104000000	rs941952	False		0.0	0		False		False	
7:129206487	7:129000000	rs2228617	False		0.0	0		False		False	
19:752878	19:500000	rs11882442	False		0.0	0		False		False	
9:33818743	9:33500000	rs216365	True	PRSS3	0.7689098399831873	1	genic	False		False	
14:31568956	14:31500000	rs1548057	False		0.0	0		False		False	
3:170270048	3:170000000	rs9839371	False		0.0	0		False		False	
12:113314285	12:113000000	rs10774689	False		0.0	0		False		False	
6:90097116	6:90000000	rs990482	False		0.0	0		False		False	
3:44344813	3:44000000	rs10865934	False		0.0	0		False		False	
9:18494534	9:18000000	rs4961653	False		0.0	0		False		False	
15:23648164	15:23500000	rs850818	False		0.0	0		False		False	
2:95232019	2:95000000	rs6725821	True	KCNIP3;PROM2	0.8775525843110801	18	intergenic	False		False	
17:35059842	17:35000000	rs8065886	True	RFFL	0.9142813401016342	1	genic	False		False	
12:111052849	12:111000000	rs76643428	False		0.0	0		False		False	
3:112573031	3:112500000	rs766968	False		0.0	0		False		False	
6:150987578	6:150500000	rs487215	False		0.0	0		False		False	
17:76080334	17:76000000	rs2257020	False		0.0	0		False		False	
7:143334434	7:143000000	rs6947788	False		0.0	0		False		False	
10:124677444	10:124500000	rs897277	False		0.0	0		False		False	
11:1803377	11:1500000	rs4752761	False		0.0	0		False		False	
14:105496322	14:105000000	rs7492357	False		0.0	0		False		False	
4:78662548	4:78500000	rs12711032	True	BMP2K	0.6699173243836459	1	genic	False		False	
9:125446648	9:125000000	rs10760398	False		0.0	0		False		False	
4:175254975	4:175000000	rs493096	False		0.0	0		False		False	
19:50727811	19:50500000	rs919276	True	SHANK1	0.7912864895656737	1	intergenic	False		False	
14:44899025	14:44500000	rs3736747	False		0.0	0		False		False	
9:114503126	9:114500000	rs2296262	False		0.0	0		False		False	
1:51296415	1:51000000	rs12074459	True	RNF11	0.9150969065060248	48	genic	False		False	
18:9428422	18:9000000	rs751355	False		0.0	0		False		False	
12:111991665	12:111500000	rs12423126	False		0.0	0		False		False	
22:31220315	22:31000000	rs1034588	True	LIMK2	0.9106296142098412	5	intergenic	False		False	
11:6094431	11:6000000	rs10839479	False		0.0	0		False		False	
4:143907834	4:143500000	rs2036880	False		0.0	0		False		False	
15:64450471	15:64000000	rs7172012	False		0.0	0		False		False	
12:100554737	12:100500000	rs35739	False		0.0	0		False		False	
12:54353322	12:54000000	rs11170880	False		0.0	0		False		False	
1:112795794	1:112500000	rs10745335	False		0.0	0		False		False	
4:8310431	4:8000000	rs4286505	False		0.0	0		False		False	
9:137152230	9:137000000	rs12238250	False		0.0	0		False		False	
10:13517929	10:13500000	rs2399974	False		0.0	0		False		False	
17:49513657	17:49500000	rs11466164	True	NGFR	0.9008597151532072	7	genic	False		False	
19:5886721	19:5500000	rs1674159	False		0.0	0		False		False	
16:8983079	16:8500000	rs11075084	False		0.0	0		False		False	
15:41585762	15:41500000	rs12915829	False		0.0	0		False		False	
9:136800069	9:136500000	rs4546744	True	LCN15;LCN8;TMEM141	0.854039234974781	36	genic	False		False	
4:128914539	4:128500000	rs318542	False		0.0	0		False		False	
11:63511149	11:63500000	rs2239679	False		0.0	0		False		False	
14:34484221	14:34000000	rs8011795	False		0.0	0		False		False	
13:81015837	13:81000000	rs4573815	False		0.0	0		False		False	
17:78806566	17:78500000	rs4796817	False		0.0	0		False		False	
11:44555918	11:44500000	rs1429554	False		0.0	0		False		False	
7:117495158	7:117000000	rs17545644	True	CFTR	0.8952251187241451	13	genic	False		False	
2:177413760	2:177000000	rs10754988	False		0.0	0		False		False	
4:2068247	4:2000000	rs2754210	False		0.0	0		False		False	
10:4199355	10:4000000	rs7096293	False		0.0	0		False		False	
17:18004454	17:18000000	rs11656629	False		0.0	0		False		False	
1:147700593	1:147500000	rs1418651	False		0.0	0		False		False	
16:3124544	16:3000000	rs443540	True	IL32;ZNF205;ZNF213	0.978840959752192	311	intergenic	False		False	
9:37432267	9:37000000	rs309455	False		0.0	0		False		False	
9:88397568	9:88000000	rs10868772	False		0.0	0		False		False	
19:49664469	19:49500000	rs2304207	False		0.0	0		False		False	
15:73742907	15:73500000	rs4887122	False		0.0	0		False		False	
2:65171134	2:65000000	rs138177811	False		0.0	0		False		False	
21:44991969	21:44500000	rs9974294	False		0.0	0		False		False	
14:102184599	14:102000000	rs11850202	False		0.0	0		False		False	
1:160982919	1:160500000	rs2250304	False		0.0	0		False		False	
20:54554257	20:54500000	rs16999764	False		0.0	0		False		False	
10:110918333	10:110500000	rs7923004	False		0.0	0		False		False	
20:62573201	20:62500000	rs4619692	False		0.0	0		False		False	
20:1561586	20:1500000	rs2422615	False		0.0	0		False		False	
5:485814	5:0	rs3756711	False		0.0	0		False		False	
12:109991827	12:109500000	rs16940760	False		0.0	0		False		False	
6:17388498	6:17000000	rs9383281	False		0.0	0		False		False	
7:143264037	7:143000000	rs17164171	False		0.0	0		False		False	
15:48500257	15:48500000	rs149552861	False		0.0	0		False		False	
11:73581040	11:73500000	rs10501411	False		0.0	0		False		False	
11:75278232	11:75000000	rs1676890	False		0.0	0		False		False	
1:204146349	1:204000000	rs940652	False		0.0	0		False		False	
7:1574625	7:1500000	rs10274145	False		0.0	0		False		False	
9:136644302	9:136500000	rs914746	False		0.0	0		False		False	
19:46660517	19:46500000	rs873286	False		0.0	0		False		False	
1:207397698	1:207000000	rs2490255	False		0.0	0		False		False	
14:39267476	14:39000000	rs7140561	False		0.0	0		False		False	
16:85482310	16:85000000	rs7200732	False		0.0	0		False		False	
9:36489164	9:36000000	rs3824425	False		0.0	0		False		False	
1:152313454	1:152000000	rs11584340	False		0.0	0		False		False	
16:74431498	16:74000000	rs3863435	False		0.0	0		False		False	
10:125998228	10:125500000	rs885565	False		0.0	0		False		False	
2:186485514	2:186000000	rs1451874	False		0.0	0		False		False	
6:113492666	6:113000000	rs9372365	False		0.0	0		False		False	
3:50501564	3:50500000	rs57361338	False		0.0	0		False		False	
1:23868372	1:23500000	rs2070953	False		0.0	0		False		False	
11:111418592	11:111000000	rs9667649	False		0.0	0		False		False	
1:90839568	1:90500000	rs1188933	False		0.0	0		False		False	
18:58612753	18:58500000	rs4940731	False		0.0	0		False		False	
4:184638333	4:184500000	rs2705901	False		0.0	0		False		False	
13:51966954	13:51500000	rs4941716	False		0.0	0		False		False	
19:18117521	19:18000000	rs273476	True	MAST3	0.9650682041500394	60	genic	False		False	
15:74995034	15:74500000	rs7172715	False		0.0	0		True	PPCDC	False	
2:148981618	2:148500000	rs11901442	False		0.0	0		False		False	
20:49656637	20:49500000	rs2273086	False		0.0	0		False		False	
3:50501169	3:50500000	rs61018691	False		0.0	0		False		False	
1:151457575	1:151000000	rs4971047	False		0.0	0		False		False	
3:5184088	3:5000000	rs459289	False		0.0	0		False		False	
2:132147104	2:132000000	rs7584150	False		0.0	0		False		False	
1:1223251	1:1000000	rs6603781	False		0.0	0		False		False	
11:30150292	11:30000000	rs480269	False		0.0	0		False		False	
1:44704340	1:44500000	rs12088087	False		0.0	0		False		False	
17:41308484	17:41000000	rs2074284	False		0.0	0		False		False	
18:3993902	18:3500000	rs4797135	False		0.0	0		False		False	
22:24497053	22:24000000	rs1015011	False		0.0	0		False		False	
6:157376563	6:157000000	rs2800447	False		0.0	0		False		False	
3:138780642	3:138500000	rs10676431	True	PIK3CB	0.9529829279748248	2	intergenic	False		False	
16:28508372	16:28500000	rs78225763	False		0.0	0		False		False	
17:60248507	17:60000000	rs237969	False		0.0	0		False		False	
7:108005048	7:108000000	rs2395814	False		0.0	0		False		False	
8:47561234	8:47500000	rs78839578	False		0.0	0		False		False	
12:110451678	12:110000000	rs3759382	False		0.0	0		False		False	
8:84625744	8:84500000	rs4302839	False		0.0	0		False		False	
6:107318210	6:107000000	rs2430464	False		0.0	0		False		False	
20:41512656	20:41500000	rs2145040	False		0.0	0		False		False	
17:81379355	17:81000000	rs11651296	False		0.0	0		False		False	
9:72292681	9:72000000	rs4745182	False		0.0	0		False		False	
16:89483154	16:89000000	rs8043788	False		0.0	0		False		False	
19:47003095	19:47000000	rs11548674	True	NPAS1	0.8967217134531642	34	genic	False		False	
14:102499659	14:102000000	rs1044503	True	ANKRD9	0.991039416274651	31	genic	False		False	
3:197179062	3:197000000	rs9857189	False		0.0	0		False		False	
1:31215264	1:31000000	rs6672056	False		0.0	0		False		False	
7:103344764	7:103000000	rs2074624	False		0.0	0		False		False	
7:144517829	7:144500000	rs1860265	False		0.0	0		False		False	
6:127464749	6:127000000	rs7775814	False		0.0	0		False		False	
4:3942299	4:3500000	rs7676066	False		0.0	0		False		False	
12:82383993	12:82000000	rs10746244	False		0.0	0		False		False	
2:189110232	2:189000000	rs4128539	True	COL5A2	0.8588052704865772	2	genic	False		False	
10:44511683	10:44500000	rs1253752	True	CXCL12	0.7001403635726018	1	intergenic	False		False	
3:134709286	3:134500000	rs6784382	False		0.0	0		False		False	
1:233801273	1:233500000	rs12117523	False		0.0	0		False		False	
11:102278672	11:102000000	rs7938514	False		0.0	0		False		False	
3:123759579	3:123500000	rs1378812	False		0.0	0		False		False	
11:67075879	11:67000000	rs7932636	False		0.0	0		False		False	
17:4368497	17:4000000	rs8064596	False		0.0	0		False		False	
11:65985381	11:65500000	rs645571	False		0.0	0		False		False	
7:55898655	7:55500000	rs2331096	False		0.0	0		False		False	
19:42330599	19:42000000	rs1676222	False		0.0	0		False		False	
1:203052562	1:203000000	rs4950875	False		0.0	0		False		False	
18:21663703	18:21500000	rs2305684	False		0.0	0		False		False	
1:33296061	1:33000000	rs12041371	True	A3GALT2	0.9730917859675586	13	genic	False		False	
2:39665233	2:39500000	rs12989245	False		0.0	0		False		False	
14:24011912	14:24000000	rs12589873	False		0.0	0		False		False	
10:122022898	10:122000000	rs11596204	False		0.0	0		False		False	
12:7994770	12:7500000	rs7294894	False		0.0	0		False		False	
11:73563829	11:73500000	rs17310374	False		0.0	0		False		False	
9:109415675	9:109000000	rs10759342	False		0.0	0		False		False	
5:151775322	5:151500000	rs3812004	False		0.0	0		False		False	
17:38296938	17:38000000	rs12149967	False		0.0	0		False		False	
2:218262012	2:218000000	rs1567869	False		0.0	0		False		False	
19:1181718	19:1000000	rs2019107	True	SBNO2	0.90583955285703	10	intergenic	False		False	
19:9982352	19:9500000	rs10412065	False		0.0	0		False		False	
2:31992337	2:31500000	rs2116030	False		0.0	0		False		False	
8:66642122	8:66500000	rs11787419	False		0.0	0		False		False	
22:41620695	22:41500000	rs2267437	False		0.0	0		False		False	
5:176496353	5:176000000	rs2963669	False		0.0	0		False		False	
1:42675394	1:42500000	rs4660654	False		0.0	0		False		False	
3:156761295	3:156500000	rs344048	False		0.0	0		False		False	
3:150227058	3:150000000	rs6764337	False		0.0	0		False		False	
18:11823395	18:11500000	rs1647553	True	GNAL	0.9085835915670184	1	genic	False		False	
4:53372252	4:53000000	rs3986364	False		0.0	0		False		False	
11:64757992	11:64500000	rs490980	False		0.0	0		False		False	
12:110111728	12:110000000	rs11832936	True	IFT81	0.9577748631031412	2	intergenic	False		False	
22:40819733	22:40500000	rs138330	False		0.0	0		False		False	
17:16516111	17:16500000	rs2981614	False		0.0	0		False		False	
21:33316609	21:33000000	rs2409488	False		0.0	0		False		False	
2:27212382	2:27000000	rs1275533	False		0.0	0		False		False	
14:23006817	14:23000000	rs3751498	True	AJUBA;HAUS4;PSMB11	0.9869135435791534	142	genic	False		False	
6:158553781	6:158500000	rs11967873	False		0.0	0		False		False	
1:92979213	1:92500000	rs770883	False		0.0	0		False		False	
15:43104639	15:43000000	rs12913112	False		0.0	0		False		False	
10:28254787	10:28000000	rs11006956	False		0.0	0		False		False	
13:75514083	13:75500000	rs9600483	False		0.0	0		False		False	
9:136578162	9:136500000	rs7046156	False		0.0	0		False		False	
4:70885378	4:70500000	rs1026677	False		0.0	0		False		False	
1:145737064	1:145500000	rs1778523	True	CD160	0.9031041616120582	11	genic	False		False	
1:47180323	1:47000000	rs2245122	True	PDZK1IP1	0.993301629642896	3	intergenic	False		False	
2:201060009	2:201000000	rs7604223	False		0.0	0		False		False	
4:2003204	4:2000000	rs231193	False		0.0	0		False		False	
16:9473636	16:9000000	rs4780426	False		0.0	0		False		False	
2:178293219	2:178000000	rs836882	False		0.0	0		False		False	
1:153568097	1:153500000	rs3762270	False		0.0	0		False		False	
6:138009489	6:138000000	rs9389547	False		0.0	0		False		False	
19:10587658	19:10500000	rs2043306	False		0.0	0		False		False	
12:92001085	12:92000000	12_92394861_G_C	False		0.0	0		False		False	
4:26589364	4:26500000	rs13140786	False		0.0	0		False		False	
21:15850174	21:15500000	rs17307197	False		0.0	0		False		False	
4:118112339	4:118000000	rs4569819	False		0.0	0		False		False	
6:26455841	6:26000000	rs9295690	False		0.0	0		False		False	
9:100503479	9:100500000	rs11794817	False		0.0	0		False		False	
7:143209341	7:143000000	rs476826	False		0.0	0		False		False	
12:117499144	12:117000000	rs1093298	False		0.0	0		False		False	
11:61345330	11:61000000	rs2305465	False		0.0	0		False		False	
2:218257743	2:218000000	rs6743642	False		0.0	0		False		False	
1:151574455	1:151500000	rs6660238	False		0.0	0		False		False	
1:31818647	1:31500000	rs6675370	True	SPOCD1	0.7423067490557105	4	intergenic	False		False	
1:32716437	1:32500000	rs702838	False		0.0	0		False		False	
12:113476534	12:113000000	rs12819396	False		0.0	0		False		False	
19:587162	19:500000	rs4919812	False		0.0	0		False		False	
12:46473172	12:46000000	rs7488577	False		0.0	0		False		False	
17:73248027	17:73000000	rs1472454	False		0.0	0		False		False	
4:80152122	4:80000000	rs2867696	False		0.0	0		False		False	
19:49983682	19:49500000	rs3786669	False		0.0	0		False		False	
16:2597875	16:2500000	rs10866	False		0.0	0		False		False	
7:39703368	7:39500000	rs7776621	False		0.0	0		False		False	
7:4971362	7:4500000	rs2942562	False		0.0	0		False		False	
2:96818046	2:96500000	rs7608621	False		0.0	0		False		False	
17:77489398	17:77000000	rs429215	False		0.0	0		False		False	
12:6900438	12:6500000	rs2187611	True	LRRC23	0.7963219022773333	11	intergenic	False		False	
19:14787436	19:14500000	rs8107904	True	ADGRE2	0.9905758620490182	6	intergenic	False		False	
12:110578825	12:110500000	rs16940902	True	RAD9B;TCTN1;VPS29	0.8569878569332446	5	genic	False		False	
1:54502821	1:54500000	rs299881	False		0.0	0		False		False	
9:131442607	9:131000000	rs2966343	False		0.0	0		False		False	
5:157893268	5:157500000	rs1186919	False		0.0	0		False		False	
1:1680556	1:1500000	rs4074196	False		0.0	0		False		False	
4:107760663	4:107500000	rs4585383	False		0.0	0		False		False	
15:48150085	15:48000000	rs12914834	True	MYEF2	0.9251747699685808	9	genic	False		False	
11:72058906	11:72000000	rs567026	False		0.0	0		False		False	
5:179606093	5:179500000	rs4701139	False		0.0	0		False		False	
4:158254688	4:158000000	rs1360067	False		0.0	0		False		False	
9:137423974	9:137000000	rs11497278	True	ENTPD8	0.6028744385610061	1	genic	False		False	
1:51087166	1:51000000	rs4073099	False		0.0	0		False		False	
15:85339234	15:85000000	rs7163540	False		0.0	0		False		False	
4:1814263	4:1500000	rs4865477	False		0.0	0		False		False	
3:134709946	3:134500000	rs11915953	False		0.0	0		False		False	
15:55285661	15:55000000	rs12903378	False		0.0	0		False		False	
3:55631862	3:55500000	rs843800	False		0.0	0		False		False	
14:23322013	14:23000000	rs10438012	True	BCL2L2	0.9317038261938436	40	genic	False		False	
15:72584182	15:72500000	rs16957159	False		0.0	0		False		False	
2:65180628	2:65000000	rs1960442	False		0.0	0		False		False	
13:99055515	13:99000000	rs9517574	False		0.0	0		False		False	
14:61730580	14:61500000	rs12434438	False		0.0	0		False		False	
11:61513815	11:61500000	rs1057547	False		0.0	0		False		False	
1:27644991	1:27500000	rs1292081	False		0.0	0		False		False	
3:151210697	3:151000000	rs1220997	False		0.0	0		False		False	
10:22504064	10:22500000	rs11599280	False		0.0	0		False		False	
1:153486132	1:153000000	rs2026563	False		0.0	0		False		False	
1:158185303	1:158000000	rs422236	False		0.0	0		False		False	
1:145730169	1:145500000	rs12755149	False		0.0	0		False		False	
6:71496094	6:71000000	rs489755	False		0.0	0		False		False	
2:112258901	2:112000000	rs4471897	False		0.0	0		False		False	
2:11783292	2:11500000	rs4129757	False		0.0	0		False		False	
3:37054533	3:37000000	rs749072	False		0.0	0		False		False	
2:9559184	2:9500000	rs12474540	False		0.0	0		False		False	
5:134438477	5:134000000	rs328040	False		0.0	0		False		False	
9:121634032	9:121500000	rs555996	False		0.0	0		False		False	
6:79219013	6:79000000	rs1414280	False		0.0	0		False		False	
17:18018847	17:18000000	rs11652819	False		0.0	0		False		False	
2:96822961	2:96500000	rs1317911	False		0.0	0		False		False	
17:31413321	17:31000000	rs7502871	False		0.0	0		False		False	
2:174010861	2:174000000	rs55897814	False		0.0	0		False		False	
2:223909693	2:223500000	rs519275	True	WDFY1	0.8268595291211868	1	genic	False		False	
12:55722099	12:55500000	rs3138139	False		0.0	0		False		False	
16:30128579	16:30000000	rs4787493	False		0.0	0		False		False	
8:102999543	8:102500000	rs582100	False		0.0	0		False		False	
6:35302802	6:35000000	rs9380501	True	PPARD	0.8425957394721069	38	genic	False		False	
10:86486285	10:86000000	rs7900701	False		0.0	0		False		False	
9:88392214	9:88000000	rs12339977	False		0.0	0		False		False	
1:6057111	1:6000000	rs3789553	False		0.0	0		False		False	
1:89832746	1:89500000	rs2186184	False		0.0	0		False		False	
7:143243930	7:143000000	rs10248147	False		0.0	0		False		False	
8:95226180	8:95000000	rs894151	False		0.0	0		False		False	
20:47518851	20:47500000	rs3091997	False		0.0	0		False		False	
11:71931478	11:71500000	rs2155142	False		0.0	0		False		False	
1:44727085	1:44500000	rs11801990	False		0.0	0		False		False	
4:39481495	4:39000000	rs2687980	False		0.0	0		False		False	
13:43597359	13:43500000	rs9594979	False		0.0	0		False		False	
1:52003346	1:52000000	rs6698028	False		0.0	0		False		False	
3:198082104	3:198000000	rs9877345	False		0.0	0		False		False	
1:24803367	1:24500000	rs7533367	False		0.0	0		False		False	
15:44736389	15:44500000	rs3759878	True	TRIM69	0.9999999979113116	154	promoter	False		False	
6:35685660	6:35500000	rs10947563	True	FKBP5	0.8079965973384321	1	genic	True	FKBP5	True	FKBP5
18:62944662	18:62500000	rs551944	False		0.0	0		False		False	
14:53127673	14:53000000	rs9323237	False		0.0	0		False		False	
8:43139740	8:43000000	rs4523300	True	POMK	0.7342076649680523	1	intergenic	False		False	
1:202839046	1:202500000	rs4245714	False		0.0	0		False		False	
11:119712122	11:119500000	rs4409845	False		0.0	0		False		False	
5:179821774	5:179500000	rs502729	True	MGAT4B;TBC1D9B	0.8692797629581708	60	genic	False		False	
6:42226702	6:42000000	rs9394889	True	MRPS10	0.7206171292648892	7	genic	False		False	
3:114502533	3:114500000	rs10428178	False		0.0	0		False		False	
6:157967795	6:157500000	rs6921660	True	SYNJ2	0.8088579198259097	4	intergenic	False		False	
1:211636155	1:211500000	rs10779565	False		0.0	0		False		False	
2:171717662	2:171500000	rs11887208	False		0.0	0		False		False	
14:54503542	14:54500000	rs61985959	False		0.0	0		False		False	
15:89174767	15:89000000	rs4932212	False		0.0	0		False		False	
18:34707936	18:34500000	rs11663468	True	DTNA	0.9826620583193704	45	intergenic	False		False	
19:495722	19:0	rs758503	False		0.0	0		False		False	
4:37902135	4:37500000	rs2279027	False		0.0	0		False		False	
2:38075651	2:38000000	rs2551188	True	CYP1B1	0.9999998774514316	184	genic;promoter	False		False	
16:77183313	16:77000000	rs9939130	False		0.0	0		False		False	
14:77594890	14:77500000	rs12878099	False		0.0	0		False		False	
22:25415004	22:25000000	rs133274	False		0.0	0		False		False	
15:35512667	15:35500000	rs16961146	False		0.0	0		False		False	
15:65056357	15:65000000	rs7172429	True	RASL12;SLC51B	0.8856076908471325	6	genic	False		False	
6:149485416	6:149000000	rs2179368	False		0.0	0		False		False	
7:1555432	7:1500000	rs17852421	True	PSMG3	0.7298365661168215	2	genic	False		False	
5:64869516	5:64500000	rs13179557	False		0.0	0		False		False	
6:3000069	6:3000000	rs2071002	False		0.0	0		False		False	
3:52240726	3:52000000	rs4082828	True	GLYCTK;TLR9	0.976488194357396	37	intergenic	True	SEMA3G	True	SEMA3G
16:67499395	16:67000000	rs3893749	False		0.0	0		False		False	
14:88999190	14:88500000	rs1287644	False		0.0	0		False		False	
9:2802128	9:2500000	rs10968203	False		0.0	0		False		False	
11:2166252	11:2000000	rs4072826	False		0.0	0		False		False	
14:37969051	14:37500000	rs17554993	False		0.0	0		False		False	
2:23817536	2:23500000	rs2339925	False		0.0	0		False		False	
14:71131325	14:71000000	rs221905	False		0.0	0		False		False	
19:586822	19:500000	rs12609751	False		0.0	0		False		False	
8:54023722	8:54000000	rs9298497	False		0.0	0		False		False	
8:48009821	8:48000000	rs45467401	False		0.0	0		False		False	
9:26893664	9:26500000	rs7038314	False		0.0	0		False		False	
5:43482713	5:43000000	rs6451706	False		0.0	0		False		False	
8:144351110	8:144000000	rs7016335	True	SLC52A2	0.7444444964029325	1	intergenic	False		False	
11:10942158	11:10500000	rs523397	False		0.0	0		False		False	
1:51732511	1:51500000	rs6695389	False		0.0	0		False		False	
