locus_500kb	gene_symbol	SNP	position	source_set	score_band	primary_axis	n_traits	n_families	max_score	candidate_gene_count	ot_gwas_cs_max_pip	ot_l2g_max_score_for_candidate_gene	same_gene_l2g	same_gene_top_l2g	same_gene_e2g	same_gene_l2g_coloc_feature	same_gene_ot_coloc_h4_ge_0_8	same_gene_ot_coloc_clpp_ge_0_01	same_gene_standalone_e2g_interval	standalone_e2g_max_score	same_gene_eqtl_catalogue_pip_ge_0_1	same_gene_eqtl_catalogue_pip_ge_0_5	same_gene_abc_nasser	same_gene_abc_nasser_score_ge_0_05	abc_nasser_max_score	abc_nasser_biosample_count	same_gene_pqtl_h4_ge_0_8	max_coloc_h4	max_coloc_clpp	n_h4_coloc_study_loci	n_h4_coloc_qtl_types	priority_score	candidate_class	candidate_source	raw_chr	raw_pos	mpravardb_rows	mpravardb_match_types	mpravardb_rsids	mpravardb_genomes	mpravardb_diseases	mpravardb_celllines	mpravardb_studies	mpravardb_min_fdr	mpravardb_max_abs_log2fc	mpravardb_exact_rsid_match	mprabase_rows	mprabase_coordinate_modes	mprabase_genome_builds	mprabase_unique_elements	mprabase_samples	mprabase_studies	mprabase_cell_line_tissues	mprabase_library_strategies	mprabase_max_abs_score	mprabase_exact_rsid_in_element_name	ot_crispr_context_rows	ot_crispr_max_score	ot_crispr_diseases	crispri_flowfish_rows	mpravardb_significant	mprabase_element_overlap	ot_crispr_gene_context	direct_crispri_flowfish_support	any_public_functional_support
17:45000000	MAP3K14	rs1000354	17:45336085	lower_recurrence_exact	moderate_0.2_0.5	systemic_non_neural	9	5	0.21639639	1	0.0	0.0	False	False	False	False	False	False	False	0.0	False	False	False	False	0.0	0	False	0.0	0.0	0	0	123.1279278	clean_single_gene_followup	clean_single_gene_followup	17	45336085	1	exact_rsid_mpra_variant	rs1000354	hg19	Progressive supranuclear palsy	HEK293T	Functional regulatory variants implicate distinct transcriptional networks in dementia (Cooper et al., 2022)	0.887716142	0.027952868	True	0			0							0			0	False	False	False	False	True
4:99500000	DNAJB14	rs10015491	4:99994813	core_exact_n10	hidden_lt0.2	mixed_trait_axis	14	7	0.18480353	1	0.0	0.0	False	False	False	False	False	False	False	0.0	False	False	False	False	0.0	0	False	0.0	0.0	0	0	125.4960706	clean_single_gene_followup	clean_single_gene_followup	4	99994813	0									False	0			0							0			0	False	False	False	False	False
5:138000000	CDC23	rs10038448	5:138180092	core_exact_n10	hidden_lt0.2	mixed_trait_axis	10	7	0.14850534	3	0.2376213116503366	0.1171704307198524	True	True	True	True	True	False	False	0.0	False	False	False	False	0.0	0	False	0.846522415721659	0.0049588004060946	1	1	182.63692846441512	multi_gene_candidate	full_same_gene_stack	5	138180092	0									False	0			0							0			0	False	False	False	False	False
5:138000000	CDC25C	rs10038448	5:138180092	core_exact_n10	hidden_lt0.2	mixed_trait_axis	10	7	0.14850534	3	0.2376213116503366	0.1171704307198524	True	True	True	True	True	False	False	0.0	False	False	False	False	0.0	0	False	0.8837427278621888	0.0068160312934071	9	3	183.0091315858204	multi_gene_candidate	full_same_gene_stack	5	138180092	0									False	0			0							0			0	False	False	False	False	False
5:138000000	FAM53C	rs10038448	5:138180092	core_exact_n10	hidden_lt0.2	mixed_trait_axis	10	7	0.14850534	3	0.2376213116503366	0.1171704307198524	True	True	True	True	True	False	False	0.0	False	False	False	False	0.0	0	False	0.897146382359411	0.0078159085926307	5	2	183.14316813079265	multi_gene_candidate	full_same_gene_stack	5	138180092	0									False	0			0							0			0	False	False	False	False	False
5:134000000	PPP2CA	rs10051026	5:134195758	core_exact_n10	moderate_0.2_0.5	neural_enriched	10	4	0.24208935	2	0.0092994196178391	0.7823355793952942	True	True	True	True	True	False	False	0.0	False	False	False	False	0.0	0	False	0.9133493303252768	0.0094808931983648	9	2	186.9568490972057	low_ambiguity_candidate	full_same_gene_stack	5	134195758	0									False	0			0							2	0.544000015258789	gastric carcinoma;neuroblastoma	0	False	False	True	False	True
5:126500000	C5ORF63	rs10065302	5:126988743	lower_recurrence_exact	moderate_0.2_0.5	systemic_non_neural	9	4	0.32938537	1	0.02239233904841	0.668976902961731	True	True	True	True	True	True	True	0.6586988600885701	False	False	False	False	0.0	0	False	0.9828425198700208	0.0489262209908274	51	3	213.41819422831756	low_ambiguity_candidate	full_same_gene_stack	5	126988743	0									False	0			0							0			0	False	False	False	False	False
22:37500000	GCAT	rs1010287	22:37752261	lower_recurrence_exact	moderate_0.2_0.5	systemic_non_neural	7	5	0.21936181	1	0.0	0.0	False	False	False	False	False	False	False	0.0	False	False	False	False	0.0	0	False	0.0	0.0	0	0	122.7872362	clean_single_gene_followup	clean_single_gene_followup	22	37752261	0									False	0			0							0			0	False	False	False	False	False
8:124000000	TRMT12	rs10105517	8:124465556	lower_recurrence_exact	moderate_0.2_0.5	systemic_non_neural	8	6	0.22226459	1	0.0	0.0	False	False	False	False	False	False	False	0.0	False	False	False	False	0.0	0	False	0.0	0.0	0	0	124.0452918	clean_single_gene_followup	clean_single_gene_followup	8	124465556	0									False	0			0							0			0	False	False	False	False	False
19:18000000	PIK3R2	rs1011320	19:18162237	core_exact_n10	moderate_0.2_0.5	systemic_non_neural	14	6	0.2528325	1	0.0	0.0	False	False	False	False	False	False	False	0.0	False	False	False	False	0.0	0	False	0.0	0.0	0	0	125.85665	clean_single_gene_followup	clean_single_gene_followup	19	18162237	0									False	0			0							0			0	False	False	False	False	False
14:34500000	SNX6	rs10136826	14:34594262	core_exact_n10	moderate_0.2_0.5	neural_enriched	20	5	0.39068308	1	0.0	0.0	False	False	False	False	False	False	False	0.0	False	False	False	False	0.0	0	False	0.0	0.0	0	0	128.8136616	clean_single_gene_followup	clean_single_gene_followup	14	34594262	0									False	0			0							0			0	False	False	False	False	False
14:60500000	SIX1	rs10144292	14:60819774	lower_recurrence_exact	moderate_0.2_0.5	neuro_systemic	8	7	0.44875693	1	0.0	0.0	False	False	False	False	False	False	False	0.0	False	False	False	False	0.0	0	False	0.0	0.0	0	0	129.5751386	clean_single_gene_followup	clean_single_gene_followup	14	60819774	0									False	0			0							0			0	False	False	False	False	False
2:161000000	TANK	rs10164593	2:161125461	core_exact_n10	hidden_lt0.2	neural_enriched	11	5	0.1716581	1	0.0	0.0	False	False	False	False	False	False	False	0.0	False	False	False	False	0.0	0	False	0.0	0.0	0	0	122.633162	clean_single_gene_followup	clean_single_gene_followup	2	161125461	0									False	0			0							0			0	False	False	False	False	False
12:76500000	CSRP2	rs1017784	12:76764639	lower_recurrence_exact	moderate_0.2_0.5	systemic_non_neural	7	6	0.2285663	1	0.0	0.0	False	False	False	False	False	False	False	0.0	False	False	False	False	0.0	0	False	0.0	0.0	0	0	123.971326	clean_single_gene_followup	clean_single_gene_followup	12	76764639	0									False	0			0							0			0	False	False	False	False	False
2:88500000	EIF2AK3	rs10179543	2:88692973	lower_recurrence_exact	moderate_0.2_0.5	systemic_non_neural	9	4	0.28204352	1	0.0028650717117874	0.6460469365119934	True	True	True	True	True	True	False	0.0	True	False	False	False	0.0	0	True	0.9863637761738392	0.0613505275458675	7	3	221.22410712685837	low_ambiguity_candidate	full_same_gene_stack	2	88692973	0									False	0			0							0			0	False	False	False	False	False
2:135000000	ZRANB3	rs10182977	2:135496849	lower_recurrence_exact	moderate_0.2_0.5	systemic_non_neural	7	4	0.2586552	1	0.0081992561709947	0.7740511894226074	True	True	True	True	True	True	False	0.0	False	False	False	False	0.0	0	False	0.9912292604469674	0.0916423436173416	12	3	202.35280449869572	low_ambiguity_candidate	full_same_gene_stack	2	135496849	0									False	0			0							0			0	False	False	False	False	False
2:208000000	IDH1	rs10202116	2:208244034	lower_recurrence_exact	moderate_0.2_0.5	neuro_systemic	8	6	0.20511453	1	0.0	0.0	False	False	False	False	False	False	False	0.0	False	False	False	False	0.0	0	False	0.0	0.0	0	0	123.7022906	clean_single_gene_followup	clean_single_gene_followup	2	208244034	0									False	0			0							0			0	False	False	False	False	False
3:31500000	STT3B	rs10222558	3:31565288	lower_recurrence_exact	moderate_0.2_0.5	systemic_non_neural	8	5	0.3339761	1	0.0	0.0	False	False	False	False	False	False	False	0.0	False	False	False	False	0.0	0	False	0.0	0.0	0	0	125.279522	clean_single_gene_followup	clean_single_gene_followup	3	31565288	0									False	0			0							0			0	False	False	False	False	False
7:142500000	TRPV6	rs10243382	7:142997623	lower_recurrence_exact	moderate_0.2_0.5	systemic_non_neural	7	5	0.2477536	1	0.0	0.0	False	False	False	False	False	False	False	0.0	False	False	False	False	0.0	0	False	0.0	0.0	0	0	123.355072	clean_single_gene_followup	clean_single_gene_followup	7	142997623	0									False	0			0							0			0	False	False	False	False	False
7:55500000	SUMF2	rs10252442	7:55894288	lower_recurrence_exact	moderate_0.2_0.5	systemic_other	4	3	0.38983133	1	0.0446502374364931	0.1923040002584457	True	False	True	True	True	True	False	0.0	False	False	False	False	0.0	0	False	0.975304252114312	0.0345184792399431	4	2	175.0760825237276	low_ambiguity_candidate	full_same_gene_stack	7	55894288	0									False	0			0							0			0	False	False	False	False	False
7:35000000	DPY19L1	rs10262841	7:35185906	lower_recurrence_exact	moderate_0.2_0.5	systemic_other	4	3	0.23433435	2	0.0369903465236631	0.8236314654350281	True	True	True	True	True	True	False	0.9576065001535544	False	False	False	False	0.0	0	False	0.9363336566331876	0.0130827579369253	16	3	200.99965122068213	low_ambiguity_candidate	full_same_gene_stack	7	35185906	0									False	0			0							0			0	False	False	False	False	False
4:70500000	DCK	rs1026677	4:70885378	lower_recurrence_exact	moderate_0.2_0.5	systemic_other	3	3	0.20895627	2	0.0957360435309053	0.8353037238121033	True	True	True	True	True	True	False	0.0	False	False	False	False	0.0	0	False	0.920578740245776	0.0103446094749388	2	2	200.8588246405788	low_ambiguity_candidate	full_same_gene_stack	4	70885378	0									False	0			0							0			0	False	False	False	False	False
4:70500000	MOB1B	rs1026677	4:70885378	lower_recurrence_exact	moderate_0.2_0.5	systemic_other	3	3	0.20895627	2	0.0957360435309053	0.8353037238121033	True	True	True	True	True	True	False	0.0	False	False	False	False	0.0	0	False	0.941617786998775	0.01438056434128	1	1	201.0692151081088	low_ambiguity_candidate	full_same_gene_stack	4	70885378	0									False	0			0							0			0	False	False	False	False	False
7:55500000	SUMF2	rs10271662	7:55895214	lower_recurrence_exact	moderate_0.2_0.5	systemic_non_neural	7	4	0.42871657	1	0.0468003761670402	0.1923040002584457	True	False	True	True	True	True	False	0.0	False	False	False	False	0.0	0	False	0.975304252114312	0.0345184792399431	4	2	176.37608252372758	low_ambiguity_candidate	full_same_gene_stack	7	55895214	0									False	0			0							0			0	False	False	False	False	False
13:73000000	KLF5	rs1029092	13:73000276	core_exact_n10	hidden_lt0.2	systemic_non_neural	12	5	0.16041136	1	0.0	0.0	False	False	False	False	False	False	False	0.0	False	False	False	False	0.0	0	False	0.0	0.0	0	0	122.6082272	clean_single_gene_followup	clean_single_gene_followup	13	73000276	0									False	0			0							3	0.563448257446289	colorectal carcinoma;ovarian carcinoma;bladder carcinoma	0	False	False	True	False	True
22:31000000	LIMK2	rs1034588	22:31220315	lower_recurrence_exact	moderate_0.2_0.5	neural_enriched	4	3	0.39484495	4	0.0140119921177449	0.3259079158306122	True	True	True	True	True	True	True	0.9106296142098412	True	False	False	False	0.0	0	False	0.9917963918746596	0.097383310356751	116	4	218.57704307705276	multi_gene_candidate	full_same_gene_stack	22	31220315	0									False	0			0							0			0	False	False	False	False	False
22:31000000	PRR14L	rs1034588	22:31220315	lower_recurrence_exact	moderate_0.2_0.5	neural_enriched	4	3	0.39484495	4	0.0140119921177449	0.3259079158306122	True	True	True	True	True	True	False	0.9106296142098412	False	False	False	False	0.0	0	False	0.992096030628366	0.1006927134509125	1	1	196.5800394645898	multi_gene_candidate	full_same_gene_stack	22	31220315	0									False	0			0							0			0	False	False	False	False	False
15:82500000	C15ORF40	rs1037403	15:82995439	lower_recurrence_exact	moderate_0.2_0.5	systemic_non_neural	8	5	0.23877503	1	0.0	0.0	False	False	False	False	False	False	False	0.0	False	False	False	False	0.0	0	False	0.0	0.0	0	0	123.3755006	clean_single_gene_followup	clean_single_gene_followup	15	82995439	0									False	0			0							0			0	False	False	False	False	False
12:122500000	ABCB9	rs1037593	12:122884582	core_exact_n10	moderate_0.2_0.5	systemic_non_neural	10	5	0.22516997	1	0.0	0.0	False	False	False	False	False	False	False	0.0	False	False	False	False	0.0	0	False	0.0	0.0	0	0	123.5033994	clean_single_gene_followup	clean_single_gene_followup	12	122884582	0									False	0			0							0			0	False	False	False	False	False
19:8000000	PRAM1	rs10421511	19:8469041	lower_recurrence_exact	moderate_0.2_0.5	systemic_non_neural	9	5	0.38525072	1	0.0	0.0	False	False	False	False	False	False	False	0.0	False	False	False	False	0.0	0	False	0.0	0.0	0	0	126.5050144	clean_single_gene_followup	clean_single_gene_followup	19	8469041	0									False	0			0							0			0	False	False	False	False	False
14:102000000	ANKRD9	rs1044503	14:102499659	lower_recurrence_exact	moderate_0.2_0.5	systemic_other	4	3	0.20688786	1	0.0957153200533013	0.93528014421463	True	True	True	True	True	True	True	0.991039416274651	False	False	False	False	0.0	0	False	0.9975363051256724	0.2622142015878981	32	2	214.72816449340303	low_ambiguity_candidate	full_same_gene_stack	14	102499659	0									False	0			0							0			0	False	False	False	False	False
4:70500000	DCK	rs10446507	4:70900895	lower_recurrence_exact	moderate_0.2_0.5	systemic_non_neural	6	4	0.2746347	2	0.0591841787562788	0.4263893365859985	True	False	True	True	True	True	False	0.0	False	False	False	False	0.0	0	False	0.920578740245776	0.0103446094749388	2	2	178.06968076831774	low_ambiguity_candidate	full_same_gene_stack	4	70900895	0									False	0			0							0			0	False	False	False	False	False
10:119000000	SFXN4	rs10466210	10:119210869	lower_recurrence_exact	moderate_0.2_0.5	systemic_non_neural	8	5	0.23565619	1	0.0	0.0	False	False	False	False	False	False	False	0.0	False	False	False	False	0.0	0	False	0.0	0.0	0	0	123.3131238	clean_single_gene_followup	clean_single_gene_followup	10	119210869	0									False	0			0							0			0	False	False	False	False	False
2:215000000	BARD1	rs10498030	2:215000851	core_exact_n10	moderate_0.2_0.5	neuro_systemic	10	7	0.21589023	1	0.0	0.0	False	False	False	False	False	False	False	0.0	False	False	False	False	0.0	0	False	0.0	0.0	0	0	125.3178046	clean_single_gene_followup	clean_single_gene_followup	2	215000851	0									False	0			0							0			0	False	False	False	False	False
1:23500000	LUZP1	rs1050096	1:23558170	core_exact_n10	hidden_lt0.2	neuro_systemic	10	7	0.14516947	1	0.0	0.0	False	False	False	False	False	False	False	0.0	False	False	False	False	0.0	0	False	0.0	0.0	0	0	123.9033894	clean_single_gene_followup	clean_single_gene_followup	1	23558170	0									False	0			0							0			0	False	False	False	False	False
11:73500000	FAM168A	rs10501411	11:73581040	lower_recurrence_exact	moderate_0.2_0.5	systemic_other	4	3	0.44461438	1	0.0073473798072568	0.1483341008424759	True	False	True	True	True	False	False	0.0	False	False	False	False	0.0	0	False	0.916628032719699	0.0098200130564073	2	1	159.04962133562177	low_ambiguity_candidate	full_same_gene_stack	11	73581040	0									False	0			0							0			0	False	False	False	False	False
19:47000000	ARHGAP35	rs1052669	19:47003512	lower_recurrence_exact	moderate_0.2_0.5	neuro_systemic	6	4	0.2091278	1	0.0345040770884728	0.5883613228797913	True	True	True	True	True	True	False	0.0	False	False	False	False	0.0	0	False	0.976051524767765	0.0353823096389676	21	3	200.2441284764756	low_ambiguity_candidate	full_same_gene_stack	19	47003512	0									False	0			0							0			0	False	False	False	False	False
8:37500000	RAB11FIP1	rs1054748	8:37860950	core_exact_n10	moderate_0.2_0.5	systemic_non_neural	11	6	0.21683018	1	0.0	0.0	False	False	False	False	False	False	False	0.0	False	False	False	False	0.0	0	False	0.0	0.0	0	0	124.5366036	clean_single_gene_followup	clean_single_gene_followup	8	37860950	0									False	0			0							0			0	False	False	False	False	False
16:31000000	AHSP	rs10596	16:31477595	lower_recurrence_exact	moderate_0.2_0.5	neuro_systemic	7	5	0.2472073	1	0.0	0.0	False	False	False	False	False	False	False	0.0	False	False	False	False	0.0	0	False	0.0	0.0	0	0	123.344146	clean_single_gene_followup	clean_single_gene_followup	16	31477595	6	exact_rsid_mpra_variant	rs10596	hg19	NHGRI-EBI-GWAS-catalog	HEK293FT;HepG2;HMEC;K562;GM12878;SKNSH	Genome-wide functional screen of 3′UTR variants uncovers causal variants for human disease and evolution (Griesemer et al., 2021)	0.763666917	1.019744192	True	0			0							0			0	False	False	False	False	True
9:111000000	LPAR1	rs10739312	9:111013503	core_exact_n10	hidden_lt0.2	neural_enriched	10	6	0.14814708	1	0.0	0.0	False	False	False	False	False	False	False	0.0	False	False	False	False	0.0	0	False	0.0	0.0	0	0	122.9629416	clean_single_gene_followup	clean_single_gene_followup	9	111013503	0									False	0			0							0			0	False	False	False	False	False
9:128000000	SLC25A25	rs10739708	9:128084930	core_exact_n10	moderate_0.2_0.5	neural_enriched	11	4	0.2807361	2	0.0080150332293988	0.1541068106889724	True	True	True	True	True	True	False	0.0	False	False	False	False	0.0	0	False	0.9717998674435908	0.0300922661585956	11	2	196.3590667813256	low_ambiguity_candidate	full_same_gene_stack	9	128084930	0									False	0			0							0			0	False	False	False	False	False
11:9500000	SWAP70	rs10743113	11:9626777	core_exact_n10	moderate_0.2_0.5	systemic_non_neural	12	6	0.21773435	1	0.0	0.0	False	False	False	False	False	False	False	0.0	False	False	False	False	0.0	0	False	0.0	0.0	0	0	124.754687	clean_single_gene_followup	clean_single_gene_followup	11	9626777	0									False	0			0							0			0	False	False	False	False	False
11:10500000	ZBED5	rs10743150	11:10802993	core_exact_n10	moderate_0.2_0.5	systemic_non_neural	10	6	0.25686413	1	0.0	0.0	False	False	False	False	False	False	False	0.0	False	False	False	False	0.0	0	False	0.0	0.0	0	0	125.1372826	clean_single_gene_followup	clean_single_gene_followup	11	10802993	0									False	0			0							0			0	False	False	False	False	False
12:93000000	MRPL42	rs10745654	12:93484015	core_exact_n10	hidden_lt0.2	systemic_other	10	4	0.18912368	1	0.0122730734551137	0.7024776339530945	True	True	False	True	True	True	False	0.0	False	False	False	False	0.0	0	False	0.9874020538254386	0.0656158808705875	13	4	176.89879687778534	low_ambiguity_candidate	full_same_gene_stack	12	93484015	0									False	0			0							0			0	False	False	False	False	False
10:132000000	INPP5A	rs10747060	10:132471503	core_exact_n10	moderate_0.2_0.5	systemic_non_neural	12	5	0.22927201	1	0.0	0.0	False	False	False	False	False	False	False	0.0	False	False	False	False	0.0	0	False	0.0	0.0	0	0	123.9854402	clean_single_gene_followup	clean_single_gene_followup	10	132471503	0									False	0			0							0			0	False	False	False	False	False
2:177000000	AGPS	rs10754988	2:177413760	lower_recurrence_exact	moderate_0.2_0.5	systemic_other	4	3	0.22204313	2	0.0153734266375688	0.7828343510627747	True	True	True	True	True	True	False	0.0	False	False	False	False	0.0	0	False	0.9785351228546952	0.0393762888793695	14	2	201.0136947391747	low_ambiguity_candidate	full_same_gene_stack	2	177413760	0									False	0			0							0			0	False	False	False	False	False
1:108500000	FAM102B	rs10776714	1:108627577	lower_recurrence_exact	moderate_0.2_0.5	neuro_systemic	7	5	0.20173472	1	0.0	0.0	False	False	False	False	False	False	False	0.0	False	False	False	False	0.0	0	False	0.0	0.0	0	0	122.4346944	clean_single_gene_followup	clean_single_gene_followup	1	108627577	0									False	0			0							0			0	False	False	False	False	False
9:77500000	GNAQ	rs10781459	9:77763780	lower_recurrence_exact	moderate_0.2_0.5	systemic_non_neural	5	4	0.22684512	1	0.0389377030580187	0.6456695795059204	True	True	True	True	True	True	False	0.0	False	False	False	False	0.0	0	False	0.9663596842054948	0.0252112338769912	13	1	200.62029263711412	low_ambiguity_candidate	full_same_gene_stack	9	77763780	0									False	0			0							0			0	False	False	False	False	False
12:64500000	TBC1D30	rs10784422	12:64818983	lower_recurrence_exact	moderate_0.2_0.5	systemic_non_neural	9	5	0.32026148	1	0.0	0.0	False	False	False	False	False	False	False	0.0	False	False	False	False	0.0	0	False	0.0	0.0	0	0	125.2052296	clean_single_gene_followup	clean_single_gene_followup	12	64818983	0									False	0			0							0			0	False	False	False	False	False
11:61500000	PPP1R32	rs10792315	11:61507318	lower_recurrence_exact	moderate_0.2_0.5	neuro_systemic	6	5	0.315529	1	0.0	0.0	False	False	False	False	False	False	False	0.0	False	False	False	False	0.0	0	False	0.0	0.0	0	0	124.51058	clean_single_gene_followup	clean_single_gene_followup	11	61507318	0									False	0			0							0			0	False	False	False	False	False
12:15500000	DERA	rs10846246	12:15898556	lower_recurrence_exact	moderate_0.2_0.5	systemic_non_neural	9	8	0.2581238	1	0.0	0.0	False	False	False	False	False	False	False	0.0	False	False	False	False	0.0	0	False	0.0	0.0	0	0	126.962476	clean_single_gene_followup	clean_single_gene_followup	12	15898556	0									False	0			0							0			0	False	False	False	False	False
15:65500000	DENND4A	rs10851749	15:65828861	lower_recurrence_exact	moderate_0.2_0.5	systemic_non_neural	7	6	0.23962246	1	0.0	0.0	False	False	False	False	False	False	False	0.0	False	False	False	False	0.0	0	False	0.0	0.0	0	0	124.1924492	clean_single_gene_followup	clean_single_gene_followup	15	65828861	0									False	0			0							0			0	False	False	False	False	False
15:92500000	CHD2	rs10852181	15:92869548	core_exact_n10	moderate_0.2_0.5	systemic_non_neural	11	5	0.20597163	1	0.0	0.0	False	False	False	False	False	False	False	0.0	False	False	False	False	0.0	0	False	0.0	0.0	0	0	123.3194326	clean_single_gene_followup	clean_single_gene_followup	15	92869548	0									False	0			0							0			0	False	False	False	False	False
12:89000000	GALNT4	rs10858884	12:89499935	core_exact_n10	moderate_0.2_0.5	systemic_non_neural	12	7	0.24462157	2	0.0324708059117854	0.7150627970695496	True	True	True	True	True	True	False	0.0	False	False	False	False	0.0	0	False	0.9444034186842456	0.0150958640440174	1	1	204.79466215753797	low_ambiguity_candidate	full_same_gene_stack	12	89499935	0									False	0			0							0			0	False	False	False	False	False
12:89000000	POC1B	rs10858884	12:89499935	core_exact_n10	moderate_0.2_0.5	systemic_non_neural	12	7	0.24462157	2	0.0324708059117854	0.7150627970695496	True	True	True	True	True	True	False	0.0	False	False	False	False	0.0	0	False	0.9668353107717124	0.0255770944280044	15	3	205.0189810784126	low_ambiguity_candidate	full_same_gene_stack	12	89499935	0									False	0			0							0			0	False	False	False	False	False
4:72500000	ADAMTS3	rs1085952	4:72505983	core_exact_n10	hidden_lt0.2	neuro_systemic	10	6	0.14322874	1	0.0	0.0	False	False	False	False	False	False	False	0.0	False	False	False	False	0.0	0	False	0.0	0.0	0	0	122.8645748	clean_single_gene_followup	clean_single_gene_followup	4	72505983	0									False	0			0							0			0	False	False	False	False	False
9:88000000	NXNL2	rs10868772	9:88397568	lower_recurrence_exact	moderate_0.2_0.5	systemic_other	4	3	0.32820228	1	0.0045879677780863	0.0778122618794441	True	False	True	True	True	False	False	0.0	False	False	False	False	0.0	0	False	0.8238360086843695	0.0042069763373632	4	2	157.41648270563817	low_ambiguity_candidate	full_same_gene_stack	9	88397568	0									False	0			0							0			0	False	False	False	False	False
9:77500000	GNAQ	rs10869964	9:77751343	lower_recurrence_exact	moderate_0.2_0.5	systemic_non_neural	7	4	0.224874	1	0.0331895917225517	0.6456695795059204	True	True	True	True	True	True	True	0.8165387451901924	False	False	False	False	0.0	0	False	0.9663596842054948	0.0252112338769912	13	1	212.8202926371141	low_ambiguity_candidate	full_same_gene_stack	9	77751343	0									False	0			0							0			0	False	False	False	False	False
10:500000	DIP2C	rs10904535	10:650297	core_exact_n10	moderate_0.2_0.5	systemic_non_neural	21	6	0.344278	1	0.0	0.0	False	False	False	False	False	False	False	0.0	False	False	False	False	0.0	0	False	0.0	0.0	0	0	129.08556000000002	clean_single_gene_followup	clean_single_gene_followup	10	650297	0									False	0			0							0			0	False	False	False	False	False
1:33000000	ZNF362	rs10914660	1:33132187	core_exact_n10	hidden_lt0.2	neuro_systemic	14	6	0.15796083	1	0.0	0.0	False	False	False	False	False	False	False	0.0	False	False	False	False	0.0	0	False	0.0	0.0	0	0	123.9592166	clean_single_gene_followup	clean_single_gene_followup	1	33132187	0									False	0			0							0			0	False	False	False	False	False
5:73500000	ARHGEF28	rs10942685	5:73691585	lower_recurrence_exact	moderate_0.2_0.5	neural_enriched	5	4	0.26420644	1	0.0208234442522133	0.8780990839004517	True	True	True	True	True	True	True	0.7270814669102534	False	False	True	False	0.019421	2	False	0.9805159338780582	0.0432565683040625	3	2	221.0861501777851	low_ambiguity_candidate	full_same_gene_stack	5	73691585	0									False	0			0							0			0	False	False	False	False	False
6:35500000	FKBP5	rs10947563	6:35685660	lower_recurrence_exact	moderate_0.2_0.5	systemic_other	3	3	0.2251365	2	0.1248368137635612	0.8529817461967468	True	True	True	True	True	True	True	0.8079965973384321	False	False	False	False	0.0	0	True	0.9983151526063264	0.3360302004548145	30	3	223.81296898803075	low_ambiguity_candidate	full_same_gene_stack	6	35685660	0									False	0			0							0			0	False	False	False	False	False
11:8000000	EIF3F	rs11041706	11:8002921	core_exact_n10	hidden_lt0.2	neuro_systemic	18	10	0.17257445	1	0.0	0.0	False	False	False	False	False	False	False	0.0	False	False	False	False	0.0	0	False	0.0	0.0	0	0	129.051489	clean_single_gene_followup	clean_single_gene_followup	11	8002921	0									False	0			0							0			0	False	False	False	False	False
15:55000000	CCPG1	rs11071182	15:55352478	lower_recurrence_exact	moderate_0.2_0.5	systemic_non_neural	9	5	0.23378216	2	0.0058085835184702	0.3845485150814056	True	False	True	True	True	False	False	0.0	False	False	False	False	0.0	0	False	0.8949537606465044	0.0076406554663106	26	3	163.6950227572791	low_ambiguity_candidate	full_same_gene_stack	15	55352478	0									False	0			0							0			0	False	False	False	False	False
17:7000000	CHRNB1	rs11078682	17:7492850	lower_recurrence_exact	moderate_0.2_0.5	systemic_non_neural	9	5	0.21039613	6	0.0320917578568801	0.2606676816940307	True	True	True	True	True	True	False	0.0	False	False	False	False	0.0	0	False	0.9681112048282952	0.0266196665521591	22	2	198.18778886522327	multi_gene_candidate	full_same_gene_stack	17	7492850	0									False	0			0							0			0	False	False	False	False	False
17:7000000	FGF11	rs11078682	17:7492850	lower_recurrence_exact	moderate_0.2_0.5	systemic_non_neural	9	5	0.21039613	6	0.0320917578568801	0.2606676816940307	True	True	True	True	True	True	False	0.0	False	False	False	False	0.0	0	False	0.9800367259381976	0.0423058876909938	2	2	198.30704407632228	multi_gene_candidate	full_same_gene_stack	17	7492850	0									False	0			0							0			0	False	False	False	False	False
19:18000000	PGPEP1	rs11086106	19:18350648	lower_recurrence_exact	moderate_0.2_0.5	neuro_systemic	9	5	0.28654322	1	0.0	0.0	False	False	False	False	False	False	False	0.0	False	False	False	False	0.0	0	False	0.0	0.0	0	0	124.5308644	clean_single_gene_followup	clean_single_gene_followup	19	18350648	0									False	0			0							0			0	False	False	False	False	False
12:54000000	COPZ1	rs11170880	12:54353322	lower_recurrence_exact	moderate_0.2_0.5	systemic_other	4	3	0.2035886	1	0.0375725792868927	0.1669737547636032	True	False	False	True	True	True	False	0.0	True	False	False	False	0.0	0	False	0.9828524444444644	0.0490833559588129	22	3	159.89826199208068	low_ambiguity_candidate	full_same_gene_stack	12	54353322	0									False	0			0							0			0	False	False	False	False	False
10:96500000	TLL2	rs11188801	10:96500713	lower_recurrence_exact	moderate_0.2_0.5	neuro_systemic	8	6	0.2197214	1	0.0	0.0	False	False	False	False	False	False	False	0.0	False	False	False	False	0.0	0	False	0.0	0.0	0	0	123.994428	clean_single_gene_followup	clean_single_gene_followup	10	96500713	0									False	0			0							0			0	False	False	False	False	False
1:38000000	SF3A3	rs11211085	1:38001025	core_exact_n10	hidden_lt0.2	neural_enriched	10	6	0.19252005	1	0.0	0.0	False	False	False	False	False	False	False	0.0	False	False	False	False	0.0	0	False	0.0	0.0	0	0	123.850401	clean_single_gene_followup	clean_single_gene_followup	1	38001025	0									False	0			0							0			0	False	False	False	False	False
12:131500000	MMP17	rs11246801	12:131767238	lower_recurrence_exact	moderate_0.2_0.5	systemic_non_neural	7	5	0.21685387	1	0.0	0.0	False	False	False	False	False	False	False	0.0	False	False	False	False	0.0	0	False	0.0	0.0	0	0	122.7370774	clean_single_gene_followup	clean_single_gene_followup	12	131767238	0									False	0			0							0			0	False	False	False	False	False
8:48500000	SNAI2	rs1126259	8:48734876	core_exact_n10	moderate_0.2_0.5	systemic_non_neural	12	5	0.29230833	1	0.0	0.0	False	False	False	False	False	False	False	0.0	False	False	False	False	0.0	0	False	0.0	0.0	0	0	125.2461666	clean_single_gene_followup	clean_single_gene_followup	8	48734876	0									False	0			0							0			0	False	False	False	False	False
1:155000000	ASH1L	rs11264369	1:155390039	core_exact_n10	moderate_0.2_0.5	systemic_non_neural	17	8	0.35158294	1	0.0	0.0	False	False	False	False	False	False	False	0.0	False	False	False	False	0.0	0	False	0.0	0.0	0	0	130.4316588	clean_single_gene_followup	clean_single_gene_followup	1	155390039	0									False	0			0							0			0	False	False	False	False	False
9:89500000	SEMA4D	rs11265780	9:89501649	core_exact_n10	hidden_lt0.2	mixed_trait_axis	10	7	0.14201194	1	0.0	0.0	False	False	False	False	False	False	False	0.0	False	False	False	False	0.0	0	False	0.0	0.0	0	0	123.8402388	clean_single_gene_followup	clean_single_gene_followup	9	89501649	0									False	0			0							0			0	False	False	False	False	False
12:66000000	TMBIM4	rs1152918	12:66242522	lower_recurrence_exact	moderate_0.2_0.5	neuro_systemic	9	5	0.22115763	1	0.0	0.0	False	False	False	False	False	False	False	0.0	False	False	False	False	0.0	0	False	0.0	0.0	0	0	123.2231526	clean_single_gene_followup	clean_single_gene_followup	12	66242522	0									False	0			0							0			0	False	False	False	False	False
19:47000000	ARHGAP35	rs11548674	19:47003095	lower_recurrence_exact	moderate_0.2_0.5	neural_enriched	4	3	0.21198142	2	0.0432766769701958	0.5883613228797913	True	True	True	True	True	True	False	0.8967217134531642	False	False	False	False	0.0	0	False	0.976051524767765	0.0353823096389676	21	3	199.0441284764756	low_ambiguity_candidate	full_same_gene_stack	19	47003095	0									False	0			0							0			0	False	False	False	False	False
2:210000000	KANSL1L	rs1155845	2:210189875	core_exact_n10	moderate_0.2_0.5	systemic_non_neural	12	7	0.29222918	1	0.0	0.0	False	False	False	False	False	False	False	0.0	False	False	False	False	0.0	0	False	0.0	0.0	0	0	127.2445836	clean_single_gene_followup	clean_single_gene_followup	2	210189875	0									False	0			0							0			0	False	False	False	False	False
1:23500000	LUZP1	rs11574	1:23559007	lower_recurrence_exact	moderate_0.2_0.5	systemic_non_neural	7	5	0.26133898	1	0.0	0.0	False	False	False	False	False	False	False	0.0	False	False	False	False	0.0	0	False	0.0	0.0	0	0	123.6267796	clean_single_gene_followup	clean_single_gene_followup	1	23559007	0									False	0			0							0			0	False	False	False	False	False
12:45500000	SCAF11	rs11574952	12:45992032	core_exact_n10	hidden_lt0.2	systemic_non_neural	13	6	0.17721967	1	0.0	0.0	False	False	False	False	False	False	False	0.0	False	False	False	False	0.0	0	False	0.0	0.0	0	0	124.1443934	clean_single_gene_followup	clean_single_gene_followup	12	45992032	0									False	0			0							0			0	False	False	False	False	False
1:207000000	PFKFB2	rs11586424	1:207006437	core_exact_n10	moderate_0.2_0.5	neuro_systemic	12	7	0.23929086	1	0.0	0.0	False	False	False	False	False	False	False	0.0	False	False	False	False	0.0	0	False	0.0	0.0	0	0	126.1858172	clean_single_gene_followup	clean_single_gene_followup	1	207006437	0									False	0			0							0			0	False	False	False	False	False
10:22500000	PIP4K2A	rs11599280	10:22504064	lower_recurrence_exact	moderate_0.2_0.5	neural_enriched	3	3	0.29987118	1	0.0103386633237016	0.7571190595626831	True	True	True	True	True	True	False	0.0	False	False	False	False	0.0	0	False	0.990070039782904	0.0818874318981544	39	1	200.77189099345588	low_ambiguity_candidate	full_same_gene_stack	10	22504064	0									False	0			0							0			0	False	False	False	False	False
11:67000000	RHOD	rs11607327	11:67074192	lower_recurrence_exact	moderate_0.2_0.5	neuro_systemic	6	5	0.24340588	1	0.0	0.0	False	False	False	False	False	False	False	0.0	False	False	False	False	0.0	0	False	0.0	0.0	0	0	123.0681176	clean_single_gene_followup	clean_single_gene_followup	11	67074192	0									False	0			0							0			0	False	False	False	False	False
15:42000000	CAPN3	rs11631983	15:42279532	lower_recurrence_exact	moderate_0.2_0.5	systemic_non_neural	8	4	0.20385575	5	0.012477110970791	0.3088811039924621	True	True	True	True	True	False	False	0.0	False	False	False	False	0.0	0	False	0.9077530030702616	0.0088417069567803	2	2	181.96634107062724	multi_gene_candidate	full_same_gene_stack	15	42279532	0									False	0			0							0			0	False	False	False	False	False
15:42000000	LRRC57	rs11631983	15:42279532	lower_recurrence_exact	moderate_0.2_0.5	systemic_non_neural	8	4	0.20385575	5	0.012477110970791	0.3088811039924621	True	True	True	True	True	False	False	0.0	False	False	False	False	0.0	0	False	0.8966341191261815	0.0077784222317568	101	3	181.85515223118645	multi_gene_candidate	full_same_gene_stack	15	42279532	0									False	0			0							0			0	False	False	False	False	False
15:75000000	PPCDC	rs11638544	15:75181149	lower_recurrence_exact	moderate_0.2_0.5	systemic_non_neural	7	6	0.20844655	1	0.0	0.0	False	False	False	False	False	False	False	0.0	False	False	False	False	0.0	0	False	0.0	0.0	0	0	123.568931	clean_single_gene_followup	clean_single_gene_followup	15	75181149	0									False	0			0							0			0	False	False	False	False	False
15:63500000	DAPK2	rs11639443	15:63996706	core_exact_n10	moderate_0.2_0.5	systemic_non_neural	14	6	0.22261186	1	0.0	0.0	False	False	False	False	False	False	False	0.0	False	False	False	False	0.0	0	False	0.0	0.0	0	0	125.2522372	clean_single_gene_followup	clean_single_gene_followup	15	63996706	0									False	0			0							0			0	False	False	False	False	False
16:4000000	CDIP1	rs11639998	16:4477108	core_exact_n10	hidden_lt0.2	neural_enriched	13	5	0.1919092	7	0.0058318534347804	0.6568489670753479	True	True	True	True	True	True	False	0.9999680590756655	False	False	False	False	0.0	0	False	0.9883922404176848	0.0708390529813348	171	4	202.75241207493036	multi_gene_candidate	full_same_gene_stack	16	4477108	0									False	0			0							0			0	False	False	False	False	False
16:4000000	CORO7	rs11639998	16:4477108	core_exact_n10	hidden_lt0.2	neural_enriched	13	5	0.1919092	7	0.0058318534347804	0.6568489670753479	True	True	True	True	True	True	False	0.9999680590756655	False	False	False	False	0.0	0	False	0.9772403446190172	0.0371985956891998	23	3	202.6408931169437	multi_gene_candidate	full_same_gene_stack	16	4477108	0									False	0			0							0			0	False	False	False	False	False
16:4000000	DNAJA3	rs11639998	16:4477108	core_exact_n10	hidden_lt0.2	neural_enriched	13	5	0.1919092	7	0.0058318534347804	0.6568489670753479	True	True	True	True	True	True	False	0.9999680590756655	False	False	False	False	0.0	0	False	0.9901621338650184	0.0825657357834746	55	3	202.77011100940368	multi_gene_candidate	full_same_gene_stack	16	4477108	0									False	0			0							0			0	False	False	False	False	False
16:4000000	HMOX2	rs11639998	16:4477108	core_exact_n10	hidden_lt0.2	neural_enriched	13	5	0.1919092	7	0.0058318534347804	0.6568489670753479	True	True	True	True	True	True	True	0.9999680590756655	True	False	False	False	0.0	0	True	0.9938224471813372	0.1250830741735172	41	5	234.80671414256688	multi_gene_candidate	full_same_gene_stack	16	4477108	0									False	0			0							0			0	False	False	False	False	False
16:4000000	VASN	rs11639998	16:4477108	core_exact_n10	hidden_lt0.2	neural_enriched	13	5	0.1919092	7	0.0058318534347804	0.6568489670753479	True	True	True	True	True	True	False	0.9999680590756655	False	False	False	False	0.0	0	False	0.9803047508165256	0.0428101624631872	1	1	202.67153717891875	multi_gene_candidate	full_same_gene_stack	16	4477108	0									False	0			0							0			0	False	False	False	False	False
16:69000000	TERF2	rs11640113	16:69162922	lower_recurrence_exact	moderate_0.2_0.5	systemic_non_neural	8	5	0.21248877	1	0.0	0.0	False	False	False	False	False	False	False	0.0	False	False	False	False	0.0	0	False	0.0	0.0	0	0	122.8497754	clean_single_gene_followup	clean_single_gene_followup	16	69162922	0									False	0			0							0			0	False	False	False	False	False
16:70000000	IL34	rs11641683	16:70496644	lower_recurrence_exact	moderate_0.2_0.5	systemic_non_neural	6	5	0.22984205	1	0.0	0.0	False	False	False	False	False	False	False	0.0	False	False	False	False	0.0	0	False	0.0	0.0	0	0	122.796841	clean_single_gene_followup	clean_single_gene_followup	16	70496644	0									False	0			0							0			0	False	False	False	False	False
16:57000000	RSPRY1	rs11643790	16:57227234	lower_recurrence_exact	moderate_0.2_0.5	systemic_non_neural	9	6	0.22167702	1	0.0	0.0	False	False	False	False	False	False	False	0.0	False	False	False	False	0.0	0	False	0.0	0.0	0	0	124.2335404	clean_single_gene_followup	clean_single_gene_followup	16	57227234	0									False	0			0							0			0	False	False	False	False	False
16:29500000	PAGR1	rs11649499	16:29897112	core_exact_n10	moderate_0.2_0.5	mixed_trait_axis	13	7	0.28293753	1	0.0	0.0	False	False	False	False	False	False	False	0.0	False	False	False	False	0.0	0	False	0.0	0.0	0	0	127.2587506	clean_single_gene_followup	clean_single_gene_followup	16	29897112	0									False	0			0							0			0	False	False	False	False	False
17:75000000	CASKIN2	rs11652993	17:75488672	core_exact_n10	moderate_0.2_0.5	systemic_non_neural	11	6	0.24847814	3	0.0170629897495361	0.8147768974304199	True	True	True	True	True	True	False	0.0	False	False	False	False	0.0	0	False	0.9803158012537854	0.0429655619156107	56	2	205.0509269868421	multi_gene_candidate	full_same_gene_stack	17	75488672	0									False	0			0							0			0	False	False	False	False	False
17:75000000	TMEM94	rs11652993	17:75488672	core_exact_n10	moderate_0.2_0.5	systemic_non_neural	11	6	0.24847814	3	0.0170629897495361	0.8147768974304199	True	True	True	True	True	True	False	0.0	False	False	False	False	0.0	0	False	0.9666225063937592	0.0254414544241504	2	2	204.91399403824175	multi_gene_candidate	full_same_gene_stack	17	75488672	0									False	0			0							0			0	False	False	False	False	False
17:75000000	TSEN54	rs11652993	17:75488672	core_exact_n10	moderate_0.2_0.5	systemic_non_neural	11	6	0.24847814	3	0.0170629897495361	0.8147768974304199	True	True	True	True	True	True	False	0.0	False	False	False	False	0.0	0	False	0.9939766547108336	0.1279127671803646	38	4	205.1875355214125	multi_gene_candidate	full_same_gene_stack	17	75488672	0									False	0			0							0			0	False	False	False	False	False
17:18000000	ATPAF2	rs11656629	17:18004454	lower_recurrence_exact	moderate_0.2_0.5	neural_enriched	4	3	0.3737	1	0.1661022428835862	0.3780832588672638	True	False	False	True	True	True	False	0.0	True	False	False	False	0.0	0	False	0.9949335391136797	0.1545329618105559	137	3	162.13016797980944	low_ambiguity_candidate	full_same_gene_stack	17	18004454	0									False	0			0							0			0	False	False	False	False	False
18:34500000	DTNA	rs11663468	18:34707936	lower_recurrence_exact	moderate_0.2_0.5	systemic_other	3	3	0.21248522	1	0.0353637137598287	0.877092182636261	True	True	True	True	True	True	True	0.9826620583193704	False	False	False	False	0.0	0	False	0.9519027939445688	0.0175200844094869	1	1	213.5899497658083	low_ambiguity_candidate	full_same_gene_stack	18	34707936	0									False	0			0							0			0	False	False	False	False	False
19:7000000	ADGRE1	rs11665875	19:7000390	core_exact_n10	moderate_0.2_0.5	neural_enriched	17	5	0.27091548	1	0.0	0.0	False	False	False	False	False	False	False	0.0	False	False	False	False	0.0	0	False	0.0	0.0	0	0	125.8183096	clean_single_gene_followup	clean_single_gene_followup	19	7000390	0									False	0			0							0			0	False	False	False	False	False
2:38000000	ATL2	rs11674467	2:38394314	core_exact_n10	moderate_0.2_0.5	systemic_non_neural	12	9	0.22892013	1	0.0	0.0	False	False	False	False	False	False	False	0.0	False	False	False	False	0.0	0	False	0.0	0.0	0	0	127.9784026	clean_single_gene_followup	clean_single_gene_followup	2	38394314	0									False	0			0							0			0	False	False	False	False	False
2:95500000	ADRA2B	rs11687113	2:95992840	lower_recurrence_exact	moderate_0.2_0.5	systemic_non_neural	8	4	0.3412514	5	0.0280132557405385	0.2988905906677246	True	True	True	True	True	False	False	0.0	False	False	False	False	0.0	0	False	0.91057590998163	0.0090998978979456	7	1	181.8946650064936	multi_gene_candidate	full_same_gene_stack	2	95992840	0									False	0			0							0			0	False	False	False	False	False
2:95500000	ASTL	rs11687113	2:95992840	lower_recurrence_exact	moderate_0.2_0.5	systemic_non_neural	8	4	0.3412514	5	0.0280132557405385	0.2988905906677246	True	True	True	True	True	False	False	0.0	False	False	False	False	0.0	0	False	0.8471457624353681	0.004976602353541	1	1	181.26036353103092	multi_gene_candidate	full_same_gene_stack	2	95992840	0									False	0			0							0			0	False	False	False	False	False
2:95500000	CIAO1	rs11687113	2:95992840	lower_recurrence_exact	moderate_0.2_0.5	systemic_non_neural	8	4	0.3412514	5	0.0280132557405385	0.2988905906677246	True	True	True	True	True	True	False	0.0	False	False	False	False	0.0	0	False	0.9871394577771754	0.0643898630302528	35	2	197.660300484449	multi_gene_candidate	full_same_gene_stack	2	95992840	0									False	0			0							2	0.415	hepatocellular carcinoma;bladder carcinoma	0	False	False	True	False	True
2:95500000	STARD7	rs11687113	2:95992840	lower_recurrence_exact	moderate_0.2_0.5	systemic_non_neural	8	4	0.3412514	5	0.0280132557405385	0.2988905906677246	True	True	True	True	True	False	False	0.0	False	False	False	False	0.0	0	False	0.9127915967867802	0.0093563684868518	1	1	181.91682187454504	multi_gene_candidate	full_same_gene_stack	2	95992840	0									False	0			0							0			0	False	False	False	False	False
2:25500000	RAB10	rs11688934	2:25992165	lower_recurrence_exact	moderate_0.2_0.5	systemic_non_neural	9	4	0.2763776	1	0.0066602308569744	0.5604671239852905	True	False	True	True	True	True	False	0.0	False	False	False	False	0.0	0	False	0.987910733383602	0.0683603648306682	2	1	180.38377857368891	low_ambiguity_candidate	full_same_gene_stack	2	25992165	0									False	0			0							0			0	False	False	False	False	False
3:47500000	MAP4	rs11711953	3:47998793	lower_recurrence_exact	moderate_0.2_0.5	systemic_non_neural	6	4	0.24672776	1	0.1321012805674202	0.8703107833862305	True	True	False	False	True	True	False	0.0	False	False	False	False	0.0	0	False	0.986897993638158	0.0632222593491659	105	4	158.17208777024388	low_ambiguity_candidate	full_same_gene_stack	3	47998793	0									False	0			0							0			0	False	False	False	False	False
3:129000000	COPG1	rs11719332	3:129228874	core_exact_n10	moderate_0.2_0.5	systemic_non_neural	12	5	0.2594923	4	0.0029588759499388	0.0966813266277313	True	False	True	True	True	True	True	0.8823030975317417	False	False	False	False	0.0	0	False	0.9315514909213448	0.0121231876413311	1	1	188.48232817549075	multi_gene_candidate	full_same_gene_stack	3	129228874	0									False	0			0							0			0	False	False	False	False	False
8:33000000	FUT10	rs11774193	8:33106451	core_exact_n10	moderate_0.2_0.5	neuro_systemic	10	7	0.20569615	1	0.0	0.0	False	False	False	False	False	False	False	0.0	False	False	False	False	0.0	0	False	0.0	0.0	0	0	125.113923	clean_single_gene_followup	clean_single_gene_followup	8	33106451	0									False	0			0							0			0	False	False	False	False	False
8:140000000	CHRAC1	rs11780595	8:140496804	core_exact_n10	moderate_0.2_0.5	systemic_non_neural	12	7	0.30589476	1	0.0	0.0	False	False	False	False	False	False	False	0.0	False	False	False	False	0.0	0	False	0.0	0.0	0	0	127.5178952	clean_single_gene_followup	clean_single_gene_followup	8	140496804	0									False	0			0							0			0	False	False	False	False	False
8:48000000	MCM4	rs118051587	8:48000210	core_exact_n10	hidden_lt0.2	neuro_systemic	12	7	0.14979969	1	0.0	0.0	False	False	False	False	False	False	False	0.0	False	False	False	False	0.0	0	False	0.0	0.0	0	0	124.3959938	clean_single_gene_followup	clean_single_gene_followup	8	48000210	0									False	0			0							0			0	False	False	False	False	False
12:110000000	ARPC3	rs11829321	12:110426788	lower_recurrence_exact	moderate_0.2_0.5	systemic_non_neural	6	4	0.25043666	2	0.0037060298482075	0.2176555842161178	True	True	True	True	True	True	False	0.0	False	False	False	False	0.0	0	False	0.993467971990602	0.1205024818708775	12	3	196.7112355620672	low_ambiguity_candidate	full_same_gene_stack	12	110426788	0									False	0			0							0			0	False	False	False	False	False
12:110000000	ATP2A2	rs11829321	12:110426788	lower_recurrence_exact	moderate_0.2_0.5	systemic_non_neural	6	4	0.25043666	2	0.0037060298482075	0.2176555842161178	True	True	True	True	True	False	False	0.0	False	False	False	False	0.0	0	False	0.8094178385056446	0.0038198173937013	2	1	179.8707342272176	low_ambiguity_candidate	full_same_gene_stack	12	110426788	0									False	0			0							0			0	False	False	False	False	False
12:15500000	EPS8	rs11829666	12:15698531	lower_recurrence_exact	moderate_0.2_0.5	systemic_non_neural	9	5	0.25444907	1	0.0	0.0	False	False	False	False	False	False	False	0.0	False	False	False	False	0.0	0	False	0.0	0.0	0	0	123.8889814	clean_single_gene_followup	clean_single_gene_followup	12	15698531	0									False	0			0							0			0	False	False	False	False	False
12:15500000	EPS8	rs11835559	12:15690718	core_exact_n10	moderate_0.2_0.5	mixed_trait_axis	23	7	0.43817592	1	0.0	0.0	False	False	False	False	False	False	False	0.0	False	False	False	False	0.0	0	False	0.0	0.0	0	0	132.3635184	clean_single_gene_followup	clean_single_gene_followup	12	15690718	0									False	0			0							0			0	False	False	False	False	False
14:31000000	HEATR5A	rs11844036	14:31361500	core_exact_n10	moderate_0.2_0.5	systemic_non_neural	15	5	0.3503514	1	0.0	0.0	False	False	False	False	False	False	False	0.0	False	False	False	False	0.0	0	False	0.0	0.0	0	0	127.007028	clean_single_gene_followup	clean_single_gene_followup	14	31361500	0									False	0			0							0			0	False	False	False	False	False
14:64000000	ZBTB1	rs11851236	14:64493913	core_exact_n10	moderate_0.2_0.5	systemic_other	10	4	0.21110465	2	0.0301402493268135	0.8647724986076355	True	True	True	True	True	True	False	0.0	False	False	False	False	0.0	0	False	0.9675821779183562	0.0262944179194879	46	3	203.32354676525992	low_ambiguity_candidate	full_same_gene_stack	14	64493913	0									False	0			0							0			0	False	False	False	False	False
14:64000000	ZBTB25	rs11851236	14:64493913	core_exact_n10	moderate_0.2_0.5	systemic_other	10	4	0.21110465	2	0.0301402493268135	0.8647724986076355	True	True	True	True	True	True	False	0.0	False	False	False	False	0.0	0	False	0.9931339854645568	0.1140866591660875	131	3	203.5790648407219	low_ambiguity_candidate	full_same_gene_stack	14	64493913	0									False	0			0							0			0	False	False	False	False	False
19:4500000	PLIN3	rs11881908	19:4852513	core_exact_n10	moderate_0.2_0.5	systemic_non_neural	12	5	0.22425106	1	0.0	0.0	False	False	False	False	False	False	False	0.0	False	False	False	False	0.0	0	False	0.0	0.0	0	0	123.8850212	clean_single_gene_followup	clean_single_gene_followup	19	4852513	0									False	0			0							0			0	False	False	False	False	False
11:66000000	BRMS1	rs1190621	11:66322836	lower_recurrence_exact	moderate_0.2_0.5	systemic_non_neural	5	5	0.25179148	2	0.0484810670324689	0.7071268558502197	True	True	True	True	True	True	False	0.7194426153235394	False	False	False	False	0.0	0	False	0.986865433100156	0.063257882363965	1	1	202.43992288950372	low_ambiguity_candidate	full_same_gene_stack	11	66322836	0									False	0			0							0			0	False	False	False	False	False
11:66000000	RIN1	rs1190621	11:66322836	lower_recurrence_exact	moderate_0.2_0.5	systemic_non_neural	5	5	0.25179148	2	0.0484810670324689	0.7071268558502197	True	True	True	True	True	True	True	0.7194426153235394	False	False	False	False	0.0	0	False	0.991586549545842	0.0953865337035198	54	3	214.48713405396063	low_ambiguity_candidate	full_same_gene_stack	11	66322836	0									False	0			0							0			0	False	False	False	False	False
19:42000000	POU2F2	rs1195296	19:42172329	core_exact_n10	moderate_0.2_0.5	systemic_non_neural	16	7	0.3797665	1	0.0	0.0	False	False	False	False	False	False	False	0.0	False	False	False	False	0.0	0	False	0.0	0.0	0	0	129.79533	clean_single_gene_followup	clean_single_gene_followup	19	42172329	0									False	0			0							0			0	False	False	False	False	False
9:137000000	NSMF	rs12005738	9:137478851	core_exact_n10	moderate_0.2_0.5	systemic_non_neural	42	11	0.38565287	1	0.0	0.0	False	False	False	False	False	False	False	0.0	False	False	False	False	0.0	0	False	0.0	0.0	0	0	139.1130574	clean_single_gene_followup	clean_single_gene_followup	9	137478851	0									False	0			0							0			0	False	False	False	False	False
14:100000000	WDR25	rs1203548	14:100447329	lower_recurrence_exact	moderate_0.2_0.5	systemic_non_neural	6	5	0.22022884	1	0.0	0.0	False	False	False	False	False	False	False	0.0	False	False	False	False	0.0	0	False	0.0	0.0	0	0	122.6045768	clean_single_gene_followup	clean_single_gene_followup	14	100447329	0									False	0			0							0			0	False	False	False	False	False
1:33000000	PHC2	rs12041371	1:33296061	lower_recurrence_exact	moderate_0.2_0.5	neural_enriched	4	3	0.21997252	2	0.045814443046157	0.3531222939491272	True	True	True	True	True	True	False	0.9730917859675586	False	False	False	False	0.0	0	False	0.9875411577465888	0.0673799046051575	1	1	196.8066345169572	low_ambiguity_candidate	full_same_gene_stack	1	33296061	0									False	0			0							0			0	False	False	False	False	False
1:155500000	ARHGEF2	rs12043212	1:155994907	lower_recurrence_exact	moderate_0.2_0.5	systemic_non_neural	5	4	0.2153149	1	0.0390404191049257	0.3351908922195434	True	True	True	True	True	True	False	0.0	False	False	False	False	0.0	0	False	0.980949004036842	0.0443875775012551	37	3	197.66139896256385	low_ambiguity_candidate	full_same_gene_stack	1	155994907	0									False	0			0							0			0	False	False	False	False	False
1:207500000	CD55	rs12075933	1:207502508	core_exact_n10	hidden_lt0.2	neuro_systemic	17	8	0.16595727	1	0.0	0.0	False	False	False	False	False	False	False	0.0	False	False	False	False	0.0	0	False	0.0	0.0	0	0	126.7191454	clean_single_gene_followup	clean_single_gene_followup	1	207502508	0									False	0			0							0			0	False	False	False	False	False
16:69000000	CHTF8	rs12103226	16:69179387	core_exact_n10	moderate_0.2_0.5	systemic_non_neural	10	5	0.20884864	3	0.019286377117463	0.3256644308567047	True	True	True	True	True	False	True	0.990729057824138	False	False	True	False	0.025107	2	False	0.9123951546368416	0.0093040324550172	3	2	201.38059585493545	multi_gene_candidate	full_same_gene_stack	16	69179387	0									False	0			0							0			0	False	False	False	False	False
16:69000000	PDF	rs12103226	16:69179387	core_exact_n10	moderate_0.2_0.5	systemic_non_neural	10	5	0.20884864	3	0.019286377117463	0.3256644308567047	True	True	True	True	True	True	False	0.990729057824138	False	False	False	False	0.025107	2	False	0.9518431127840412	0.0175003626711886	3	1	198.77507543640743	multi_gene_candidate	full_same_gene_stack	16	69179387	0									False	0			0							0			0	False	False	False	False	False
16:69000000	SNTB2	rs12103226	16:69179387	core_exact_n10	moderate_0.2_0.5	systemic_non_neural	10	5	0.20884864	3	0.019286377117463	0.3256644308567047	True	True	True	True	True	True	True	0.990729057824138	False	False	False	False	0.025107	2	False	0.9694965418837658	0.0278130829630975	10	2	210.9516097274047	multi_gene_candidate	full_same_gene_stack	16	69179387	0									False	0			0							0			0	False	False	False	False	False
9:88000000	NXNL2	rs12339977	9:88392214	lower_recurrence_exact	moderate_0.2_0.5	systemic_other	3	3	0.20082773	1	0.0198195926441453	0.2285404950380325	True	False	True	True	True	False	False	0.0	False	False	False	False	0.0	0	False	0.8238360086843695	0.0042069763373632	4	2	158.82376503722404	low_ambiguity_candidate	full_same_gene_stack	9	88392214	0									False	0			0							0			0	False	False	False	False	False
5:39000000	OSMR	rs1239274	5:39010107	lower_recurrence_exact	moderate_0.2_0.5	neuro_systemic	5	4	0.20432311	2	0.1660771133491199	0.8854724168777466	True	True	True	True	True	True	False	0.0	False	False	False	False	0.0	0	False	0.9833886132704384	0.0505249832530316	11	3	203.18861030148184	low_ambiguity_candidate	full_same_gene_stack	5	39010107	0									False	0			0							0			0	False	False	False	False	False
10:5500000	NET1	rs12412562	10:5501383	core_exact_n10	moderate_0.2_0.5	systemic_non_neural	12	7	0.25121662	1	0.0	0.0	False	False	False	False	False	False	False	0.0	False	False	False	False	0.0	0	False	0.0	0.0	0	0	126.4243324	clean_single_gene_followup	clean_single_gene_followup	10	5501383	0									False	0			0							0			0	False	False	False	False	False
12:111500000	MAPKAPK5	rs12423126	12:111991665	lower_recurrence_exact	moderate_0.2_0.5	systemic_other	4	3	0.21743222	2	0.9629270858536584	0.7388715147972107	True	True	True	True	True	True	False	0.0	False	False	False	False	0.0	0	False	0.955482148039356	0.0190434777590346	40	3	200.34353662836568	low_ambiguity_candidate	full_same_gene_stack	12	111991665	0									False	0			0							0			0	False	False	False	False	False
12:111500000	TMEM116	rs12423126	12:111991665	lower_recurrence_exact	moderate_0.2_0.5	systemic_other	4	3	0.21743222	2	0.9629270858536584	0.7388715147972107	True	True	True	True	True	True	False	0.0	False	False	False	False	0.0	0	False	0.961648348880711	0.0220793737628933	127	4	200.40519863677923	low_ambiguity_candidate	full_same_gene_stack	12	111991665	0									False	0			0							0			0	False	False	False	False	False
15:41500000	MAPKBP1	rs12441249	15:41692340	core_exact_n10	moderate_0.2_0.5	systemic_other	10	4	0.25373024	1	0.0503827085066424	0.0907367840409278	True	False	True	True	True	True	False	0.0	False	False	False	False	0.0	0	False	0.9918214525079424	0.0979634783394831	21	1	175.8255823654887	low_ambiguity_candidate	full_same_gene_stack	15	41692340	0									False	0			0							0			0	False	False	False	False	False
18:51000000	SMAD4	rs12456284	18:51083598	core_exact_n10	hidden_lt0.2	neural_enriched	11	6	0.1484959	1	0.0	0.0	False	False	False	False	False	False	False	0.0	False	False	False	False	0.0	0	False	0.0	0.0	0	0	123.169918	clean_single_gene_followup	clean_single_gene_followup	18	51083598	0									False	0			0							0			0	False	False	False	False	False
7:143500000	ZYX	rs12532738	7:143503455	lower_recurrence_exact	moderate_0.2_0.5	neuro_systemic	7	5	0.27253154	1	0.0	0.0	False	False	False	False	False	False	False	0.0	False	False	False	False	0.0	0	False	0.0	0.0	0	0	123.8506308	clean_single_gene_followup	clean_single_gene_followup	7	143503455	0									False	0			0							0			0	False	False	False	False	False
7:141500000	AGK	rs12539011	7:141595258	core_exact_n10	moderate_0.2_0.5	neuro_systemic	11	5	0.2955461	1	0.0	0.0	False	False	False	False	False	False	False	0.0	False	False	False	False	0.0	0	False	0.0	0.0	0	0	125.110922	clean_single_gene_followup	clean_single_gene_followup	7	141595258	0									False	0			0							0			0	False	False	False	False	False
8:144000000	MROH1	rs12542868	8:144204623	core_exact_n10	moderate_0.2_0.5	neural_enriched	10	6	0.21424608	2	0.0502330257638348	0.540805459022522	True	True	True	True	True	True	False	0.0	True	False	False	False	0.0	0	False	0.992034815573307	0.1011707746424492	40	3	212.3284027459583	low_ambiguity_candidate	full_same_gene_stack	8	144204623	0									False	0			0							0			0	False	False	False	False	False
11:34000000	NAT10	rs12577490	11:34007218	core_exact_n10	hidden_lt0.2	neuro_systemic	12	6	0.1470105	1	0.0	0.0	False	False	False	False	False	False	False	0.0	False	False	False	False	0.0	0	False	0.0	0.0	0	0	123.34021	clean_single_gene_followup	clean_single_gene_followup	11	34007218	0									False	0			0							0			0	False	False	False	False	False
14:52500000	FERMT2	rs12588482	14:52844834	core_exact_n10	moderate_0.2_0.5	systemic_other	13	3	0.3152713	1	0.013737822714377	0.814176619052887	True	True	True	True	True	True	True	0.6468913771874492	False	False	False	False	0.0	0	False	0.9320331253018592	0.0122321643100958	8	3	213.76209744354747	low_ambiguity_candidate	full_same_gene_stack	14	52844834	0									False	0			0							2	0.604000015258789	bladder carcinoma;pancreatic carcinoma	0	False	False	True	False	True
16:57000000	CPNE2	rs12599485	16:57160876	lower_recurrence_exact	moderate_0.2_0.5	systemic_non_neural	9	6	0.2635717	1	0.0	0.0	False	False	False	False	False	False	False	0.0	False	False	False	False	0.0	0	False	0.0	0.0	0	0	125.071434	clean_single_gene_followup	clean_single_gene_followup	16	57160876	0									False	0			0							0			0	False	False	False	False	False
19:500000	BSG	rs12609751	19:586822	lower_recurrence_exact	moderate_0.2_0.5	neural_enriched	3	3	0.33651093	2	0.0076407492588902	0.4454924166202545	True	True	True	True	True	True	False	0.0	True	False	False	False	0.0	0	False	0.997075477584913	0.2296460487251853	37	3	207.72567894205167	low_ambiguity_candidate	full_same_gene_stack	19	586822	0									False	0			0							0			0	False	False	False	False	False
8:51500000	PXDNL	rs12674620	8:51755043	lower_recurrence_exact	moderate_0.2_0.5	neuro_systemic	9	4	0.4090624	1	0.0095569005312154	0.7893872857093811	True	True	True	True	True	False	False	0.0	False	False	False	False	0.0	0	False	0.8584761937958717	0.0054442099681135	2	1	186.37863479505253	low_ambiguity_candidate	full_same_gene_stack	8	51755043	0									False	0			0							0			0	False	False	False	False	False
8:140000000	CHRAC1	rs12678954	8:140488457	lower_recurrence_exact	moderate_0.2_0.5	systemic_non_neural	9	5	0.27602544	1	0.0	0.0	False	False	False	False	False	False	False	0.0	False	False	False	False	0.0	0	False	0.0	0.0	0	0	124.3205088	clean_single_gene_followup	clean_single_gene_followup	8	140488457	0									False	0			0							0			0	False	False	False	False	False
4:78500000	BMP2K	rs12711032	4:78662548	lower_recurrence_exact	moderate_0.2_0.5	neural_enriched	4	3	0.3840053	2	0.0231314831743108	0.4468251466751098	True	True	True	True	True	True	True	0.6699173243836459	False	False	False	False	0.0	0	False	0.9316902966826264	0.0121463220863832	5	1	209.18515443357737	low_ambiguity_candidate	full_same_gene_stack	4	78662548	0									False	0			0							0			0	False	False	False	False	False
4:78500000	PAQR3	rs12711032	4:78662548	lower_recurrence_exact	moderate_0.2_0.5	neural_enriched	4	3	0.3840053	2	0.0231314831743108	0.4468251466751098	True	True	True	True	True	False	False	0.6699173243836459	False	False	False	False	0.0	0	False	0.8249953690623986	0.0042429077569491	1	1	181.1182051573751	low_ambiguity_candidate	full_same_gene_stack	4	78662548	0									False	0			0							0			0	False	False	False	False	False
1:24500000	CLIC4	rs12732115	1:24709190	lower_recurrence_exact	moderate_0.2_0.5	systemic_non_neural	9	4	0.32374272	1	0.0708203373257197	0.8644477725028992	True	True	True	True	True	True	True	0.6016851752165159	False	False	False	False	0.0	0	False	0.9931572120618044	0.1144359095635272	15	2	215.47604984564703	low_ambiguity_candidate	full_same_gene_stack	1	24709190	0									False	0			0							0			0	False	False	False	False	False
12:56000000	ANKRD52	rs1274493	12:56288587	core_exact_n10	moderate_0.2_0.5	systemic_non_neural	10	7	0.26974043	4	0.0514377170798078	0.5742964148521423	True	True	True	True	True	False	False	0.0	False	False	False	False	0.0	0	False	0.9074064408440212	0.008764306746813	1	1	187.81702855696165	multi_gene_candidate	full_same_gene_stack	12	56288587	1	exact_rsid_mpra_variant	rs1274493	hg19	Psoriasis	Jurkat	Prioritization of autoimmune disease-associated genetic variants that perturb regulatory element activity in T cells (Mouri et al., 2022)	1.0	0.256278543	True	0			0							0			0	False	False	False	False	True
12:56000000	CNPY2	rs1274493	12:56288587	core_exact_n10	moderate_0.2_0.5	systemic_non_neural	10	7	0.26974043	4	0.0514377170798078	0.5742964148521423	True	True	True	True	True	True	False	0.0	False	False	False	False	0.0	0	False	0.9668613350999774	0.0256633981828604	140	2	203.4115774995212	multi_gene_candidate	full_same_gene_stack	12	56288587	1	exact_rsid_mpra_variant	rs1274493	hg19	Psoriasis	Jurkat	Prioritization of autoimmune disease-associated genetic variants that perturb regulatory element activity in T cells (Mouri et al., 2022)	1.0	0.256278543	True	0			0							0			0	False	False	False	False	True
12:56000000	CS	rs1274493	12:56288587	core_exact_n10	moderate_0.2_0.5	systemic_non_neural	10	7	0.26974043	4	0.0514377170798078	0.5742964148521423	True	True	True	True	True	True	False	0.0	False	False	False	False	0.0	0	False	0.9707712861340408	0.029074963017595	73	3	203.45067700986183	multi_gene_candidate	full_same_gene_stack	12	56288587	1	exact_rsid_mpra_variant	rs1274493	hg19	Psoriasis	Jurkat	Prioritization of autoimmune disease-associated genetic variants that perturb regulatory element activity in T cells (Mouri et al., 2022)	1.0	0.256278543	True	0			0							0			0	False	False	False	False	True
1:145500000	NUDT17	rs12755149	1:145730169	lower_recurrence_exact	moderate_0.2_0.5	systemic_other	3	3	0.24429601	3	0.018420983424653	0.6091794967651367	True	True	True	True	True	True	False	0.0	False	False	False	False	0.0	0	False	0.980330993370779	0.0429841733944897	93	3	199.1951049013592	multi_gene_candidate	full_same_gene_stack	1	145730169	0									False	0			0							0			0	False	False	False	False	False
1:145500000	POLR3C	rs12755149	1:145730169	lower_recurrence_exact	moderate_0.2_0.5	systemic_other	3	3	0.24429601	3	0.018420983424653	0.6091794967651367	True	True	True	True	True	True	False	0.0	False	False	False	False	0.0	0	False	0.9532671999218796	0.0182159610738656	2	2	198.92446696687017	multi_gene_candidate	full_same_gene_stack	1	145730169	0									False	0			0							0			0	False	False	False	False	False
1:145500000	RNF115	rs12755149	1:145730169	lower_recurrence_exact	moderate_0.2_0.5	systemic_other	3	3	0.24429601	3	0.018420983424653	0.6091794967651367	True	True	True	True	True	True	False	0.0	False	False	False	False	0.0	0	False	0.9537836531806796	0.0184251802001675	2	1	198.92963149945817	multi_gene_candidate	full_same_gene_stack	1	145730169	0									False	0			0							0			0	False	False	False	False	False
14:69500000	SUSD6	rs1275823	14:69726964	core_exact_n10	moderate_0.2_0.5	neural_enriched	10	3	0.30377632	1	0.0704608276980938	0.8171605467796326	True	True	True	True	True	True	True	0.9259689278848316	False	False	False	False	0.0	0	False	0.9659856031817402	0.024944600535165	1	1	213.8314614996137	low_ambiguity_candidate	full_same_gene_stack	14	69726964	0									False	0			0							0			0	False	False	False	False	False
10:100500000	SEC31B	rs12780796	10:100504247	core_exact_n10	hidden_lt0.2	neuro_systemic	11	7	0.18922044	1	0.0	0.0	False	False	False	False	False	False	False	0.0	False	False	False	False	0.0	0	False	0.0	0.0	0	0	124.9844088	clean_single_gene_followup	clean_single_gene_followup	10	100504247	0									False	0			0							0			0	False	False	False	False	False
12:120000000	COQ5	rs12857	12:120496143	lower_recurrence_exact	moderate_0.2_0.5	neuro_systemic	7	4	0.21005246	5	0.0727293024645522	0.3487208783626556	True	True	True	True	True	True	False	0.9999999622860796	False	False	False	False	0.0	0	False	0.987213631093156	0.0647913424891881	7	2	198.0593450945581	multi_gene_candidate	full_same_gene_stack	12	120496143	0									False	0			0							0			0	False	False	False	False	False
12:120000000	DYNLL1	rs12857	12:120496143	lower_recurrence_exact	moderate_0.2_0.5	neuro_systemic	7	4	0.21005246	5	0.0727293024645522	0.3487208783626556	True	True	True	True	True	True	True	0.9999999622860796	False	False	False	False	0.0	0	False	0.9843448987368708	0.0548497704901387	14	3	210.03065777099525	multi_gene_candidate	full_same_gene_stack	12	120496143	0									False	0			0							0			0	False	False	False	False	False
12:120000000	GATC	rs12857	12:120496143	lower_recurrence_exact	moderate_0.2_0.5	neuro_systemic	7	4	0.21005246	5	0.0727293024645522	0.3487208783626556	True	True	True	True	True	True	False	0.9999999622860796	False	False	False	False	0.0	0	False	0.94846058884155	0.0164779035837967	1	1	197.67181467204205	multi_gene_candidate	full_same_gene_stack	12	120496143	0									False	0			0							0			0	False	False	False	False	False
12:120000000	POP5	rs12857	12:120496143	lower_recurrence_exact	moderate_0.2_0.5	neuro_systemic	7	4	0.21005246	5	0.0727293024645522	0.3487208783626556	True	True	True	True	True	True	False	0.9999999622860796	False	False	False	False	0.0	0	False	0.9971264563687158	0.2328686951162096	66	4	198.1584733473137	multi_gene_candidate	full_same_gene_stack	12	120496143	0									False	0			0							0			0	False	False	False	False	False
12:120000000	RNF10	rs12857	12:120496143	lower_recurrence_exact	moderate_0.2_0.5	neuro_systemic	7	4	0.21005246	5	0.0727293024645522	0.3487208783626556	True	True	True	True	True	True	False	0.9999999622860796	False	False	False	False	0.0	0	False	0.9978238477771232	0.284182452299957	3	1	198.1654472613978	multi_gene_candidate	full_same_gene_stack	12	120496143	0									False	0			0							0			0	False	False	False	False	False
11:120500000	POU2F3	rs1287160	11:120505159	core_exact_n10	moderate_0.2_0.5	systemic_non_neural	13	5	0.27600095	1	0.0	0.0	False	False	False	False	False	False	False	0.0	False	False	False	False	0.0	0	False	0.0	0.0	0	0	125.120019	clean_single_gene_followup	clean_single_gene_followup	11	120505159	0									False	0			0							1	0.52	small cell lung carcinoma	0	False	False	True	False	True
14:34000000	SPTSSA	rs12884423	14:34496082	core_exact_n10	moderate_0.2_0.5	systemic_non_neural	10	5	0.21243767	1	0.0	0.0	False	False	False	False	False	False	False	0.0	False	False	False	False	0.0	0	False	0.0	0.0	0	0	123.2487534	clean_single_gene_followup	clean_single_gene_followup	14	34496082	0									False	0			0							0			0	False	False	False	False	False
14:34000000	SPTSSA	rs12892302	14:34497730	core_exact_n10	moderate_0.2_0.5	systemic_non_neural	24	10	0.2323478	1	0.0	0.0	False	False	False	False	False	False	False	0.0	False	False	False	False	0.0	0	False	0.0	0.0	0	0	131.446956	clean_single_gene_followup	clean_single_gene_followup	14	34497730	0									False	0			0							0			0	False	False	False	False	False
15:44500000	SORD	rs12916850	15:44983500	core_exact_n10	moderate_0.2_0.5	systemic_other	10	3	0.33946154	1	0.0035391493628468	0.4373078942298889	True	True	True	True	True	True	False	0.0	False	False	False	False	0.0	0	False	0.9477550813000852	0.0160855208739693	11	2	197.8506297552997	low_ambiguity_candidate	full_same_gene_stack	15	44983500	0									False	0			0							0			0	False	False	False	False	False
17:75500000	TEN1	rs12945114	17:75997465	core_exact_n10	moderate_0.2_0.5	systemic_non_neural	26	9	0.32053697	5	0.1756331627864174	0.0760695487260818	True	False	False	True	True	True	False	0.0	True	True	False	False	0.0	0	False	0.9957219822075994	0.1770970957673286	7	2	182.3179153093368	multi_gene_candidate	full_same_gene_stack	17	75997465	1	exact_rsid_mpra_variant	rs12945114	hg19		GM12878	Direct Identification of Hundreds of Expression- Modulating Variants using a Multiplexed Reporter Assay (Tewhey et al., 2016)	1.0	0.272876241	True	0			0							0			0	False	False	False	False	True
17:40000000	RARA	rs12946680	17:40324405	lower_recurrence_exact	moderate_0.2_0.5	systemic_non_neural	9	4	0.2571211	1	0.0436435014104821	0.414129376411438	True	True	True	True	True	True	True	0.9019280672374068	False	False	False	False	0.0	0	False	0.9839917855826033	0.0524924459496618	7	3	210.8812116199404	low_ambiguity_candidate	full_same_gene_stack	17	40324405	0									False	0			0							0			0	False	False	False	False	False
19:17000000	TMEM221	rs12984915	19:17460329	lower_recurrence_exact	moderate_0.2_0.5	systemic_non_neural	9	5	0.20648578	1	0.0	0.0	False	False	False	False	False	False	False	0.0	False	False	False	False	0.0	0	False	0.0	0.0	0	0	122.9297156	clean_single_gene_followup	clean_single_gene_followup	19	17460329	0									False	0			0							0			0	False	False	False	False	False
2:188000000	GULP1	rs12997039	2:188493001	lower_recurrence_exact	moderate_0.2_0.5	systemic_non_neural	8	5	0.31513995	1	0.0	0.0	False	False	False	False	False	False	False	0.0	False	False	False	False	0.0	0	False	0.0	0.0	0	0	124.902799	clean_single_gene_followup	clean_single_gene_followup	2	188493001	0									False	0			0							0			0	False	False	False	False	False
3:37000000	EPM2AIP1	rs13098279	3:37190967	lower_recurrence_exact	moderate_0.2_0.5	systemic_other	5	4	0.25307688	2	0.0996149375030387	0.925005316734314	True	True	True	True	True	True	False	0.0	False	False	False	False	0.0	0	False	0.9985433868953656	0.3814159874718548	3	2	203.7354870362968	low_ambiguity_candidate	full_same_gene_stack	3	37190967	0									False	0			0							0			0	False	False	False	False	False
3:37000000	MLH1	rs13098279	3:37190967	lower_recurrence_exact	moderate_0.2_0.5	systemic_other	5	4	0.25307688	2	0.0996149375030387	0.925005316734314	True	True	True	True	True	True	False	0.0	False	False	False	False	0.0	0	False	0.9988042538798896	0.4268211795380743	14	2	203.73809570614205	low_ambiguity_candidate	full_same_gene_stack	3	37190967	0									False	0			0							0			0	False	False	False	False	False
4:109000000	SEC24B	rs13123618	4:109449711	lower_recurrence_exact	moderate_0.2_0.5	systemic_non_neural	8	4	0.26346284	1	0.0054006431193477	0.7837043404579163	True	True	True	True	True	True	False	0.0	False	False	False	False	0.0	0	False	0.9235289009157364	0.0107742978576592	2	1	201.87233241373653	low_ambiguity_candidate	full_same_gene_stack	4	109449711	0									False	0			0							0			0	False	False	False	False	False
4:124500000	ANKRD50	rs13135635	4:124998769	core_exact_n10	moderate_0.2_0.5	neural_enriched	19	5	0.24692222	1	0.0	0.0	False	False	False	False	False	False	False	0.0	False	False	False	False	0.0	0	False	0.0	0.0	0	0	125.7384444	clean_single_gene_followup	clean_single_gene_followup	4	124998769	0									False	0			0							0			0	False	False	False	False	False
9:129500000	FNBP1	rs1322671	9:129997529	core_exact_n10	moderate_0.2_0.5	systemic_non_neural	12	5	0.26131713	1	0.0	0.0	False	False	False	False	False	False	False	0.0	False	False	False	False	0.0	0	False	0.0	0.0	0	0	124.6263426	clean_single_gene_followup	clean_single_gene_followup	9	129997529	0									False	0			0							0			0	False	False	False	False	False
7:73500000	ABHD11	rs13241921	7:73840482	core_exact_n10	hidden_lt0.2	systemic_non_neural	10	6	0.16873595	2	0.006943842440269	0.6782581210136414	True	True	True	True	True	True	False	0.902465602516345	False	False	False	False	0.0	0	False	0.9873725351721448	0.065520453948131	44	2	203.65630656185783	low_ambiguity_candidate	full_same_gene_stack	7	73840482	1	exact_rsid_mpra_variant	rs13241921	hg19		GM12878	Direct Identification of Hundreds of Expression- Modulating Variants using a Multiplexed Reporter Assay (Tewhey et al., 2016)	1.0	0.0401217	True	0			0							0			0	False	False	False	False	True
7:73500000	CLDN4	rs13241921	7:73840482	core_exact_n10	hidden_lt0.2	systemic_non_neural	10	6	0.16873595	2	0.006943842440269	0.6782581210136414	True	True	True	True	True	True	True	0.902465602516345	False	False	False	False	0.0	0	False	0.989682230708276	0.0790750274054947	49	2	215.6794035172192	low_ambiguity_candidate	full_same_gene_stack	7	73840482	1	exact_rsid_mpra_variant	rs13241921	hg19		GM12878	Direct Identification of Hundreds of Expression- Modulating Variants using a Multiplexed Reporter Assay (Tewhey et al., 2016)	1.0	0.0401217	True	0			0							0			0	False	False	False	False	True
2:222500000	SGPP2	rs13426706	2:222570049	lower_recurrence_exact	moderate_0.2_0.5	neuro_systemic	8	5	0.20278499	1	0.0	0.0	False	False	False	False	False	False	False	0.0	False	False	False	False	0.0	0	False	0.0	0.0	0	0	122.6556998	clean_single_gene_followup	clean_single_gene_followup	2	222570049	0									False	0			0							0			0	False	False	False	False	False
3:149500000	RNF13	rs1350349	3:149908752	core_exact_n10	moderate_0.2_0.5	systemic_non_neural	12	5	0.23422605	1	0.0	0.0	False	False	False	False	False	False	False	0.0	False	False	False	False	0.0	0	False	0.0	0.0	0	0	124.084521	clean_single_gene_followup	clean_single_gene_followup	3	149908752	0									False	0			0							0			0	False	False	False	False	False
8:119500000	DEPTOR	rs1356747	8:119998617	core_exact_n10	hidden_lt0.2	systemic_non_neural	10	5	0.18512651	1	0.0	0.0	False	False	False	False	False	False	False	0.0	False	False	False	False	0.0	0	False	0.0	0.0	0	0	122.7025302	clean_single_gene_followup	clean_single_gene_followup	8	119998617	0									False	0			0							0			0	False	False	False	False	False
11:45500000	LARGE2	rs1401421	11:45984278	core_exact_n10	moderate_0.2_0.5	systemic_non_neural	19	6	0.33528262	2	0.038085569308393	0.7346872687339783	True	True	True	True	True	True	False	0.0	False	False	False	False	0.0	0	False	0.9507563052033022	0.0175220598268787	6	2	204.7544357393728	low_ambiguity_candidate	full_same_gene_stack	11	45984278	0									False	0			0							0			0	False	False	False	False	False
11:45500000	PHF21A	rs1401421	11:45984278	core_exact_n10	moderate_0.2_0.5	systemic_non_neural	19	6	0.33528262	2	0.038085569308393	0.7346872687339783	True	True	True	True	True	True	False	0.0	False	False	False	False	0.0	0	False	0.9844773529993932	0.0539767398147658	42	3	205.09164621733373	low_ambiguity_candidate	full_same_gene_stack	11	45984278	0									False	0			0							0			0	False	False	False	False	False
1:78000000	PTGFR	rs1417103	1:78333607	core_exact_n10	moderate_0.2_0.5	neuro_systemic	14	7	0.26907963	1	0.0	0.0	False	False	False	False	False	False	False	0.0	False	False	False	False	0.0	0	False	0.0	0.0	0	0	127.1815926	clean_single_gene_followup	clean_single_gene_followup	1	78333607	0									False	0			0							0			0	False	False	False	False	False
1:87000000	HS2ST1	rs1419132	1:87089675	core_exact_n10	moderate_0.2_0.5	neural_enriched	12	4	0.33166468	3	0.0018079236496915	0.7604242563247681	True	True	True	True	True	False	False	0.0	False	False	False	False	0.0	0	False	0.8668749528514436	0.0058411235229933	5	2	186.4729920917621	multi_gene_candidate	full_same_gene_stack	1	87089675	0									False	0			0							0			0	False	False	False	False	False
1:87000000	SELENOF	rs1419132	1:87089675	core_exact_n10	moderate_0.2_0.5	neural_enriched	12	4	0.33166468	3	0.0018079236496915	0.7604242563247681	True	True	True	True	True	False	False	0.0	False	False	False	False	0.0	0	False	0.8867079873133132	0.0070115494389828	130	3	186.6713224363808	multi_gene_candidate	full_same_gene_stack	1	87089675	0									False	0			0							0			0	False	False	False	False	False
7:74500000	GTF2I	rs1421658986	7:74988062	core_exact_n10	moderate_0.2_0.5	neuro_systemic	13	6	0.35947543	1	0.0	0.0	False	False	False	False	False	False	False	0.0	False	False	False	False	0.0	0	False	0.0	0.0	0	0	127.7895086	clean_single_gene_followup	clean_single_gene_followup	7	74988062	0									False	0			0							0			0	False	False	False	False	False
4:47500000	CORIN	rs1440227	4:47830875	core_exact_n10	moderate_0.2_0.5	neural_enriched	10	4	0.29628766	2	0.0200823506396173	0.4121773242950439	True	True	True	True	True	False	True	0.9726179965839766	False	False	False	False	0.0	0	False	0.8900680072736245	0.0072494773430985	6	2	195.02245331568668	low_ambiguity_candidate	full_same_gene_stack	4	47830875	0									False	0			0							0			0	False	False	False	False	False
7:65500000	ZNF92	rs147935040	7:65500680	core_exact_n10	moderate_0.2_0.5	neuro_systemic	23	8	0.3333269	1	0.0	0.0	False	False	False	False	False	False	False	0.0	False	False	False	False	0.0	0	False	0.0	0.0	0	0	131.266538	clean_single_gene_followup	clean_single_gene_followup	7	65500680	0									False	0			0							0			0	False	False	False	False	False
15:55500000	NEDD4	rs1509408	15:55994115	core_exact_n10	moderate_0.2_0.5	systemic_non_neural	10	6	0.22452748	1	0.0	0.0	False	False	False	False	False	False	False	0.0	False	False	False	False	0.0	0	False	0.0	0.0	0	0	124.4905496	clean_single_gene_followup	clean_single_gene_followup	15	55994115	0									False	0			0							0			0	False	False	False	False	False
2:158500000	TANC1	rs1522696	2:158932073	core_exact_n10	moderate_0.2_0.5	systemic_non_neural	14	6	0.2542335	1	0.0	0.0	False	False	False	False	False	False	False	0.0	False	False	False	False	0.0	0	False	0.0	0.0	0	0	125.88467	clean_single_gene_followup	clean_single_gene_followup	2	158932073	0									False	0			0							0			0	False	False	False	False	False
17:78500000	TIMP2	rs1531795	17:78876003	lower_recurrence_exact	moderate_0.2_0.5	systemic_other	4	3	0.23228762	1	0.027587455424692	0.5275580286979675	True	True	True	True	True	True	False	0.0	False	False	False	False	0.0	0	False	0.9699908084347324	0.0283313868680124	4	1	198.375488371327	low_ambiguity_candidate	full_same_gene_stack	17	78876003	0									False	0			0							0			0	False	False	False	False	False
14:103500000	ZFYVE21	rs1535100	14:103727859	core_exact_n10	moderate_0.2_0.5	mixed_trait_axis	13	8	0.24813111	1	0.0	0.0	False	False	False	False	False	False	False	0.0	False	False	False	False	0.0	0	False	0.0	0.0	0	0	127.5626222	clean_single_gene_followup	clean_single_gene_followup	14	103727859	0									False	0			0							0			0	False	False	False	False	False
13:27000000	USP12	rs1537434	13:27257301	core_exact_n10	moderate_0.2_0.5	systemic_other	10	2	0.3305156	1	0.0419758656368352	0.2061109393835067	True	True	True	False	True	True	False	0.0	False	False	False	False	0.0	0	False	0.9815682316100228	0.0459188346704683	2	1	174.8767917099353	low_ambiguity_candidate	full_same_gene_stack	13	27257301	0									False	0			0							0			0	False	False	False	False	False
19:8000000	CERS4	rs1542538	19:8242299	core_exact_n10	moderate_0.2_0.5	systemic_non_neural	11	5	0.20332776	1	0.0	0.0	False	False	False	False	False	False	False	0.0	False	False	False	False	0.0	0	False	0.0	0.0	0	0	123.2665552	clean_single_gene_followup	clean_single_gene_followup	19	8242299	0									False	0			0							0			0	False	False	False	False	False
15:93000000	CHD2	rs1545189	15:93017101	lower_recurrence_exact	moderate_0.2_0.5	systemic_non_neural	5	5	0.22207905	1	0.0	0.0	False	False	False	False	False	False	False	0.0	False	False	False	False	0.0	0	False	0.0	0.0	0	0	122.441581	clean_single_gene_followup	clean_single_gene_followup	15	93017101	0									False	0			0							0			0	False	False	False	False	False
1:151500000	THEM4	rs1552607	1:151990922	lower_recurrence_exact	moderate_0.2_0.5	systemic_non_neural	7	4	0.27751768	3	0.0151795797032615	0.2135223895311355	True	True	True	True	True	True	True	0.7517620852781732	False	False	False	False	0.0	0	False	0.986238416902063	0.0603537275551356	48	3	208.697608064332	multi_gene_candidate	full_same_gene_stack	1	151990922	0									False	0			0							0			0	False	False	False	False	False
2:178000000	PRKRA	rs1559908	2:178471620	core_exact_n10	moderate_0.2_0.5	systemic_non_neural	14	6	0.21630341	1	0.0	0.0	False	False	False	False	False	False	False	0.0	False	False	False	False	0.0	0	False	0.0	0.0	0	0	125.1260682	clean_single_gene_followup	clean_single_gene_followup	2	178471620	0									False	0			0							0			0	False	False	False	False	False
15:71000000	LARP6	rs1561691	15:71050653	core_exact_n10	moderate_0.2_0.5	systemic_non_neural	15	5	0.45313054	1	0.0	0.0	False	False	False	False	False	False	False	0.0	False	False	False	False	0.0	0	False	0.0	0.0	0	0	129.0626108	clean_single_gene_followup	clean_single_gene_followup	15	71050653	0									False	0			0							0			0	False	False	False	False	False
9:127500000	DPM2	rs1571141	9:127979614	lower_recurrence_exact	moderate_0.2_0.5	systemic_other	4	3	0.22931388	2	0.0605778509625425	0.508278489112854	True	True	True	True	True	True	True	0.9460700896891816	False	False	False	False	0.0	0	False	0.9928165108590828	0.1098130769452183	123	4	210.41094999971935	low_ambiguity_candidate	full_same_gene_stack	9	127979614	0									False	0			0							0			0	False	False	False	False	False
9:127500000	PIP5KL1	rs1571141	9:127979614	lower_recurrence_exact	moderate_0.2_0.5	systemic_other	4	3	0.22931388	2	0.0605778509625425	0.508278489112854	True	True	True	True	True	True	True	0.9460700896891816	False	False	False	False	0.0	0	False	0.9924507019820984	0.1051774755419115	56	2	210.40729191094957	low_ambiguity_candidate	full_same_gene_stack	9	127979614	0									False	0			0							0			0	False	False	False	False	False
13:44000000	TSC22D1	rs1571934	13:44401763	core_exact_n10	moderate_0.2_0.5	systemic_non_neural	14	5	0.2546735	1	0.0	0.0	False	False	False	False	False	False	False	0.0	False	False	False	False	0.0	0	False	0.0	0.0	0	0	124.89347	clean_single_gene_followup	clean_single_gene_followup	13	44401763	0									False	0			0							0			0	False	False	False	False	False
2:229500000	TRIP12	rs1599843	2:229802854	core_exact_n10	moderate_0.2_0.5	systemic_non_neural	11	6	0.22059461	1	0.0	0.0	False	False	False	False	False	False	False	0.0	False	False	False	False	0.0	0	False	0.0	0.0	0	0	124.6118922	clean_single_gene_followup	clean_single_gene_followup	2	229802854	0									False	0			0							0			0	False	False	False	False	False
16:2000000	RNPS1	rs161424	16:2290602	core_exact_n10	moderate_0.2_0.5	mixed_trait_axis	10	8	0.2999866	1	0.0	0.0	False	False	False	False	False	False	False	0.0	False	False	False	False	0.0	0	False	0.0	0.0	0	0	127.999732	clean_single_gene_followup	clean_single_gene_followup	16	2290602	0									False	0			0							0			0	False	False	False	False	False
11:109500000	ZC3H12C	rs1648144	11:109998576	core_exact_n10	hidden_lt0.2	neural_enriched	11	6	0.16593246	1	0.0	0.0	False	False	False	False	False	False	False	0.0	False	False	False	False	0.0	0	False	0.0	0.0	0	0	123.5186492	clean_single_gene_followup	clean_single_gene_followup	11	109998576	0									False	0			0							0			0	False	False	False	False	False
15:42000000	GANC	rs1659218	15:42323875	lower_recurrence_exact	moderate_0.2_0.5	systemic_non_neural	9	5	0.21034333	2	0.0102425862622974	0.3182330727577209	True	False	True	True	True	True	False	0.0	False	False	False	False	0.0	0	False	0.9634554748198884	0.0232457229986115	20	3	178.7168854757761	low_ambiguity_candidate	full_same_gene_stack	15	42323875	0									False	0			0							0			0	False	False	False	False	False
2:101000000	CNOT11	rs1660695	2:101219039	core_exact_n10	moderate_0.2_0.5	systemic_non_neural	10	6	0.24018703	1	0.0	0.0	False	False	False	False	False	False	False	0.0	False	False	False	False	0.0	0	False	0.0	0.0	0	0	124.8037406	clean_single_gene_followup	clean_single_gene_followup	2	101219039	0									False	0			0							0			0	False	False	False	False	False
7:98500000	TRRAP	rs1685124	7:98853887	lower_recurrence_exact	moderate_0.2_0.5	systemic_non_neural	9	5	0.23238145	1	0.0	0.0	False	False	False	False	False	False	False	0.0	False	False	False	False	0.0	0	False	0.0	0.0	0	0	123.447629	clean_single_gene_followup	clean_single_gene_followup	7	98853887	0									False	0			0							0			0	False	False	False	False	False
9:96500000	HABP4	rs16912150	9:96515337	core_exact_n10	moderate_0.2_0.5	neural_enriched	11	6	0.2922082	1	0.0	0.0	False	False	False	False	False	False	False	0.0	False	False	False	False	0.0	0	False	0.0	0.0	0	0	126.044164	clean_single_gene_followup	clean_single_gene_followup	9	96515337	0									False	0			0							0			0	False	False	False	False	False
12:6500000	EMG1	rs16933023	12:6999256	core_exact_n10	moderate_0.2_0.5	systemic_other	10	3	0.30892426	2	0.064420492486609	0.463340014219284	True	True	True	True	True	True	False	0.0	False	False	False	False	0.0	0	False	0.9965384690646686	0.2018388875708228	9	2	198.59878483283956	low_ambiguity_candidate	full_same_gene_stack	12	6999256	0									False	0			0							0			0	False	False	False	False	False
12:6500000	LPCAT3	rs16933023	12:6999256	core_exact_n10	moderate_0.2_0.5	systemic_other	10	3	0.30892426	2	0.064420492486609	0.463340014219284	True	True	True	True	True	True	False	0.0	False	False	False	False	0.0	0	False	0.9743678428404702	0.0333122859434368	4	2	198.37707857059755	low_ambiguity_candidate	full_same_gene_stack	12	6999256	0									False	0			0							0			0	False	False	False	False	False
12:110500000	TCTN1	rs16940902	12:110578825	lower_recurrence_exact	moderate_0.2_0.5	systemic_other	3	3	0.24070561	6	0.2802041310330846	0.598909854888916	True	True	True	True	True	True	True	0.8569878569332446	False	False	False	False	0.0	0	False	0.9957872524838528	0.173752914518746	2	1	211.2469710737277	multi_gene_candidate	full_same_gene_stack	12	110578825	0									False	0			0							0			0	False	False	False	False	False
15:34500000	GOLGA8B	rs16954442	15:34526826	core_exact_n10	moderate_0.2_0.5	neuro_systemic	15	7	0.2036529	1	0.0	0.0	False	False	False	False	False	False	False	0.0	False	False	False	False	0.0	0	False	0.0	0.0	0	0	126.073058	clean_single_gene_followup	clean_single_gene_followup	15	34526826	0									False	0			0							0			0	False	False	False	False	False
3:170000000	PRKCI	rs1705580	3:170279227	core_exact_n10	hidden_lt0.2	systemic_non_neural	10	8	0.18568529	1	0.0	0.0	False	False	False	False	False	False	False	0.0	False	False	False	False	0.0	0	False	0.0	0.0	0	0	125.7137058	clean_single_gene_followup	clean_single_gene_followup	3	170279227	0									False	0			0							0			0	False	False	False	False	False
3:48000000	MAP4	rs17079910	3:48015657	core_exact_n10	moderate_0.2_0.5	neural_enriched	10	6	0.21527304	1	0.0	0.0	False	False	False	False	False	False	False	0.0	False	False	False	False	0.0	0	False	0.0	0.0	0	0	124.3054608	clean_single_gene_followup	clean_single_gene_followup	3	48015657	0									False	0			0							0			0	False	False	False	False	False
21:15500000	USP25	rs17307197	21:15850174	lower_recurrence_exact	moderate_0.2_0.5	systemic_other	3	3	0.22231072	1	0.0009315498595807	0.8504067063331604	True	True	True	True	True	True	False	0.0	False	False	False	False	0.0	0	False	0.9302720098929756	0.011891474536202	2	1	201.10678716226136	low_ambiguity_candidate	full_same_gene_stack	21	15850174	0									False	0			0							0			0	False	False	False	False	False
11:73500000	FAM168A	rs17310374	11:73563829	lower_recurrence_exact	moderate_0.2_0.5	systemic_other	4	3	0.20618272	1	0.0074728021246048	0.1483341008424759	True	False	True	True	True	False	False	0.0	False	False	False	False	0.0	0	False	0.916628032719699	0.0098200130564073	2	1	159.04962133562177	low_ambiguity_candidate	full_same_gene_stack	11	73563829	0									False	0			0							0			0	False	False	False	False	False
6:38500000	GLO1	rs1739633	6:38649944	lower_recurrence_exact	moderate_0.2_0.5	neuro_systemic	8	5	0.3061127	1	0.0	0.0	False	False	False	False	False	False	False	0.0	False	False	False	False	0.0	0	False	0.0	0.0	0	0	124.722254	clean_single_gene_followup	clean_single_gene_followup	6	38649944	0									False	0			0							0			0	False	False	False	False	False
9:83000000	RASEF	rs17397432	9:83013154	core_exact_n10	hidden_lt0.2	mixed_trait_axis	12	7	0.15571268	1	0.0	0.0	False	False	False	False	False	False	False	0.0	False	False	False	False	0.0	0	False	0.0	0.0	0	0	124.5142536	clean_single_gene_followup	clean_single_gene_followup	9	83013154	0									False	0			0							0			0	False	False	False	False	False
13:21000000	MICU2	rs1744907	13:21475186	core_exact_n10	hidden_lt0.2	systemic_other	10	5	0.16769068	1	0.0	0.0	False	False	False	False	False	False	False	0.0	False	False	False	False	0.0	0	False	0.0	0.0	0	0	122.3538136	clean_single_gene_followup	clean_single_gene_followup	13	21475186	0									False	0			0							0			0	False	False	False	False	False
6:33000000	BAK1	rs1755038	6:33497642	lower_recurrence_exact	moderate_0.2_0.5	systemic_non_neural	7	6	0.3628877	1	0.0	0.0	False	False	False	False	False	False	False	0.0	False	False	False	False	0.0	0	False	0.0	0.0	0	0	126.657754	clean_single_gene_followup	clean_single_gene_followup	6	33497642	0									False	0			0							0			0	False	False	False	False	False
11:67000000	RHOD	rs17584120	11:67002996	core_exact_n10	moderate_0.2_0.5	neuro_systemic	15	6	0.3234125	1	0.0	0.0	False	False	False	False	False	False	False	0.0	False	False	False	False	0.0	0	False	0.0	0.0	0	0	127.46825	clean_single_gene_followup	clean_single_gene_followup	11	67002996	0									False	0			0							0			0	False	False	False	False	False
17:64500000	GNA13	rs17685439	17:64985215	core_exact_n10	moderate_0.2_0.5	systemic_other	16	4	0.44525373	2	0.0140824992713026	0.4069779217243194	True	True	True	True	True	True	True	0.7692439398725329	False	False	False	False	0.0	0	False	0.9747544544150782	0.0336278953309122	7	1	211.417323761394	low_ambiguity_candidate	full_same_gene_stack	17	64985215	0									False	0			0							1	0.4447999954223632	oral cavity carcinoma	0	False	False	True	False	True
11:34000000	NAT10	rs17771070	11:34002499	lower_recurrence_exact	moderate_0.2_0.5	systemic_non_neural	7	5	0.23050399	1	0.0	0.0	False	False	False	False	False	False	False	0.0	False	False	False	False	0.0	0	False	0.0	0.0	0	0	123.0100798	clean_single_gene_followup	clean_single_gene_followup	11	34002499	0									False	0			0							0			0	False	False	False	False	False
1:145500000	NUDT17	rs1778523	1:145737064	lower_recurrence_exact	moderate_0.2_0.5	systemic_other	3	3	0.2392946	4	0.0240964386982094	0.6091794967651367	True	True	True	True	True	True	False	0.9031041616120582	False	False	False	False	0.0	0	False	0.980330993370779	0.0429841733944897	93	3	199.1951049013592	multi_gene_candidate	full_same_gene_stack	1	145737064	6	exact_rsid_mpra_variant	rs1778523	hg19	NHGRI-EBI-GWAS-catalog	HEK293FT;HepG2;HMEC;K562;GM12878;SKNSH	Genome-wide functional screen of 3′UTR variants uncovers causal variants for human disease and evolution (Griesemer et al., 2021)	0.943539631	0.708596669	True	0			0							0			0	False	False	False	False	True
1:145500000	POLR3C	rs1778523	1:145737064	lower_recurrence_exact	moderate_0.2_0.5	systemic_other	3	3	0.2392946	4	0.0240964386982094	0.6091794967651367	True	True	True	True	True	True	False	0.9031041616120582	False	False	False	False	0.0	0	False	0.9532671999218796	0.0182159610738656	2	2	198.92446696687017	multi_gene_candidate	full_same_gene_stack	1	145737064	6	exact_rsid_mpra_variant	rs1778523	hg19	NHGRI-EBI-GWAS-catalog	HEK293FT;HepG2;HMEC;K562;GM12878;SKNSH	Genome-wide functional screen of 3′UTR variants uncovers causal variants for human disease and evolution (Griesemer et al., 2021)	0.943539631	0.708596669	True	0			0							0			0	False	False	False	False	True
1:145500000	RNF115	rs1778523	1:145737064	lower_recurrence_exact	moderate_0.2_0.5	systemic_other	3	3	0.2392946	4	0.0240964386982094	0.6091794967651367	True	True	True	True	True	True	False	0.9031041616120582	False	False	False	False	0.0	0	False	0.9537836531806796	0.0184251802001675	2	1	198.92963149945817	multi_gene_candidate	full_same_gene_stack	1	145737064	6	exact_rsid_mpra_variant	rs1778523	hg19	NHGRI-EBI-GWAS-catalog	HEK293FT;HepG2;HMEC;K562;GM12878;SKNSH	Genome-wide functional screen of 3′UTR variants uncovers causal variants for human disease and evolution (Griesemer et al., 2021)	0.943539631	0.708596669	True	0			0							0			0	False	False	False	False	True
22:20500000	LZTR1	rs178297	22:20999039	core_exact_n10	moderate_0.2_0.5	neural_enriched	10	6	0.20346299	1	0.0	0.0	False	False	False	False	False	False	False	0.0	False	False	False	False	0.0	0	False	0.0	0.0	0	0	124.0692598	clean_single_gene_followup	clean_single_gene_followup	22	20999039	0									False	0			0							0			0	False	False	False	False	False
19:8000000	RAB11B	rs1808536	19:8376973	core_exact_n10	moderate_0.2_0.5	systemic_non_neural	14	5	0.21393882	1	0.0	0.0	False	False	False	False	False	False	False	0.0	False	False	False	False	0.0	0	False	0.0	0.0	0	0	124.0787764	clean_single_gene_followup	clean_single_gene_followup	19	8376973	0									False	0			0							0			0	False	False	False	False	False
1:215500000	KCTD3	rs1819739	1:215591054	core_exact_n10	moderate_0.2_0.5	systemic_other	15	3	0.34663823	1	0.0587403636507324	0.3499849736690521	True	False	False	True	True	True	False	0.0	False	False	False	False	0.0	0	False	0.9798092690039356	0.041813105206396	1	1	152.7979424267299	low_ambiguity_candidate	full_same_gene_stack	1	215591054	0									False	0			0							0			0	False	False	False	False	False
7:44500000	CCM2	rs1859489	7:44988209	lower_recurrence_exact	moderate_0.2_0.5	systemic_non_neural	5	4	0.20069842	3	0.0447771642611159	0.4301313757896423	True	True	True	True	True	True	False	0.0	False	False	False	False	0.0	0	False	0.9972259033386668	0.2392793716065103	35	3	198.7735727912831	multi_gene_candidate	full_same_gene_stack	7	44988209	0									False	0			0							0			0	False	False	False	False	False
7:44500000	TBRG4	rs1859489	7:44988209	lower_recurrence_exact	moderate_0.2_0.5	systemic_non_neural	5	4	0.20069842	3	0.0447771642611159	0.4301313757896423	True	True	True	True	True	False	False	0.0	False	False	False	False	0.0	0	False	0.8220589425757546	0.0041580963659654	1	1	182.021903183654	multi_gene_candidate	full_same_gene_stack	7	44988209	0									False	0			0							0			0	False	False	False	False	False
16:53000000	RBL2	rs1861351	16:53499315	lower_recurrence_exact	moderate_0.2_0.5	systemic_non_neural	4	4	0.23038158	1	0.0295124886409071	0.783150315284729	True	True	True	True	True	True	False	0.0	False	False	False	False	0.0	0	False	0.9904474102583408	0.0852148100936722	519	4	202.1359772554307	low_ambiguity_candidate	full_same_gene_stack	16	53499315	0									False	0			0							0			0	False	False	False	False	False
5:88500000	MEF2C	rs186233	5:88838102	core_exact_n10	moderate_0.2_0.5	mixed_trait_axis	14	8	0.24009176	1	0.0	0.0	False	False	False	False	False	False	False	0.0	False	False	False	False	0.0	0	False	0.0	0.0	0	0	127.6018352	clean_single_gene_followup	clean_single_gene_followup	5	88838102	0									False	0			0							0			0	False	False	False	False	False
6:56500000	DST	rs1870639	6:56862021	lower_recurrence_exact	moderate_0.2_0.5	neuro_systemic	9	5	0.23615813	1	0.0	0.0	False	False	False	False	False	False	False	0.0	False	False	False	False	0.0	0	False	0.0	0.0	0	0	123.5231626	clean_single_gene_followup	clean_single_gene_followup	6	56862021	0									False	0			0							0			0	False	False	False	False	False
3:44500000	TMEM42	rs1876223	3:44761331	lower_recurrence_exact	moderate_0.2_0.5	systemic_non_neural	4	4	0.20354721	10	0.0016830251079745	0.3856635093688965	True	True	True	True	True	True	False	0.0	False	False	False	False	0.0	0	False	0.9654981468758462	0.0245728695173027	3	2	197.91161656244745	multi_gene_candidate	full_same_gene_stack	3	44761331	0									False	0			0							0			0	False	False	False	False	False
3:44500000	ZNF502	rs1876223	3:44761331	lower_recurrence_exact	moderate_0.2_0.5	systemic_non_neural	4	4	0.20354721	10	0.0016830251079745	0.3856635093688965	True	True	True	True	True	True	False	0.0	False	False	False	False	0.0	0	False	0.9596603481409997	0.0209752872903412	49	2	197.85323857509897	multi_gene_candidate	full_same_gene_stack	3	44761331	0									False	0			0							0			0	False	False	False	False	False
17:17500000	RAI1	rs1883752	17:17791851	core_exact_n10	hidden_lt0.2	systemic_non_neural	11	6	0.14093354	1	0.0	0.0	False	False	False	False	False	False	False	0.0	False	False	False	False	0.0	0	False	0.0	0.0	0	0	123.0186708	clean_single_gene_followup	clean_single_gene_followup	17	17791851	0									False	0			0							0			0	False	False	False	False	False
10:117000000	SHTN1	rs1898357	10:117074790	lower_recurrence_exact	moderate_0.2_0.5	systemic_other	4	3	0.20524396	1	0.0207948300174605	0.7913773655891418	True	True	True	True	True	True	False	0.0	False	False	False	False	0.0	0	False	0.9946869365267004	0.1423739796071139	56	4	201.2606430211584	low_ambiguity_candidate	full_same_gene_stack	10	117074790	0									False	0			0							0			0	False	False	False	False	False
16:21500000	OTOA	rs194548	16:21597151	core_exact_n10	hidden_lt0.2	systemic_non_neural	14	6	0.18687293	1	0.0	0.0	False	False	False	False	False	False	False	0.0	False	False	False	False	0.0	0	False	0.0	0.0	0	0	124.5374586	clean_single_gene_followup	clean_single_gene_followup	16	21597151	0									False	0			0							0			0	False	False	False	False	False
6:17500000	KIF13A	rs1983575	6:17910314	core_exact_n10	moderate_0.2_0.5	neural_enriched	10	3	0.28307772	1	0.0014380882187652	0.8919849991798401	True	True	True	True	True	True	False	0.0	False	False	False	False	0.0	0	False	0.9961589997836412	0.1861100698767525	56	3	202.88143998963483	low_ambiguity_candidate	full_same_gene_stack	6	17910314	0									False	0			0							0			0	False	False	False	False	False
16:53000000	CHD9	rs1984470	16:53217014	lower_recurrence_exact	moderate_0.2_0.5	systemic_other	4	3	0.21158297	1	0.060565920719749	0.7148231267929077	True	True	True	True	True	False	False	0.0	False	False	False	False	0.0	0	False	0.8767628890891205	0.0063795745769787	3	1	184.3158601588203	low_ambiguity_candidate	full_same_gene_stack	16	53217014	0									False	0			0							0			0	False	False	False	False	False
1:94000000	ABCD3	rs1999271	1:94235653	lower_recurrence_exact	moderate_0.2_0.5	systemic_non_neural	9	5	0.37849557	1	0.0	0.0	False	False	False	False	False	False	False	0.0	False	False	False	False	0.0	0	False	0.0	0.0	0	0	126.3699114	clean_single_gene_followup	clean_single_gene_followup	1	94235653	0									False	0			0							0			0	False	False	False	False	False
12:45000000	ANO6	rs2012937	12:45280678	lower_recurrence_exact	moderate_0.2_0.5	systemic_non_neural	9	6	0.20257641	1	0.0	0.0	False	False	False	False	False	False	False	0.0	False	False	False	False	0.0	0	False	0.0	0.0	0	0	123.8515282	clean_single_gene_followup	clean_single_gene_followup	12	45280678	0									False	0			0							0			0	False	False	False	False	False
19:1000000	SBNO2	rs2019107	19:1181718	lower_recurrence_exact	moderate_0.2_0.5	systemic_non_neural	4	4	0.30367517	1	0.0512109301913791	0.5023095011711121	True	True	True	True	True	True	True	0.90583955285703	True	False	True	True	0.051741	2	False	0.9770261341491496	0.036977841939211	11	2	237.19335635320263	low_ambiguity_candidate	full_same_gene_stack	19	1181718	0									False	0			0							0			0	False	False	False	False	False
8:43000000	HGSNAT	rs2020394	8:43379051	lower_recurrence_exact	moderate_0.2_0.5	systemic_non_neural	5	5	0.236963	1	0.0	0.0	False	False	False	False	False	False	False	0.0	False	False	False	False	0.0	0	False	0.0	0.0	0	0	122.73926	clean_single_gene_followup	clean_single_gene_followup	8	43379051	0									False	0			0							0			0	False	False	False	False	False
14:58000000	TOMM20L	rs2031419	14:58426813	core_exact_n10	moderate_0.2_0.5	systemic_non_neural	13	6	0.38315013	1	0.0	0.0	False	False	False	False	False	False	False	0.0	False	False	False	False	0.0	0	False	0.0	0.0	0	0	128.2630026	clean_single_gene_followup	clean_single_gene_followup	14	58426813	0									False	0			0							0			0	False	False	False	False	False
3:149500000	PFN2	rs2035741	3:149882039	lower_recurrence_exact	moderate_0.2_0.5	systemic_non_neural	9	5	0.23984495	1	0.0	0.0	False	False	False	False	False	False	False	0.0	False	False	False	False	0.0	0	False	0.0	0.0	0	0	123.596899	clean_single_gene_followup	clean_single_gene_followup	3	149882039	0									False	0			0							0			0	False	False	False	False	False
16:23000000	EARS2	rs2040574	16:23499005	core_exact_n10	moderate_0.2_0.5	systemic_non_neural	30	12	0.33601034	2	0.0065707967532678	0.3266774713993072	True	False	False	True	True	True	False	0.0	True	True	False	False	0.0	0	False	0.9566839570292802	0.0195291491290759	98	4	187.8336142842859	low_ambiguity_candidate	full_same_gene_stack	16	23499005	1	exact_rsid_mpra_variant	rs2040574	hg19		GM12878	Direct Identification of Hundreds of Expression- Modulating Variants using a Multiplexed Reporter Assay (Tewhey et al., 2016)	1.0	0.588219765	True	0			0							1	0.415	hepatocellular carcinoma	0	False	False	True	False	True
12:55500000	DGKA	rs2046292	12:55847314	core_exact_n10	moderate_0.2_0.5	systemic_non_neural	17	9	0.38118693	1	0.0	0.0	False	False	False	False	False	False	False	0.0	False	False	False	False	0.0	0	False	0.0	0.0	0	0	132.0237386	clean_single_gene_followup	clean_single_gene_followup	12	55847314	0									False	0			0							0			0	False	False	False	False	False
1:160000000	NCSTN	rs2066320	1:160305644	core_exact_n10	moderate_0.2_0.5	systemic_non_neural	13	6	0.25264356	1	0.0	0.0	False	False	False	False	False	False	False	0.0	False	False	False	False	0.0	0	False	0.0	0.0	0	0	125.6528712	clean_single_gene_followup	clean_single_gene_followup	1	160305644	0									False	0			0							0			0	False	False	False	False	False
2:101500000	MAP4K4	rs2066942	2:101829265	core_exact_n10	moderate_0.2_0.5	systemic_non_neural	10	5	0.2713216	1	0.0	0.0	False	False	False	False	False	False	False	0.0	False	False	False	False	0.0	0	False	0.0	0.0	0	0	124.426432	clean_single_gene_followup	clean_single_gene_followup	2	101829265	0									False	0			0							0			0	False	False	False	False	False
21:31500000	HUNK	rs2070372	21:31999227	core_exact_n10	hidden_lt0.2	neural_enriched	10	6	0.122277856	1	0.0	0.0	False	False	False	False	False	False	False	0.0	False	False	False	False	0.0	0	False	0.0	0.0	0	0	122.44555712	clean_single_gene_followup	clean_single_gene_followup	21	31999227	0									False	0			0							0			0	False	False	False	False	False
17:7000000	FGF11	rs2111437	17:7489478	lower_recurrence_exact	moderate_0.2_0.5	systemic_non_neural	7	4	0.22976127	5	0.032851790797851	0.2606676816940307	True	True	True	True	True	True	False	0.0	False	False	False	False	0.0	0	False	0.9800367259381976	0.0423058876909938	2	2	197.10704407632227	multi_gene_candidate	full_same_gene_stack	17	7489478	0									False	0			0							0			0	False	False	False	False	False
2:135500000	ZRANB3	rs2117511	2:135705091	lower_recurrence_exact	moderate_0.2_0.5	systemic_non_neural	6	5	0.2136351	1	0.0	0.0	False	False	False	False	False	False	False	0.0	False	False	False	False	0.0	0	False	0.0	0.0	0	0	122.472702	clean_single_gene_followup	clean_single_gene_followup	2	135705091	0									False	0			0							0			0	False	False	False	False	False
11:108000000	ATM	rs2118309	11:108496726	lower_recurrence_exact	moderate_0.2_0.5	systemic_non_neural	7	5	0.2075518	3	0.0153454243495389	0.6131616234779358	True	True	True	True	True	False	False	0.8157215702056675	False	False	False	False	0.0	0	False	0.8607485735351856	0.0055519638531452	36	4	185.4391019701312	multi_gene_candidate	full_same_gene_stack	11	108496726	0									False	0			0							0			0	False	False	False	False	False
11:108000000	NPAT	rs2118309	11:108496726	lower_recurrence_exact	moderate_0.2_0.5	systemic_non_neural	7	5	0.2075518	3	0.0153454243495389	0.6131616234779358	True	True	True	True	True	False	False	0.8157215702056675	False	False	False	False	0.0	0	False	0.8592366364113124	0.0054759106826605	16	1	185.42398259889248	multi_gene_candidate	full_same_gene_stack	11	108496726	0									False	0			0							0			0	False	False	False	False	False
4:76000000	FAM47E	rs2136050	4:76388636	core_exact_n10	moderate_0.2_0.5	neural_enriched	10	5	0.21426542	4	3.64569114392252e-05	0.5143367052078247	True	True	True	True	True	False	False	0.7466807941843622	False	False	False	False	0.0	0	False	0.8030107471390735	0.0036640803946095	1	1	184.173474523469	multi_gene_candidate	full_same_gene_stack	4	76388636	0									False	0			0							0			0	False	False	False	False	False
4:76000000	STBD1	rs2136050	4:76388636	core_exact_n10	moderate_0.2_0.5	neural_enriched	10	5	0.21426542	4	3.64569114392252e-05	0.5143367052078247	True	True	True	True	True	False	True	0.7466807941843622	False	False	False	False	0.0	0	False	0.9026029396557738	0.0082870059468447	3	1	197.169396448636	multi_gene_candidate	full_same_gene_stack	4	76388636	0									False	0			0							0			0	False	False	False	False	False
20:41500000	CHD6	rs2145040	20:41512656	lower_recurrence_exact	moderate_0.2_0.5	systemic_other	4	3	0.20279144	1	0.024366971896243	0.8372239470481873	True	True	True	True	True	True	False	0.0	False	False	False	False	0.0	0	False	0.9387751975275168	0.0136677402502456	1	1	201.15999144575704	low_ambiguity_candidate	full_same_gene_stack	20	41512656	0									False	0			0							0			0	False	False	False	False	False
1:156500000	NTRK1	rs2150906	1:156815564	core_exact_n10	moderate_0.2_0.5	systemic_non_neural	10	5	0.31535095	1	0.0	0.0	False	False	False	False	False	False	False	0.0	False	False	False	False	0.0	0	False	0.0	0.0	0	0	125.307019	clean_single_gene_followup	clean_single_gene_followup	1	156815564	0									False	0			0							0			0	False	False	False	False	False
1:37000000	MEAF6	rs215208	1:37487375	lower_recurrence_exact	moderate_0.2_0.5	systemic_non_neural	7	4	0.21339448	4	0.0188818279394902	0.093773104250431	True	False	True	True	True	True	False	0.832622209325847	False	False	False	False	0.0	0	False	0.9796155090327174	0.0415791552113686	5	1	175.43388613283147	multi_gene_candidate	full_same_gene_stack	1	37487375	0									False	0			0							0			0	False	False	False	False	False
1:37000000	SNIP1	rs215208	1:37487375	lower_recurrence_exact	moderate_0.2_0.5	systemic_non_neural	7	4	0.21339448	4	0.0188818279394902	0.093773104250431	True	False	True	True	True	True	False	0.832622209325847	False	False	False	False	0.0	0	False	0.9870340001258052	0.064145797256264	35	1	175.50807104376236	multi_gene_candidate	full_same_gene_stack	1	37487375	0									False	0			0							0			0	False	False	False	False	False
1:37000000	MEAF6	rs215210	1:37493849	core_exact_n10	moderate_0.2_0.5	neuro_systemic	16	7	0.26229614	2	0.0204959762130862	0.093773104250431	True	False	True	True	True	True	False	0.0	False	False	False	False	0.0	0	False	0.9796155090327174	0.0415791552113686	5	1	179.33388613283148	low_ambiguity_candidate	full_same_gene_stack	1	37493849	0									False	0			0							0			0	False	False	False	False	False
1:37000000	MEAF6	rs215211	1:37493869	core_exact_n10	moderate_0.2_0.5	systemic_other	10	5	0.21098593	2	0.0202965985473352	0.093773104250431	True	False	True	True	True	True	False	0.0	False	False	False	False	0.0	0	False	0.9796155090327174	0.0415791552113686	5	1	176.7338861328315	low_ambiguity_candidate	full_same_gene_stack	1	37493869	0									False	0			0							0			0	False	False	False	False	False
12:12000000	LRP6	rs2160589	12:12226359	core_exact_n10	moderate_0.2_0.5	systemic_non_neural	11	6	0.26870275	1	0.0	0.0	False	False	False	False	False	False	False	0.0	False	False	False	False	0.0	0	False	0.0	0.0	0	0	125.574055	clean_single_gene_followup	clean_single_gene_followup	12	12226359	0									False	0			0							0			0	False	False	False	False	False
5:154500000	CNOT8	rs2161128	5:154933864	core_exact_n10	moderate_0.2_0.5	neural_enriched	11	4	0.3439029	2	0.0184026049472296	0.4379608631134033	True	True	True	True	True	False	False	0.0	False	False	False	False	0.0	0	False	0.906802045842439	0.0087174538728864	1	1	183.54762908955843	low_ambiguity_candidate	full_same_gene_stack	5	154933864	0									False	0			0							0			0	False	False	False	False	False
5:154500000	FAXDC2	rs2161128	5:154933864	core_exact_n10	moderate_0.2_0.5	neural_enriched	11	4	0.3439029	2	0.0184026049472296	0.4379608631134033	True	True	True	True	True	True	False	0.0	False	False	False	False	0.0	0	False	0.9226508742114468	0.0106640198902202	5	2	198.7061173732485	low_ambiguity_candidate	full_same_gene_stack	5	154933864	0									False	0			0							0			0	False	False	False	False	False
6:37500000	ZFAND3	rs2180514	6:37868275	core_exact_n10	hidden_lt0.2	systemic_non_neural	11	5	0.18028206	1	0.0	0.0	False	False	False	False	False	False	False	0.0	False	False	False	False	0.0	0	False	0.0	0.0	0	0	122.8056412	clean_single_gene_followup	clean_single_gene_followup	6	37868275	0									False	0			0							0			0	False	False	False	False	False
7:51000000	COBL	rs2215164	7:51251631	lower_recurrence_exact	moderate_0.2_0.5	neuro_systemic	6	5	0.26874703	1	0.0	0.0	False	False	False	False	False	False	False	0.0	False	False	False	False	0.0	0	False	0.0	0.0	0	0	123.5749406	clean_single_gene_followup	clean_single_gene_followup	7	51251631	0									False	0			0							0			0	False	False	False	False	False
13:110000000	IRS2	rs2225778	13:110005737	core_exact_n10	moderate_0.2_0.5	systemic_non_neural	10	7	0.20564176	1	0.0	0.0	False	False	False	False	False	False	False	0.0	False	False	False	False	0.0	0	False	0.0	0.0	0	0	125.1128352	clean_single_gene_followup	clean_single_gene_followup	13	110005737	0									False	0			0							1	0.415	colorectal carcinoma	0	False	False	True	False	True
16:69000000	CHTF8	rs2232228	16:69109674	lower_recurrence_exact	moderate_0.2_0.5	neural_enriched	4	3	0.20203389	1	0.0010662041068205	0.1247561573982238	True	True	True	True	True	False	False	0.0	False	False	False	False	0.0	0	False	0.9123951546368416	0.0093040324550172	3	2	178.77151312035068	low_ambiguity_candidate	full_same_gene_stack	16	69109674	0									False	0			0							0			0	False	False	False	False	False
20:35000000	GDF5	rs224330	20:35434398	lower_recurrence_exact	moderate_0.2_0.5	systemic_non_neural	6	5	0.29076156	1	0.0	0.0	False	False	False	False	False	False	False	0.0	False	False	False	False	0.0	0	False	0.0	0.0	0	0	124.0152312	clean_single_gene_followup	clean_single_gene_followup	20	35434398	0									False	0			0							0			0	False	False	False	False	False
10:43000000	HNRNPF	rs2245413	10:43355120	lower_recurrence_exact	moderate_0.2_0.5	systemic_non_neural	6	4	0.2193967	1	0.1030467434928135	0.0522760190069675	True	False	False	True	True	False	False	0.0	False	False	False	False	0.0	0	False	0.8416572784481792	0.0048421684200851	1	1	133.53933297455146	low_ambiguity_candidate	full_same_gene_stack	10	43355120	0									False	0			0							0			0	False	False	False	False	False
12:50500000	SLC11A2	rs224569	12:50993056	core_exact_n10	moderate_0.2_0.5	systemic_non_neural	12	7	0.22917637	1	0.0	0.0	False	False	False	False	False	False	False	0.0	False	False	False	False	0.0	0	False	0.0	0.0	0	0	125.9835274	clean_single_gene_followup	clean_single_gene_followup	12	50993056	0									False	0			0							0			0	False	False	False	False	False
2:177000000	NFE2L2	rs2251139	2:177203431	core_exact_n10	hidden_lt0.2	systemic_other	12	4	0.17461076	2	0.2736063329275223	0.8843142986297607	True	True	True	True	True	True	False	0.0	True	True	False	False	0.0	0	False	0.9892259655756108	0.0762941941056058	38	3	228.9354026420537	low_ambiguity_candidate	full_same_gene_stack	2	177203431	0									False	0			0							1	0.5434999847412109	non small cell lung carcinoma	0	False	False	True	False	True
14:61500000	HIF1A	rs2252357	14:61662316	core_exact_n10	hidden_lt0.2	neuro_systemic	11	5	0.17164983	1	0.0	0.0	False	False	False	False	False	False	False	0.0	False	False	False	False	0.0	0	False	0.0	0.0	0	0	122.6329966	clean_single_gene_followup	clean_single_gene_followup	14	61662316	0									False	0			0							0			0	False	False	False	False	False
17:76000000	EXOC7	rs2257020	17:76080334	lower_recurrence_exact	moderate_0.2_0.5	systemic_other	4	3	0.27741894	1	0.0944786571610761	0.0954527705907821	True	False	False	True	True	True	False	0.0	True	False	False	False	0.0	0	False	0.9842117475961032	0.0533463572621713	13	2	159.19664518186886	low_ambiguity_candidate	full_same_gene_stack	17	76080334	0									False	0			0							0			0	False	False	False	False	False
20:25000000	ABHD12	rs2263205	20:25398271	lower_recurrence_exact	moderate_0.2_0.5	systemic_non_neural	6	4	0.22639383	3	0.0159677236660099	0.5556055307388306	True	True	True	True	True	True	True	0.9057318323733352	False	False	False	False	0.0	0	False	0.9800592284717532	0.0423385220817445	6	2	211.95664759210584	multi_gene_candidate	full_same_gene_stack	20	25398271	0									False	0			0							0			0	False	False	False	False	False
20:25000000	ENTPD6	rs2263205	20:25398271	lower_recurrence_exact	moderate_0.2_0.5	systemic_non_neural	6	4	0.22639383	3	0.0159677236660099	0.5556055307388306	True	True	True	True	True	True	False	0.9057318323733352	False	False	False	False	0.0	0	False	0.9665596919787725	0.0253890142862685	2	1	199.82165222717603	multi_gene_candidate	full_same_gene_stack	20	25398271	0									False	0			0							0			0	False	False	False	False	False
20:25000000	PYGB	rs2263205	20:25398271	lower_recurrence_exact	moderate_0.2_0.5	systemic_non_neural	6	4	0.22639383	3	0.0159677236660099	0.5556055307388306	True	True	True	True	True	True	False	0.9057318323733352	False	False	False	False	0.0	0	False	0.990277038429744	0.0835407229147582	49	2	200.0588256916857	multi_gene_candidate	full_same_gene_stack	20	25398271	0									False	0			0							0			0	False	False	False	False	False
22:41500000	CCDC134	rs2267437	22:41620695	lower_recurrence_exact	moderate_0.2_0.5	neural_enriched	3	3	0.21695296	10	0.1467721809637951	0.3959097862243652	True	True	True	True	True	True	False	0.0	False	False	False	False	0.0	0	False	0.9903030936412498	0.0836451411935088	44	1	197.16212879865617	multi_gene_candidate	full_same_gene_stack	22	41620695	0									False	0			0							0			0	False	False	False	False	False
22:41500000	CSDC2	rs2267437	22:41620695	lower_recurrence_exact	moderate_0.2_0.5	neural_enriched	3	3	0.21695296	10	0.1467721809637951	0.3959097862243652	True	True	True	True	True	True	False	0.0	False	False	False	False	0.0	0	False	0.98761609022594	0.0666720934614179	4	2	197.13525876450308	multi_gene_candidate	full_same_gene_stack	22	41620695	0									False	0			0							0			0	False	False	False	False	False
22:41500000	POLR3H	rs2267437	22:41620695	lower_recurrence_exact	moderate_0.2_0.5	neural_enriched	3	3	0.21695296	10	0.1467721809637951	0.3959097862243652	True	True	True	True	True	True	False	0.0	False	False	False	False	0.0	0	False	0.9662558256471566	0.0252105218668573	4	2	196.9216561187152	multi_gene_candidate	full_same_gene_stack	22	41620695	0									False	0			0							0			0	False	False	False	False	False
22:41500000	SNU13	rs2267437	22:41620695	lower_recurrence_exact	moderate_0.2_0.5	neural_enriched	3	3	0.21695296	10	0.1467721809637951	0.3959097862243652	True	True	True	True	True	True	False	0.0	True	False	False	False	0.0	0	False	0.9893378977214016	0.0766481963479469	14	2	207.15247683945768	multi_gene_candidate	full_same_gene_stack	22	41620695	0									False	0			0							0			0	False	False	False	False	False
14:75500000	FLVCR2	rs2268626	14:75978424	core_exact_n10	hidden_lt0.2	systemic_non_neural	10	5	0.17348473	1	0.0	0.0	False	False	False	False	False	False	False	0.0	False	False	False	False	0.0	0	False	0.0	0.0	0	0	122.4696946	clean_single_gene_followup	clean_single_gene_followup	14	75978424	1	exact_rsid_mpra_variant	rs2268626	hg19		GM12878	Direct Identification of Hundreds of Expression- Modulating Variants using a Multiplexed Reporter Assay (Tewhey et al., 2016)	1.0	0.138855674	True	0			0							0			0	False	False	False	False	True
10:74000000	VCL	rs2270548	10:74082394	lower_recurrence_exact	moderate_0.2_0.5	neuro_systemic	9	4	0.31134105	1	0.1219986741141211	0.8156715631484985	True	True	True	True	True	False	True	0.792981540506222	False	False	False	False	0.0	0	False	0.9001225019357247	0.0080661295716617	46	3	199.05794065084223	low_ambiguity_candidate	full_same_gene_stack	10	74082394	0									False	0			0							0			0	False	False	False	False	False
16:71500000	IST1	rs2270832	16:71746582	core_exact_n10	moderate_0.2_0.5	neural_enriched	11	3	0.49269354	3	0.0234462849678349	0.5038939118385315	True	True	True	True	True	True	False	0.0	False	False	False	False	0.034274	1	False	0.97719930808161	0.037153928723897	16	2	198.9109321992014	multi_gene_candidate	full_same_gene_stack	16	71746582	0									False	0			0							0			0	False	False	False	False	False
16:71500000	PHLPP2	rs2270832	16:71746582	core_exact_n10	moderate_0.2_0.5	neural_enriched	11	3	0.49269354	3	0.0234462849678349	0.5038939118385315	True	True	True	True	True	True	False	0.0	False	False	True	False	0.034274	1	False	0.9725114835731844	0.0308485291501645	134	3	204.86405395411717	multi_gene_candidate	full_same_gene_stack	16	71746582	0									False	0			0							0			0	False	False	False	False	False
2:86500000	CD8A	rs2271666	2:86770425	core_exact_n10	hidden_lt0.2	neuro_systemic	10	6	0.17630027	1	0.0	0.0	False	False	False	False	False	False	False	0.0	False	False	False	False	0.0	0	False	0.0	0.0	0	0	123.5260054	clean_single_gene_followup	clean_single_gene_followup	2	86770425	0									False	0			0							0			0	False	False	False	False	False
21:39000000	HMGN1	rs2272576	21:39312463	core_exact_n10	hidden_lt0.2	systemic_other	10	4	0.19112293	2	0.0132460617006159	0.3577796816825866	True	True	True	True	True	False	True	0.9519371124214536	False	False	False	False	0.0	0	False	0.9132497434468604	0.0094274680679966	1	1	194.71029425129447	low_ambiguity_candidate	full_same_gene_stack	21	39312463	0									False	0			0							0			0	False	False	False	False	False
21:39000000	PSMG1	rs2272576	21:39312463	core_exact_n10	hidden_lt0.2	systemic_other	10	4	0.19112293	2	0.0132460617006159	0.3577796816825866	True	True	True	True	True	True	True	0.9519371124214536	False	False	False	False	0.0	0	False	0.9764078817391458	0.0358964098313126	37	3	210.34187563421733	low_ambiguity_candidate	full_same_gene_stack	21	39312463	0									False	0			0							0			0	False	False	False	False	False
4:47500000	CNGA1	rs2289433	4:47837912	lower_recurrence_exact	moderate_0.2_0.5	neuro_systemic	8	4	0.26218316	4	0.0194224404648289	0.254399687051773	True	False	True	True	True	True	False	0.0	False	False	False	False	0.0	0	False	0.959005058294327	0.0206457413071797	64	3	176.934047453461	multi_gene_candidate	full_same_gene_stack	4	47837912	0									False	0			0							0			0	False	False	False	False	False
4:47500000	NFXL1	rs2289433	4:47837912	lower_recurrence_exact	moderate_0.2_0.5	neuro_systemic	8	4	0.26218316	4	0.0194224404648289	0.254399687051773	True	False	True	True	True	False	False	0.0	False	False	False	False	0.0	0	False	0.8965195712850917	0.0077529129413063	43	4	161.30919258336866	multi_gene_candidate	full_same_gene_stack	4	47837912	0									False	0			0							0			0	False	False	False	False	False
4:47500000	NIPAL1	rs2289433	4:47837912	lower_recurrence_exact	moderate_0.2_0.5	neuro_systemic	8	4	0.26218316	4	0.0194224404648289	0.254399687051773	True	False	True	True	True	False	False	0.0	False	False	False	False	0.0	0	False	0.8958283801678628	0.0076960230510413	10	2	161.30228067219636	multi_gene_candidate	full_same_gene_stack	4	47837912	0									False	0			0							0			0	False	False	False	False	False
20:3500000	RNF24	rs2300217	20:3957928	lower_recurrence_exact	moderate_0.2_0.5	neuro_systemic	6	5	0.21269101	1	0.0	0.0	False	False	False	False	False	False	False	0.0	False	False	False	False	0.0	0	False	0.0	0.0	0	0	122.4538202	clean_single_gene_followup	clean_single_gene_followup	20	3957928	0									False	0			0							0			0	False	False	False	False	False
7:130500000	COPG2	rs2302826	7:130507466	core_exact_n10	hidden_lt0.2	neuro_systemic	12	5	0.13804962	1	0.0	0.0	False	False	False	False	False	False	False	0.0	False	False	False	False	0.0	0	False	0.0	0.0	0	0	122.1609924	clean_single_gene_followup	clean_single_gene_followup	7	130507466	0									False	0			0							0			0	False	False	False	False	False
19:17000000	BST2	rs2303682	19:17418951	lower_recurrence_exact	moderate_0.2_0.5	systemic_non_neural	8	6	0.2915136	1	0.0	0.0	False	False	False	False	False	False	False	0.0	False	False	False	False	0.0	0	False	0.0	0.0	0	0	125.430272	clean_single_gene_followup	clean_single_gene_followup	19	17418951	0									False	0			0							0			0	False	False	False	False	False
16:70000000	IL34	rs2303793	16:70496456	core_exact_n10	moderate_0.2_0.5	neural_enriched	13	6	0.29716876	1	0.0	0.0	False	False	False	False	False	False	False	0.0	False	False	False	False	0.0	0	False	0.0	0.0	0	0	126.5433752	clean_single_gene_followup	clean_single_gene_followup	16	70496456	0									False	0			0							0			0	False	False	False	False	False
1:37500000	INPP5B	rs2306426	1:37868646	core_exact_n10	moderate_0.2_0.5	systemic_other	10	4	0.28723797	1	0.062822131380055	0.6045558452606201	True	True	True	True	True	True	False	0.0	False	False	False	False	0.0	0	False	0.9978251456023052	0.2844506760200695	401	4	201.0238099086293	low_ambiguity_candidate	full_same_gene_stack	1	37868646	1	exact_rsid_mpra_variant	rs2306426	hg19	Autoimmune (rheumatoid arthritis)	Jurkat	Prioritization of autoimmune disease-associated genetic variants that perturb regulatory element activity in T cells (Mouri et al., 2022)	1.0	0.050505152	True	0			0							0			0	False	False	False	False	True
7:55500000	CHCHD2	rs2331096	7:55898655	lower_recurrence_exact	moderate_0.2_0.5	systemic_other	4	3	0.23333284	1	0.0183195473253536	0.1085404902696609	True	False	True	True	True	True	False	0.0	False	False	False	False	0.0	0	False	0.9813763055333504	0.045189868069847	270	4	174.29916795803013	low_ambiguity_candidate	full_same_gene_stack	7	55898655	0									False	0			0							0			0	False	False	False	False	False
3:53000000	DCP1A	rs2358619	3:53309906	lower_recurrence_exact	moderate_0.2_0.5	systemic_non_neural	6	5	0.24730682	1	0.0	0.0	False	False	False	False	False	False	False	0.0	False	False	False	False	0.0	0	False	0.0	0.0	0	0	123.1461364	clean_single_gene_followup	clean_single_gene_followup	3	53309906	0									False	0			0							0			0	False	False	False	False	False
17:49500000	TAC4	rs2412129	17:49700124	core_exact_n10	moderate_0.2_0.5	systemic_non_neural	19	7	0.21744123	1	0.0	0.0	False	False	False	False	False	False	False	0.0	False	False	False	False	0.0	0	False	0.0	0.0	0	0	127.1488246	clean_single_gene_followup	clean_single_gene_followup	17	49700124	0									False	0			0							0			0	False	False	False	False	False
10:121500000	ATE1	rs2420979	10:121998861	core_exact_n10	hidden_lt0.2	neural_enriched	10	5	0.16260575	1	0.0	0.0	False	False	False	False	False	False	False	0.0	False	False	False	False	0.0	0	False	0.0	0.0	0	0	122.252115	clean_single_gene_followup	clean_single_gene_followup	10	121998861	0									False	0			0							0			0	False	False	False	False	False
1:93000000	DR1	rs2433279	1:93442352	lower_recurrence_exact	moderate_0.2_0.5	systemic_non_neural	7	5	0.22325808	1	0.0	0.0	False	False	False	False	False	False	False	0.0	False	False	False	False	0.0	0	False	0.0	0.0	0	0	122.8651616	clean_single_gene_followup	clean_single_gene_followup	1	93442352	0									False	0			0							0			0	False	False	False	False	False
16:15000000	RRN3	rs2457526	16:15143080	core_exact_n10	moderate_0.2_0.5	systemic_non_neural	18	6	0.3799939	1	0.0	0.0	False	False	False	False	False	False	False	0.0	False	False	False	False	0.0	0	False	0.0	0.0	0	0	129.19987799999998	clean_single_gene_followup	clean_single_gene_followup	16	15143080	0									False	0			0							0			0	False	False	False	False	False
1:89500000	LRRC8D	rs2490113	1:89990538	core_exact_n10	moderate_0.2_0.5	systemic_non_neural	12	5	0.23251396	1	0.0	0.0	False	False	False	False	False	False	False	0.0	False	False	False	False	0.0	0	False	0.0	0.0	0	0	124.0502792	clean_single_gene_followup	clean_single_gene_followup	1	89990538	0									False	0			0							0			0	False	False	False	False	False
10:114000000	ABLIM1	rs2497701	10:114499620	core_exact_n10	hidden_lt0.2	systemic_other	10	5	0.1946367	1	0.0	0.0	False	False	False	False	False	False	False	0.0	False	False	False	False	0.0	0	False	0.0	0.0	0	0	122.892734	clean_single_gene_followup	clean_single_gene_followup	10	114499620	0									False	0			0							0			0	False	False	False	False	False
11:70000000	PPFIA1	rs2509158	11:70231855	lower_recurrence_exact	moderate_0.2_0.5	neuro_systemic	9	6	0.2507474	1	0.0	0.0	False	False	False	False	False	False	False	0.0	False	False	False	False	0.0	0	False	0.0	0.0	0	0	124.814948	clean_single_gene_followup	clean_single_gene_followup	11	70231855	0									False	0			0							0			0	False	False	False	False	False
17:64500000	SMURF2	rs2521880	17:64745971	core_exact_n10	moderate_0.2_0.5	neuro_systemic	18	7	0.21653202	2	0.1387020807488727	0.5578866004943848	True	True	True	True	True	True	False	0.0	False	False	False	False	0.0	0	False	0.9944376995064192	0.1370360555174196	4	2	204.3232430000081	low_ambiguity_candidate	full_same_gene_stack	17	64745971	0									False	0			0							0			0	False	False	False	False	False
16:80500000	CENPN	rs2549860	16:80993537	core_exact_n10	moderate_0.2_0.5	systemic_non_neural	12	5	0.21336487	4	0.0027849292936596	0.7075061202049255	True	True	True	True	True	False	True	0.7595017091815006	False	False	False	False	0.0	0	False	0.8829509921810288	0.0067677497911043	3	2	199.10457112385956	multi_gene_candidate	full_same_gene_stack	16	80993537	1	exact_rsid_mpra_variant	rs2549860	hg19		GM12878	Direct Identification of Hundreds of Expression- Modulating Variants using a Multiplexed Reporter Assay (Tewhey et al., 2016)	1.0	0.175855431	True	0			0							0			0	False	False	False	False	True
16:80500000	CMC2	rs2549860	16:80993537	core_exact_n10	moderate_0.2_0.5	systemic_non_neural	12	5	0.21336487	4	0.0027849292936596	0.7075061202049255	True	True	True	True	True	True	False	0.7595017091815006	False	False	False	False	0.0	0	False	0.9263879005868032	0.0112344420023232	30	2	202.53894020791728	multi_gene_candidate	full_same_gene_stack	16	80993537	1	exact_rsid_mpra_variant	rs2549860	hg19		GM12878	Direct Identification of Hundreds of Expression- Modulating Variants using a Multiplexed Reporter Assay (Tewhey et al., 2016)	1.0	0.175855431	True	0			0							0			0	False	False	False	False	True
11:6000000	TIMM10B	rs2555159	11:6497555	core_exact_n10	hidden_lt0.2	systemic_non_neural	12	8	0.19951889	1	0.0	0.0	False	False	False	False	False	False	False	0.0	False	False	False	False	0.0	0	False	0.0	0.0	0	0	126.3903778	clean_single_gene_followup	clean_single_gene_followup	11	6497555	0									False	0			0							0			0	False	False	False	False	False
2:96000000	ADRA2B	rs2579551	2:96072837	core_exact_n10	moderate_0.2_0.5	mixed_trait_axis	18	10	0.26042503	1	0.0	0.0	False	False	False	False	False	False	False	0.0	False	False	False	False	0.0	0	False	0.0	0.0	0	0	130.8085006	clean_single_gene_followup	clean_single_gene_followup	2	96072837	0									False	0			0							0			0	False	False	False	False	False
14:104500000	CDCA4	rs2582567	14:104993587	lower_recurrence_exact	moderate_0.2_0.5	systemic_non_neural	8	5	0.22035666	1	0.0	0.0	False	False	False	False	False	False	False	0.0	False	False	False	False	0.0	0	False	0.0	0.0	0	0	123.0071332	clean_single_gene_followup	clean_single_gene_followup	14	104993587	0									False	0			0							0			0	False	False	False	False	False
11:57000000	RTN4RL2	rs2584856	11:57499839	core_exact_n10	moderate_0.2_0.5	mixed_trait_axis	36	10	0.35530838	5	0.0600203391715412	0.6428787112236023	True	True	True	True	True	True	True	0.987946876235458	False	False	False	False	0.0	0	False	0.9954491113003834	0.1639061307574132	1	1	221.98327822523984	multi_gene_candidate	full_same_gene_stack	11	57499839	0									False	0			0							0			0	False	False	False	False	False
11:57000000	SLC43A1	rs2584856	11:57499839	core_exact_n10	moderate_0.2_0.5	mixed_trait_axis	36	10	0.35530838	5	0.0600203391715412	0.6428787112236023	True	True	True	True	True	True	True	0.987946876235458	False	False	False	False	0.0	0	False	0.989500202556182	0.0801312592260461	19	2	221.92378913779785	multi_gene_candidate	full_same_gene_stack	11	57499839	0									False	0			0							0			0	False	False	False	False	False
11:57000000	TIMM10	rs2584856	11:57499839	core_exact_n10	moderate_0.2_0.5	mixed_trait_axis	36	10	0.35530838	5	0.0600203391715412	0.6428787112236023	True	True	True	True	True	True	True	0.987946876235458	False	False	False	False	0.0	0	True	0.9901431312490986	0.0849312319808743	141	5	231.930218424727	multi_gene_candidate	full_same_gene_stack	11	57499839	0									False	0			0							0			0	False	False	False	False	False
11:57000000	RTN4RL2	rs2584862	11:57474483	core_exact_n10	moderate_0.2_0.5	systemic_non_neural	11	5	0.22030085	3	0.0249437544007074	0.1265058070421219	True	False	True	True	True	True	True	0.9262351205042306	False	False	False	False	0.0	0	False	0.9954491113003834	0.1639061307574132	1	1	189.31954918342504	multi_gene_candidate	full_same_gene_stack	11	57474483	0									False	0			0							0			0	False	False	False	False	False
3:9000000	SETD5	rs2596915	3:9498000	core_exact_n10	moderate_0.2_0.5	mixed_trait_axis	16	10	0.28435963	1	0.0	0.0	False	False	False	False	False	False	False	0.0	False	False	False	False	0.0	0	False	0.0	0.0	0	0	130.8871926	clean_single_gene_followup	clean_single_gene_followup	3	9498000	0									False	0			0							0			0	False	False	False	False	False
8:11000000	FAM167A	rs2618479	8:11498312	lower_recurrence_exact	moderate_0.2_0.5	systemic_non_neural	9	4	0.27014324	2	0.0309101258681741	0.1632943004369735	True	False	True	True	True	True	True	0.6725457822871955	False	False	False	False	0.0	0	False	0.9906996443332104	0.0869013177364089	29	1	188.43993944770185	low_ambiguity_candidate	full_same_gene_stack	8	11498312	0									False	0			0							0			0	False	False	False	False	False
5:180500000	MGAT1	rs2619756	5:180858668	core_exact_n10	moderate_0.2_0.5	systemic_non_neural	15	7	0.34369087	1	0.0	0.0	False	False	False	False	False	False	False	0.0	False	False	False	False	0.0	0	False	0.0	0.0	0	0	128.8738174	clean_single_gene_followup	clean_single_gene_followup	5	180858668	0									False	0			0							0			0	False	False	False	False	False
5:103000000	PAM	rs26256	5:103216312	core_exact_n10	moderate_0.2_0.5	neuro_systemic	16	6	0.33150136	1	0.0	0.0	False	False	False	False	False	False	False	0.0	False	False	False	False	0.0	0	False	0.0	0.0	0	0	127.8300272	clean_single_gene_followup	clean_single_gene_followup	5	103216312	0									False	0			0							0			0	False	False	False	False	False
12:56000000	IKZF4	rs2629450	12:56221479	core_exact_n10	moderate_0.2_0.5	systemic_non_neural	14	6	0.2961076	1	0.0	0.0	False	False	False	False	False	False	False	0.0	False	False	False	False	0.0	0	False	0.0	0.0	0	0	126.722152	clean_single_gene_followup	clean_single_gene_followup	12	56221479	0									False	0			0							0			0	False	False	False	False	False
4:8000000	CPZ	rs2631735	4:8474391	core_exact_n10	moderate_0.2_0.5	neural_enriched	11	4	0.30225375	1	0.0168233510827438	0.282199889421463	True	False	True	True	True	False	True	0.9449323380192628	False	False	True	True	0.073853	3	True	0.8568280349768052	0.0053730611861864	3	3	199.49027924398268	low_ambiguity_candidate	full_same_gene_stack	4	8474391	0									False	0			0							0			0	False	False	False	False	False
3:72500000	SHQ1	rs2679208	3:72738289	core_exact_n10	hidden_lt0.2	systemic_non_neural	11	7	0.17597632	1	0.0	0.0	False	False	False	False	False	False	False	0.0	False	False	False	False	0.0	0	False	0.0	0.0	0	0	124.7195264	clean_single_gene_followup	clean_single_gene_followup	3	72738289	0									False	0			0							0			0	False	False	False	False	False
20:4500000	SLC23A2	rs2681118	20:4987356	core_exact_n10	moderate_0.2_0.5	systemic_non_neural	14	8	0.23698272	1	0.0	0.0	False	False	False	False	False	False	False	0.0	False	False	False	False	0.0	0	False	0.0	0.0	0	0	127.5396544	clean_single_gene_followup	clean_single_gene_followup	20	4987356	0									False	0			0							0			0	False	False	False	False	False
12:50500000	DIP2B	rs2684906	12:50647660	core_exact_n10	moderate_0.2_0.5	systemic_other	10	5	0.24267371	1	0.0	0.0	False	False	False	False	False	False	False	0.0	False	False	False	False	0.0	0	False	0.0	0.0	0	0	123.8534742	clean_single_gene_followup	clean_single_gene_followup	12	50647660	0									False	0			0							0			0	False	False	False	False	False
2:73500000	TPRKB	rs2685277	2:73783138	core_exact_n10	moderate_0.2_0.5	neuro_systemic	11	5	0.2973263	1	0.0	0.0	False	False	False	False	False	False	False	0.0	False	False	False	False	0.0	0	False	0.0	0.0	0	0	125.146526	clean_single_gene_followup	clean_single_gene_followup	2	73783138	0									False	0			0							0			0	False	False	False	False	False
4:185000000	SNX25	rs2692593	4:185299224	lower_recurrence_exact	moderate_0.2_0.5	neuro_systemic	7	4	0.32509223	2	0.0047321319586156	0.7979265451431274	True	True	True	True	True	True	False	0.0	False	False	False	False	0.0	0	False	0.975910611471656	0.0352154487422669	3	1	202.43837156614785	low_ambiguity_candidate	full_same_gene_stack	4	185299224	0									False	0			0							0			0	False	False	False	False	False
11:125500000	CHEK1	rs2702023	11:125595125	lower_recurrence_exact	moderate_0.2_0.5	neuro_systemic	7	4	0.20307174	3	0.191095111107777	0.5320141315460205	True	True	True	True	True	True	False	0.0	False	False	False	False	0.0	0	False	0.9697347182344466	0.0281487544645979	13	3	199.71748849780465	multi_gene_candidate	full_same_gene_stack	11	125595125	0									False	0			0							0			0	False	False	False	False	False
11:125500000	EI24	rs2702023	11:125595125	lower_recurrence_exact	moderate_0.2_0.5	neuro_systemic	7	4	0.20307174	3	0.191095111107777	0.5320141315460205	True	True	True	True	True	True	False	0.0	False	False	False	False	0.0	0	False	0.9935155841071694	0.1200386779862345	13	2	199.95529715653188	multi_gene_candidate	full_same_gene_stack	11	125595125	0									False	0			0							0			0	False	False	False	False	False
11:125500000	FEZ1	rs2702023	11:125595125	lower_recurrence_exact	moderate_0.2_0.5	neuro_systemic	7	4	0.20307174	3	0.191095111107777	0.5320141315460205	True	True	True	True	True	False	False	0.0	False	False	False	False	0.0	0	False	0.8910824228551505	0.0073317776913686	4	3	183.9309655440117	multi_gene_candidate	full_same_gene_stack	11	125595125	0									False	0			0							0			0	False	False	False	False	False
2:177000000	NFE2L2	rs2706113	2:177224061	core_exact_n10	moderate_0.2_0.5	neural_enriched	12	6	0.22604898	2	0.0277303972758761	0.8843142986297607	True	True	True	True	True	True	True	0.604185353498782	True	True	False	False	0.0	0	False	0.9892259655756108	0.0762941941056058	38	3	242.9354026420537	low_ambiguity_candidate	full_same_gene_stack	2	177224061	0									False	0			0							1	0.5434999847412109	non small cell lung carcinoma	0	False	False	True	False	True
15:44000000	TRIM69	rs2706475	15:44156311	core_exact_n10	hidden_lt0.2	neuro_systemic	10	8	0.12427373	1	0.0	0.0	False	False	False	False	False	False	False	0.0	False	False	False	False	0.0	0	False	0.0	0.0	0	0	124.4854746	clean_single_gene_followup	clean_single_gene_followup	15	44156311	0									False	0			0							0			0	False	False	False	False	False
17:74000000	GPRC5C	rs2706527	17:74447053	lower_recurrence_exact	moderate_0.2_0.5	systemic_non_neural	9	5	0.23496038	1	0.0	0.0	False	False	False	False	False	False	False	0.0	False	False	False	False	0.0	0	False	0.0	0.0	0	0	123.4992076	clean_single_gene_followup	clean_single_gene_followup	17	74447053	0									False	0			0							0			0	False	False	False	False	False
6:157000000	TMEM242	rs2749665	6:157384530	lower_recurrence_exact	moderate_0.2_0.5	systemic_non_neural	8	6	0.24866547	1	0.0	0.0	False	False	False	False	False	False	False	0.0	False	False	False	False	0.0	0	False	0.0	0.0	0	0	124.5733094	clean_single_gene_followup	clean_single_gene_followup	6	157384530	0									False	0			0							0			0	False	False	False	False	False
9:136500000	RABL6	rs2784092	9:136819575	core_exact_n10	hidden_lt0.2	systemic_non_neural	10	5	0.17018777	1	0.0	0.0	False	False	False	False	False	False	False	0.0	False	False	False	False	0.0	0	False	0.0	0.0	0	0	122.4037554	clean_single_gene_followup	clean_single_gene_followup	9	136819575	0									False	0			0							0			0	False	False	False	False	False
9:122500000	RABGAP1	rs2791438	9:122978819	core_exact_n10	hidden_lt0.2	systemic_non_neural	11	6	0.17332315	1	0.0	0.0	False	False	False	False	False	False	False	0.0	False	False	False	False	0.0	0	False	0.0	0.0	0	0	123.666463	clean_single_gene_followup	clean_single_gene_followup	9	122978819	0									False	0			0							0			0	False	False	False	False	False
1:215500000	KCTD3	rs2797390	1:215558463	core_exact_n10	moderate_0.2_0.5	mixed_trait_axis	14	7	0.3348942	1	0.0	0.0	False	False	False	False	False	False	False	0.0	False	False	False	False	0.0	0	False	0.0	0.0	0	0	128.497884	clean_single_gene_followup	clean_single_gene_followup	1	215558463	0									False	0			0							0			0	False	False	False	False	False
6:157000000	TMEM242	rs2800443	6:157384568	lower_recurrence_exact	moderate_0.2_0.5	neuro_systemic	9	6	0.32546294	1	0.0	0.0	False	False	False	False	False	False	False	0.0	False	False	False	False	0.0	0	False	0.0	0.0	0	0	126.3092588	clean_single_gene_followup	clean_single_gene_followup	6	157384568	0									False	0			0							0			0	False	False	False	False	False
1:89500000	LRRC8D	rs2816866	1:89989856	core_exact_n10	moderate_0.2_0.5	systemic_non_neural	12	5	0.23770119	1	0.0	0.0	False	False	False	False	False	False	False	0.0	False	False	False	False	0.0	0	False	0.0	0.0	0	0	124.1540238	clean_single_gene_followup	clean_single_gene_followup	1	89989856	0									False	0			0							0			0	False	False	False	False	False
3:193500000	MB21D2	rs281797	3:193593967	core_exact_n10	moderate_0.2_0.5	neural_enriched	11	5	0.2431515	1	0.0	0.0	False	False	False	False	False	False	False	0.0	False	False	False	False	0.0	0	False	0.0	0.0	0	0	124.06303	clean_single_gene_followup	clean_single_gene_followup	3	193593967	0									False	0			0							0			0	False	False	False	False	False
9:125000000	PBX3	rs2841338	9:125427023	lower_recurrence_exact	moderate_0.2_0.5	systemic_non_neural	8	5	0.26282904	1	0.0	0.0	False	False	False	False	False	False	False	0.0	False	False	False	False	0.0	0	False	0.0	0.0	0	0	123.8565808	clean_single_gene_followup	clean_single_gene_followup	9	125427023	0									False	0			0							0			0	False	False	False	False	False
15:65500000	DENND4A	rs2899713	15:65824996	lower_recurrence_exact	moderate_0.2_0.5	systemic_non_neural	6	5	0.27938056	1	0.0	0.0	False	False	False	False	False	False	False	0.0	False	False	False	False	0.0	0	False	0.0	0.0	0	0	123.7876112	clean_single_gene_followup	clean_single_gene_followup	15	65824996	0									False	0			0							0			0	False	False	False	False	False
17:31000000	NF1	rs2905808	17:31166975	core_exact_n10	hidden_lt0.2	neural_enriched	10	5	0.17274138	1	0.0	0.0	False	False	False	False	False	False	False	0.0	False	False	False	False	0.0	0	False	0.0	0.0	0	0	122.4548276	clean_single_gene_followup	clean_single_gene_followup	17	31166975	0									False	0			0							0			0	False	False	False	False	False
7:2000000	LFNG	rs2906155	7:2481456	lower_recurrence_exact	moderate_0.2_0.5	systemic_non_neural	6	5	0.21721323	1	0.0	0.0	False	False	False	False	False	False	False	0.0	False	False	False	False	0.0	0	False	0.0	0.0	0	0	122.5442646	clean_single_gene_followup	clean_single_gene_followup	7	2481456	0									False	0			0							0			0	False	False	False	False	False
8:98500000	STK3	rs2922068	8:98913400	lower_recurrence_exact	moderate_0.2_0.5	systemic_non_neural	6	5	0.29952127	1	0.0	0.0	False	False	False	False	False	False	False	0.0	False	False	False	False	0.0	0	False	0.0	0.0	0	0	124.1904254	clean_single_gene_followup	clean_single_gene_followup	8	98913400	0									False	0			0							0			0	False	False	False	False	False
11:61000000	LRRC10B	rs2924447	11:61496201	core_exact_n10	moderate_0.2_0.5	systemic_non_neural	12	6	0.24277858	2	0.0537530632042926	0.8651854395866394	True	True	True	True	True	True	True	0.9682231477691404	False	False	False	False	0.0	0	False	0.9950361258043864	0.1530984798379773	2	1	217.80221565391025	low_ambiguity_candidate	full_same_gene_stack	11	61496201	0									False	0			0							0			0	False	False	False	False	False
5:168500000	PANK3	rs292489	5:168589995	core_exact_n10	moderate_0.2_0.5	neuro_systemic	11	5	0.31976795	1	0.0	0.0	False	False	False	False	False	False	False	0.0	False	False	False	False	0.0	0	False	0.0	0.0	0	0	125.595359	clean_single_gene_followup	clean_single_gene_followup	5	168589995	0									False	0			0							0			0	False	False	False	False	False
16:15000000	RRN3	rs2941266	16:15141783	core_exact_n10	moderate_0.2_0.5	systemic_non_neural	19	10	0.4024217	1	0.0	0.0	False	False	False	False	False	False	False	0.0	False	False	False	False	0.0	0	False	0.0	0.0	0	0	133.848434	clean_single_gene_followup	clean_single_gene_followup	16	15141783	0									False	0			0							0			0	False	False	False	False	False
11:61000000	LRRC10B	rs2943813	11:61490996	lower_recurrence_exact	moderate_0.2_0.5	systemic_non_neural	7	5	0.23883002	1	0.0	0.0	False	False	False	False	False	False	False	0.0	False	False	False	False	0.0	0	False	0.0	0.0	0	0	123.1766004	clean_single_gene_followup	clean_single_gene_followup	11	61490996	0									False	0			0							0			0	False	False	False	False	False
9:87500000	CDK20	rs2947237	9:87951654	lower_recurrence_exact	moderate_0.2_0.5	systemic_non_neural	7	6	0.4174169	1	0.0	0.0	False	False	False	False	False	False	False	0.0	False	False	False	False	0.0	0	False	0.0	0.0	0	0	127.748338	clean_single_gene_followup	clean_single_gene_followup	9	87951654	0									False	0			0							0			0	False	False	False	False	False
8:144500000	ZNF517	rs2958492	8:144693741	core_exact_n10	moderate_0.2_0.5	systemic_non_neural	12	6	0.28321853	1	0.0	0.0	False	False	False	False	False	False	False	0.0	False	False	False	False	0.0	0	False	0.0	0.0	0	0	126.0643706	clean_single_gene_followup	clean_single_gene_followup	8	144693741	0									False	0			0							0			0	False	False	False	False	False
11:45500000	LARGE2	rs2959095	11:45983212	core_exact_n10	moderate_0.2_0.5	systemic_non_neural	17	7	0.33036017	2	0.038155277574778	0.5867336392402649	True	True	True	True	True	True	True	0.6795823798654058	False	False	False	False	0.0	0	False	0.9507563052033022	0.0175220598268787	6	2	216.0748994444357	low_ambiguity_candidate	full_same_gene_stack	11	45983212	0									False	0			0							0			0	False	False	False	False	False
11:45500000	PHF21A	rs2959095	11:45983212	core_exact_n10	moderate_0.2_0.5	systemic_non_neural	17	7	0.33036017	2	0.038155277574778	0.5867336392402649	True	True	True	True	True	True	False	0.6795823798654058	False	False	False	False	0.0	0	False	0.9844773529993932	0.0539767398147658	42	3	204.41210992239655	low_ambiguity_candidate	full_same_gene_stack	11	45983212	0									False	0			0							0			0	False	False	False	False	False
11:45500000	LARGE2	rs2959101	11:45996588	core_exact_n10	moderate_0.2_0.5	neural_enriched	16	5	0.27962735	1	0.0	0.0	False	False	False	False	False	False	False	0.0	False	False	False	False	0.0	0	False	0.0	0.0	0	0	125.792547	clean_single_gene_followup	clean_single_gene_followup	11	45996588	0									False	0			0							0			0	False	False	False	False	False
16:15000000	RRN3	rs2966138	16:15143630	core_exact_n10	hidden_lt0.2	neuro_systemic	11	7	0.19712703	1	0.0	0.0	False	False	False	False	False	False	False	0.0	False	False	False	False	0.0	0	False	0.0	0.0	0	0	125.1425406	clean_single_gene_followup	clean_single_gene_followup	16	15143630	0									False	0			0							0			0	False	False	False	False	False
9:131000000	PRRC2B	rs2966343	9:131442607	lower_recurrence_exact	moderate_0.2_0.5	systemic_other	3	3	0.2373248	1	0.0128540713257409	0.6686521172523499	True	True	False	True	True	False	False	0.0	False	False	False	False	0.0	0	False	0.907824812539061	0.0088303463597902	62	3	159.06476929791413	low_ambiguity_candidate	full_same_gene_stack	9	131442607	0									False	0			0							0			0	False	False	False	False	False
1:35000000	ZMYM1	rs2971408	1:35097364	core_exact_n10	moderate_0.2_0.5	systemic_non_neural	23	12	0.46175954	1	0.0	0.0	False	False	False	False	False	False	False	0.0	False	False	False	False	0.0	0	False	0.0	0.0	0	0	137.8351908	clean_single_gene_followup	clean_single_gene_followup	1	35097364	0									False	0			0							0			0	False	False	False	False	False
4:118500000	PRSS12	rs298982	4:118683854	core_exact_n10	moderate_0.2_0.5	mixed_trait_axis	19	8	0.40410706	1	0.0	0.0	False	False	False	False	False	False	False	0.0	False	False	False	False	0.0	0	False	0.0	0.0	0	0	131.8821412	clean_single_gene_followup	clean_single_gene_followup	4	118683854	0									False	0			0							0			0	False	False	False	False	False
5:83000000	XRCC4	rs301286	5:83307136	lower_recurrence_exact	moderate_0.2_0.5	systemic_non_neural	6	6	0.2409089	2	0.0146053587954175	0.7256098389625549	True	True	False	True	True	True	False	0.0	False	False	False	False	0.0	0	False	0.9887296641669144	0.0729734249771162	2	2	178.74339503129468	low_ambiguity_candidate	full_same_gene_stack	5	83307136	0									False	0			0							0			0	False	False	False	False	False
22:39500000	FAM83F	rs3021274	22:39999080	lower_recurrence_exact	moderate_0.2_0.5	neuro_systemic	8	5	0.2024594	1	0.0	0.0	False	False	False	False	False	False	False	0.0	False	False	False	False	0.0	0	False	0.0	0.0	0	0	122.649188	clean_single_gene_followup	clean_single_gene_followup	22	39999080	0									False	0			0							0			0	False	False	False	False	False
7:155000000	HTR5A	rs306289	7:155008174	core_exact_n10	hidden_lt0.2	neuro_systemic	11	8	0.15042229	1	0.0	0.0	False	False	False	False	False	False	False	0.0	False	False	False	False	0.0	0	False	0.0	0.0	0	0	125.2084458	clean_single_gene_followup	clean_single_gene_followup	7	155008174	0									False	0			0							0			0	False	False	False	False	False
13:27000000	USP12	rs3094294	13:27251238	core_exact_n10	hidden_lt0.2	systemic_non_neural	10	8	0.16012786	1	0.0	0.0	False	False	False	False	False	False	False	0.0	False	False	False	False	0.0	0	False	0.0	0.0	0	0	125.2025572	clean_single_gene_followup	clean_single_gene_followup	13	27251238	0									False	0			0							0			0	False	False	False	False	False
16:89000000	SPG7	rs3114870	16:89361141	lower_recurrence_exact	moderate_0.2_0.5	systemic_non_neural	8	7	0.26993722	1	0.0	0.0	False	False	False	False	False	False	False	0.0	False	False	False	False	0.0	0	False	0.0	0.0	0	0	125.9987444	clean_single_gene_followup	clean_single_gene_followup	16	89361141	0									False	0			0							0			0	False	False	False	False	False
19:11000000	PRKCSH	rs311805	19:11487668	lower_recurrence_exact	moderate_0.2_0.5	neuro_systemic	8	5	0.28952572	1	0.0	0.0	False	False	False	False	False	False	False	0.0	False	False	False	False	0.0	0	False	0.0	0.0	0	0	124.3905144	clean_single_gene_followup	clean_single_gene_followup	19	11487668	0									False	0			0							0			0	False	False	False	False	False
1:84500000	SSX2IP	rs312395	1:84509277	core_exact_n10	hidden_lt0.2	neuro_systemic	12	7	0.14137763	1	0.0	0.0	False	False	False	False	False	False	False	0.0	False	False	False	False	0.0	0	False	0.0	0.0	0	0	124.2275526	clean_single_gene_followup	clean_single_gene_followup	1	84509277	0									False	0			0							0			0	False	False	False	False	False
8:93500000	PDP1	rs3134031	8:93795937	core_exact_n10	moderate_0.2_0.5	systemic_non_neural	12	6	0.33080122	1	0.0	0.0	False	False	False	False	False	False	False	0.0	False	False	False	False	0.0	0	False	0.0	0.0	0	0	127.0160244	clean_single_gene_followup	clean_single_gene_followup	8	93795937	0									False	0			0							0			0	False	False	False	False	False
4:25000000	ZCCHC4	rs313567	4:25252373	core_exact_n10	moderate_0.2_0.5	neural_enriched	10	5	0.24058484	2	0.0415251255899735	0.8297362923622131	True	True	True	True	True	True	False	0.0	False	False	False	False	0.0	0	False	0.9867681543366844	0.0626438806216043	23	2	204.16504446698897	low_ambiguity_candidate	full_same_gene_stack	4	25252373	0									False	0			0							0			0	False	False	False	False	False
19:46500000	FKRP	rs313846	19:46729887	lower_recurrence_exact	moderate_0.2_0.5	systemic_non_neural	7	5	0.26454678	1	0.0	0.0	False	False	False	False	False	False	False	0.0	False	False	False	False	0.0	0	False	0.0	0.0	0	0	123.6909356	clean_single_gene_followup	clean_single_gene_followup	19	46729887	0									False	0			0							0			0	False	False	False	False	False
19:46500000	DACT3	rs314674	19:46691366	lower_recurrence_exact	moderate_0.2_0.5	systemic_non_neural	7	5	0.24671413	1	0.0	0.0	False	False	False	False	False	False	False	0.0	False	False	False	False	0.0	0	False	0.0	0.0	0	0	123.3342826	clean_single_gene_followup	clean_single_gene_followup	19	46691366	0									False	0			0							0			0	False	False	False	False	False
17:74500000	SLC9A3R1	rs3178300	17:74746981	core_exact_n10	moderate_0.2_0.5	neural_enriched	23	6	0.30459526	1	0.0	0.0	False	False	False	False	False	False	False	0.0	False	False	False	False	0.0	0	False	0.0	0.0	0	0	128.6919052	clean_single_gene_followup	clean_single_gene_followup	17	74746981	0									False	0			0							0			0	False	False	False	False	False
4:128500000	C4ORF33	rs318542	4:128914539	lower_recurrence_exact	moderate_0.2_0.5	neural_enriched	4	3	0.27505913	2	0.0047925929071431	0.7739171385765076	True	True	False	True	True	True	False	0.0	False	False	False	False	0.0	0	False	0.9271634025903588	0.0113649952288294	23	3	175.41080541166866	low_ambiguity_candidate	full_same_gene_stack	4	128914539	0									False	0			0							0			0	False	False	False	False	False
4:128500000	SCLT1	rs318542	4:128914539	lower_recurrence_exact	moderate_0.2_0.5	neural_enriched	4	3	0.27505913	2	0.0047925929071431	0.7739171385765076	True	True	False	True	True	True	False	0.0	False	False	False	False	0.0	0	False	0.9219778812154656	0.0105598286378227	7	2	175.35895019791974	low_ambiguity_candidate	full_same_gene_stack	4	128914539	0									False	0			0							0			0	False	False	False	False	False
17:42500000	BECN1	rs324079	17:42894423	core_exact_n10	moderate_0.2_0.5	systemic_non_neural	23	9	0.3633232	1	0.0	0.0	False	False	False	False	False	False	False	0.0	False	False	False	False	0.0	0	False	0.0	0.0	0	0	132.866464	clean_single_gene_followup	clean_single_gene_followup	17	42894423	0									False	0			0							0			0	False	False	False	False	False
11:36500000	PRR5L	rs331457	11:36502062	core_exact_n10	moderate_0.2_0.5	neural_enriched	11	6	0.2703038	1	0.0	0.0	False	False	False	False	False	False	False	0.0	False	False	False	False	0.0	0	False	0.0	0.0	0	0	125.606076	clean_single_gene_followup	clean_single_gene_followup	11	36502062	0									False	0			0							0			0	False	False	False	False	False
2:88500000	EIF2AK3	rs335124	2:88752509	core_exact_n10	hidden_lt0.2	neuro_systemic	16	7	0.18651083	1	0.0	0.0	False	False	False	False	False	False	False	0.0	False	False	False	False	0.0	0	False	0.0	0.0	0	0	125.9302166	clean_single_gene_followup	clean_single_gene_followup	2	88752509	0									False	0			0							0			0	False	False	False	False	False
3:42500000	HIGD1A	rs339680	3:42756268	lower_recurrence_exact	moderate_0.2_0.5	systemic_non_neural	8	5	0.23782875	1	0.0	0.0	False	False	False	False	False	False	False	0.0	False	False	False	False	0.0	0	False	0.0	0.0	0	0	123.356575	clean_single_gene_followup	clean_single_gene_followup	3	42756268	0									False	0			0							0			0	False	False	False	False	False
8:28500000	EXTL3	rs352428	8:28621375	core_exact_n10	hidden_lt0.2	neural_enriched	10	5	0.15660706	1	0.0	0.0	False	False	False	False	False	False	False	0.0	False	False	False	False	0.0	0	False	0.0	0.0	0	0	122.1321412	clean_single_gene_followup	clean_single_gene_followup	8	28621375	0									False	0			0							0			0	False	False	False	False	False
3:50500000	MAPKAPK3	rs35694819	3:50515725	core_exact_n10	hidden_lt0.2	neuro_systemic	10	6	0.13267395	1	0.0	0.0	False	False	False	False	False	False	False	0.0	False	False	False	False	0.0	0	False	0.0	0.0	0	0	122.653479	clean_single_gene_followup	clean_single_gene_followup	3	50515725	0									False	0			0							0			0	False	False	False	False	False
3:154000000	ARHGEF26	rs357496	3:154223594	lower_recurrence_exact	moderate_0.2_0.5	neuro_systemic	7	5	0.21106926	1	0.0	0.0	False	False	False	False	False	False	False	0.0	False	False	False	False	0.0	0	False	0.0	0.0	0	0	122.6213852	clean_single_gene_followup	clean_single_gene_followup	3	154223594	0									False	0			0							0			0	False	False	False	False	False
16:2000000	PKD1	rs36233	16:2150881	core_exact_n10	moderate_0.2_0.5	systemic_non_neural	18	6	0.29183432	4	0.0298742822426445	0.8159935474395752	True	True	True	True	True	True	True	0.943038957073418	False	False	False	False	0.0	0	True	0.9951457873043356	0.1539117534496103	19	4	227.91139334743912	multi_gene_candidate	full_same_gene_stack	16	2150881	0									False	0			0							0			0	False	False	False	False	False
16:2000000	TSC2	rs36233	16:2150881	core_exact_n10	moderate_0.2_0.5	systemic_non_neural	18	6	0.29183432	4	0.0298742822426445	0.8159935474395752	True	True	True	True	True	True	False	0.943038957073418	False	False	False	False	0.0	0	False	0.9806269991836876	0.0437995718542047	18	2	205.76620546623263	multi_gene_candidate	full_same_gene_stack	16	2150881	0									False	0			0							1	0.415	colorectal carcinoma	0	False	False	True	False	True
2:74500000	TTC31	rs363618	2:74691987	lower_recurrence_exact	moderate_0.2_0.5	neuro_systemic	6	5	0.21108922	1	0.0	0.0	False	False	False	False	False	False	False	0.0	False	False	False	False	0.0	0	False	0.0	0.0	0	0	122.4217844	clean_single_gene_followup	clean_single_gene_followup	2	74691987	0									False	0			0							0			0	False	False	False	False	False
5:1000000	LPCAT1	rs36993	5:1495648	core_exact_n10	moderate_0.2_0.5	systemic_non_neural	17	8	0.25108108	1	0.0	0.0	False	False	False	False	False	False	False	0.0	False	False	False	False	0.0	0	False	0.0	0.0	0	0	128.4216216	clean_single_gene_followup	clean_single_gene_followup	5	1495648	0									False	0			0							0			0	False	False	False	False	False
9:128500000	ENDOG	rs3750325	9:128720188	core_exact_n10	moderate_0.2_0.5	systemic_non_neural	11	5	0.4726519	1	0.0	0.0	False	False	False	False	False	False	False	0.0	False	False	False	False	0.0	0	False	0.0	0.0	0	0	128.653038	clean_single_gene_followup	clean_single_gene_followup	9	128720188	0									False	0			0							0			0	False	False	False	False	False
10:121500000	FGFR2	rs3750815	10:121511632	core_exact_n10	moderate_0.2_0.5	neuro_systemic	15	5	0.27827808	1	0.0	0.0	False	False	False	False	False	False	False	0.0	False	False	False	False	0.0	0	False	0.0	0.0	0	0	125.5655616	clean_single_gene_followup	clean_single_gene_followup	10	121511632	0									False	0			0							2	0.835999984741211	gastric carcinoma;breast carcinoma	0	False	False	True	False	True
14:23000000	AJUBA	rs3751498	14:23006817	lower_recurrence_exact	moderate_0.2_0.5	neural_enriched	3	3	0.2206046	5	0.0206295001880129	0.2330938875675201	True	True	True	True	True	True	True	0.9869135435791534	False	False	False	False	0.0	0	False	0.9515856263942684	0.0174068798182432	27	3	207.1467951396179	multi_gene_candidate	full_same_gene_stack	14	23006817	0									False	0			0							0			0	False	False	False	False	False
14:23000000	HAUS4	rs3751498	14:23006817	lower_recurrence_exact	moderate_0.2_0.5	neural_enriched	3	3	0.2206046	5	0.0206295001880129	0.2330938875675201	True	True	True	True	True	True	True	0.9869135435791534	False	False	False	False	0.0	0	False	0.9510827423371678	0.0172224139546055	28	3	207.14176629904688	multi_gene_candidate	full_same_gene_stack	14	23006817	0									False	0			0							0			0	False	False	False	False	False
14:23000000	RBM23	rs3751498	14:23006817	lower_recurrence_exact	moderate_0.2_0.5	neural_enriched	3	3	0.2206046	5	0.0206295001880129	0.2330938875675201	True	True	True	True	True	True	False	0.9869135435791534	False	False	False	False	0.0	0	False	0.9938125771917946	0.1249700559016307	260	3	195.5690646475932	multi_gene_candidate	full_same_gene_stack	14	23006817	0									False	0			0							0			0	False	False	False	False	False
12:110000000	ANAPC7	rs3759382	12:110451678	lower_recurrence_exact	moderate_0.2_0.5	systemic_other	4	3	0.20180154	11	0.0036973090000212	0.3799511790275574	True	True	True	True	True	False	False	0.0	False	False	False	False	0.0	0	False	0.8955131983468558	0.0076759121279364	3	3	181.1546437737441	multi_gene_candidate	full_same_gene_stack	12	110451678	0									False	0			0							0			0	False	False	False	False	False
12:110000000	ATP2A2	rs3759382	12:110451678	lower_recurrence_exact	moderate_0.2_0.5	systemic_other	4	3	0.20180154	11	0.0036973090000212	0.3799511790275574	True	True	True	True	True	False	False	0.0	False	False	False	False	0.0	0	False	0.8094178385056446	0.0038198173937013	2	1	180.293690175332	multi_gene_candidate	full_same_gene_stack	12	110451678	0									False	0			0							0			0	False	False	False	False	False
12:110000000	FAM216A	rs3759382	12:110451678	lower_recurrence_exact	moderate_0.2_0.5	systemic_other	4	3	0.20180154	11	0.0036973090000212	0.3799511790275574	True	True	True	True	True	False	False	0.0	False	False	False	False	0.0	0	False	0.9081292895374968	0.0088414701176039	3	1	181.2808046856505	multi_gene_candidate	full_same_gene_stack	12	110451678	0									False	0			0							0			0	False	False	False	False	False
12:110000000	PPTC7	rs3759382	12:110451678	lower_recurrence_exact	moderate_0.2_0.5	systemic_other	4	3	0.20180154	11	0.0036973090000212	0.3799511790275574	True	True	True	True	True	False	False	0.0	False	False	False	False	0.0	0	False	0.8261737730320717	0.0042714890068953	3	1	180.4612495205963	multi_gene_candidate	full_same_gene_stack	12	110451678	0									False	0			0							0			0	False	False	False	False	False
12:110000000	RAD9B	rs3759382	12:110451678	lower_recurrence_exact	moderate_0.2_0.5	systemic_other	4	3	0.20180154	11	0.0036973090000212	0.3799511790275574	True	True	True	True	True	True	False	0.0	False	False	False	False	0.0	0	False	0.9275458561938276	0.0114175630788621	4	1	196.47497035221383	multi_gene_candidate	full_same_gene_stack	12	110451678	0									False	0			0							0			0	False	False	False	False	False
15:44500000	TRIM69	rs3759871	15:44651559	core_exact_n10	moderate_0.2_0.5	systemic_non_neural	12	6	0.45180702	1	0.0	0.0	False	False	False	False	False	False	False	0.0	False	False	False	False	0.0	0	False	0.0	0.0	0	0	129.4361404	clean_single_gene_followup	clean_single_gene_followup	15	44651559	0									False	0			0							0			0	False	False	False	False	False
7:74000000	GTF2IRD1	rs37616	7:74479252	core_exact_n10	moderate_0.2_0.5	systemic_non_neural	12	6	0.22728527	1	0.0	0.0	False	False	False	False	False	False	False	0.0	False	False	False	False	0.0	0	False	0.0	0.0	0	0	124.9457054	clean_single_gene_followup	clean_single_gene_followup	7	74479252	0									False	0			0							0			0	False	False	False	False	False
2:174500000	CHN1	rs3771917	2:174972115	core_exact_n10	moderate_0.2_0.5	systemic_non_neural	12	7	0.2458652	1	0.0	0.0	False	False	False	False	False	False	False	0.0	False	False	False	False	0.0	0	False	0.0	0.0	0	0	126.317304	clean_single_gene_followup	clean_single_gene_followup	2	174972115	0									False	0			0							0			0	False	False	False	False	False
16:4000000	C16ORF96	rs3789038	16:4496585	core_exact_n10	moderate_0.2_0.5	mixed_trait_axis	16	8	0.3116134	3	0.0177655392246083	0.3818347156047821	True	True	True	True	True	True	True	0.7879985971116175	False	False	False	False	0.0	0	False	0.9716334740457828	0.0299066982866022	2	1	215.13468189650564	multi_gene_candidate	full_same_gene_stack	16	4496585	0									False	0			0							0			0	False	False	False	False	False
16:4000000	HMOX2	rs3789038	16:4496585	core_exact_n10	moderate_0.2_0.5	mixed_trait_axis	16	8	0.3116134	3	0.0177655392246083	0.3818347156047821	True	True	True	True	True	True	True	0.7879985971116175	False	False	False	False	0.0	0	True	0.9938224471813372	0.1250830741735172	41	5	225.3565716278612	multi_gene_candidate	full_same_gene_stack	16	4496585	0									False	0			0							0			0	False	False	False	False	False
16:4000000	NMRAL1	rs3789038	16:4496585	core_exact_n10	moderate_0.2_0.5	mixed_trait_axis	16	8	0.3116134	3	0.0177655392246083	0.3818347156047821	True	True	True	True	True	True	False	0.7879985971116175	False	False	False	False	0.0	0	False	0.9896775800744112	0.0790040685748786	447	4	203.31512295679192	multi_gene_candidate	full_same_gene_stack	16	4496585	0									False	0			0							0			0	False	False	False	False	False
11:46000000	ATG13	rs3802888	11:46494352	lower_recurrence_exact	moderate_0.2_0.5	systemic_non_neural	8	4	0.23817651	1	0.0207481625204861	0.1301232576370239	True	False	True	True	True	True	False	0.0	False	False	False	False	0.0	0	False	0.9497176382952424	0.0167366059186739	9	1	175.59840895932268	low_ambiguity_candidate	full_same_gene_stack	11	46494352	2	exact_rsid_mpra_variant	rs3802888	hg19	Schizophrenia	HNPS;HEK293s	Systematic investigation of allelic regulatory activity of schizophrenia-associated common variants (McAfee et al., 2023)	0.014620399	0.251185032	True	0			0							0			0	True	False	False	False	True
15:83000000	C15ORF40	rs3816450	15:83164182	lower_recurrence_exact	moderate_0.2_0.5	systemic_non_neural	7	5	0.23987085	1	0.0	0.0	False	False	False	False	False	False	False	0.0	False	False	False	False	0.0	0	False	0.0	0.0	0	0	123.197417	clean_single_gene_followup	clean_single_gene_followup	15	83164182	0									False	0			0							0			0	False	False	False	False	False
17:38500000	PLXDC1	rs3848398	17:38994303	lower_recurrence_exact	moderate_0.2_0.5	systemic_non_neural	8	6	0.21617658	1	0.0	0.0	False	False	False	False	False	False	False	0.0	False	False	False	False	0.0	0	False	0.0	0.0	0	0	123.9235316	clean_single_gene_followup	clean_single_gene_followup	17	38994303	0									False	0			0							0			0	False	False	False	False	False
5:83000000	XRCC4	rs387002	5:83307025	lower_recurrence_exact	moderate_0.2_0.5	neuro_systemic	4	4	0.27472892	1	0.0078810581605502	0.7256098389625549	True	True	False	True	True	True	False	0.0	False	False	False	False	0.0	0	False	0.9887296641669144	0.0729734249771162	2	2	176.5433950312947	low_ambiguity_candidate	full_same_gene_stack	5	83307025	0									False	0			0							0			0	False	False	False	False	False
16:67000000	ATP6V0D1	rs3893749	16:67499395	lower_recurrence_exact	moderate_0.2_0.5	systemic_other	3	3	0.27483034	4	0.0581592866767965	0.1202938482165336	True	False	True	True	True	True	False	0.0	False	False	False	False	0.0	0	False	0.993744730768816	0.1241353594466764	39	3	174.4403857898535	multi_gene_candidate	full_same_gene_stack	16	67499395	0									False	0			0							0			0	False	False	False	False	False
16:67000000	C16ORF86	rs3893749	16:67499395	lower_recurrence_exact	moderate_0.2_0.5	systemic_other	3	3	0.27483034	4	0.0581592866767965	0.1202938482165336	True	False	True	True	True	True	False	0.0	False	False	False	False	0.0	0	False	0.9604451948995067	0.0214087204231769	31	3	174.1073904311604	multi_gene_candidate	full_same_gene_stack	16	67499395	0									False	0			0							0			0	False	False	False	False	False
16:67000000	DPEP3	rs3893749	16:67499395	lower_recurrence_exact	moderate_0.2_0.5	systemic_other	3	3	0.27483034	4	0.0581592866767965	0.1202938482165336	True	False	True	True	True	True	False	0.0	False	False	False	False	0.0	0	False	0.933707988413124	0.0125399515783133	1	1	173.8400183662966	multi_gene_candidate	full_same_gene_stack	16	67499395	0									False	0			0							0			0	False	False	False	False	False
17:75000000	CASKIN2	rs3935674	17:75477378	lower_recurrence_exact	moderate_0.2_0.5	systemic_non_neural	5	4	0.2026457	3	0.0142399825901897	0.6560090184211731	True	True	True	True	True	True	True	0.868228264978179	False	False	False	False	0.0	0	False	0.9803158012537854	0.0429655619156107	56	2	212.8632481967496	multi_gene_candidate	full_same_gene_stack	17	75477378	0									False	0			0							0			0	False	False	False	False	False
17:75000000	TMEM94	rs3935674	17:75477378	lower_recurrence_exact	moderate_0.2_0.5	systemic_non_neural	5	4	0.2026457	3	0.0142399825901897	0.6560090184211731	True	True	True	True	True	True	True	0.868228264978179	False	False	False	False	0.0	0	False	0.9666225063937592	0.0254414544241504	2	2	212.7263152481493	multi_gene_candidate	full_same_gene_stack	17	75477378	0									False	0			0							0			0	False	False	False	False	False
17:75000000	TSEN54	rs3935674	17:75477378	lower_recurrence_exact	moderate_0.2_0.5	systemic_non_neural	5	4	0.2026457	3	0.0142399825901897	0.6560090184211731	True	True	True	True	True	True	False	0.868228264978179	False	False	False	False	0.0	0	False	0.9939766547108336	0.1279127671803646	38	4	200.99985673132008	multi_gene_candidate	full_same_gene_stack	17	75477378	0									False	0			0							0			0	False	False	False	False	False
20:36500000	NDRG3	rs397625	20:36677111	core_exact_n10	moderate_0.2_0.5	systemic_non_neural	10	6	0.263022	1	0.0	0.0	False	False	False	False	False	False	False	0.0	False	False	False	False	0.0	0	False	0.0	0.0	0	0	125.26044	clean_single_gene_followup	clean_single_gene_followup	20	36677111	0									False	0			0							0			0	False	False	False	False	False
20:17500000	BFSP1	rs4052812	20:17505647	core_exact_n10	hidden_lt0.2	systemic_non_neural	10	6	0.13141513	1	0.0	0.0	False	False	False	False	False	False	False	0.0	False	False	False	False	0.0	0	False	0.0	0.0	0	0	122.6283026	clean_single_gene_followup	clean_single_gene_followup	20	17505647	0									False	0			0							0			0	False	False	False	False	False
3:52000000	GLYCTK	rs4082828	3:52240726	lower_recurrence_exact	moderate_0.2_0.5	systemic_other	3	3	0.20467669	4	0.0136231967745806	0.2781223952770233	True	True	True	True	True	True	True	0.976488194357396	False	False	False	False	0.0	0	False	0.989472506221835	0.0776110579252638	4	1	207.9759490149886	multi_gene_candidate	full_same_gene_stack	3	52240726	0									False	0			0							0			0	False	False	False	False	False
3:52000000	SEMA3G	rs4082828	3:52240726	lower_recurrence_exact	moderate_0.2_0.5	systemic_other	3	3	0.20467669	4	0.0136231967745806	0.2781223952770233	True	True	True	True	True	True	False	0.976488194357396	False	False	False	False	0.0	0	True	0.9630732230546168	0.0229442375830952	54	4	205.7119561833164	multi_gene_candidate	full_same_gene_stack	3	52240726	0									False	0			0							0			0	False	False	False	False	False
5:154500000	LARP1	rs4117784	5:154722315	lower_recurrence_exact	moderate_0.2_0.5	systemic_non_neural	7	5	0.20782684	1	0.0	0.0	False	False	False	False	False	False	False	0.0	False	False	False	False	0.0	0	False	0.0	0.0	0	0	122.5565368	clean_single_gene_followup	clean_single_gene_followup	5	154722315	0									False	0			0							0			0	False	False	False	False	False
7:74000000	LAT2	rs412425	7:74148784	lower_recurrence_exact	moderate_0.2_0.5	systemic_non_neural	6	5	0.3032324	1	0.0	0.0	False	False	False	False	False	False	False	0.0	False	False	False	False	0.0	0	False	0.0	0.0	0	0	124.264648	clean_single_gene_followup	clean_single_gene_followup	7	74148784	0									False	0			0							0			0	False	False	False	False	False
2:74500000	WBP1	rs41285991	2:74506707	core_exact_n10	moderate_0.2_0.5	mixed_trait_axis	31	7	0.2319547	1	0.0	0.0	False	False	False	False	False	False	False	0.0	False	False	False	False	0.0	0	False	0.0	0.0	0	0	129.839094	clean_single_gene_followup	clean_single_gene_followup	2	74506707	0									False	0			0							0			0	False	False	False	False	False
3:179500000	NDUFB5	rs4147788	3:179613390	core_exact_n10	hidden_lt0.2	neuro_systemic	10	5	0.18029892	1	0.0	0.0	False	False	False	False	False	False	False	0.0	False	False	False	False	0.0	0	False	0.0	0.0	0	0	122.6059784	clean_single_gene_followup	clean_single_gene_followup	3	179613390	0									False	0			0							0			0	False	False	False	False	False
7:121000000	CPED1	rs41703	7:121003876	core_exact_n10	hidden_lt0.2	neuro_systemic	10	5	0.14599815	1	0.0	0.0	False	False	False	False	False	False	False	0.0	False	False	False	False	0.0	0	False	0.0	0.0	0	0	121.919963	clean_single_gene_followup	clean_single_gene_followup	7	121003876	0									False	0			0							0			0	False	False	False	False	False
10:119000000	GRK5	rs4237510	10:119234149	lower_recurrence_exact	moderate_0.2_0.5	neuro_systemic	8	5	0.2447689	1	0.0	0.0	False	False	False	False	False	False	False	0.0	False	False	False	False	0.0	0	False	0.0	0.0	0	0	123.495378	clean_single_gene_followup	clean_single_gene_followup	10	119234149	0									False	0			0							0			0	False	False	False	False	False
17:75000000	MYO15B	rs4238984	17:75426138	lower_recurrence_exact	moderate_0.2_0.5	neuro_systemic	6	5	0.20538901	4	0.0010619134282536	0.0599366500973701	True	False	False	True	True	False	False	0.0	False	False	False	False	0.0	0	False	0.8660773418694835	0.0058000407016009	2	2	134.86013991966854	multi_gene_candidate	full_same_gene_stack	17	75426138	0									False	0			0							0			0	False	False	False	False	False
17:75000000	TMEM94	rs4238984	17:75426138	lower_recurrence_exact	moderate_0.2_0.5	neuro_systemic	6	5	0.20538901	4	0.0010619134282536	0.0599366500973701	True	False	False	True	True	True	False	0.0	False	False	False	False	0.0	0	False	0.9666225063937592	0.0254414544241504	2	2	150.86559156491128	multi_gene_candidate	full_same_gene_stack	17	75426138	0									False	0			0							0			0	False	False	False	False	False
16:57500000	KIFC3	rs4255774	16:57812873	core_exact_n10	moderate_0.2_0.5	systemic_other	11	5	0.2703454	1	0.0	0.0	False	False	False	False	False	False	False	0.0	False	False	False	False	0.0	0	False	0.0	0.0	0	0	124.606908	clean_single_gene_followup	clean_single_gene_followup	16	57812873	0									False	0			0							0			0	False	False	False	False	False
5:14500000	ANKH	rs42679	5:14809959	lower_recurrence_exact	moderate_0.2_0.5	neuro_systemic	6	4	0.27056685	1	0.028596469837445	0.8395031690597534	True	True	True	True	True	True	True	0.9574514959814308	False	False	True	True	0.074258	71	False	0.9894785438098724	0.0777485862765394	6	2	230.88981712869625	low_ambiguity_candidate	full_same_gene_stack	5	14809959	0									False	0			0							0			0	False	False	False	False	False
15:59000000	FAM81A	rs4291860	15:59492135	core_exact_n10	moderate_0.2_0.5	systemic_non_neural	13	5	0.37161914	1	0.0	0.0	False	False	False	False	False	False	False	0.0	False	False	False	False	0.0	0	False	0.0	0.0	0	0	127.0323828	clean_single_gene_followup	clean_single_gene_followup	15	59492135	0									False	0			0							0			0	False	False	False	False	False
3:129000000	EFCAB12	rs4293717	3:129114707	core_exact_n10	moderate_0.2_0.5	systemic_non_neural	15	6	0.34788308	1	0.0	0.0	False	False	False	False	False	False	False	0.0	False	False	False	False	0.0	0	False	0.0	0.0	0	0	127.9576616	clean_single_gene_followup	clean_single_gene_followup	3	129114707	0									False	0			0							0			0	False	False	False	False	False
15:59000000	FAM81A	rs4296198	15:59492294	lower_recurrence_exact	moderate_0.2_0.5	systemic_non_neural	7	5	0.24304554	1	0.0	0.0	False	False	False	False	False	False	False	0.0	False	False	False	False	0.0	0	False	0.0	0.0	0	0	123.2609108	clean_single_gene_followup	clean_single_gene_followup	15	59492294	0									False	0			0							0			0	False	False	False	False	False
6:3000000	TUBB2A	rs4327733	6:3189475	core_exact_n10	moderate_0.2_0.5	neural_enriched	16	7	0.29821235	1	0.0	0.0	False	False	False	False	False	False	False	0.0	False	False	False	False	0.0	0	False	0.0	0.0	0	0	128.164247	clean_single_gene_followup	clean_single_gene_followup	6	3189475	0									False	0			0							0			0	False	False	False	False	False
9:71500000	ABHD17B	rs4330750	9:71821776	core_exact_n10	hidden_lt0.2	systemic_other	11	4	0.17886713	2	0.0086718845119335	0.4681522250175476	True	True	False	True	True	True	False	0.0	False	False	False	False	0.0	0	False	0.932170904259835	0.0122526488724245	2	1	174.1032312927738	low_ambiguity_candidate	full_same_gene_stack	9	71821776	0									False	0			0							0			0	False	False	False	False	False
9:71500000	C9ORF85	rs4330750	9:71821776	core_exact_n10	hidden_lt0.2	systemic_other	11	4	0.17886713	2	0.0086718845119335	0.4681522250175476	True	True	False	True	True	True	False	0.0	False	False	False	False	0.0	0	False	0.9428077916049248	0.0146576274194054	45	2	174.20960016622473	low_ambiguity_candidate	full_same_gene_stack	9	71821776	0									False	0			0							0			0	False	False	False	False	False
1:38500000	NDUFS5	rs4336843	1:38985716	core_exact_n10	moderate_0.2_0.5	systemic_non_neural	10	5	0.20605004	1	0.0	0.0	False	False	False	False	False	False	False	0.0	False	False	False	False	0.0	0	False	0.0	0.0	0	0	123.1210008	clean_single_gene_followup	clean_single_gene_followup	1	38985716	0									False	0			0							0			0	False	False	False	False	False
2:148500000	KIF5C	rs4346318	2:148922389	core_exact_n10	moderate_0.2_0.5	systemic_non_neural	22	6	0.25860217	1	0.0	0.0	False	False	False	False	False	False	False	0.0	False	False	False	False	0.0	0	False	0.0	0.0	0	0	127.5720434	clean_single_gene_followup	clean_single_gene_followup	2	148922389	0									False	0			0							0			0	False	False	False	False	False
17:41500000	CNP	rs4378665	17:41991918	lower_recurrence_exact	moderate_0.2_0.5	systemic_non_neural	7	4	0.23043399	2	0.0969139467678001	0.3565753996372223	True	True	True	True	True	True	False	0.0	False	False	False	False	0.0	0	False	0.9385514617036133	0.013647200572029	1	1	197.65126861340835	low_ambiguity_candidate	full_same_gene_stack	17	41991918	0									False	0			0							0			0	False	False	False	False	False
17:41500000	DNAJC7	rs4378665	17:41991918	lower_recurrence_exact	moderate_0.2_0.5	systemic_non_neural	7	4	0.23043399	2	0.0969139467678001	0.3565753996372223	True	True	True	True	True	True	False	0.0	False	False	False	False	0.0	0	False	0.9808561493708466	0.0454165523038477	6	2	198.07431549008064	low_ambiguity_candidate	full_same_gene_stack	17	41991918	0									False	0			0							0			0	False	False	False	False	False
8:92500000	TRIQK	rs440973	8:92965568	core_exact_n10	moderate_0.2_0.5	neural_enriched	14	6	0.21759877	1	0.0	0.0	False	False	False	False	False	False	False	0.0	False	False	False	False	0.0	0	False	0.0	0.0	0	0	125.1519754	clean_single_gene_followup	clean_single_gene_followup	8	92965568	0									False	0			0							0			0	False	False	False	False	False
16:3000000	ZNF213	rs443540	16:3124544	lower_recurrence_exact	moderate_0.2_0.5	systemic_other	4	3	0.2021635	3	0.0529999406080951	0.2143954485654831	True	True	True	True	True	True	True	0.978840959752192	True	False	True	False	0.131999	5	False	0.9900022329761116	0.0814188883659051	36	3	223.443976815416	multi_gene_candidate	full_same_gene_stack	16	3124544	0									False	0			0							0			0	False	False	False	False	False
7:73500000	ABHD11	rs4440516	7:73809711	lower_recurrence_exact	moderate_0.2_0.5	systemic_non_neural	9	6	0.25026548	3	0.0102006751086684	0.5513584017753601	True	True	True	True	True	True	False	0.7334800846705781	False	False	False	False	0.0	0	False	0.9873725351721448	0.065520453948131	44	2	202.28730936947505	multi_gene_candidate	full_same_gene_stack	7	73809711	0									False	0			0							0			0	False	False	False	False	False
7:73500000	CLDN3	rs4440516	7:73809711	lower_recurrence_exact	moderate_0.2_0.5	systemic_non_neural	9	6	0.25026548	3	0.0102006751086684	0.5513584017753601	True	True	True	True	True	False	True	0.7334800846705781	False	False	False	False	0.0	0	False	0.8003411777485575	0.0036038392922652	1	1	197.4169957952392	multi_gene_candidate	full_same_gene_stack	7	73809711	0									False	0			0							0			0	False	False	False	False	False
7:73500000	CLDN4	rs4440516	7:73809711	lower_recurrence_exact	moderate_0.2_0.5	systemic_non_neural	9	6	0.25026548	3	0.0102006751086684	0.5513584017753601	True	True	True	True	True	True	True	0.7334800846705781	False	False	False	False	0.0	0	False	0.989682230708276	0.0790750274054947	49	2	214.3104063248364	multi_gene_candidate	full_same_gene_stack	7	73809711	0									False	0			0							0			0	False	False	False	False	False
17:11500000	MAP2K4	rs4450439	17:11987148	core_exact_n10	moderate_0.2_0.5	systemic_other	10	4	0.20322615	2	0.0291557601048984	0.4603008329868316	True	False	True	True	True	True	False	0.8320221380139545	False	False	False	False	0.0	0	False	0.9575727637285996	0.0199486266094059	1	1	179.17873596715432	low_ambiguity_candidate	full_same_gene_stack	17	11987148	0									False	0			0							0			0	False	False	False	False	False
17:11500000	ZNF18	rs4450439	17:11987148	core_exact_n10	moderate_0.2_0.5	systemic_other	10	4	0.20322615	2	0.0291557601048984	0.4603008329868316	True	False	True	True	True	True	True	0.8320221380139545	False	False	False	False	0.0	0	False	0.96407990451444	0.0236239143089438	4	2	191.24380737501272	low_ambiguity_candidate	full_same_gene_stack	17	11987148	0									False	0			0							0			0	False	False	False	False	False
1:27000000	WDTC1	rs4460661	1:27257502	lower_recurrence_exact	moderate_0.2_0.5	systemic_non_neural	8	5	0.22115828	1	0.0	0.0	False	False	False	False	False	False	False	0.0	False	False	False	False	0.0	0	False	0.0	0.0	0	0	123.0231656	clean_single_gene_followup	clean_single_gene_followup	1	27257502	0									False	0			0							0			0	False	False	False	False	False
12:51000000	SLC4A8	rs4491281	12:51469859	lower_recurrence_exact	moderate_0.2_0.5	neuro_systemic	9	6	0.3090738	1	0.0	0.0	False	False	False	False	False	False	False	0.0	False	False	False	False	0.0	0	False	0.0	0.0	0	0	125.981476	clean_single_gene_followup	clean_single_gene_followup	12	51469859	0									False	0			0							0			0	False	False	False	False	False
14:96500000	ATG2B	rs4544182	14:96502831	core_exact_n10	moderate_0.2_0.5	mixed_trait_axis	29	8	0.30477127	1	0.0	0.0	False	False	False	False	False	False	False	0.0	False	False	False	False	0.0	0	False	0.0	0.0	0	0	131.8954254	clean_single_gene_followup	clean_single_gene_followup	14	96502831	0									False	0			0							0			0	False	False	False	False	False
5:500000	ZDHHC11	rs454805	5:742624	core_exact_n10	moderate_0.2_0.5	systemic_non_neural	10	5	0.28498328	1	0.0	0.0	False	False	False	False	False	False	False	0.0	False	False	False	False	0.0	0	False	0.0	0.0	0	0	124.6996656	clean_single_gene_followup	clean_single_gene_followup	5	742624	0									False	0			0							0			0	False	False	False	False	False
2:36500000	STRN	rs45504994	2:36911322	core_exact_n10	moderate_0.2_0.5	neural_enriched	10	3	0.2230603	1	0.0963660414255833	0.835206925868988	True	True	True	True	True	True	False	0.0	False	False	False	False	0.0	0	False	0.9953478915733132	0.1592540402424506	11	2	202.30554817442305	low_ambiguity_candidate	full_same_gene_stack	2	36911322	0									False	0			0							0			0	False	False	False	False	False
8:43000000	POMK	rs4559283	8:43171867	lower_recurrence_exact	moderate_0.2_0.5	systemic_non_neural	6	6	0.20118025	1	0.0	0.0	False	False	False	False	False	False	False	0.0	False	False	False	False	0.0	0	False	0.0	0.0	0	0	123.223605	clean_single_gene_followup	clean_single_gene_followup	8	43171867	0									False	0			0							0			0	False	False	False	False	False
8:47500000	SPIDR	rs4608108	8:47602961	lower_recurrence_exact	moderate_0.2_0.5	neuro_systemic	9	6	0.22301412	1	0.0	0.0	False	False	False	False	False	False	False	0.0	False	False	False	False	0.0	0	False	0.0	0.0	0	0	124.2602824	clean_single_gene_followup	clean_single_gene_followup	8	47602961	0									False	0			0							0			0	False	False	False	False	False
11:27000000	LGR4	rs4617543	11:27460805	lower_recurrence_exact	moderate_0.2_0.5	systemic_non_neural	7	5	0.20149396	1	0.0	0.0	False	False	False	False	False	False	False	0.0	False	False	False	False	0.0	0	False	0.0	0.0	0	0	122.4298792	clean_single_gene_followup	clean_single_gene_followup	11	27460805	0									False	0			0							0			0	False	False	False	False	False
19:34000000	UBA2	rs4619515	19:34400577	lower_recurrence_exact	moderate_0.2_0.5	systemic_non_neural	7	5	0.26188147	1	0.0	0.0	False	False	False	False	False	False	False	0.0	False	False	False	False	0.0	0	False	0.0	0.0	0	0	123.6376294	clean_single_gene_followup	clean_single_gene_followup	19	34400577	0									False	0			0							0			0	False	False	False	False	False
17:7000000	CHRNB1	rs4632183	17:7497129	core_exact_n10	moderate_0.2_0.5	neural_enriched	10	3	0.4108836	7	0.0282957641020318	0.326083779335022	True	True	True	True	True	True	False	0.6258522565596671	False	False	False	False	0.0	0	False	0.9681112048282952	0.0266196665521591	22	2	196.9419498416332	multi_gene_candidate	full_same_gene_stack	17	7497129	0									False	0			0							0			0	False	False	False	False	False
17:7000000	FGF11	rs4632183	17:7497129	core_exact_n10	moderate_0.2_0.5	neural_enriched	10	3	0.4108836	7	0.0282957641020318	0.326083779335022	True	True	True	True	True	True	False	0.6258522565596671	False	False	False	False	0.0	0	False	0.9800367259381976	0.0423058876909938	2	2	197.0612050527322	multi_gene_candidate	full_same_gene_stack	17	7497129	0									False	0			0							0			0	False	False	False	False	False
17:7000000	POLR2A	rs4632183	17:7497129	core_exact_n10	moderate_0.2_0.5	neural_enriched	10	3	0.4108836	7	0.0282957641020318	0.326083779335022	True	True	True	True	True	True	False	0.6258522565596671	False	False	False	False	0.0	0	False	0.9714112936038528	0.0296893728737203	141	2	196.97495072938875	multi_gene_candidate	full_same_gene_stack	17	7497129	0									False	0			0							0			0	False	False	False	False	False
17:7000000	ZBTB4	rs4632183	17:7497129	core_exact_n10	moderate_0.2_0.5	neural_enriched	10	3	0.4108836	7	0.0282957641020318	0.326083779335022	True	True	True	True	True	True	False	0.6258522565596671	False	False	False	False	0.0	0	False	0.9656969314862048	0.0247999853849765	4	3	196.91780710821223	multi_gene_candidate	full_same_gene_stack	17	7497129	0									False	0			0							0			0	False	False	False	False	False
11:67500000	NUDT8	rs4646823	11:67666945	lower_recurrence_exact	moderate_0.2_0.5	systemic_non_neural	6	5	0.20559178	1	0.0	0.0	False	False	False	False	False	False	False	0.0	False	False	False	False	0.0	0	False	0.0	0.0	0	0	122.3118356	clean_single_gene_followup	clean_single_gene_followup	11	67666945	0									False	0			0							0			0	False	False	False	False	False
1:42500000	P3H1	rs4660654	1:42675394	lower_recurrence_exact	moderate_0.2_0.5	systemic_other	3	3	0.24737693	2	0.0524154136267323	0.0776031985878944	True	False	False	True	True	True	False	0.0	False	False	False	False	0.015864	1	False	0.9798743774104332	0.0421700078640502	9	2	148.8747757599833	low_ambiguity_candidate	full_same_gene_stack	1	42675394	0									False	0			0							0			0	False	False	False	False	False
3:15500000	COLQ	rs4685251	3:15520739	core_exact_n10	hidden_lt0.2	neural_enriched	14	5	0.15631208	1	0.0	0.0	False	False	False	False	False	False	False	0.0	False	False	False	False	0.0	0	False	0.0	0.0	0	0	122.9262416	clean_single_gene_followup	clean_single_gene_followup	3	15520739	0									False	0			0							0			0	False	False	False	False	False
5:179500000	CANX	rs4701197	5:179701234	lower_recurrence_exact	moderate_0.2_0.5	systemic_non_neural	9	4	0.25589523	2	0.0878863580824231	0.6999055743217468	True	True	True	True	True	True	False	0.0	False	False	False	False	0.0	0	False	0.9966211958188478	0.2066964720284274	35	3	201.86526770140597	low_ambiguity_candidate	full_same_gene_stack	5	179701234	0									False	0			0							0			0	False	False	False	False	False
11:66500000	C11ORF80	rs470300	11:66622215	core_exact_n10	moderate_0.2_0.5	systemic_non_neural	11	5	0.33698657	1	0.0	0.0	False	False	False	False	False	False	False	0.0	False	False	False	False	0.0	0	False	0.0	0.0	0	0	125.9397314	clean_single_gene_followup	clean_single_gene_followup	11	66622215	0									False	0			0							0			0	False	False	False	False	False
5:156000000	SGCD	rs4704994	5:156202345	lower_recurrence_exact	moderate_0.2_0.5	neuro_systemic	8	6	0.30365306	1	0.0	0.0	False	False	False	False	False	False	False	0.0	False	False	False	False	0.0	0	False	0.0	0.0	0	0	125.6730612	clean_single_gene_followup	clean_single_gene_followup	5	156202345	0									False	0			0							0			0	False	False	False	False	False
6:13500000	RANBP9	rs4715451	6:13638752	lower_recurrence_exact	moderate_0.2_0.5	neuro_systemic	5	5	0.20722133	1	0.0	0.0	False	False	False	False	False	False	False	0.0	False	False	False	False	0.0	0	False	0.0	0.0	0	0	122.1444266	clean_single_gene_followup	clean_single_gene_followup	6	13638752	0									False	0			0							0			0	False	False	False	False	False
7:65500000	VKORC1L1	rs4718273	7:65751112	lower_recurrence_exact	moderate_0.2_0.5	systemic_non_neural	8	4	0.36613286	8	0.0033449619513332	0.5287042260169983	True	True	True	True	True	True	True	0.9014874003902608	False	False	False	False	0.0	0	False	0.9337374985759852	0.0125426675562016	3	1	211.42441724592985	multi_gene_candidate	full_same_gene_stack	7	65751112	0									False	0			0							0			0	False	False	False	False	False
7:65500000	VKORC1L1	rs4718277	7:65770418	core_exact_n10	moderate_0.2_0.5	systemic_non_neural	10	5	0.35197648	5	0.0033625802618441	0.5287042260169983	True	True	True	True	True	True	True	0.7547783389382785	False	False	False	False	0.0	0	False	0.9337374985759852	0.0125426675562016	3	1	212.62441724592983	multi_gene_candidate	full_same_gene_stack	7	65770418	0									False	0			0							0			0	False	False	False	False	False
7:75500000	POR	rs4728533	7:75957218	core_exact_n10	moderate_0.2_0.5	systemic_non_neural	15	6	0.25017676	1	0.0	0.0	False	False	False	False	False	False	False	0.0	False	False	False	False	0.0	0	False	0.0	0.0	0	0	126.0035352	clean_single_gene_followup	clean_single_gene_followup	7	75957218	0									False	0			0							0			0	False	False	False	False	False
7:130000000	COPG2	rs4731694	7:130490328	core_exact_n10	moderate_0.2_0.5	mixed_trait_axis	21	9	0.25664318	1	0.0	0.0	False	False	False	False	False	False	False	0.0	False	False	False	False	0.0	0	False	0.0	0.0	0	0	130.3328636	clean_single_gene_followup	clean_single_gene_followup	7	130490328	0									False	0			0							0			0	False	False	False	False	False
7:130000000	COPG2	rs4731695	7:130490329	core_exact_n10	moderate_0.2_0.5	mixed_trait_axis	17	9	0.2481312	1	0.0	0.0	False	False	False	False	False	False	False	0.0	False	False	False	False	0.0	0	False	0.0	0.0	0	0	129.362624	clean_single_gene_followup	clean_single_gene_followup	7	130490329	0									False	0			0							0			0	False	False	False	False	False
11:63500000	RTN3	rs474548	11:63716104	lower_recurrence_exact	moderate_0.2_0.5	systemic_non_neural	9	6	0.25868052	1	0.0	0.0	False	False	False	False	False	False	False	0.0	False	False	False	False	0.0	0	False	0.0	0.0	0	0	124.9736104	clean_single_gene_followup	clean_single_gene_followup	11	63716104	0									False	0			0							0			0	False	False	False	False	False
11:8000000	EIF3F	rs4758038	11:8000467	core_exact_n10	moderate_0.2_0.5	neuro_systemic	17	10	0.27304187	1	0.0	0.0	False	False	False	False	False	False	False	0.0	False	False	False	False	0.0	0	False	0.0	0.0	0	0	130.8608374	clean_single_gene_followup	clean_single_gene_followup	11	8000467	0									False	0			0							0			0	False	False	False	False	False
12:56000000	SMARCC2	rs4759218	12:56214143	core_exact_n10	moderate_0.2_0.5	neural_enriched	14	7	0.48160726	1	0.0	0.0	False	False	False	False	False	False	False	0.0	False	False	False	False	0.0	0	False	0.0	0.0	0	0	131.4321452	clean_single_gene_followup	clean_single_gene_followup	12	56214143	0									False	0			0							0			0	False	False	False	False	False
16:30000000	GDPD3	rs4787493	16:30128579	lower_recurrence_exact	moderate_0.2_0.5	systemic_other	3	3	0.20426266	4	0.2038259865674112	0.5935941338539124	True	True	True	True	True	True	False	0.0	False	False	False	False	0.0	0	False	0.99923444130876	0.5127507364130056	23	1	199.22828575162677	multi_gene_candidate	full_same_gene_stack	16	30128579	0									False	0			0							0			0	False	False	False	False	False
16:30000000	TBX6	rs4787493	16:30128579	lower_recurrence_exact	moderate_0.2_0.5	systemic_other	3	3	0.20426266	4	0.2038259865674112	0.5935941338539124	True	True	True	True	True	True	False	0.0	False	False	False	False	0.0	0	False	0.9998305332306576	0.7732326641421736	93	3	199.2342466708457	multi_gene_candidate	full_same_gene_stack	16	30128579	0									False	0			0							0			0	False	False	False	False	False
16:30000000	CD2BP2	rs4788413	16:30399124	core_exact_n10	moderate_0.2_0.5	systemic_non_neural	13	5	0.30197057	5	0.028642655742378	0.1031579598784446	True	False	True	True	True	True	False	0.0	False	False	False	False	0.0	0	False	0.9618205719986084	0.0222328792146708	18	3	176.94978531877055	multi_gene_candidate	full_same_gene_stack	16	30399124	0									False	0			0							0			0	False	False	False	False	False
16:30000000	TBC1D10B	rs4788413	16:30399124	core_exact_n10	moderate_0.2_0.5	systemic_non_neural	13	5	0.30197057	5	0.028642655742378	0.1031579598784446	True	False	True	True	True	True	False	0.0	False	False	False	False	0.0	0	False	0.9483341736851896	0.0162813595588351	1	1	176.81492133563634	multi_gene_candidate	full_same_gene_stack	16	30399124	0									False	0			0							0			0	False	False	False	False	False
17:74000000	GPRC5C	rs4789658	17:74393387	core_exact_n10	moderate_0.2_0.5	systemic_non_neural	12	5	0.23031814	1	0.0	0.0	False	False	False	False	False	False	False	0.0	False	False	False	False	0.0	0	False	0.0	0.0	0	0	124.0063628	clean_single_gene_followup	clean_single_gene_followup	17	74393387	0									False	0			0							0			0	False	False	False	False	False
17:64500000	GNA13	rs4791250	17:64987027	core_exact_n10	moderate_0.2_0.5	neuro_systemic	34	10	0.39438954	2	0.0165767560110902	0.4069779217243194	True	True	True	True	True	True	False	0.0	False	False	False	False	0.0	0	False	0.9747544544150782	0.0336278953309122	7	1	207.217323761394	low_ambiguity_candidate	full_same_gene_stack	17	64987027	0									False	0			0							1	0.4447999954223632	oral cavity carcinoma	0	False	False	True	False	True
17:42500000	PTGES3L	rs4793187	17:42969246	lower_recurrence_exact	moderate_0.2_0.5	systemic_non_neural	8	5	0.2199549	1	0.0	0.0	False	False	False	False	False	False	False	0.0	False	False	False	False	0.0	0	False	0.0	0.0	0	0	122.999098	clean_single_gene_followup	clean_single_gene_followup	17	42969246	0									False	0			0							0			0	False	False	False	False	False
17:56500000	SCPEP1	rs4793837	17:56994685	core_exact_n10	moderate_0.2_0.5	systemic_non_neural	14	8	0.29950815	1	0.0	0.0	False	False	False	False	False	False	False	0.0	False	False	False	False	0.0	0	False	0.0	0.0	0	0	128.790163	clean_single_gene_followup	clean_single_gene_followup	17	56994685	0									False	0			0							0			0	False	False	False	False	False
17:31000000	NF1	rs4795570	17:31067523	core_exact_n10	hidden_lt0.2	systemic_non_neural	14	5	0.19587635	1	0.0	0.0	False	False	False	False	False	False	False	0.0	False	False	False	False	0.0	0	False	0.0	0.0	0	0	123.717527	clean_single_gene_followup	clean_single_gene_followup	17	31067523	0									False	0			0							0			0	False	False	False	False	False
18:35000000	ZNF397	rs4799791	18:35252619	core_exact_n10	hidden_lt0.2	systemic_non_neural	11	6	0.18903604	1	0.0	0.0	False	False	False	False	False	False	False	0.0	False	False	False	False	0.0	0	False	0.0	0.0	0	0	123.9807208	clean_single_gene_followup	clean_single_gene_followup	18	35252619	0									False	0			0							0			0	False	False	False	False	False
11:70000000	PPFIA1	rs480105	11:70231392	lower_recurrence_exact	moderate_0.2_0.5	neuro_systemic	7	6	0.2703791	1	0.0	0.0	False	False	False	False	False	False	False	0.0	False	False	False	False	0.0	0	False	0.0	0.0	0	0	124.807582	clean_single_gene_followup	clean_single_gene_followup	11	70231392	0									False	0			0							0			0	False	False	False	False	False
11:30000000	ARL14EP	rs480269	11:30150292	lower_recurrence_exact	moderate_0.2_0.5	systemic_other	4	3	0.22558632	1	0.0945621211539028	0.1283928304910659	True	False	False	True	True	True	False	0.0	False	False	False	False	0.0	0	False	0.96636200380577	0.0264939401687178	2	2	149.34754834296837	low_ambiguity_candidate	full_same_gene_stack	11	30150292	0									False	0			0							0			0	False	False	False	False	False
20:53500000	ZNF217	rs4811449	20:53652626	lower_recurrence_exact	moderate_0.2_0.5	systemic_non_neural	6	6	0.22958575	1	0.0	0.0	False	False	False	False	False	False	False	0.0	False	False	False	False	0.0	0	False	0.0	0.0	0	0	123.791715	clean_single_gene_followup	clean_single_gene_followup	20	53652626	0									False	0			0							0			0	False	False	False	False	False
2:84000000	SUCLG1	rs4832084	2:84490191	lower_recurrence_exact	moderate_0.2_0.5	systemic_non_neural	9	5	0.2091797	1	0.0	0.0	False	False	False	False	False	False	False	0.0	False	False	False	False	0.0	0	False	0.0	0.0	0	0	122.983594	clean_single_gene_followup	clean_single_gene_followup	2	84490191	0									False	0			0							0			0	False	False	False	False	False
4:147500000	TMEM184C	rs4835093	4:147734125	core_exact_n10	moderate_0.2_0.5	neural_enriched	15	5	0.4178407	1	0.0	0.0	False	False	False	False	False	False	False	0.0	False	False	False	False	0.0	0	False	0.0	0.0	0	0	128.356814	clean_single_gene_followup	clean_single_gene_followup	4	147734125	0									False	0			0							0			0	False	False	False	False	False
1:112500000	SLC16A1	rs4839276	1:112982017	lower_recurrence_exact	moderate_0.2_0.5	systemic_non_neural	9	4	0.21111089	1	0.0082450167867485	0.8380902409553528	True	True	True	True	True	True	False	0.0	False	False	False	False	0.0	0	True	0.996720245658183	0.2107043284641854	18	3	213.24810486613532	low_ambiguity_candidate	full_same_gene_stack	1	112982017	0									False	0			0							0			0	False	False	False	False	False
8:22000000	BMP1	rs4872427	8:22228651	core_exact_n10	hidden_lt0.2	systemic_non_neural	10	5	0.19801445	1	0.0	0.0	False	False	False	False	False	False	False	0.0	False	False	False	False	0.0	0	False	0.0	0.0	0	0	122.960289	clean_single_gene_followup	clean_single_gene_followup	8	22228651	0									False	0			0							0			0	False	False	False	False	False
8:47500000	SPIDR	rs4873478	8:47610734	lower_recurrence_exact	moderate_0.2_0.5	systemic_non_neural	9	7	0.2329046	1	0.0	0.0	False	False	False	False	False	False	False	0.0	False	False	False	False	0.0	0	False	0.0	0.0	0	0	125.458092	clean_single_gene_followup	clean_single_gene_followup	8	47610734	0									False	0			0							0			0	False	False	False	False	False
8:143500000	PUF60	rs4875059	8:143811845	core_exact_n10	moderate_0.2_0.5	systemic_non_neural	17	9	0.41892833	1	0.0	0.0	False	False	False	False	False	False	False	0.0	False	False	False	False	0.0	0	False	0.0	0.0	0	0	132.7785666	clean_single_gene_followup	clean_single_gene_followup	8	143811845	0									False	0			0							0			0	False	False	False	False	False
9:79500000	TLE4	rs4877501	9:79688411	lower_recurrence_exact	moderate_0.2_0.5	neuro_systemic	6	4	0.20433572	1	0.0354752693108764	0.8772684931755066	True	True	True	True	True	True	False	0.0	False	False	False	False	0.0	0	False	0.9955673616271378	0.1655487635316904	29	4	203.32835854802644	low_ambiguity_candidate	full_same_gene_stack	9	79688411	0									False	0			0							0			0	False	False	False	False	False
10:131500000	PPP2R2D	rs4880334	10:131932974	core_exact_n10	moderate_0.2_0.5	neuro_systemic	21	7	0.34593493	1	0.0	0.0	False	False	False	False	False	False	False	0.0	False	False	False	False	0.0	0	False	0.0	0.0	0	0	130.11869860000002	clean_single_gene_followup	clean_single_gene_followup	10	131932974	0									False	0			0							0			0	False	False	False	False	False
11:111500000	DIXDC1	rs489417	11:111990466	lower_recurrence_exact	moderate_0.2_0.5	systemic_non_neural	7	5	0.20181282	3	0.0251813287839946	0.348660409450531	True	True	True	True	True	True	False	0.0	False	False	False	False	0.0	0	False	0.9789864400493103	0.0402227842513288	17	2	198.9764684949984	multi_gene_candidate	full_same_gene_stack	11	111990466	0									False	0			0							0			0	False	False	False	False	False
14:50000000	MAP4K5	rs4898660	14:50478110	core_exact_n10	moderate_0.2_0.5	systemic_non_neural	11	6	0.22516881	1	0.0	0.0	False	False	False	False	False	False	False	0.0	False	False	False	False	0.0	0	False	0.0	0.0	0	0	124.7033762	clean_single_gene_followup	clean_single_gene_followup	14	50478110	0									False	0			0							0			0	False	False	False	False	False
11:64500000	RASGRP2	rs490980	11:64757992	lower_recurrence_exact	moderate_0.2_0.5	neural_enriched	3	3	0.23072553	1	0.0201008027067391	0.6308189630508423	True	True	True	True	True	True	False	0.0	True	False	False	False	0.0	0	False	0.9921043182282536	0.1008636894507137	43	3	209.52923281279095	low_ambiguity_candidate	full_same_gene_stack	11	64757992	0									False	0			0							0			0	False	False	False	False	False
5:141500000	PCDHGA2	rs4912608	5:141511628	lower_recurrence_exact	moderate_0.2_0.5	neuro_systemic	8	6	0.2415571	5	0.0425308967300044	0.4457835555076599	True	True	True	True	True	False	False	0.9804160227573326	False	False	False	False	0.0	0	False	0.9145087332439646	0.0095903974253246	1	1	185.40292288751627	multi_gene_candidate	full_same_gene_stack	5	141511628	0									False	0			0							0			0	False	False	False	False	False
10:99500000	ENTPD7	rs4919382	10:99677148	lower_recurrence_exact	moderate_0.2_0.5	systemic_non_neural	8	4	0.25039488	1	0.0078549998735778	0.8117920756340027	True	True	True	True	True	False	True	0.8672518672640537	False	False	False	False	0.0	0	False	0.8934062757856098	0.0075101804325018	3	1	198.85198351419612	low_ambiguity_candidate	full_same_gene_stack	10	99677148	0									False	0			0							0			0	False	False	False	False	False
19:500000	BSG	rs4919812	19:587162	lower_recurrence_exact	moderate_0.2_0.5	neural_enriched	3	3	0.37810844	2	0.0127884547155219	0.4454924166202545	True	True	True	True	True	True	False	0.0	True	False	False	False	0.0	0	False	0.997075477584913	0.2296460487251853	37	3	207.72567894205167	low_ambiguity_candidate	full_same_gene_stack	19	587162	0									False	0			0							0			0	False	False	False	False	False
20:62000000	MTG2	rs4925363	20:62260593	lower_recurrence_exact	moderate_0.2_0.5	systemic_non_neural	8	5	0.21935548	1	0.0	0.0	False	False	False	False	False	False	False	0.0	False	False	False	False	0.0	0	False	0.0	0.0	0	0	122.9871096	clean_single_gene_followup	clean_single_gene_followup	20	62260593	0									False	0			0							0			0	False	False	False	False	False
10:124000000	CHST15	rs4929814	10:124084023	core_exact_n10	moderate_0.2_0.5	mixed_trait_axis	19	11	0.26054198	1	0.0	0.0	False	False	False	False	False	False	False	0.0	False	False	False	False	0.0	0	False	0.0	0.0	0	0	132.0108396	clean_single_gene_followup	clean_single_gene_followup	10	124084023	0									False	0			0							0			0	False	False	False	False	False
13:44000000	TSC22D1	rs4941501	13:44402548	core_exact_n10	moderate_0.2_0.5	systemic_non_neural	12	8	0.2440332	1	0.0	0.0	False	False	False	False	False	False	False	0.0	False	False	False	False	0.0	0	False	0.0	0.0	0	0	127.280664	clean_single_gene_followup	clean_single_gene_followup	13	44402548	0									False	0			0							0			0	False	False	False	False	False
5:134500000	SAR1B	rs4958192	5:134638199	core_exact_n10	moderate_0.2_0.5	mixed_trait_axis	23	11	0.46100512	1	0.0	0.0	False	False	False	False	False	False	False	0.0	False	False	False	False	0.0	0	False	0.0	0.0	0	0	136.8201024	clean_single_gene_followup	clean_single_gene_followup	5	134638199	0									False	0			0							0			0	False	False	False	False	False
1:151000000	ZNF687	rs4971023	1:151246418	lower_recurrence_exact	moderate_0.2_0.5	systemic_non_neural	6	4	0.24141946	1	0.0490026011368601	0.1312283873558044	True	True	True	True	True	True	False	0.0	False	False	False	False	0.0	0	False	0.9734087299136484	0.0319479903149096	1	1	195.64637117269453	low_ambiguity_candidate	full_same_gene_stack	1	151246418	0									False	0			0							0			0	False	False	False	False	False
1:151000000	PSMB4	rs4971047	1:151457575	lower_recurrence_exact	moderate_0.2_0.5	systemic_other	4	3	0.23239449	2	0.0243030496045012	0.3241265714168548	True	True	True	True	True	True	False	0.0	False	False	False	False	0.0	0	False	0.922720058342299	0.010683606110036	4	2	195.86846629759157	low_ambiguity_candidate	full_same_gene_stack	1	151457575	0									False	0			0							0			0	False	False	False	False	False
8:144000000	EXOSC4	rs4977196	8:144108511	core_exact_n10	moderate_0.2_0.5	systemic_non_neural	10	6	0.39817187	2	0.0262345835404581	0.1890797615051269	True	True	True	True	True	True	False	0.0	False	False	False	False	0.0	0	False	0.9532365647349232	0.0180308545837754	2	1	198.4231632624005	low_ambiguity_candidate	full_same_gene_stack	8	144108511	0									False	0			0							0			0	False	False	False	False	False
18:62500000	PHLPP1	rs500978	18:62851130	core_exact_n10	moderate_0.2_0.5	mixed_trait_axis	22	9	0.32843453	1	0.0	0.0	False	False	False	False	False	False	False	0.0	False	False	False	False	0.0	0	False	0.0	0.0	0	0	131.9686906	clean_single_gene_followup	clean_single_gene_followup	18	62851130	0									False	0			0							0			0	False	False	False	False	False
17:64500000	GNA13	rs5022415	17:64992826	lower_recurrence_exact	moderate_0.2_0.5	neuro_systemic	6	5	0.23523735	2	0.0153586301309376	0.269574910402298	True	True	False	True	True	True	False	0.0	False	False	False	False	0.0	0	False	0.9747544544150782	0.0336278953309122	7	1	173.04329364817374	low_ambiguity_candidate	full_same_gene_stack	17	64992826	0									False	0			0							1	0.4447999954223632	oral cavity carcinoma	0	False	False	True	False	True
11:36500000	PRR5L	rs5030416	11:36510938	core_exact_n10	moderate_0.2_0.5	neuro_systemic	13	8	0.3036965	1	0.0	0.0	False	False	False	False	False	False	False	0.0	False	False	False	False	0.0	0	False	0.0	0.0	0	0	128.67392999999998	clean_single_gene_followup	clean_single_gene_followup	11	36510938	0									False	0			0							0			0	False	False	False	False	False
11:36500000	PRR5L	rs5030419	11:36509193	core_exact_n10	moderate_0.2_0.5	neuro_systemic	13	6	0.20841081	1	0.0	0.0	False	False	False	False	False	False	False	0.0	False	False	False	False	0.0	0	False	0.0	0.0	0	0	124.7682162	clean_single_gene_followup	clean_single_gene_followup	11	36509193	0									False	0			0							0			0	False	False	False	False	False
4:1500000	NELFA	rs506996	4:1998531	core_exact_n10	moderate_0.2_0.5	neural_enriched	16	5	0.20780988	1	0.0	0.0	False	False	False	False	False	False	False	0.0	False	False	False	False	0.0	0	False	0.0	0.0	0	0	124.3561976	clean_single_gene_followup	clean_single_gene_followup	4	1998531	0									False	0			0							0			0	False	False	False	False	False
11:65000000	POLA2	rs525141	11:65322321	core_exact_n10	moderate_0.2_0.5	systemic_non_neural	11	5	0.28941822	1	0.0	0.0	False	False	False	False	False	False	False	0.0	False	False	False	False	0.0	0	False	0.0	0.0	0	0	124.9883644	clean_single_gene_followup	clean_single_gene_followup	11	65322321	0									False	0			0							0			0	False	False	False	False	False
1:70500000	PTGER3	rs541667	1:70978951	lower_recurrence_exact	moderate_0.2_0.5	neuro_systemic	5	4	0.20197919	1	0.0357608053010507	0.5018827319145203	True	True	True	True	True	True	False	0.0	False	False	False	False	0.0	0	False	0.9751797937463232	0.0341458231526502	2	1	199.27062525660844	low_ambiguity_candidate	full_same_gene_stack	1	70978951	0									False	0			0							0			0	False	False	False	False	False
18:62500000	PHLPP1	rs551944	18:62944662	lower_recurrence_exact	moderate_0.2_0.5	neural_enriched	3	3	0.23606522	1	0.0240904166788834	0.582176923751831	True	True	False	True	True	True	False	0.0	False	False	False	False	0.0	0	False	0.9931551343848176	0.1149207463886275	2	1	174.0533205813665	low_ambiguity_candidate	full_same_gene_stack	18	62944662	0									False	0			0							0			0	False	False	False	False	False
11:72000000	NUMA1	rs552966	11:72077171	core_exact_n10	moderate_0.2_0.5	neural_enriched	16	6	0.48299378	1	0.0	0.0	False	False	False	False	False	False	False	0.0	False	False	False	False	0.0	0	False	0.0	0.0	0	0	130.8598756	clean_single_gene_followup	clean_single_gene_followup	11	72077171	0									False	0			0							0			0	False	False	False	False	False
10:129500000	EBF3	rs556327	10:129949441	lower_recurrence_exact	moderate_0.2_0.5	systemic_non_neural	9	6	0.24678005	1	0.0	0.0	False	False	False	False	False	False	False	0.0	False	False	False	False	0.0	0	False	0.0	0.0	0	0	124.735601	clean_single_gene_followup	clean_single_gene_followup	10	129949441	0									False	0			0							0			0	False	False	False	False	False
5:141500000	PCDHGC3	rs55892286	5:141506904	core_exact_n10	hidden_lt0.2	neuro_systemic	11	7	0.1405369	1	0.0	0.0	False	False	False	False	False	False	False	0.0	False	False	False	False	0.0	0	False	0.0	0.0	0	0	124.010738	clean_single_gene_followup	clean_single_gene_followup	5	141506904	0									False	0			0							0			0	False	False	False	False	False
19:15000000	AKAP8L	rs56825447	19:15298836	core_exact_n10	moderate_0.2_0.5	neural_enriched	10	5	0.27893135	1	0.0	0.0	False	False	False	False	False	False	False	0.0	False	False	False	False	0.0	0	False	0.0	0.0	0	0	124.578627	clean_single_gene_followup	clean_single_gene_followup	19	15298836	0									False	0			0							0			0	False	False	False	False	False
3:50500000	MAPKAPK3	rs57361338	3:50501564	lower_recurrence_exact	moderate_0.2_0.5	neural_enriched	4	3	0.21885279	1	0.0841636332391322	0.1594368815422058	True	False	True	True	True	True	False	0.0	False	False	False	False	0.0	0	False	0.9631130328297304	0.022968471740984	6	1	174.62549914371937	low_ambiguity_candidate	full_same_gene_stack	3	50501564	0									False	0			0							0			0	False	False	False	False	False
11:65000000	FAM89B	rs573864	11:65380391	core_exact_n10	moderate_0.2_0.5	systemic_non_neural	11	6	0.31979987	1	0.0	0.0	False	False	False	False	False	False	False	0.0	False	False	False	False	0.0	0	False	0.0	0.0	0	0	126.5959974	clean_single_gene_followup	clean_single_gene_followup	11	65380391	0									False	0			0							0			0	False	False	False	False	False
11:106000000	GUCY1A2	rs591957	11:106306841	core_exact_n10	hidden_lt0.2	systemic_non_neural	11	5	0.17825884	1	0.0	0.0	False	False	False	False	False	False	False	0.0	False	False	False	False	0.0	0	False	0.0	0.0	0	0	122.7651768	clean_single_gene_followup	clean_single_gene_followup	11	106306841	0									False	0			0							0			0	False	False	False	False	False
2:96000000	NEURL3	rs596069	2:96410905	lower_recurrence_exact	moderate_0.2_0.5	systemic_non_neural	7	5	0.2518864	4	0.0140213248692888	0.6326828002929688	True	True	True	True	True	True	False	0.0	False	False	False	False	0.0	0	False	0.9673583667678304	0.02613338852452	4	2	201.700411670608	multi_gene_candidate	full_same_gene_stack	2	96410905	0									False	0			0							0			0	False	False	False	False	False
2:96000000	SNRNP200	rs596069	2:96410905	lower_recurrence_exact	moderate_0.2_0.5	systemic_non_neural	7	5	0.2518864	4	0.0140213248692888	0.6326828002929688	True	True	True	True	True	True	False	0.0	False	False	False	False	0.0	0	False	0.933752854772521	0.0125595736388091	2	2	201.3643565506549	multi_gene_candidate	full_same_gene_stack	2	96410905	0									False	0			0							0			0	False	False	False	False	False
1:227500000	MRPL55	rs601050	1:227994733	lower_recurrence_exact	moderate_0.2_0.5	neuro_systemic	6	4	0.21420178	2	0.0356899891903975	0.0970590487122535	True	False	True	True	True	True	False	0.0	False	False	False	False	0.0	0	False	0.995075766295964	0.1520477803842997	21	3	175.52134815008216	low_ambiguity_candidate	full_same_gene_stack	1	227994733	0									False	0			0							0			0	False	False	False	False	False
20:21000000	XRN2	rs6035825	20:21280594	lower_recurrence_exact	moderate_0.2_0.5	systemic_non_neural	7	5	0.26477253	1	0.0	0.0	False	False	False	False	False	False	False	0.0	False	False	False	False	0.0	0	False	0.0	0.0	0	0	123.6954506	clean_single_gene_followup	clean_single_gene_followup	20	21280594	0									False	0			0							0			0	False	False	False	False	False
20:500000	CSNK2A1	rs6037819	20:504677	core_exact_n10	moderate_0.2_0.5	neuro_systemic	12	7	0.2439202	1	0.0	0.0	False	False	False	False	False	False	False	0.0	False	False	False	False	0.0	0	False	0.0	0.0	0	0	126.278404	clean_single_gene_followup	clean_single_gene_followup	20	504677	0									False	0			0							1	0.4558000183105468	breast carcinoma	0	False	False	True	False	True
3:50500000	MAPKAPK3	rs61018691	3:50501169	lower_recurrence_exact	moderate_0.2_0.5	neural_enriched	4	3	0.21855298	1	0.0810529879866595	0.1594368815422058	True	False	True	True	True	True	False	0.0	False	False	False	False	0.0	0	False	0.9631130328297304	0.022968471740984	6	1	174.62549914371937	low_ambiguity_candidate	full_same_gene_stack	3	50501169	0									False	0			0							0			0	False	False	False	False	False
9:137000000	TOR4A	rs61759822	9:137252821	core_exact_n10	moderate_0.2_0.5	systemic_other	13	5	0.20418139	1	0.0	0.0	False	False	False	False	False	False	False	0.0	False	False	False	False	0.0	0	False	0.0	0.0	0	0	123.6836278	clean_single_gene_followup	clean_single_gene_followup	9	137252821	0									False	0			0							0			0	False	False	False	False	False
14:69000000	DCAF5	rs61980267	14:69190206	core_exact_n10	moderate_0.2_0.5	neural_enriched	11	4	0.34808034	1	0.0222736166728578	0.7055466175079346	True	True	True	True	True	True	False	0.0	False	False	False	False	0.0	0	False	0.9764766239660724	0.0359926154963479	220	3	201.92023241474007	low_ambiguity_candidate	full_same_gene_stack	14	69190206	0									False	0			0							0			0	False	False	False	False	False
17:65000000	RGS9	rs62065481	17:65008273	core_exact_n10	hidden_lt0.2	neuro_systemic	11	5	0.16344683	1	0.0	0.0	False	False	False	False	False	False	False	0.0	False	False	False	False	0.0	0	False	0.0	0.0	0	0	122.4689366	clean_single_gene_followup	clean_single_gene_followup	17	65008273	0									False	0			0							0			0	False	False	False	False	False
11:104500000	CASP4	rs632806	11:104918779	lower_recurrence_exact	moderate_0.2_0.5	neural_enriched	4	3	0.27464896	1	0.0197785658104564	0.7403197884559631	True	True	True	True	True	True	True	0.8166003031884956	False	False	False	False	0.0	0	False	0.9564255470138427	0.0194675571369949	58	2	212.36745335469809	low_ambiguity_candidate	full_same_gene_stack	11	104918779	0									False	0			0							0			0	False	False	False	False	False
3:197500000	FYTTD1	rs635652	3:197795268	core_exact_n10	moderate_0.2_0.5	systemic_non_neural	14	7	0.2402994	1	0.0	0.0	False	False	False	False	False	False	False	0.0	False	False	False	False	0.0	0	False	0.0	0.0	0	0	126.605988	clean_single_gene_followup	clean_single_gene_followup	3	197795268	0									False	0			0							0			0	False	False	False	False	False
18:12500000	PTPN2	rs637643	18:12857762	lower_recurrence_exact	moderate_0.2_0.5	systemic_non_neural	9	5	0.21136874	1	0.0	0.0	False	False	False	False	False	False	False	0.0	False	False	False	False	0.0	0	False	0.0	0.0	0	0	123.0273748	clean_single_gene_followup	clean_single_gene_followup	18	12857762	0									False	0			0							0			0	False	False	False	False	False
2:177000000	NFE2L2	rs6433653	2:177187775	core_exact_n10	moderate_0.2_0.5	systemic_non_neural	11	5	0.392781	2	0.036510912007032	0.6841205358505249	True	True	True	True	True	True	False	0.0	False	False	False	False	0.0	0	False	0.9892259655756108	0.0762941941056058	38	3	202.83346501426132	low_ambiguity_candidate	full_same_gene_stack	2	177187775	0									False	0			0							1	0.5434999847412109	non small cell lung carcinoma	0	False	False	True	False	True
2:241500000	ATG4B	rs6437282	2:241703438	core_exact_n10	moderate_0.2_0.5	mixed_trait_axis	15	8	0.28043252	3	0.1198665539808136	0.8497871160507202	True	True	True	True	True	True	False	0.999980720816098	False	False	False	False	0.0	0	False	0.9948244302633824	0.1458411468998674	45	3	207.94611546314104	multi_gene_candidate	full_same_gene_stack	2	241703438	0									False	0			0							0			0	False	False	False	False	False
2:241500000	DTYMK	rs6437282	2:241703438	core_exact_n10	moderate_0.2_0.5	mixed_trait_axis	15	8	0.28043252	3	0.1198665539808136	0.8497871160507202	True	True	True	True	True	True	False	0.999980720816098	False	False	False	False	0.0	0	False	0.9989551328251252	0.4411193896917538	32	3	207.98742248875843	multi_gene_candidate	full_same_gene_stack	2	241703438	0									False	0			0							0			0	False	False	False	False	False
2:241500000	ING5	rs6437282	2:241703438	core_exact_n10	moderate_0.2_0.5	mixed_trait_axis	15	8	0.28043252	3	0.1198665539808136	0.8497871160507202	True	True	True	True	True	True	True	0.999980720816098	True	False	False	False	0.0	0	False	0.9989551328251252	0.4411193896917539	204	3	229.98742248875843	multi_gene_candidate	full_same_gene_stack	2	241703438	0									False	0			0							0			0	False	False	False	False	False
5:43000000	C5ORF34	rs6451706	5:43482713	lower_recurrence_exact	moderate_0.2_0.5	systemic_other	3	3	0.22904155	4	0.0126709815454512	0.4115496277809143	True	True	True	True	True	False	False	0.0	False	False	True	True	0.11573	1	False	0.8722459762520969	0.0061271542402987	1	1	197.13795604033007	multi_gene_candidate	full_same_gene_stack	5	43482713	0									False	0			0							0			0	False	False	False	False	False
5:43000000	NNT	rs6451706	5:43482713	lower_recurrence_exact	moderate_0.2_0.5	systemic_other	3	3	0.22904155	4	0.0126709815454512	0.4115496277809143	True	True	True	True	True	False	False	0.0	False	False	False	False	0.11573	1	False	0.900733018092418	0.0081205914116346	6	1	181.4228264587333	multi_gene_candidate	full_same_gene_stack	5	43482713	0									False	0			0							0			0	False	False	False	False	False
5:43000000	PAIP1	rs6451706	5:43482713	lower_recurrence_exact	moderate_0.2_0.5	systemic_other	3	3	0.22904155	4	0.0126709815454512	0.4115496277809143	True	True	True	True	True	False	False	0.0	False	False	False	False	0.11573	1	False	0.909931021631396	0.0090368538415531	9	2	181.51480649412312	multi_gene_candidate	full_same_gene_stack	5	43482713	0									False	0			0							0			0	False	False	False	False	False
11:65500000	BANF1	rs645571	11:65985381	lower_recurrence_exact	moderate_0.2_0.5	systemic_other	4	3	0.21200468	2	0.0123577610723336	0.2955348193645477	True	False	True	True	True	True	False	0.0	False	False	False	False	0.0	0	False	0.9777571615361608	0.0381966099028748	33	3	176.1329198090071	low_ambiguity_candidate	full_same_gene_stack	11	65985381	0									False	0			0							0			0	False	False	False	False	False
11:65500000	EIF1AD	rs645571	11:65985381	lower_recurrence_exact	moderate_0.2_0.5	systemic_other	4	3	0.21200468	2	0.0123577610723336	0.2955348193645477	True	False	True	True	True	True	False	0.0	False	False	False	False	0.0	0	False	0.956598665880836	0.0195625579574355	2	2	175.92133485245384	low_ambiguity_candidate	full_same_gene_stack	11	65985381	0									False	0			0							1	0.484000015258789	rhabdomyosarcoma	0	False	False	True	False	True
7:44500000	CCM2	rs6463259	7:44999010	lower_recurrence_exact	moderate_0.2_0.5	systemic_non_neural	8	5	0.20764424	4	0.0331642957057646	0.9247003793716432	True	True	True	True	True	True	True	0.9999547466357488	True	False	False	False	0.015689	1	False	0.9972259033386668	0.2392793716065103	35	3	227.01926282710312	multi_gene_candidate	full_same_gene_stack	7	44999010	0									False	0			0							0			0	False	False	False	False	False
7:44500000	MYO1G	rs6463259	7:44999010	lower_recurrence_exact	moderate_0.2_0.5	systemic_non_neural	8	5	0.20764424	4	0.0331642957057646	0.9247003793716432	True	True	True	True	True	True	False	0.9999547466357488	False	False	True	False	0.015689	1	False	0.9986784598728108	0.3906870425153594	11	1	211.0337883924445	multi_gene_candidate	full_same_gene_stack	7	44999010	0									False	0			0							0			0	False	False	False	False	False
7:44500000	TBRG4	rs6463259	7:44999010	lower_recurrence_exact	moderate_0.2_0.5	systemic_non_neural	8	5	0.20764424	4	0.0331642957057646	0.9247003793716432	True	True	True	True	True	False	False	0.9999547466357488	False	False	False	False	0.015689	1	False	0.8220589425757546	0.0041580963659654	1	1	188.267593219474	multi_gene_candidate	full_same_gene_stack	7	44999010	0									False	0			0							0			0	False	False	False	False	False
8:119500000	DEPTOR	rs6469882	8:119998232	core_exact_n10	hidden_lt0.2	systemic_non_neural	10	6	0.19048919	1	0.0	0.0	False	False	False	False	False	False	False	0.0	False	False	False	False	0.0	0	False	0.0	0.0	0	0	123.8097838	clean_single_gene_followup	clean_single_gene_followup	8	119998232	0									False	0			0							0			0	False	False	False	False	False
8:42500000	FNTA	rs6474422	8:42850559	core_exact_n10	moderate_0.2_0.5	systemic_non_neural	21	7	0.48303956	1	0.0	0.0	False	False	False	False	False	False	False	0.0	False	False	False	False	0.0	0	False	0.0	0.0	0	0	132.8607912	clean_single_gene_followup	clean_single_gene_followup	8	42850559	0									False	0			0							0			0	False	False	False	False	False
9:134000000	WDR5	rs6479642	9:134123074	lower_recurrence_exact	moderate_0.2_0.5	systemic_non_neural	7	6	0.27638552	1	0.0	0.0	False	False	False	False	False	False	False	0.0	False	False	False	False	0.0	0	False	0.0	0.0	0	0	124.9277104	clean_single_gene_followup	clean_single_gene_followup	9	134123074	0									False	0			0							0			0	False	False	False	False	False
16:72500000	ZFHX3	rs6499604	16:72998566	lower_recurrence_exact	moderate_0.2_0.5	systemic_non_neural	8	5	0.20670912	1	0.0	0.0	False	False	False	False	False	False	False	0.0	False	False	False	False	0.0	0	False	0.0	0.0	0	0	122.7341824	clean_single_gene_followup	clean_single_gene_followup	16	72998566	0									False	0			0							0			0	False	False	False	False	False
18:46000000	C18ORF25	rs6507678	18:46184922	core_exact_n10	hidden_lt0.2	mixed_trait_axis	10	7	0.1893956	1	0.0	0.0	False	False	False	False	False	False	False	0.0	False	False	False	False	0.0	0	False	0.0	0.0	0	0	124.787912	clean_single_gene_followup	clean_single_gene_followup	18	46184922	0									False	0			0							0			0	False	False	False	False	False
1:109500000	ATXN7L2	rs650985	1:109658958	lower_recurrence_exact	moderate_0.2_0.5	systemic_non_neural	7	5	0.21323052	1	0.0	0.0	False	False	False	False	False	False	False	0.0	False	False	False	False	0.0	0	False	0.0	0.0	0	0	122.6646104	clean_single_gene_followup	clean_single_gene_followup	1	109658958	0									False	0			0							0			0	False	False	False	False	False
4:84500000	CDS1	rs6531779	4:84952298	core_exact_n10	moderate_0.2_0.5	mixed_trait_axis	15	8	0.24599019	2	0.3029410417882088	0.912971556186676	True	True	True	True	True	False	True	0.9796740076223556	False	False	False	False	0.0	0	False	0.8596848397048719	0.005503558137035	1	1	204.22656395891548	low_ambiguity_candidate	full_same_gene_stack	4	84952298	0									False	0			0							0			0	False	False	False	False	False
4:84500000	WDFY3	rs6531779	4:84952298	core_exact_n10	moderate_0.2_0.5	mixed_trait_axis	15	8	0.24599019	2	0.3029410417882088	0.912971556186676	True	True	True	True	True	True	True	0.9796740076223556	False	False	False	False	0.0	0	False	0.9244128350999896	0.0109444283199372	5	2	219.87384391286665	low_ambiguity_candidate	full_same_gene_stack	4	84952298	0									False	0			0							0			0	False	False	False	False	False
3:23500000	NKIRAS1	rs6550828	3:23996182	core_exact_n10	moderate_0.2_0.5	systemic_non_neural	12	7	0.3054224	1	0.0	0.0	False	False	False	False	False	False	False	0.0	False	False	False	False	0.0	0	False	0.0	0.0	0	0	127.508448	clean_single_gene_followup	clean_single_gene_followup	3	23996182	0									False	0			0							0			0	False	False	False	False	False
8:29000000	DCTN6	rs6558118	8:29499043	lower_recurrence_exact	moderate_0.2_0.5	systemic_other	5	5	0.20372267	1	0.0	0.0	False	False	False	False	False	False	False	0.0	False	False	False	False	0.0	0	False	0.0	0.0	0	0	122.0744534	clean_single_gene_followup	clean_single_gene_followup	8	29499043	0									False	0			0							0			0	False	False	False	False	False
9:136500000	ABCA2	rs6560653	9:136999551	core_exact_n10	moderate_0.2_0.5	systemic_non_neural	11	6	0.3336941	6	0.0739594981676069	0.1505139023065567	True	True	True	True	True	True	False	0.0	False	False	False	False	0.0	0	False	0.99252906085944	0.1062900266530749	11	1	198.53042963166	multi_gene_candidate	full_same_gene_stack	9	136999551	0									False	0			0							0			0	False	False	False	False	False
9:136500000	FUT7	rs6560653	9:136999551	core_exact_n10	moderate_0.2_0.5	systemic_non_neural	11	6	0.3336941	6	0.0739594981676069	0.1505139023065567	True	True	True	True	True	True	False	0.0	False	False	False	False	0.0	0	False	0.9868870937612192	0.06343842229255	4	1	198.47400996067776	multi_gene_candidate	full_same_gene_stack	9	136999551	0									False	0			0							0			0	False	False	False	False	False
9:136500000	LCN12	rs6560653	9:136999551	core_exact_n10	moderate_0.2_0.5	systemic_non_neural	11	6	0.3336941	6	0.0739594981676069	0.1505139023065567	True	True	True	True	True	False	False	0.0	False	False	False	False	0.0	0	False	0.9166022095011772	0.0098228059416342	14	3	182.77116111807732	multi_gene_candidate	full_same_gene_stack	9	136999551	0									False	0			0							0			0	False	False	False	False	False
12:56000000	MYL6	rs6581091	12:56190040	core_exact_n10	moderate_0.2_0.5	neural_enriched	12	5	0.46100545	3	0.1345708344955418	0.0915368497371673	True	False	True	True	True	True	False	0.0	False	False	False	False	0.0	0	False	0.995181020091312	0.1549477507734329	8	1	177.06717869828478	multi_gene_candidate	full_same_gene_stack	12	56190040	0									False	0			0							0			0	False	False	False	False	False
12:64000000	XPOT	rs6581555	12:64383924	core_exact_n10	moderate_0.2_0.5	mixed_trait_axis	15	7	0.31441027	1	0.0	0.0	False	False	False	False	False	False	False	0.0	False	False	False	False	0.0	0	False	0.0	0.0	0	0	128.2882054	clean_single_gene_followup	clean_single_gene_followup	12	64383924	0									False	0			0							0			0	False	False	False	False	False
6:73000000	MTO1	rs658475	6:73485808	core_exact_n10	moderate_0.2_0.5	neural_enriched	13	6	0.30149883	1	0.0	0.0	False	False	False	False	False	False	False	0.0	False	False	False	False	0.0	0	False	0.0	0.0	0	0	126.6299766	clean_single_gene_followup	clean_single_gene_followup	6	73485808	0									False	0			0							0			0	False	False	False	False	False
11:71500000	NUMA1	rs6592327	11:71781623	core_exact_n10	moderate_0.2_0.5	systemic_non_neural	10	5	0.2546231	1	0.0	0.0	False	False	False	False	False	False	False	0.0	False	False	False	False	0.0	0	False	0.0	0.0	0	0	124.092462	clean_single_gene_followup	clean_single_gene_followup	11	71781623	0									False	0			0							0			0	False	False	False	False	False
19:8000000	HNRNPM	rs6603083	19:8482573	lower_recurrence_exact	moderate_0.2_0.5	systemic_non_neural	9	5	0.23421906	1	0.0	0.0	False	False	False	False	False	False	False	0.0	False	False	False	False	0.0	0	False	0.0	0.0	0	0	123.4843812	clean_single_gene_followup	clean_single_gene_followup	19	8482573	0									False	0			0							0			0	False	False	False	False	False
1:1500000	GNB1	rs6603811	1:1774697	lower_recurrence_exact	moderate_0.2_0.5	systemic_non_neural	7	5	0.25883454	1	0.0	0.0	False	False	False	False	False	False	False	0.0	False	False	False	False	0.0	0	False	0.0	0.0	0	0	123.5766908	clean_single_gene_followup	clean_single_gene_followup	1	1774697	0									False	0			0							0			0	False	False	False	False	False
1:24500000	CLIC4	rs6604978	1:24763955	core_exact_n10	moderate_0.2_0.5	systemic_non_neural	16	7	0.20239133	1	0.0	0.0	False	False	False	False	False	False	False	0.0	False	False	False	False	0.0	0	False	0.0	0.0	0	0	126.2478266	clean_single_gene_followup	clean_single_gene_followup	1	24763955	0									False	0			0							0			0	False	False	False	False	False
1:235500000	LYST	rs6668242	1:235838479	core_exact_n10	moderate_0.2_0.5	neural_enriched	11	6	0.34933478	1	0.0	0.0	False	False	False	False	False	False	False	0.0	False	False	False	False	0.0	0	False	0.0	0.0	0	0	127.1866956	clean_single_gene_followup	clean_single_gene_followup	1	235838479	0									False	0			0							0			0	False	False	False	False	False
1:94000000	ABCD3	rs6675959	1:94233562	core_exact_n10	moderate_0.2_0.5	systemic_non_neural	11	6	0.30305836	1	0.0	0.0	False	False	False	False	False	False	False	0.0	False	False	False	False	0.0	0	False	0.0	0.0	0	0	126.2611672	clean_single_gene_followup	clean_single_gene_followup	1	94233562	0									False	0			0							0			0	False	False	False	False	False
1:151000000	PSMD4	rs6678528	1:151222856	core_exact_n10	moderate_0.2_0.5	systemic_non_neural	12	6	0.21734987	1	0.0	0.0	False	False	False	False	False	False	False	0.0	False	False	False	False	0.0	0	False	0.0	0.0	0	0	124.7469974	clean_single_gene_followup	clean_single_gene_followup	1	151222856	0									False	0			0							0			0	False	False	False	False	False
1:161000000	FCGR2A	rs6684851	1:161494622	core_exact_n10	moderate_0.2_0.5	systemic_non_neural	10	6	0.2293677	1	0.0	0.0	False	False	False	False	False	False	False	0.0	False	False	False	False	0.0	0	False	0.0	0.0	0	0	124.587354	clean_single_gene_followup	clean_single_gene_followup	1	161494622	0									False	0			0							0			0	False	False	False	False	False
1:89500000	LRRC8D	rs6690747	1:89997331	lower_recurrence_exact	moderate_0.2_0.5	systemic_non_neural	7	6	0.2556837	1	0.0	0.0	False	False	False	False	False	False	False	0.0	False	False	False	False	0.0	0	False	0.0	0.0	0	0	124.513674	clean_single_gene_followup	clean_single_gene_followup	1	89997331	0									False	0			0							0			0	False	False	False	False	False
1:24500000	CLIC4	rs6692599	1:24768223	core_exact_n10	moderate_0.2_0.5	systemic_non_neural	15	6	0.29125613	1	0.0	0.0	False	False	False	False	False	False	False	0.0	False	False	False	False	0.0	0	False	0.0	0.0	0	0	126.8251226	clean_single_gene_followup	clean_single_gene_followup	1	24768223	0									False	0			0							0			0	False	False	False	False	False
1:28500000	PHACTR4	rs6704457	1:28738527	core_exact_n10	moderate_0.2_0.5	systemic_non_neural	11	7	0.2728703	1	0.0	0.0	False	False	False	False	False	False	False	0.0	False	False	False	False	0.0	0	False	0.0	0.0	0	0	126.657406	clean_single_gene_followup	clean_single_gene_followup	1	28738527	0									False	0			0							0			0	False	False	False	False	False
2:149000000	KIF5C	rs6721330	2:149002392	core_exact_n10	hidden_lt0.2	neural_enriched	10	5	0.13847694	1	0.0	0.0	False	False	False	False	False	False	False	0.0	False	False	False	False	0.0	0	False	0.0	0.0	0	0	121.7695388	clean_single_gene_followup	clean_single_gene_followup	2	149002392	0									False	0			0							0			0	False	False	False	False	False
2:215000000	FN1	rs6725958	2:215397898	lower_recurrence_exact	moderate_0.2_0.5	neuro_systemic	8	4	0.22698067	1	0.0067800434209553	0.8270619511604309	True	True	True	True	True	True	True	0.8254462612399781	False	False	False	False	0.0	0	False	0.988484872311949	0.0714927683645994	5	2	214.9554682347238	low_ambiguity_candidate	full_same_gene_stack	2	215397898	0									False	0			0							0			0	False	False	False	False	False
2:24000000	TP53I3	rs6733127	2:24102935	lower_recurrence_exact	moderate_0.2_0.5	neuro_systemic	9	4	0.37469563	1	0.2227801270675771	0.0591628700494766	True	False	False	True	True	True	False	0.0	False	False	False	False	0.0	0	False	0.995502831451186	0.1689046328661011	1	1	150.44665701500662	low_ambiguity_candidate	full_same_gene_stack	2	24102935	0									False	0			0							0			0	False	False	False	False	False
2:20000000	WDR35	rs6734005	2:20001697	core_exact_n10	moderate_0.2_0.5	neural_enriched	11	6	0.2131798	1	0.0	0.0	False	False	False	False	False	False	False	0.0	False	False	False	False	0.0	0	False	0.0	0.0	0	0	124.463596	clean_single_gene_followup	clean_single_gene_followup	2	20001697	0									False	0			0							0			0	False	False	False	False	False
2:210000000	KANSL1L	rs6754591	2:210000101	core_exact_n10	moderate_0.2_0.5	neural_enriched	10	4	0.26884335	1	0.2353712721106465	0.7009702920913696	True	True	True	True	True	True	False	0.0	False	False	False	False	0.0	0	False	0.9715998737501406	0.0299002120419569	17	2	201.7257016584151	low_ambiguity_candidate	full_same_gene_stack	2	210000101	0									False	0			0							0			0	False	False	False	False	False
14:58000000	TOMM20L	rs6763	14:58427095	core_exact_n10	moderate_0.2_0.5	systemic_non_neural	11	6	0.38811228	1	0.0	0.0	False	False	False	False	False	False	False	0.0	False	False	False	False	0.0	0	False	0.0	0.0	0	0	127.9622456	clean_single_gene_followup	clean_single_gene_followup	14	58427095	0									False	0			0							0			0	False	False	False	False	False
14:58000000	TOMM20L	rs6764	14:58427073	core_exact_n10	moderate_0.2_0.5	systemic_non_neural	16	6	0.36285958	1	0.0	0.0	False	False	False	False	False	False	False	0.0	False	False	False	False	0.0	0	False	0.0	0.0	0	0	128.45719160000002	clean_single_gene_followup	clean_single_gene_followup	14	58427073	0									False	0			0							0			0	False	False	False	False	False
3:111000000	NECTIN3	rs6765948	3:111016708	lower_recurrence_exact	moderate_0.2_0.5	neuro_systemic	8	5	0.26225698	1	0.0	0.0	False	False	False	False	False	False	False	0.0	False	False	False	False	0.0	0	False	0.0	0.0	0	0	123.8451396	clean_single_gene_followup	clean_single_gene_followup	3	111016708	0									False	0			0							0			0	False	False	False	False	False
3:129000000	RAB43	rs6767719	3:129131689	core_exact_n10	moderate_0.2_0.5	systemic_non_neural	15	5	0.31460336	1	0.0	0.0	False	False	False	False	False	False	False	0.0	False	False	False	False	0.0	0	False	0.0	0.0	0	0	126.2920672	clean_single_gene_followup	clean_single_gene_followup	3	129131689	0									False	0			0							0			0	False	False	False	False	False
3:47500000	CSPG5	rs6776963	3:47789251	core_exact_n10	hidden_lt0.2	systemic_non_neural	13	6	0.17250706	7	0.0372058523900516	0.750994086265564	True	True	True	True	True	True	False	0.8103565696641856	False	False	False	False	0.0	0	False	0.9473403431209704	0.0159582554812786	2	1	204.28334429386533	multi_gene_candidate	full_same_gene_stack	3	47789251	0									False	0			0							0			0	False	False	False	False	False
3:47500000	DHX30	rs6776963	3:47789251	core_exact_n10	hidden_lt0.2	systemic_non_neural	13	6	0.17250706	7	0.0372058523900516	0.750994086265564	True	True	True	True	True	True	True	0.8103565696641856	False	False	False	False	0.0	0	False	0.979571247851786	0.0413483305509982	3	2	216.6056533411735	multi_gene_candidate	full_same_gene_stack	3	47789251	0									False	0			0							0			0	False	False	False	False	False
3:47500000	MAP4	rs6776963	3:47789251	core_exact_n10	hidden_lt0.2	systemic_non_neural	13	6	0.17250706	7	0.0372058523900516	0.750994086265564	True	True	True	True	True	True	False	0.8103565696641856	False	False	False	False	0.0	0	False	0.986897993638158	0.0632222593491659	105	4	204.67892079903723	multi_gene_candidate	full_same_gene_stack	3	47789251	0									False	0			0							0			0	False	False	False	False	False
3:47500000	SMARCC1	rs6776963	3:47789251	core_exact_n10	hidden_lt0.2	systemic_non_neural	13	6	0.17250706	7	0.0372058523900516	0.750994086265564	True	True	True	True	True	True	True	0.8103565696641856	False	False	False	False	0.0	0	False	0.958690184158028	0.0204708723191118	9	3	216.39684270423592	multi_gene_candidate	full_same_gene_stack	3	47789251	0									False	0			0							0			0	False	False	False	False	False
3:123000000	MYLK	rs6794826	3:123498402	core_exact_n10	moderate_0.2_0.5	mixed_trait_axis	29	9	0.31995428	1	0.0	0.0	False	False	False	False	False	False	False	0.0	False	False	False	False	0.0	0	False	0.0	0.0	0	0	133.1990856	clean_single_gene_followup	clean_single_gene_followup	3	123498402	0									False	0			0							0			0	False	False	False	False	False
11:64500000	PYGM	rs680273	11:64772163	core_exact_n10	moderate_0.2_0.5	neural_enriched	11	6	0.4456785	3	0.0459044457046163	0.6308189630508423	True	True	True	True	True	True	True	0.8208617086425417	False	False	False	False	0.0	0	False	0.9873165547942454	0.0653839790912623	29	3	215.28135517845087	multi_gene_candidate	full_same_gene_stack	11	64772163	0									False	0			0							0			0	False	False	False	False	False
11:64500000	RASGRP2	rs680273	11:64772163	core_exact_n10	moderate_0.2_0.5	neural_enriched	11	6	0.4456785	3	0.0459044457046163	0.6308189630508423	True	True	True	True	True	True	False	0.8208617086425417	False	False	False	False	0.0	0	False	0.9921043182282536	0.1008636894507137	43	3	203.32923281279096	multi_gene_candidate	full_same_gene_stack	11	64772163	0									False	0			0							0			0	False	False	False	False	False
3:53000000	DCP1A	rs6806814	3:53323991	lower_recurrence_exact	moderate_0.2_0.5	systemic_non_neural	7	5	0.24737561	1	0.0	0.0	False	False	False	False	False	False	False	0.0	False	False	False	False	0.0	0	False	0.0	0.0	0	0	123.3475122	clean_single_gene_followup	clean_single_gene_followup	3	53323991	0									False	0			0							0			0	False	False	False	False	False
4:147500000	TMEM184C	rs6836509	4:147733500	core_exact_n10	moderate_0.2_0.5	systemic_non_neural	11	5	0.23536976	1	0.0	0.0	False	False	False	False	False	False	False	0.0	False	False	False	False	0.0	0	False	0.0	0.0	0	0	123.9073952	clean_single_gene_followup	clean_single_gene_followup	4	147733500	0									False	0			0							0			0	False	False	False	False	False
12:110500000	ARPC3	rs684596	12:110614660	core_exact_n10	hidden_lt0.2	neuro_systemic	16	8	0.17499878	8	0.8409357240865953	0.1512613296508789	True	True	True	True	True	True	False	0.0	True	False	False	False	0.0	0	False	0.9971724862745678	0.2396283486910366	2	2	211.0843381592545	multi_gene_candidate	full_same_gene_stack	12	110614660	0									False	0			0							0			0	False	False	False	False	False
5:132500000	HSPA4	rs6859346	5:132999473	lower_recurrence_exact	moderate_0.2_0.5	systemic_non_neural	7	4	0.26726753	1	0.0133123395370529	0.0812631696462631	True	False	False	True	True	False	False	0.0	False	False	False	False	0.0	0	False	0.8072697158617244	0.0037711279587851	1	1	133.5853288550799	low_ambiguity_candidate	full_same_gene_stack	5	132999473	0									False	0			0							0			0	False	False	False	False	False
5:55500000	IL6ST	rs6863337	5:55993318	core_exact_n10	hidden_lt0.2	systemic_other	10	4	0.17777875	1	0.0434517388763161	0.9287698864936828	True	True	True	True	True	True	True	0.99996425440881	False	False	False	False	0.0	0	True	0.9798899388308404	0.0421342223060884	69	4	226.08659825324523	low_ambiguity_candidate	full_same_gene_stack	5	55993318	0									False	0			0							1	0.5159999847412109	plasma cell myeloma	0	False	False	True	False	True
5:500000	TPPP	rs6865411	5:761633	lower_recurrence_exact	moderate_0.2_0.5	systemic_non_neural	8	4	0.35045117	2	0.0166044937120873	0.2766919434070587	True	False	True	True	True	True	True	0.9869211270440712	False	False	False	False	0.0	0	False	0.9485783459540612	0.0163891676073725	5	1	189.0527028936112	low_ambiguity_candidate	full_same_gene_stack	5	761633	0									False	0			0							0			0	False	False	False	False	False
5:500000	ZDHHC11	rs6865411	5:761633	lower_recurrence_exact	moderate_0.2_0.5	systemic_non_neural	8	4	0.35045117	2	0.0166044937120873	0.2766919434070587	True	False	True	True	True	True	True	0.9869211270440712	False	False	False	False	0.0	0	False	0.9842990586531116	0.0532424434305094	24	3	189.40991002060173	low_ambiguity_candidate	full_same_gene_stack	5	761633	0									False	0			0							0			0	False	False	False	False	False
18:50500000	ME2	rs686709	18:50891600	core_exact_n10	hidden_lt0.2	systemic_non_neural	10	5	0.19610316	1	0.0	0.0	False	False	False	False	False	False	False	0.0	False	False	False	False	0.0	0	False	0.0	0.0	0	0	122.9220632	clean_single_gene_followup	clean_single_gene_followup	18	50891600	0									False	0			0							0			0	False	False	False	False	False
5:131000000	HINT1	rs6872533	5:131315518	core_exact_n10	moderate_0.2_0.5	neuro_systemic	24	8	0.45805997	1	0.0	0.0	False	False	False	False	False	False	False	0.0	False	False	False	False	0.0	0	False	0.0	0.0	0	0	133.9611994	clean_single_gene_followup	clean_single_gene_followup	5	131315518	0									False	0			0							0			0	False	False	False	False	False
5:76000000	IQGAP2	rs6880993	5:76450988	core_exact_n10	moderate_0.2_0.5	neuro_systemic	15	5	0.23719953	1	0.0	0.0	False	False	False	False	False	False	False	0.0	False	False	False	False	0.0	0	False	0.0	0.0	0	0	124.7439906	clean_single_gene_followup	clean_single_gene_followup	5	76450988	0									False	0			0							0			0	False	False	False	False	False
6:43500000	POLR1C	rs6924483	6:43507736	lower_recurrence_exact	moderate_0.2_0.5	neuro_systemic	6	4	0.2082024	2	0.0086697410474637	0.0594586282968521	True	False	True	True	True	True	False	0.0	False	False	False	False	0.0	0	False	0.9576813707935528	0.02010136839505	6	2	174.77139999090406	low_ambiguity_candidate	full_same_gene_stack	6	43507736	0									False	0			0							0			0	False	False	False	False	False
6:43500000	TJAP1	rs6924483	6:43507736	lower_recurrence_exact	moderate_0.2_0.5	neuro_systemic	6	4	0.2082024	2	0.0086697410474637	0.0594586282968521	True	False	True	True	True	False	False	0.0	False	False	False	False	0.0	0	False	0.8030530560019927	0.0036887783969355	1	1	158.22511684298846	low_ambiguity_candidate	full_same_gene_stack	6	43507736	0									False	0			0							0			0	False	False	False	False	False
7:2000000	CHST12	rs6952433	7:2357003	lower_recurrence_exact	moderate_0.2_0.5	neural_enriched	4	3	0.20727693	1	0.0271904941469547	0.1393101662397384	True	False	True	True	True	True	False	0.0	False	False	False	False	0.0	0	False	0.9761557249492256	0.0356714603934512	1	1	174.55465891188965	low_ambiguity_candidate	full_same_gene_stack	7	2357003	0									False	0			0							0			0	False	False	False	False	False
7:100000000	ZKSCAN1	rs6967287	7:100004399	lower_recurrence_exact	moderate_0.2_0.5	neuro_systemic	7	5	0.22891818	3	0.990238564164788	0.3304455876350403	True	True	True	True	True	True	True	0.895325476872076	False	False	False	False	0.0	0	False	0.9794042294061448	0.0410023860653673	14	3	210.79849817041185	multi_gene_candidate	full_same_gene_stack	7	100004399	1	exact_rsid_mpra_variant	rs6967287	hg19		GM12878	Direct Identification of Hundreds of Expression- Modulating Variants using a Multiplexed Reporter Assay (Tewhey et al., 2016)	1.0	0.421257909	True	0			0							0			0	False	False	False	False	True
8:53500000	ATP6V1H	rs6981243	8:53953931	core_exact_n10	moderate_0.2_0.5	mixed_trait_axis	12	7	0.20595601	1	0.0	0.0	False	False	False	False	False	False	False	0.0	False	False	False	False	0.0	0	False	0.0	0.0	0	0	125.5191202	clean_single_gene_followup	clean_single_gene_followup	8	53953931	0									False	0			0							0			0	False	False	False	False	False
8:42000000	SLC20A2	rs6988483	8:42493793	core_exact_n10	moderate_0.2_0.5	mixed_trait_axis	15	10	0.28348807	2	0.033811108037784	0.7870054841041565	True	True	True	True	True	True	False	0.0	False	False	False	False	0.0	0	False	0.9875473102887876	0.0663512568553168	82	4	209.24552794392943	low_ambiguity_candidate	full_same_gene_stack	8	42493793	0									False	0			0							0			0	False	False	False	False	False
8:42000000	SMIM19	rs6988483	8:42493793	core_exact_n10	moderate_0.2_0.5	mixed_trait_axis	15	10	0.28348807	2	0.033811108037784	0.7870054841041565	True	True	True	True	True	True	False	0.0	False	False	False	False	0.0	0	False	0.9973088927579138	0.2464266352406305	10	3	209.3431437686207	low_ambiguity_candidate	full_same_gene_stack	8	42493793	0									False	0			0							0			0	False	False	False	False	False
14:23500000	NGDN	rs69931	14:23509624	core_exact_n10	moderate_0.2_0.5	neuro_systemic	14	5	0.24547188	1	0.0	0.0	False	False	False	False	False	False	False	0.0	False	False	False	False	0.0	0	False	0.0	0.0	0	0	124.7094376	clean_single_gene_followup	clean_single_gene_followup	14	23509624	0									False	0			0							0			0	False	False	False	False	False
8:28000000	FZD3	rs6993934	8:28415871	core_exact_n10	moderate_0.2_0.5	systemic_other	13	4	0.3351294	3	0.0240020991578298	0.3513405919075012	True	True	True	True	True	True	False	0.7532910523218743	False	False	False	False	0.0	0	False	0.9676422898654108	0.0263189810744237	1	1	198.48982881772912	multi_gene_candidate	full_same_gene_stack	8	28415871	0									False	0			0							0			0	False	False	False	False	False
8:67000000	ADHFE1	rs6997490	8:67058008	core_exact_n10	moderate_0.2_0.5	neural_enriched	15	7	0.34546697	1	0.0	0.0	False	False	False	False	False	False	False	0.0	False	False	False	False	0.0	0	False	0.0	0.0	0	0	128.9093394	clean_single_gene_followup	clean_single_gene_followup	8	67058008	0									False	0			0							0			0	False	False	False	False	False
8:22000000	PPP3CC	rs6998654	8:22370009	core_exact_n10	moderate_0.2_0.5	systemic_non_neural	12	6	0.34623414	1	0.0	0.0	False	False	False	False	False	False	False	0.0	False	False	False	False	0.0	0	False	0.0	0.0	0	0	127.3246828	clean_single_gene_followup	clean_single_gene_followup	8	22370009	0									False	0			0							0			0	False	False	False	False	False
8:124000000	TMEM65	rs7002456	8:124336936	lower_recurrence_exact	moderate_0.2_0.5	systemic_non_neural	9	5	0.21420994	1	0.0	0.0	False	False	False	False	False	False	False	0.0	False	False	False	False	0.0	0	False	0.0	0.0	0	0	123.0841988	clean_single_gene_followup	clean_single_gene_followup	8	124336936	0									False	0			0							0			0	False	False	False	False	False
8:81000000	PMP2	rs7004393	8:81497119	core_exact_n10	moderate_0.2_0.5	neural_enriched	10	6	0.39424363	1	0.0	0.0	False	False	False	False	False	False	False	0.0	False	False	False	False	0.0	0	False	0.0	0.0	0	0	127.8848726	clean_single_gene_followup	clean_single_gene_followup	8	81497119	0									False	0			0							0			0	False	False	False	False	False
8:79500000	MRPS28	rs7014295	8:79996994	core_exact_n10	moderate_0.2_0.5	systemic_non_neural	12	7	0.30930957	1	0.0	0.0	False	False	False	False	False	False	False	0.0	False	False	False	False	0.0	0	False	0.0	0.0	0	0	127.5861914	clean_single_gene_followup	clean_single_gene_followup	8	79996994	0									False	0			0							0			0	False	False	False	False	False
9:127500000	DPM2	rs7026115	9:127974598	lower_recurrence_exact	moderate_0.2_0.5	systemic_non_neural	6	5	0.21895294	1	0.0	0.0	False	False	False	False	False	False	False	0.0	False	False	False	False	0.0	0	False	0.0	0.0	0	0	122.5790588	clean_single_gene_followup	clean_single_gene_followup	9	127974598	0									False	0			0							0			0	False	False	False	False	False
9:127500000	DPM2	rs7028190	9:127955698	lower_recurrence_exact	moderate_0.2_0.5	systemic_non_neural	5	4	0.20043547	3	0.0320412324334184	0.5899201035499573	True	True	True	True	True	True	True	0.8856034132638516	True	False	False	False	0.0	0	False	0.9928165108590828	0.1098130769452183	123	4	222.3273661440904	multi_gene_candidate	full_same_gene_stack	9	127955698	0									False	0			0							0			0	False	False	False	False	False
9:127500000	PIP5KL1	rs7028190	9:127955698	lower_recurrence_exact	moderate_0.2_0.5	systemic_non_neural	5	4	0.20043547	3	0.0320412324334184	0.5899201035499573	True	True	True	True	True	True	True	0.8856034132638516	False	False	False	False	0.0	0	False	0.9924507019820984	0.1051774755419115	56	2	212.32370805532057	multi_gene_candidate	full_same_gene_stack	9	127955698	0									False	0			0							0			0	False	False	False	False	False
9:34500000	CNTFR	rs7044318	9:34555001	lower_recurrence_exact	moderate_0.2_0.5	neuro_systemic	9	5	0.20536134	1	0.0	0.0	False	False	False	False	False	False	False	0.0	False	False	False	False	0.0	0	False	0.0	0.0	0	0	122.9072268	clean_single_gene_followup	clean_single_gene_followup	9	34555001	0									False	0			0							0			0	False	False	False	False	False
9:113000000	RGS3	rs7046202	9:113469226	core_exact_n10	hidden_lt0.2	systemic_other	11	3	0.18381692	1	0.0104540509941516	0.8036428689956665	True	True	True	True	True	True	True	0.6909192514401725	False	False	False	False	0.0	0	False	0.9826142668883489	0.0482878714007108	23	2	213.9625713588401	low_ambiguity_candidate	full_same_gene_stack	9	113469226	1	exact_rsid_mpra_variant	rs7046202	hg19		GM12878	Multiple causal variants underlie genetic associations in humans (Abell et al., 2022)	0.896830483990286	0.0814877477963471	True	0			0							0			0	False	False	False	False	True
10:133000000	PRAP1	rs7074435	10:133377066	core_exact_n10	moderate_0.2_0.5	systemic_non_neural	15	6	0.25878397	3	0.0164485989039331	0.2170259803533554	True	False	True	True	True	True	False	0.0	False	False	False	False	0.0	0	True	0.9579430462269248	0.02116283747554	2	2	189.2496902658028	multi_gene_candidate	full_same_gene_stack	10	133377066	1	exact_rsid_mpra_variant	rs7074435	hg19		GM12878	Multiple causal variants underlie genetic associations in humans (Abell et al., 2022)	0.579190598685318	0.914409154599158	True	0			0							0			0	False	False	False	False	True
12:48500000	ARF3	rs708242	12:48940261	lower_recurrence_exact	moderate_0.2_0.5	systemic_non_neural	8	6	0.26789153	3	0.0594801928050952	0.2470611929893493	True	True	True	True	True	True	False	0.0	False	False	False	False	0.0	0	False	0.9814948877321964	0.046606124841214	1	1	199.08556080721547	multi_gene_candidate	full_same_gene_stack	12	48940261	0									False	0			0							0			0	False	False	False	False	False
10:86000000	WAPL	rs7094132	10:86443311	lower_recurrence_exact	moderate_0.2_0.5	systemic_non_neural	5	4	0.21470177	1	0.0087762274575443	0.8619890809059143	True	True	True	True	True	False	False	0.0	False	False	False	False	0.0	0	False	0.9147792503116148	0.0096511213474482	1	1	187.26768331217528	low_ambiguity_candidate	full_same_gene_stack	10	86443311	0									False	0			0							0			0	False	False	False	False	False
10:84000000	CCSER2	rs7095983	10:84374498	lower_recurrence_exact	moderate_0.2_0.5	neuro_systemic	9	5	0.25084415	1	0.0	0.0	False	False	False	False	False	False	False	0.0	False	False	False	False	0.0	0	False	0.0	0.0	0	0	123.816883	clean_single_gene_followup	clean_single_gene_followup	10	84374498	0									False	0			0							0			0	False	False	False	False	False
11:17000000	NUCB2	rs7108861	11:17233454	core_exact_n10	moderate_0.2_0.5	systemic_non_neural	10	5	0.39703804	1	0.0	0.0	False	False	False	False	False	False	False	0.0	False	False	False	False	0.0	0	False	0.0	0.0	0	0	126.9407608	clean_single_gene_followup	clean_single_gene_followup	11	17233454	0									False	0			0							0			0	False	False	False	False	False
12:12000000	LRP6	rs7134001	12:12239425	core_exact_n10	moderate_0.2_0.5	neuro_systemic	11	6	0.2733038	1	0.0	0.0	False	False	False	False	False	False	False	0.0	False	False	False	False	0.0	0	False	0.0	0.0	0	0	125.666076	clean_single_gene_followup	clean_single_gene_followup	12	12239425	0									False	0			0							0			0	False	False	False	False	False
22:17500000	BID	rs713701	22:17648780	core_exact_n10	moderate_0.2_0.5	neural_enriched	14	3	0.47306693	1	0.117095283607375	0.6382564306259155	True	False	True	True	True	True	False	0.0	False	False	False	False	0.0	0	False	0.9917824130984202	0.0977784875148709	27	2	180.70038843724336	low_ambiguity_candidate	full_same_gene_stack	22	17648780	0									False	0			0							0			0	False	False	False	False	False
12:500000	RAD52	rs7138367	12:968728	lower_recurrence_exact	moderate_0.2_0.5	neuro_systemic	9	6	0.2186527	1	0.0	0.0	False	False	False	False	False	False	False	0.0	False	False	False	False	0.0	0	False	0.0	0.0	0	0	124.173054	clean_single_gene_followup	clean_single_gene_followup	12	968728	0									False	0			0							0			0	False	False	False	False	False
14:105000000	TEX22	rs7144389	14:105433481	core_exact_n10	moderate_0.2_0.5	systemic_non_neural	15	7	0.45560998	1	0.0	0.0	False	False	False	False	False	False	False	0.0	False	False	False	False	0.0	0	False	0.0	0.0	0	0	131.1121996	clean_single_gene_followup	clean_single_gene_followup	14	105433481	0									False	0			0							0			0	False	False	False	False	False
14:63500000	SYNE2	rs7153036	14:63910830	lower_recurrence_exact	moderate_0.2_0.5	neuro_systemic	9	5	0.21307173	1	0.0	0.0	False	False	False	False	False	False	False	0.0	False	False	False	False	0.0	0	False	0.0	0.0	0	0	123.0614346	clean_single_gene_followup	clean_single_gene_followup	14	63910830	0									False	0			0							0			0	False	False	False	False	False
14:104500000	CDCA4	rs7159328	14:104994092	core_exact_n10	moderate_0.2_0.5	systemic_non_neural	12	7	0.24282444	1	0.0	0.0	False	False	False	False	False	False	False	0.0	False	False	False	False	0.0	0	False	0.0	0.0	0	0	126.2564888	clean_single_gene_followup	clean_single_gene_followup	14	104994092	0									False	0			0							0			0	False	False	False	False	False
15:75000000	MAN2C1	rs7166737	15:75390172	lower_recurrence_exact	moderate_0.2_0.5	systemic_non_neural	7	4	0.21932945	2	0.0371652261015323	0.55677729845047	True	True	True	True	True	True	False	0.0	True	False	False	False	0.0	0	False	0.9999054535935464	0.8246179772444782	621	4	210.26682752044016	low_ambiguity_candidate	full_same_gene_stack	15	75390172	1	exact_rsid_mpra_variant	rs7166737	hg19		GM12878	Multiple causal variants underlie genetic associations in humans (Abell et al., 2022)	0.0309216450154197	1.08827846569686	True	0			0							0			0	True	False	False	False	True
15:75000000	SIN3A	rs7166737	15:75390172	lower_recurrence_exact	moderate_0.2_0.5	systemic_non_neural	7	4	0.21932945	2	0.0371652261015323	0.55677729845047	True	True	True	True	True	True	False	0.0	False	False	False	False	0.0	0	False	0.99990817719557	0.8266753921156448	24	1	200.2668547564604	low_ambiguity_candidate	full_same_gene_stack	15	75390172	1	exact_rsid_mpra_variant	rs7166737	hg19		GM12878	Multiple causal variants underlie genetic associations in humans (Abell et al., 2022)	0.0309216450154197	1.08827846569686	True	0			0							0			0	True	False	False	False	True
15:40500000	DNAJC17	rs7167854	15:40746016	core_exact_n10	moderate_0.2_0.5	neural_enriched	11	3	0.29438058	4	0.0195839903050469	0.5373381972312927	True	True	True	True	True	False	False	0.6942958136032771	False	False	False	False	0.0	0	False	0.9018800711637354	0.0082230179090969	1	1	183.49218268395023	multi_gene_candidate	full_same_gene_stack	15	40746016	1	exact_rsid_mpra_variant	rs7167854	hg19		GM12878	Multiple causal variants underlie genetic associations in humans (Abell et al., 2022)	0.922238302831788	0.0539480834479129	True	0			0							0			0	False	False	False	False	True
15:40500000	RAD51	rs7167854	15:40746016	core_exact_n10	moderate_0.2_0.5	neural_enriched	11	3	0.29438058	4	0.0195839903050469	0.5373381972312927	True	True	True	True	True	True	True	0.6942958136032771	False	False	False	False	0.0	0	False	0.9785652792285544	0.0394365833085267	51	3	211.25903476459845	multi_gene_candidate	full_same_gene_stack	15	40746016	1	exact_rsid_mpra_variant	rs7167854	hg19		GM12878	Multiple causal variants underlie genetic associations in humans (Abell et al., 2022)	0.922238302831788	0.0539480834479129	True	0			0							0			0	False	False	False	False	True
15:74500000	PPCDC	rs7172715	15:74995034	lower_recurrence_exact	moderate_0.2_0.5	systemic_other	4	3	0.21477643	1	0.0042316857395104	0.3619290590286255	True	True	True	True	True	True	False	0.0	False	False	False	False	0.0	0	True	0.950744628447077	0.0171582536626322	39	3	206.52673687475703	low_ambiguity_candidate	full_same_gene_stack	15	74995034	0									False	0			0							0			0	False	False	False	False	False
16:20500000	ERI2	rs7195273	16:20890191	core_exact_n10	hidden_lt0.2	systemic_non_neural	10	7	0.19304791	1	0.0	0.0	False	False	False	False	False	False	False	0.0	False	False	False	False	0.0	0	False	0.0	0.0	0	0	124.8609582	clean_single_gene_followup	clean_single_gene_followup	16	20890191	0									False	20	as_provided	hg19	7	17.0	2.0	HepG2	lentiMPRA;STARR-seq;plasmidMPRA	1.255	False	0			0	False	True	False	False	True
2:230000000	TRIP12	rs720041	2:230008407	lower_recurrence_exact	moderate_0.2_0.5	neural_enriched	6	4	0.21579647	1	0.0001340947546322	0.1329159885644912	True	False	False	True	True	False	False	0.0	False	False	False	False	0.0	0	False	0.8149955883994169	0.0039583745670555	1	1	134.0791157696391	low_ambiguity_candidate	full_same_gene_stack	2	230008407	0									False	0			0							0			0	False	False	False	False	False
16:23000000	EARS2	rs7202661	16:23492720	core_exact_n10	moderate_0.2_0.5	systemic_non_neural	19	9	0.28231066	3	0.0067403010083767	0.3505943715572357	True	True	True	True	True	True	False	0.7554901936411721	False	False	False	False	0.0	0	False	0.9566839570292802	0.0195291491290759	98	4	203.9727832858652	multi_gene_candidate	full_same_gene_stack	16	23492720	1	exact_rsid_mpra_variant	rs7202661	hg19		GM12878	Direct Identification of Hundreds of Expression- Modulating Variants using a Multiplexed Reporter Assay (Tewhey et al., 2016)	1.0	0.067351528	True	0			0							1	0.415	hepatocellular carcinoma	0	False	False	True	False	True
16:23000000	GGA2	rs7202661	16:23492720	core_exact_n10	moderate_0.2_0.5	systemic_non_neural	19	9	0.28231066	3	0.0067403010083767	0.3505943715572357	True	True	True	True	True	True	True	0.7554901936411721	False	False	False	False	0.0	0	False	0.957739062643234	0.0200275046823311	72	3	215.9833343420047	multi_gene_candidate	full_same_gene_stack	16	23492720	1	exact_rsid_mpra_variant	rs7202661	hg19		GM12878	Direct Identification of Hundreds of Expression- Modulating Variants using a Multiplexed Reporter Assay (Tewhey et al., 2016)	1.0	0.067351528	True	0			0							0			0	False	False	False	False	True
16:46500000	DNAJA2	rs7203206	16:46984250	lower_recurrence_exact	moderate_0.2_0.5	neuro_systemic	9	7	0.2144628	1	0.0	0.0	False	False	False	False	False	False	False	0.0	False	False	False	False	0.0	0	False	0.0	0.0	0	0	125.089256	clean_single_gene_followup	clean_single_gene_followup	16	46984250	0									False	0			0							0			0	False	False	False	False	False
16:23000000	EARS2	rs7203580	16:23492927	core_exact_n10	moderate_0.2_0.5	systemic_non_neural	14	8	0.2630266	3	0.0062870313025305	0.3505943715572357	True	True	True	True	True	True	False	0.7554901936411721	False	False	False	False	0.0	0	False	0.9566839570292802	0.0195291491290759	98	4	202.4727832858652	multi_gene_candidate	full_same_gene_stack	16	23492927	0									False	0			0							1	0.415	hepatocellular carcinoma	0	False	False	True	False	True
16:23000000	GGA2	rs7203580	16:23492927	core_exact_n10	moderate_0.2_0.5	systemic_non_neural	14	8	0.2630266	3	0.0062870313025305	0.3505943715572357	True	True	True	True	True	True	True	0.7554901936411721	True	False	False	False	0.0	0	False	0.957739062643234	0.0200275046823311	72	3	224.4833343420047	multi_gene_candidate	full_same_gene_stack	16	23492927	0									False	0			0							0			0	False	False	False	False	False
17:64500000	GNA13	rs7212449	17:64976905	core_exact_n10	moderate_0.2_0.5	neuro_systemic	25	8	0.32481235	2	0.0128062628800932	0.4069779217243194	True	True	True	True	True	True	False	0.0	False	False	False	False	0.0	0	False	0.9747544544150782	0.0336278953309122	7	1	204.317323761394	low_ambiguity_candidate	full_same_gene_stack	17	64976905	0									False	0			0							1	0.4447999954223632	oral cavity carcinoma	0	False	False	True	False	True
17:36000000	DHRS11	rs7217798	17:36486103	lower_recurrence_exact	moderate_0.2_0.5	systemic_other	4	3	0.23653255	4	0.0016274249247172	0.1223135292530059	True	True	True	True	True	True	False	0.0	False	False	False	False	0.0	0	False	0.997786437406014	0.2807709257653033	2	1	194.6009996665902	multi_gene_candidate	full_same_gene_stack	17	36486103	0									False	0			0							0			0	False	False	False	False	False
17:44000000	TMUB2	rs7218599	17:44170978	core_exact_n10	moderate_0.2_0.5	systemic_non_neural	16	7	0.28500232	1	0.0	0.0	False	False	False	False	False	False	False	0.0	False	False	False	False	0.0	0	False	0.0	0.0	0	0	127.9000464	clean_single_gene_followup	clean_single_gene_followup	17	44170978	0									False	0			0							0			0	False	False	False	False	False
17:64500000	SMURF2	rs7225993	17:64712166	core_exact_n10	moderate_0.2_0.5	systemic_non_neural	15	8	0.30526558	1	0.0	0.0	False	False	False	False	False	False	False	0.0	False	False	False	False	0.0	0	False	0.0	0.0	0	0	129.1053116	clean_single_gene_followup	clean_single_gene_followup	17	64712166	0									False	0			0							0			0	False	False	False	False	False
17:74500000	GRIN2C	rs7226145	17:74804288	core_exact_n10	hidden_lt0.2	systemic_non_neural	12	8	0.19598106	1	0.0	0.0	False	False	False	False	False	False	False	0.0	False	False	False	False	0.0	0	False	0.0	0.0	0	0	126.3196212	clean_single_gene_followup	clean_single_gene_followup	17	74804288	0									False	0			0							0			0	False	False	False	False	False
8:85500000	CA2	rs72682991	8:85556125	lower_recurrence_exact	moderate_0.2_0.5	neuro_systemic	6	5	0.21850413	1	0.0	0.0	False	False	False	False	False	False	False	0.0	False	False	False	False	0.0	0	False	0.0	0.0	0	0	122.5700826	clean_single_gene_followup	clean_single_gene_followup	8	85556125	0									False	0			0							0			0	False	False	False	False	False
9:113500000	RGS3	rs72761965	9:113500045	lower_recurrence_exact	moderate_0.2_0.5	neuro_systemic	4	4	0.24564642	1	0.0485719971689253	0.8495296239852905	True	True	True	True	True	True	True	0.973570469690889	False	False	False	False	0.0	0	False	0.9838020541223048	0.0516844307397719	69	3	214.733316781076	low_ambiguity_candidate	full_same_gene_stack	9	113500045	0									False	0			0							0			0	False	False	False	False	False
11:9000000	ZNF143	rs729313	11:9480200	core_exact_n10	moderate_0.2_0.5	systemic_non_neural	10	5	0.23954	1	0.0	0.0	False	False	False	False	False	False	False	0.0	False	False	False	False	0.0	0	False	0.0	0.0	0	0	123.7908	clean_single_gene_followup	clean_single_gene_followup	11	9480200	1	exact_rsid_mpra_variant	rs729313	hg19		GM12878	Multiple causal variants underlie genetic associations in humans (Abell et al., 2022)	0.67386504243099	0.375454698891458	True	0			0							0			0	False	False	False	False	True
18:55000000	CCDC68	rs72934617	18:55000647	core_exact_n10	hidden_lt0.2	neuro_systemic	10	6	0.18109782	1	0.0	0.0	False	False	False	False	False	False	False	0.0	False	False	False	False	0.0	0	False	0.0	0.0	0	0	123.6219564	clean_single_gene_followup	clean_single_gene_followup	18	55000647	0									False	0			0							0			0	False	False	False	False	False
12:110000000	ATP2A2	rs7304243	12:110224522	core_exact_n10	moderate_0.2_0.5	systemic_non_neural	10	6	0.3582417	3	0.9144998341069692	0.2461593896150589	True	True	True	False	True	False	True	0.791211755893473	False	False	False	False	0.0	0	False	0.8094178385056446	0.0038198173937013	2	1	174.55577228120703	multi_gene_candidate	full_same_gene_stack	12	110224522	0									False	0			0							0			0	False	False	False	False	False
12:58500000	LRIG3	rs7306532	12:58988867	lower_recurrence_exact	moderate_0.2_0.5	systemic_non_neural	6	4	0.23562002	1	0.0237366804183804	0.9234734177589417	True	True	True	True	True	True	False	0.0	False	False	False	False	0.0	0	True	0.9613592607658332	0.0219168481632649	3	2	213.44832678524773	low_ambiguity_candidate	full_same_gene_stack	12	58988867	0									False	0			0							0			0	False	False	False	False	False
13:66500000	PCDH9	rs7336507	13:66996977	core_exact_n10	hidden_lt0.2	systemic_non_neural	17	7	0.19396389	1	0.0	0.0	False	False	False	False	False	False	False	0.0	False	False	False	False	0.0	0	False	0.0	0.0	0	0	126.2792778	clean_single_gene_followup	clean_single_gene_followup	13	66996977	0									False	0			0							0			0	False	False	False	False	False
2:110000000	MALL	rs737182	2:110105777	core_exact_n10	hidden_lt0.2	neural_enriched	11	5	0.16705908	1	0.0	0.0	False	False	False	False	False	False	False	0.0	False	False	False	False	0.0	0	False	0.0	0.0	0	0	122.5411816	clean_single_gene_followup	clean_single_gene_followup	2	110105777	0									False	0			0							0			0	False	False	False	False	False
4:158000000	RXFP1	rs7376477	4:158496634	core_exact_n10	moderate_0.2_0.5	systemic_non_neural	13	7	0.2154307	1	0.0	0.0	False	False	False	False	False	False	False	0.0	False	False	False	False	0.0	0	False	0.0	0.0	0	0	125.908614	clean_single_gene_followup	clean_single_gene_followup	4	158496634	0									False	0			0							0			0	False	False	False	False	False
7:102000000	LRWD1	rs7384178	7:102410192	lower_recurrence_exact	moderate_0.2_0.5	systemic_non_neural	9	4	0.24967447	2	0.0118924634546719	0.1516959071159362	True	False	True	True	True	True	False	0.0	False	False	False	False	0.0	0	False	0.9466569436713214	0.0157979013836442	11	2	175.88352850787257	low_ambiguity_candidate	full_same_gene_stack	7	102410192	0									False	0			0							0			0	False	False	False	False	False
7:102000000	PRKRIP1	rs7384178	7:102410192	lower_recurrence_exact	moderate_0.2_0.5	systemic_non_neural	9	4	0.24967447	2	0.0118924634546719	0.1516959071159362	True	False	True	True	True	True	False	0.0	True	False	False	False	0.0	0	False	0.9445979485370976	0.0151880921477882	20	2	185.86293855653037	low_ambiguity_candidate	full_same_gene_stack	7	102410192	0									False	0			0							0			0	False	False	False	False	False
8:143000000	RHPN1	rs7386102	8:143300022	core_exact_n10	moderate_0.2_0.5	systemic_non_neural	11	5	0.2820806	1	0.0	0.0	False	False	False	False	False	False	False	0.0	False	False	False	False	0.0	0	False	0.0	0.0	0	0	124.841612	clean_single_gene_followup	clean_single_gene_followup	8	143300022	0									False	0			0							0			0	False	False	False	False	False
2:74500000	LBX2	rs73949689	2:74571602	core_exact_n10	moderate_0.2_0.5	neural_enriched	10	3	0.37746355	2	0.0376647875252913	0.1780756711959839	True	True	True	True	True	True	False	0.0	False	False	False	False	0.0	0	False	0.9361954724761532	0.0130559580623062	33	3	195.14271143672136	low_ambiguity_candidate	full_same_gene_stack	2	74571602	0									False	0			0							0			0	False	False	False	False	False
2:74500000	TTC31	rs73949689	2:74571602	core_exact_n10	moderate_0.2_0.5	neural_enriched	10	3	0.37746355	2	0.0376647875252913	0.1780756711959839	True	True	True	True	True	False	False	0.0	False	False	False	False	0.0	0	False	0.9134670943329752	0.0094312848652596	2	1	179.9154276552896	low_ambiguity_candidate	full_same_gene_stack	2	74571602	0									False	0			0							0			0	False	False	False	False	False
12:6500000	LPAR5	rs7397940	12:6662711	core_exact_n10	moderate_0.2_0.5	mixed_trait_axis	17	7	0.3748091	1	0.0	0.0	False	False	False	False	False	False	False	0.0	False	False	False	False	0.0	0	False	0.0	0.0	0	0	129.896182	clean_single_gene_followup	clean_single_gene_followup	12	6662711	0									False	0			0							0			0	False	False	False	False	False
16:18500000	COQ7	rs7403903	16:18997617	core_exact_n10	moderate_0.2_0.5	mixed_trait_axis	14	8	0.26177144	1	0.0	0.0	False	False	False	False	False	False	False	0.0	False	False	False	False	0.0	0	False	0.0	0.0	0	0	128.0354288	clean_single_gene_followup	clean_single_gene_followup	16	18997617	0									False	0			0							0			0	False	False	False	False	False
22:20000000	DGCR6L	rs741413	22:20298576	lower_recurrence_exact	moderate_0.2_0.5	systemic_non_neural	9	7	0.24974678	1	0.0	0.0	False	False	False	False	False	False	False	0.0	False	False	False	False	0.0	0	False	0.0	0.0	0	0	125.7949356	clean_single_gene_followup	clean_single_gene_followup	22	20298576	0									False	0			0							0			0	False	False	False	False	False
2:188000000	GULP1	rs7420808	2:188498089	core_exact_n10	moderate_0.2_0.5	systemic_non_neural	10	6	0.2381467	1	0.0	0.0	False	False	False	False	False	False	False	0.0	False	False	False	False	0.0	0	False	0.0	0.0	0	0	124.762934	clean_single_gene_followup	clean_single_gene_followup	2	188498089	0									False	0			0							0			0	False	False	False	False	False
8:143500000	PARP10	rs7459603	8:143996235	core_exact_n10	moderate_0.2_0.5	systemic_non_neural	12	7	0.26020494	5	0.0348618043124337	0.6633961200714111	True	True	True	True	True	True	True	0.8690281758834436	False	False	False	False	0.0	0	False	0.9909083969351344	0.0887904434053086	219	3	216.74304517006544	multi_gene_candidate	full_same_gene_stack	8	143996235	0									False	0			0							0			0	False	False	False	False	False
8:143500000	PLEC	rs7459603	8:143996235	core_exact_n10	moderate_0.2_0.5	systemic_non_neural	12	7	0.26020494	5	0.0348618043124337	0.6633961200714111	True	True	True	True	True	True	False	0.8690281758834436	False	False	False	False	0.0	0	False	0.9968868034363112	0.2190481739629956	226	4	204.8028292350772	multi_gene_candidate	full_same_gene_stack	8	143996235	0									False	0			0							0			0	False	False	False	False	False
8:51500000	PXDNL	rs7459977	8:51747403	core_exact_n10	moderate_0.2_0.5	neural_enriched	10	3	0.46570536	1	0.0328967342357768	0.7893872857093811	True	True	True	True	True	False	True	0.900152247702491	False	False	False	False	0.0	0	False	0.8584761937958717	0.0054442099681135	2	1	197.47863479505253	low_ambiguity_candidate	full_same_gene_stack	8	51747403	0									False	0			0							0			0	False	False	False	False	False
12:5000000	NTF3	rs7488316	12:5497206	core_exact_n10	moderate_0.2_0.5	mixed_trait_axis	15	7	0.24790183	1	0.0	0.0	False	False	False	False	False	False	False	0.0	False	False	False	False	0.0	0	False	0.0	0.0	0	0	126.9580366	clean_single_gene_followup	clean_single_gene_followup	12	5497206	0									False	0			0							0			0	False	False	False	False	False
15:72500000	NEO1	rs7496513	15:72998351	core_exact_n10	moderate_0.2_0.5	systemic_other	10	5	0.28714615	1	0.0	0.0	False	False	False	False	False	False	False	0.0	False	False	False	False	0.0	0	False	0.0	0.0	0	0	124.742923	clean_single_gene_followup	clean_single_gene_followup	15	72998351	0									False	0			0							0			0	False	False	False	False	False
17:67500000	BPTF	rs7502578	17:67996073	core_exact_n10	moderate_0.2_0.5	systemic_non_neural	19	8	0.2459374	2	0.026815076919216	0.5158013701438904	True	True	True	True	True	True	False	0.0	False	False	False	False	0.0	0	False	0.9938237099753068	0.1251413091638434	3	1	204.996250801192	low_ambiguity_candidate	full_same_gene_stack	17	67996073	0									False	0			0							0			0	False	False	False	False	False
18:49000000	DYM	rs7505245	18:49413246	core_exact_n10	moderate_0.2_0.5	systemic_non_neural	12	7	0.29294616	1	0.0	0.0	False	False	False	False	False	False	False	0.0	False	False	False	False	0.0	0	False	0.0	0.0	0	0	127.2589232	clean_single_gene_followup	clean_single_gene_followup	18	49413246	0									False	0			0							0			0	False	False	False	False	False
19:8000000	PRAM1	rs7507526	19:8488438	core_exact_n10	moderate_0.2_0.5	systemic_non_neural	11	5	0.42084888	1	0.0	0.0	False	False	False	False	False	False	False	0.0	False	False	False	False	0.0	0	False	0.0	0.0	0	0	127.6169776	clean_single_gene_followup	clean_single_gene_followup	19	8488438	0									False	0			0							0			0	False	False	False	False	False
1:38000000	INPP5B	rs7513555	1:38006844	lower_recurrence_exact	moderate_0.2_0.5	systemic_non_neural	9	6	0.2359388	1	0.0	0.0	False	False	False	False	False	False	False	0.0	False	False	False	False	0.0	0	False	0.0	0.0	0	0	124.518776	clean_single_gene_followup	clean_single_gene_followup	1	38006844	0									False	0			0							0			0	False	False	False	False	False
19:42500000	CEACAM1	rs75171220	19:42501973	core_exact_n10	moderate_0.2_0.5	neuro_systemic	11	5	0.26236692	1	0.0	0.0	False	False	False	False	False	False	False	0.0	False	False	False	False	0.0	0	False	0.0	0.0	0	0	124.4473384	clean_single_gene_followup	clean_single_gene_followup	19	42501973	0									False	0			0							0			0	False	False	False	False	False
1:156500000	NTRK1	rs7522395	1:156826905	core_exact_n10	moderate_0.2_0.5	neural_enriched	12	6	0.30011907	2	0.0043606954355736	0.1048649623990058	True	False	True	True	True	False	False	0.0	False	False	True	False	0.031647	1	False	0.8598009979573904	0.0055101819886947	1	1	167.84665960356395	low_ambiguity_candidate	full_same_gene_stack	1	156826905	0									False	0			0							0			0	False	False	False	False	False
1:16000000	FBXO42	rs7529767	1:16396773	core_exact_n10	moderate_0.2_0.5	systemic_other	10	2	0.21109232	2	0.0094485840185294	0.1126524284482002	True	False	True	True	True	False	False	0.0	False	False	False	False	0.0	0	False	0.90550864888949	0.0085819896587676	2	2	158.18161077337692	low_ambiguity_candidate	full_same_gene_stack	1	16396773	6	exact_rsid_mpra_variant	rs7529767	hg19	NHGRI-EBI-GWAS-catalog	HEK293FT;HepG2;HMEC;K562;GM12878;SKNSH	Genome-wide functional screen of 3′UTR variants uncovers causal variants for human disease and evolution (Griesemer et al., 2021)	0.292065445	0.38058688	True	0			0							0			0	False	False	False	False	True
1:213000000	ANGEL2	rs7533253	1:213124943	core_exact_n10	moderate_0.2_0.5	mixed_trait_axis	12	7	0.34939244	1	0.0	0.0	False	False	False	False	False	False	False	0.0	False	False	False	False	0.0	0	False	0.0	0.0	0	0	128.3878488	clean_single_gene_followup	clean_single_gene_followup	1	213124943	0									False	0			0							0			0	False	False	False	False	False
1:21500000	USP48	rs7539759	1:21761185	lower_recurrence_exact	moderate_0.2_0.5	neuro_systemic	8	4	0.37750173	1	0.0448630569301387	0.8095672726631165	True	True	True	True	True	True	False	0.0	False	False	False	False	0.0	0	False	0.9584819207690348	0.0204026201767433	33	3	202.48049193432152	low_ambiguity_candidate	full_same_gene_stack	1	21761185	0									False	0			0							0			0	False	False	False	False	False
19:42500000	CEACAM1	rs75434673	19:42501975	core_exact_n10	moderate_0.2_0.5	neuro_systemic	10	5	0.26236638	1	0.0	0.0	False	False	False	False	False	False	False	0.0	False	False	False	False	0.0	0	False	0.0	0.0	0	0	124.2473276	clean_single_gene_followup	clean_single_gene_followup	19	42501975	0									False	0			0							0			0	False	False	False	False	False
1:207500000	CD55	rs7543742	1:207500635	core_exact_n10	hidden_lt0.2	neural_enriched	13	6	0.16915725	1	0.0	0.0	False	False	False	False	False	False	False	0.0	False	False	False	False	0.0	0	False	0.0	0.0	0	0	123.983145	clean_single_gene_followup	clean_single_gene_followup	1	207500635	0									False	0			0							0			0	False	False	False	False	False
1:24500000	SRRM1	rs7549196	1:24660386	core_exact_n10	moderate_0.2_0.5	neural_enriched	17	7	0.25508195	1	0.0	0.0	False	False	False	False	False	False	False	0.0	False	False	False	False	0.0	0	False	0.0	0.0	0	0	127.501639	clean_single_gene_followup	clean_single_gene_followup	1	24660386	0									False	0			0							0			0	False	False	False	False	False
1:3000000	MEGF6	rs7553399	1:3499885	core_exact_n10	moderate_0.2_0.5	systemic_other	12	5	0.284124	1	0.0	0.0	False	False	False	False	False	False	False	0.0	False	False	False	False	0.0	0	False	0.0	0.0	0	0	125.08248	clean_single_gene_followup	clean_single_gene_followup	1	3499885	0									False	0			0							0			0	False	False	False	False	False
2:134500000	TMEM163	rs7560738	2:134661593	core_exact_n10	hidden_lt0.2	neural_enriched	10	5	0.19175155	1	0.0	0.0	False	False	False	False	False	False	False	0.0	False	False	False	False	0.0	0	False	0.0	0.0	0	0	122.835031	clean_single_gene_followup	clean_single_gene_followup	2	134661593	0									False	0			0							0			0	False	False	False	False	False
2:202500000	FAM117B	rs7571824	2:202655549	core_exact_n10	hidden_lt0.2	systemic_non_neural	11	6	0.17607912	1	0.0	0.0	False	False	False	False	False	False	False	0.0	False	False	False	False	0.0	0	False	0.0	0.0	0	0	123.7215824	clean_single_gene_followup	clean_single_gene_followup	2	202655549	0									False	0			0							0			0	False	False	False	False	False
19:13000000	DAND5	rs75783493	19:13001454	core_exact_n10	moderate_0.2_0.5	neuro_systemic	10	8	0.2683672	1	0.0	0.0	False	False	False	False	False	False	False	0.0	False	False	False	False	0.0	0	False	0.0	0.0	0	0	127.367344	clean_single_gene_followup	clean_single_gene_followup	19	13001454	0									False	0			0							0			0	False	False	False	False	False
2:119500000	EPB41L5	rs7578989	2:119994766	core_exact_n10	hidden_lt0.2	systemic_other	11	5	0.1808661	1	0.0	0.0	False	False	False	False	False	False	False	0.0	False	False	False	False	0.0	0	False	0.0	0.0	0	0	122.817322	clean_single_gene_followup	clean_single_gene_followup	2	119994766	0									False	0			0							0			0	False	False	False	False	False
17:44500000	GJC1	rs758020	17:44795211	lower_recurrence_exact	moderate_0.2_0.5	systemic_non_neural	5	5	0.2637526	1	0.0	0.0	False	False	False	False	False	False	False	0.0	False	False	False	False	0.0	0	False	0.0	0.0	0	0	123.275052	clean_single_gene_followup	clean_single_gene_followup	17	44795211	0									False	0			0							0			0	False	False	False	False	False
19:2500000	SLC39A3	rs759071	19:2728579	lower_recurrence_exact	moderate_0.2_0.5	systemic_other	6	4	0.2530192	1	0.0985371643334708	0.2302300781011581	True	True	True	True	True	True	False	0.0	False	False	False	False	0.0	0	False	0.9878815644525468	0.0680886763399413	38	1	196.78111642553705	low_ambiguity_candidate	full_same_gene_stack	19	2728579	0									False	0			0							0			0	False	False	False	False	False
2:25500000	RAB10	rs7596494	2:25993251	lower_recurrence_exact	moderate_0.2_0.5	systemic_non_neural	8	5	0.2649117	1	0.0	0.0	False	False	False	False	False	False	False	0.0	False	False	False	False	0.0	0	False	0.0	0.0	0	0	123.898234	clean_single_gene_followup	clean_single_gene_followup	2	25993251	0									False	0			0							0			0	False	False	False	False	False
21:39000000	PSMG1	rs760166	21:39346235	core_exact_n10	hidden_lt0.2	systemic_non_neural	11	7	0.1820922	1	0.0	0.0	False	False	False	False	False	False	False	0.0	False	False	False	False	0.0	0	False	0.0	0.0	0	0	124.841844	clean_single_gene_followup	clean_single_gene_followup	21	39346235	0									False	0			0							0			0	False	False	False	False	False
3:197500000	FYTTD1	rs7616886	3:197802712	lower_recurrence_exact	moderate_0.2_0.5	systemic_non_neural	6	5	0.23129192	1	0.0	0.0	False	False	False	False	False	False	False	0.0	False	False	False	False	0.0	0	False	0.0	0.0	0	0	122.8258384	clean_single_gene_followup	clean_single_gene_followup	3	197802712	0									False	0			0							0			0	False	False	False	False	False
4:103000000	UBE2D3	rs76281393	4:103011818	lower_recurrence_exact	moderate_0.2_0.5	neural_enriched	4	3	0.20227882	5	0.1166966350910353	0.2807129621505737	True	False	True	True	True	True	False	0.0	False	False	False	False	0.0	0	False	0.9917429697278094	0.0974903500144102	2	2	176.12455931878384	multi_gene_candidate	full_same_gene_stack	4	103011818	0									False	0			0							0			0	False	False	False	False	False
3:129000000	ISY1	rs7638827	3:129174753	core_exact_n10	moderate_0.2_0.5	systemic_non_neural	12	5	0.3298289	1	0.0	0.0	False	False	False	False	False	False	False	0.0	False	False	False	False	0.0	0	False	0.0	0.0	0	0	125.996578	clean_single_gene_followup	clean_single_gene_followup	3	129174753	0									False	0			0							0			0	False	False	False	False	False
7:130500000	COPG2	rs765205	7:130500925	core_exact_n10	hidden_lt0.2	neuro_systemic	12	5	0.14271972	1	0.0	0.0	False	False	False	False	False	False	False	0.0	False	False	False	False	0.0	0	False	0.0	0.0	0	0	122.2543944	clean_single_gene_followup	clean_single_gene_followup	7	130500925	0									False	0			0							0			0	False	False	False	False	False
4:107500000	CYP2U1	rs7667856	4:107995262	lower_recurrence_exact	moderate_0.2_0.5	systemic_non_neural	8	5	0.23858276	1	0.0	0.0	False	False	False	False	False	False	False	0.0	False	False	False	False	0.0	0	False	0.0	0.0	0	0	123.3716552	clean_single_gene_followup	clean_single_gene_followup	4	107995262	0									False	0			0							0			0	False	False	False	False	False
14:60500000	SIX1	rs767603	14:60631965	lower_recurrence_exact	moderate_0.2_0.5	systemic_non_neural	8	5	0.26905206	1	0.0	0.0	False	False	False	False	False	False	False	0.0	False	False	False	False	0.0	0	False	0.0	0.0	0	0	123.9810412	clean_single_gene_followup	clean_single_gene_followup	14	60631965	0									False	0			0							0			0	False	False	False	False	False
4:84500000	CDS1	rs7692223	4:84971538	core_exact_n10	hidden_lt0.2	systemic_other	12	4	0.1990691	1	0.0139717753014984	0.0952248722314834	True	False	True	True	True	False	False	0.0	False	False	False	False	0.0	0	False	0.8596848397048719	0.005503558137035	1	1	159.74909711936354	low_ambiguity_candidate	full_same_gene_stack	4	84971538	0									False	0			0							0			0	False	False	False	False	False
5:1500000	LPCAT1	rs7706238	5:1500001	core_exact_n10	hidden_lt0.2	neuro_systemic	10	6	0.19862124	1	0.0	0.0	False	False	False	False	False	False	False	0.0	False	False	False	False	0.0	0	False	0.0	0.0	0	0	123.9724248	clean_single_gene_followup	clean_single_gene_followup	5	1500001	0									False	0			0							0			0	False	False	False	False	False
5:149500000	CSNK1A1	rs7712431	5:149513538	lower_recurrence_exact	moderate_0.2_0.5	neuro_systemic	8	5	0.21553583	1	0.0	0.0	False	False	False	False	False	False	False	0.0	False	False	False	False	0.0	0	False	0.0	0.0	0	0	122.9107166	clean_single_gene_followup	clean_single_gene_followup	5	149513538	0									False	0			0							0			0	False	False	False	False	False
5:16500000	MYO10	rs7734046	5:16994695	lower_recurrence_exact	moderate_0.2_0.5	neuro_systemic	6	5	0.21031111	1	0.0	0.0	False	False	False	False	False	False	False	0.0	False	False	False	False	0.0	0	False	0.0	0.0	0	0	122.4062222	clean_single_gene_followup	clean_single_gene_followup	5	16994695	0									False	0			0							0			0	False	False	False	False	False
1:112500000	SLC16A1	rs773432	1:112999214	core_exact_n10	moderate_0.2_0.5	systemic_other	13	4	0.27480742	2	0.0885219951283009	0.9310937523841858	True	True	True	True	True	True	True	0.7130461038033533	False	False	False	False	0.0	0	True	0.996720245658183	0.2107043284641854	18	3	226.5781399804237	low_ambiguity_candidate	full_same_gene_stack	1	112999214	0									False	0			0							0			0	False	False	False	False	False
6:36000000	KCTD20	rs7741260	6:36431343	lower_recurrence_exact	moderate_0.2_0.5	systemic_other	4	3	0.21450098	2	0.0896024341090535	0.1902550905942917	True	True	True	True	True	False	False	0.0	False	False	False	False	0.0	0	False	0.8766954720371832	0.0063922208829895	1	1	179.06950562631476	low_ambiguity_candidate	full_same_gene_stack	6	36431343	0									False	0			0							0			0	False	False	False	False	False
6:166000000	PRR18	rs7758459	6:166333276	lower_recurrence_exact	moderate_0.2_0.5	systemic_non_neural	9	5	0.21059498	1	0.0	0.0	False	False	False	False	False	False	False	0.0	False	False	False	False	0.0	0	False	0.0	0.0	0	0	123.0118996	clean_single_gene_followup	clean_single_gene_followup	6	166333276	0									False	0			0							0			0	False	False	False	False	False
6:135500000	AHI1	rs7771001	6:135506613	core_exact_n10	moderate_0.2_0.5	systemic_non_neural	11	5	0.23987214	1	0.0	0.0	False	False	False	False	False	False	False	0.0	False	False	False	False	0.0	0	False	0.0	0.0	0	0	123.9974428	clean_single_gene_followup	clean_single_gene_followup	6	135506613	0									False	0			0							0			0	False	False	False	False	False
6:127000000	ECHDC1	rs7775814	6:127464749	lower_recurrence_exact	moderate_0.2_0.5	systemic_other	4	3	0.31101128	2	0.1562420678810316	0.0686663910746574	True	False	True	True	True	True	False	0.0	False	False	False	False	0.0	0	False	0.9900141392363124	0.0824033133183576	1	1	173.9868053031097	low_ambiguity_candidate	full_same_gene_stack	6	127464749	0									False	0			0							0			0	False	False	False	False	False
7:4500000	FOXK1	rs7781456	7:4722512	core_exact_n10	moderate_0.2_0.5	systemic_non_neural	11	5	0.2699898	1	0.0	0.0	False	False	False	False	False	False	False	0.0	False	False	False	False	0.0	0	False	0.0	0.0	0	0	124.599796	clean_single_gene_followup	clean_single_gene_followup	7	4722512	0									False	0			0							0			0	False	False	False	False	False
7:103000000	ARMC10	rs7789727	7:103149048	core_exact_n10	moderate_0.2_0.5	systemic_non_neural	12	8	0.3052737	1	0.0	0.0	False	False	False	False	False	False	False	0.0	False	False	False	False	0.0	0	False	0.0	0.0	0	0	128.505474	clean_single_gene_followup	clean_single_gene_followup	7	103149048	0									False	0			0							0			0	False	False	False	False	False
7:143500000	ZYX	rs7792164	7:143503513	lower_recurrence_exact	moderate_0.2_0.5	neuro_systemic	6	5	0.27258152	1	0.0	0.0	False	False	False	False	False	False	False	0.0	False	False	False	False	0.0	0	False	0.0	0.0	0	0	123.6516304	clean_single_gene_followup	clean_single_gene_followup	7	143503513	0									False	0			0							0			0	False	False	False	False	False
7:143500000	TCAF1	rs7807308	7:143737311	core_exact_n10	moderate_0.2_0.5	systemic_non_neural	16	6	0.3113332	1	0.0	0.0	False	False	False	False	False	False	False	0.0	False	False	False	False	0.0	0	False	0.0	0.0	0	0	127.426664	clean_single_gene_followup	clean_single_gene_followup	7	143737311	0									False	0			0							0			0	False	False	False	False	False
8:37500000	RAB11FIP1	rs7817179	8:37870499	core_exact_n10	hidden_lt0.2	neural_enriched	10	6	0.19826484	1	0.0	0.0	False	False	False	False	False	False	False	0.0	False	False	False	False	0.0	0	False	0.0	0.0	0	0	123.9652968	clean_single_gene_followup	clean_single_gene_followup	8	37870499	0									False	0			0							0			0	False	False	False	False	False
8:37500000	RAB11FIP1	rs7820872	8:37870501	core_exact_n10	moderate_0.2_0.5	mixed_trait_axis	11	7	0.20403448	1	0.0	0.0	False	False	False	False	False	False	False	0.0	False	False	False	False	0.0	0	False	0.0	0.0	0	0	125.2806896	clean_single_gene_followup	clean_single_gene_followup	8	37870501	0									False	0			0							0			0	False	False	False	False	False
9:113500000	RGS3	rs7857217	9:113503080	lower_recurrence_exact	moderate_0.2_0.5	neuro_systemic	7	7	0.23403314	1	0.0	0.0	False	False	False	False	False	False	False	0.0	False	False	False	False	0.0	0	False	0.0	0.0	0	0	125.0806628	clean_single_gene_followup	clean_single_gene_followup	9	113503080	0									False	0			0							0			0	False	False	False	False	False
12:120000000	DYNLL1	rs787820	12:120488516	core_exact_n10	moderate_0.2_0.5	neural_enriched	15	5	0.34769544	1	0.0	0.0	False	False	False	False	False	False	False	0.0	False	False	False	False	0.0	0	False	0.0	0.0	0	0	126.9539088	clean_single_gene_followup	clean_single_gene_followup	12	120488516	1	exact_rsid_mpra_variant	rs787820	hg19		GM12878	Direct Identification of Hundreds of Expression- Modulating Variants using a Multiplexed Reporter Assay (Tewhey et al., 2016)	1.0	0.064795061	True	0			0							0			0	False	False	False	False	True
10:117000000	ENO4	rs7901788	10:117004075	lower_recurrence_exact	moderate_0.2_0.5	systemic_non_neural	7	4	0.21238507	2	0.2443242123380798	0.8794558644294739	True	True	True	True	True	True	False	0.0	False	False	False	False	0.0	0	False	0.9816425748722492	0.0458592227067611	3	1	203.3109843930172	low_ambiguity_candidate	full_same_gene_stack	10	117004075	0									False	0			0							0			0	False	False	False	False	False
10:117000000	HSPA12A	rs7901788	10:117004075	lower_recurrence_exact	moderate_0.2_0.5	systemic_non_neural	7	4	0.21238507	2	0.2443242123380798	0.8794558644294739	True	True	True	True	True	True	False	0.0	False	False	False	False	0.0	0	False	0.9899749177460164	0.0811609898421091	14	2	203.3943078217549	low_ambiguity_candidate	full_same_gene_stack	10	117004075	0									False	0			0							0			0	False	False	False	False	False
10:10500000	CELF2	rs7904961	10:10831414	core_exact_n10	moderate_0.2_0.5	systemic_other	11	2	0.29036602	1	0.0344377457241242	0.6324496865272522	True	True	True	True	True	True	True	0.9352807525055642	False	False	False	False	0.0	0	False	0.975129933928467	0.034126296835018	1	1	211.1757962045572	low_ambiguity_candidate	full_same_gene_stack	10	10831414	0									False	0			0							0			0	False	False	False	False	False
10:133000000	TUBGCP2	rs7907603	10:133382473	lower_recurrence_exact	moderate_0.2_0.5	systemic_non_neural	8	5	0.30787796	1	0.0	0.0	False	False	False	False	False	False	False	0.0	False	False	False	False	0.0	0	False	0.0	0.0	0	0	124.7575592	clean_single_gene_followup	clean_single_gene_followup	10	133382473	1	exact_rsid_mpra_variant	rs7907603	hg19		GM12878	Multiple causal variants underlie genetic associations in humans (Abell et al., 2022)	0.965252970859116	0.045326012973878	True	0			0							0			0	False	False	False	False	True
11:71500000	ANAPC15	rs7924834	11:71933287	core_exact_n10	moderate_0.2_0.5	mixed_trait_axis	21	7	0.39927313	1	0.0	0.0	False	False	False	False	False	False	False	0.0	False	False	False	False	0.0	0	False	0.0	0.0	0	0	131.1854626	clean_single_gene_followup	clean_single_gene_followup	11	71933287	0									False	0			0							0			0	False	False	False	False	False
11:10500000	ZBED5	rs7932171	11:10805373	core_exact_n10	moderate_0.2_0.5	systemic_non_neural	13	6	0.25026354	1	0.0	0.0	False	False	False	False	False	False	False	0.0	False	False	False	False	0.0	0	False	0.0	0.0	0	0	125.6052708	clean_single_gene_followup	clean_single_gene_followup	11	10805373	0									False	0			0							0			0	False	False	False	False	False
11:67000000	ANKRD13D	rs7934433	11:67315781	lower_recurrence_exact	moderate_0.2_0.5	systemic_non_neural	9	6	0.23502827	3	0.011185827618681	0.4414180517196655	True	True	True	True	True	True	False	0.0	False	False	False	False	0.0	0	False	0.93944481654256	0.0137967514471415	1	1	200.70862868262225	multi_gene_candidate	full_same_gene_stack	11	67315781	0									False	0			0							0			0	False	False	False	False	False
11:67000000	SSH3	rs7934433	11:67315781	lower_recurrence_exact	moderate_0.2_0.5	systemic_non_neural	9	6	0.23502827	3	0.011185827618681	0.4414180517196655	True	True	True	True	True	True	False	0.0	False	False	False	False	0.0	0	False	0.9845405954502324	0.0541655552107645	68	3	201.159586471699	multi_gene_candidate	full_same_gene_stack	11	67315781	0									False	0			0							0			0	False	False	False	False	False
11:66000000	RIN1	rs7941602	11:66318125	core_exact_n10	moderate_0.2_0.5	systemic_non_neural	12	5	0.27216986	2	0.4490041000125483	0.7071268558502197	True	True	True	True	True	True	True	0.8786320209552264	False	False	False	False	0.0	0	False	0.991586549545842	0.0953865337035198	54	3	215.18713405396065	low_ambiguity_candidate	full_same_gene_stack	11	66318125	0									False	0			0							0			0	False	False	False	False	False
12:57000000	SHMT2	rs7956957	12:57209032	lower_recurrence_exact	moderate_0.2_0.5	systemic_non_neural	7	5	0.24440394	1	0.0	0.0	False	False	False	False	False	False	False	0.0	False	False	False	False	0.0	0	False	0.0	0.0	0	0	123.2880788	clean_single_gene_followup	clean_single_gene_followup	12	57209032	0									False	0			0							0			0	False	False	False	False	False
12:53000000	MAP3K12	rs7958457	12:53486869	core_exact_n10	moderate_0.2_0.5	systemic_non_neural	11	5	0.25438097	1	0.0	0.0	False	False	False	False	False	False	False	0.0	False	False	False	False	0.0	0	False	0.0	0.0	0	0	124.2876194	clean_single_gene_followup	clean_single_gene_followup	12	53486869	0									False	0			0							0			0	False	False	False	False	False
12:51000000	SLC4A8	rs7961653	12:51481916	lower_recurrence_exact	moderate_0.2_0.5	systemic_non_neural	9	6	0.3849715	1	0.0	0.0	False	False	False	False	False	False	False	0.0	False	False	False	False	0.0	0	False	0.0	0.0	0	0	127.49943	clean_single_gene_followup	clean_single_gene_followup	12	51481916	0									False	0			0							0			0	False	False	False	False	False
12:55500000	MMP19	rs7965333	12:55831500	core_exact_n10	moderate_0.2_0.5	mixed_trait_axis	19	7	0.44982305	1	0.0	0.0	False	False	False	False	False	False	False	0.0	False	False	False	False	0.0	0	False	0.0	0.0	0	0	131.796461	clean_single_gene_followup	clean_single_gene_followup	12	55831500	0									False	0			0							0			0	False	False	False	False	False
12:120000000	BICDL1	rs7968557	12:120052572	lower_recurrence_exact	moderate_0.2_0.5	systemic_non_neural	6	4	0.21099102	1	0.0154428346998983	0.555059552192688	True	True	True	True	True	True	False	0.0	False	False	False	False	0.0	0	False	0.9626575785516032	0.0228030737321102	31	3	199.7771713074429	low_ambiguity_candidate	full_same_gene_stack	12	120052572	0									False	0			0							0			0	False	False	False	False	False
13:27000000	USP12	rs7981153	13:27259230	core_exact_n10	hidden_lt0.2	systemic_non_neural	10	8	0.17107771	1	0.0	0.0	False	False	False	False	False	False	False	0.0	False	False	False	False	0.0	0	False	0.0	0.0	0	0	125.4215542	clean_single_gene_followup	clean_single_gene_followup	13	27259230	0									False	0			0							0			0	False	False	False	False	False
14:23000000	PSMB5	rs8003201	14:23008384	core_exact_n10	moderate_0.2_0.5	neuro_systemic	11	5	0.21816213	4	0.0131288673229491	0.123931735754013	True	False	True	True	True	True	False	0.0	False	False	False	False	0.0	0	False	0.9793642129432788	0.0411894827503613	162	3	177.1329594869729	multi_gene_candidate	full_same_gene_stack	14	23008384	0									False	0			0							0			0	False	False	False	False	False
14:71500000	SIPA1L1	rs8017465	14:71650439	core_exact_n10	moderate_0.2_0.5	mixed_trait_axis	15	9	0.2764333	1	0.0	0.0	False	False	False	False	False	False	False	0.0	False	False	False	False	0.0	0	False	0.0	0.0	0	0	129.528666	clean_single_gene_followup	clean_single_gene_followup	14	71650439	0									False	0			0							0			0	False	False	False	False	False
14:75500000	TGFB3	rs8018962	14:75907846	core_exact_n10	moderate_0.2_0.5	neural_enriched	13	5	0.45935357	2	0.0328102354584198	0.5918623208999634	True	True	True	True	True	True	False	0.0	False	False	False	False	0.020528	1	False	0.9718238635510708	0.0301750449262824	15	3	201.9368618445104	low_ambiguity_candidate	full_same_gene_stack	14	75907846	0									False	0			0							0			0	False	False	False	False	False
15:72000000	ARIH1	rs8025088	15:72491919	core_exact_n10	moderate_0.2_0.5	systemic_non_neural	13	7	0.24920645	1	0.0	0.0	False	False	False	False	False	False	False	0.0	False	False	False	False	0.0	0	False	0.0	0.0	0	0	126.584129	clean_single_gene_followup	clean_single_gene_followup	15	72491919	0									False	0			0							0			0	False	False	False	False	False
15:42000000	CAPN3	rs8037100	15:42288107	lower_recurrence_exact	moderate_0.2_0.5	systemic_non_neural	8	4	0.23837243	3	0.0014123303631026	0.4265745878219604	True	True	True	True	True	False	False	0.0	False	False	False	False	0.0	0	False	0.9077530030702616	0.0088417069567803	2	2	183.14327590892225	multi_gene_candidate	full_same_gene_stack	15	42288107	0									False	0			0							0			0	False	False	False	False	False
15:42000000	GANC	rs8037100	15:42288107	lower_recurrence_exact	moderate_0.2_0.5	systemic_non_neural	8	4	0.23837243	3	0.0014123303631026	0.4265745878219604	True	True	True	True	True	True	False	0.0	False	False	False	False	0.0	0	False	0.9634554748198884	0.0232457229986115	20	3	198.7003006264185	multi_gene_candidate	full_same_gene_stack	15	42288107	0									False	0			0							0			0	False	False	False	False	False
16:4000000	NMRAL1	rs804179	16:4325528	core_exact_n10	moderate_0.2_0.5	systemic_non_neural	13	6	0.26937172	1	0.0	0.0	False	False	False	False	False	False	False	0.0	False	False	False	False	0.0	0	False	0.0	0.0	0	0	125.9874344	clean_single_gene_followup	clean_single_gene_followup	16	4325528	0									False	0			0							0			0	False	False	False	False	False
15:66500000	MAP2K1	rs8043062	15:66503642	lower_recurrence_exact	moderate_0.2_0.5	neuro_systemic	6	5	0.34087244	2	0.0121215285415069	0.1387551575899124	True	True	True	True	True	True	False	0.0	False	False	False	False	0.0	0	False	0.960361950431326	0.0214428696433742	9	1	196.5911710802124	low_ambiguity_candidate	full_same_gene_stack	15	66503642	0									False	0			0							0			0	False	False	False	False	False
16:89000000	ANKRD11	rs8043788	16:89483154	lower_recurrence_exact	moderate_0.2_0.5	systemic_other	4	3	0.21102202	2	0.9999999996648796	0.8583587408065796	True	True	True	True	True	False	False	0.0	False	False	False	False	0.0	0	False	0.815220644912689	0.0039660814596979	1	1	185.13579385719268	low_ambiguity_candidate	full_same_gene_stack	16	89483154	1	exact_rsid_mpra_variant	rs8043788	hg19		GM12878	Multiple causal variants underlie genetic associations in humans (Abell et al., 2022)	0.762641550566406	0.312233244316881	True	0			0							0			0	False	False	False	False	True
16:89000000	SPG7	rs8043788	16:89483154	lower_recurrence_exact	moderate_0.2_0.5	systemic_other	4	3	0.21102202	2	0.9999999996648796	0.8583587408065796	True	True	True	True	True	True	False	0.0	False	False	False	False	0.0	0	False	0.9996736379211474	0.7161873196106299	207	4	201.98032378727729	low_ambiguity_candidate	full_same_gene_stack	16	89483154	1	exact_rsid_mpra_variant	rs8043788	hg19		GM12878	Multiple causal variants underlie genetic associations in humans (Abell et al., 2022)	0.762641550566406	0.312233244316881	True	0			0							0			0	False	False	False	False	True
16:54500000	IRX5	rs8045838	16:54942584	core_exact_n10	hidden_lt0.2	systemic_non_neural	10	6	0.17198023	1	0.0	0.0	False	False	False	False	False	False	False	0.0	False	False	False	False	0.0	0	False	0.0	0.0	0	0	123.4396046	clean_single_gene_followup	clean_single_gene_followup	16	54942584	0									False	0			0							0			0	False	False	False	False	False
16:1500000	IFT140	rs8059926	16:1711318	lower_recurrence_exact	moderate_0.2_0.5	neuro_systemic	9	5	0.3699632	1	0.0	0.0	False	False	False	False	False	False	False	0.0	False	False	False	False	0.0	0	False	0.0	0.0	0	0	126.199264	clean_single_gene_followup	clean_single_gene_followup	16	1711318	0									False	0			0							0			0	False	False	False	False	False
17:4000000	ANKFY1	rs8064596	17:4368497	lower_recurrence_exact	moderate_0.2_0.5	systemic_other	4	3	0.20748556	3	0.0042636598561514	0.6171234250068665	True	True	True	True	True	True	False	0.0	False	False	False	False	0.0	0	False	0.958733195282267	0.0205012252566567	60	2	199.1585662028913	multi_gene_candidate	full_same_gene_stack	17	4368497	0									False	0			0							0			0	False	False	False	False	False
17:4000000	CYB5D2	rs8064596	17:4368497	lower_recurrence_exact	moderate_0.2_0.5	systemic_other	4	3	0.20748556	3	0.0042636598561514	0.6171234250068665	True	True	True	True	True	False	False	0.0	False	False	False	False	0.0	0	False	0.903682854251582	0.0083929370884346	2	1	183.6080627925845	multi_gene_candidate	full_same_gene_stack	17	4368497	0									False	0			0							0			0	False	False	False	False	False
17:4000000	ZZEF1	rs8064596	17:4368497	lower_recurrence_exact	moderate_0.2_0.5	systemic_other	4	3	0.20748556	3	0.0042636598561514	0.6171234250068665	True	True	True	True	True	True	False	0.0	False	False	False	False	0.0	0	False	0.9718083885764132	0.0300794275367806	36	3	199.2893181358328	multi_gene_candidate	full_same_gene_stack	17	4368497	0									False	0			0							0			0	False	False	False	False	False
17:44500000	GJC1	rs8064669	17:44797502	core_exact_n10	moderate_0.2_0.5	systemic_non_neural	10	6	0.25836435	1	0.0	0.0	False	False	False	False	False	False	False	0.0	False	False	False	False	0.0	0	False	0.0	0.0	0	0	125.167287	clean_single_gene_followup	clean_single_gene_followup	17	44797502	0									False	0			0							0			0	False	False	False	False	False
17:32000000	PSMD11	rs8069868	17:32495386	core_exact_n10	moderate_0.2_0.5	systemic_other	11	4	0.29765162	2	0.0026364765221021	0.3797968626022339	True	True	True	True	True	True	True	0.8900375718811653	False	False	False	False	0.0	0	False	0.9724577200205464	0.0308577201145542	6	2	210.6225458262278	low_ambiguity_candidate	full_same_gene_stack	17	32495386	0									False	0			0							0			0	False	False	False	False	False
17:82000000	NARF	rs8081734	17:82490657	lower_recurrence_exact	moderate_0.2_0.5	systemic_non_neural	5	4	0.22146802	2	0.0127027204363451	0.5831274390220642	True	False	True	True	True	True	False	0.0	False	False	False	False	0.0	0	False	0.9985366507868478	0.3661569882929257	345	4	180.31664089808916	low_ambiguity_candidate	full_same_gene_stack	17	82490657	0									False	0			0							0			0	False	False	False	False	False
17:82000000	OGFOD3	rs8081734	17:82490657	lower_recurrence_exact	moderate_0.2_0.5	systemic_non_neural	5	4	0.22146802	2	0.0127027204363451	0.5831274390220642	True	False	True	True	True	False	False	0.0	False	False	False	False	0.0	0	False	0.9157733951052546	0.0097098713764109	3	2	164.48900834127318	low_ambiguity_candidate	full_same_gene_stack	17	82490657	0									False	0			0							0			0	False	False	False	False	False
18:21500000	MIB1	rs8092100	18:21823475	core_exact_n10	hidden_lt0.2	systemic_non_neural	12	5	0.19018203	1	0.0	0.0	False	False	False	False	False	False	False	0.0	False	False	False	False	0.0	0	False	0.0	0.0	0	0	123.2036406	clean_single_gene_followup	clean_single_gene_followup	18	21823475	0									False	0			0							0			0	False	False	False	False	False
19:46000000	PPP5C	rs8100021	19:46303373	lower_recurrence_exact	moderate_0.2_0.5	systemic_non_neural	9	6	0.20584333	1	0.0	0.0	False	False	False	False	False	False	False	0.0	False	False	False	False	0.0	0	False	0.0	0.0	0	0	123.9168666	clean_single_gene_followup	clean_single_gene_followup	19	46303373	0									False	0			0							0			0	False	False	False	False	False
19:10500000	C19ORF38	rs8100581	19:10859882	core_exact_n10	moderate_0.2_0.5	systemic_non_neural	17	7	0.23992354	1	0.0	0.0	False	False	False	False	False	False	False	0.0	False	False	False	False	0.0	0	False	0.0	0.0	0	0	127.1984708	clean_single_gene_followup	clean_single_gene_followup	19	10859882	0									False	0			0							0			0	False	False	False	False	False
19:1000000	CIRBP	rs8108009	19:1274540	core_exact_n10	moderate_0.2_0.5	systemic_non_neural	10	5	0.21931043	1	0.0	0.0	False	False	False	False	False	False	False	0.0	False	False	False	False	0.0	0	False	0.0	0.0	0	0	123.3862086	clean_single_gene_followup	clean_single_gene_followup	19	1274540	0									False	0			0							0			0	False	False	False	False	False
19:45500000	NOVA2	rs8111976	19:45996279	core_exact_n10	moderate_0.2_0.5	systemic_non_neural	14	6	0.37322596	1	0.0	0.0	False	False	False	False	False	False	False	0.0	False	False	False	False	0.0	0	False	0.0	0.0	0	0	128.2645192	clean_single_gene_followup	clean_single_gene_followup	19	45996279	0									False	0			0							0			0	False	False	False	False	False
21:46500000	PRMT2	rs8131044	21:46667934	core_exact_n10	moderate_0.2_0.5	systemic_non_neural	18	6	0.35225326	1	0.0	0.0	False	False	False	False	False	False	False	0.0	False	False	False	False	0.0	0	False	0.0	0.0	0	0	128.6450652	clean_single_gene_followup	clean_single_gene_followup	21	46667934	0									False	0			0							0			0	False	False	False	False	False
22:37500000	SH3BP1	rs8140958	22:37734465	lower_recurrence_exact	moderate_0.2_0.5	systemic_non_neural	9	5	0.20683362	1	0.0	0.0	False	False	False	False	False	False	False	0.0	False	False	False	False	0.0	0	False	0.0	0.0	0	0	122.9366724	clean_single_gene_followup	clean_single_gene_followup	22	37734465	0									False	0			0							0			0	False	False	False	False	False
19:47000000	KPTN	rs830133	19:47471321	core_exact_n10	hidden_lt0.2	systemic_non_neural	10	6	0.18210492	1	0.0	0.0	False	False	False	False	False	False	False	0.0	False	False	False	False	0.0	0	False	0.0	0.0	0	0	123.6420984	clean_single_gene_followup	clean_single_gene_followup	19	47471321	0									False	0			0							0			0	False	False	False	False	False
3:197500000	LRCH3	rs841673	3:197810458	core_exact_n10	moderate_0.2_0.5	systemic_non_neural	13	6	0.33020145	1	0.0	0.0	False	False	False	False	False	False	False	0.0	False	False	False	False	0.0	0	False	0.0	0.0	0	0	127.204029	clean_single_gene_followup	clean_single_gene_followup	3	197810458	0									False	0			0							0			0	False	False	False	False	False
17:75500000	LLGL2	rs871443	17:75757422	core_exact_n10	moderate_0.2_0.5	systemic_non_neural	11	5	0.23099634	1	0.0	0.0	False	False	False	False	False	False	False	0.0	False	False	False	False	0.0	0	False	0.0	0.0	0	0	123.8199268	clean_single_gene_followup	clean_single_gene_followup	17	75757422	6	exact_rsid_mpra_variant	rs871443	hg19	NHGRI-EBI-GWAS-catalog	HEK293FT;HepG2;HMEC;K562;GM12878;SKNSH	Genome-wide functional screen of 3′UTR variants uncovers causal variants for human disease and evolution (Griesemer et al., 2021)	0.340183153	0.326183576	True	0			0							0			0	False	False	False	False	True
10:101500000	NPM3	rs874885	10:101839568	lower_recurrence_exact	moderate_0.2_0.5	systemic_non_neural	8	5	0.24609134	3	1.0	0.4735138118267059	True	True	True	True	True	True	False	0.0	False	False	False	False	0.0	0	False	0.976189327952012	0.0374141710501727	11	1	200.2970313977872	multi_gene_candidate	full_same_gene_stack	10	101839568	0									False	0			0							0			0	False	False	False	False	False
19:47000000	BBC3	rs884171	19:47213090	lower_recurrence_exact	moderate_0.2_0.5	systemic_non_neural	6	4	0.23293474	1	0.1220835254571778	0.0758602693676948	True	False	True	True	True	True	False	0.0	True	True	False	False	0.0	0	False	0.9955432433684264	0.1700511408263169	1	1	200.3140351273612	low_ambiguity_candidate	full_same_gene_stack	19	47213090	0									False	0			0							0			0	False	False	False	False	False
19:55000000	ZNF628	rs889090	19:55493534	core_exact_n10	moderate_0.2_0.5	systemic_non_neural	19	6	0.20372267	1	0.0	0.0	False	False	False	False	False	False	False	0.0	False	False	False	False	0.0	0	False	0.0	0.0	0	0	125.8744534	clean_single_gene_followup	clean_single_gene_followup	19	55493534	0									False	0			0							0			0	False	False	False	False	False
19:17000000	TMEM221	rs890839	19:17460957	lower_recurrence_exact	moderate_0.2_0.5	systemic_non_neural	8	6	0.202215	1	0.0	0.0	False	False	False	False	False	False	False	0.0	False	False	False	False	0.0	0	False	0.0	0.0	0	0	123.6443	clean_single_gene_followup	clean_single_gene_followup	19	17460957	0									False	0			0							0			0	False	False	False	False	False
8:67000000	ARFGEF1	rs891589	8:67381205	lower_recurrence_exact	moderate_0.2_0.5	systemic_non_neural	8	6	0.24617782	1	0.0	0.0	False	False	False	False	False	False	False	0.0	False	False	False	False	0.0	0	False	0.0	0.0	0	0	124.5235564	clean_single_gene_followup	clean_single_gene_followup	8	67381205	0									False	0			0							0			0	False	False	False	False	False
11:61000000	TMEM216	rs896831	11:61436889	core_exact_n10	hidden_lt0.2	systemic_non_neural	13	6	0.18970318	3	0.0291705933454099	0.542177677154541	True	True	True	True	True	True	False	0.0	False	False	False	False	0.0	0	False	0.9885468258905972	0.0718640067377102	363	3	202.6072450304514	multi_gene_candidate	full_same_gene_stack	11	61436889	0									False	0			0							0			0	False	False	False	False	False
15:31000000	OTUD7A	rs898212	15:31499633	lower_recurrence_exact	moderate_0.2_0.5	neuro_systemic	8	5	0.25292295	1	0.0	0.0	False	False	False	False	False	False	False	0.0	False	False	False	False	0.0	0	False	0.0	0.0	0	0	123.658459	clean_single_gene_followup	clean_single_gene_followup	15	31499633	0									False	0			0							0			0	False	False	False	False	False
4:173000000	HAND2	rs920625	4:173499832	core_exact_n10	moderate_0.2_0.5	systemic_non_neural	21	10	0.2239998	1	0.0	0.0	False	False	False	False	False	False	False	0.0	False	False	False	False	0.0	0	False	0.0	0.0	0	0	130.67999600000002	clean_single_gene_followup	clean_single_gene_followup	4	173499832	0									False	0			0							0			0	False	False	False	False	False
14:53000000	DDHD1	rs9323237	14:53127673	lower_recurrence_exact	moderate_0.2_0.5	systemic_other	3	3	0.22078991	1	0.0029443187291946	0.8158788084983826	True	True	True	True	True	True	False	0.0	False	False	False	False	0.0	0	False	0.9320273555959216	0.0122228338285061	22	2	200.77906164094304	low_ambiguity_candidate	full_same_gene_stack	14	53127673	0									False	0			0							0			0	False	False	False	False	False
1:24500000	CLIC4	rs9332415	1:24771754	core_exact_n10	moderate_0.2_0.5	systemic_non_neural	13	6	0.25679725	1	0.0	0.0	False	False	False	False	False	False	False	0.0	False	False	False	False	0.0	0	False	0.0	0.0	0	0	125.735945	clean_single_gene_followup	clean_single_gene_followup	1	24771754	0									False	0			0							0			0	False	False	False	False	False
6:78500000	IRAK1BP1	rs9361468	6:78911497	lower_recurrence_exact	moderate_0.2_0.5	systemic_other	4	3	0.27635762	1	0.0283640712064006	0.743018627166748	True	True	True	True	True	True	True	0.8885617226394656	False	False	False	False	0.0	0	False	0.9599780459177414	0.0211743289248308	45	4	212.4299667308449	low_ambiguity_candidate	full_same_gene_stack	6	78911497	1	exact_rsid_mpra_variant	rs9361468	hg19		GM12878	Multiple causal variants underlie genetic associations in humans (Abell et al., 2022)	0.892371312668359	0.120330550416814	True	0			0							0			0	False	False	False	False	True
6:96500000	FHL5	rs9373985	6:96615646	lower_recurrence_exact	moderate_0.2_0.5	neural_enriched	6	4	0.3101524	1	0.0693925505160839	0.8784279227256775	True	True	True	True	True	True	False	0.0	False	False	False	False	0.0	0	False	0.971102534849762	0.0293788458475654	25	3	203.0953045757544	low_ambiguity_candidate	full_same_gene_stack	6	96615646	0									False	0			0							0			0	False	False	False	False	False
12:133000000	ZNF26	rs937538	12:133033656	core_exact_n10	moderate_0.2_0.5	neuro_systemic	12	6	0.3370792	1	0.0	0.0	False	False	False	False	False	False	False	0.0	False	False	False	False	0.0	0	False	0.0	0.0	0	0	127.141584	clean_single_gene_followup	clean_single_gene_followup	12	133033656	0									False	0			0							0			0	False	False	False	False	False
6:35000000	ZNF76	rs9380501	6:35302802	lower_recurrence_exact	moderate_0.2_0.5	systemic_other	3	3	0.22357285	2	0.0980855312582767	0.8074071407318115	True	True	True	True	True	True	False	0.8425957394721069	False	False	False	False	0.0	0	False	0.9959370422265644	0.1778539788289648	24	3	201.33344182958376	low_ambiguity_candidate	full_same_gene_stack	6	35302802	2	exact_rsid_mpra_variant	rs9380501	hg19	Systemic lupus erythematosus	GM12878;Jurkat	Global discovery of lupus genetic risk variant allelic enhancer activity (Lu et al., 2021)	0.27	0.06	True	0			0							0			0	False	False	False	False	True
6:3000000	RIPK1	rs9392453	6:3086686	lower_recurrence_exact	moderate_0.2_0.5	systemic_non_neural	7	6	0.3155927	1	0.0	0.0	False	False	False	False	False	False	False	0.0	False	False	False	False	0.0	0	False	0.0	0.0	0	0	125.711854	clean_single_gene_followup	clean_single_gene_followup	6	3086686	0									False	0			0							0			0	False	False	False	False	False
6:3000000	RIPK1	rs9405191	6:3086719	lower_recurrence_exact	moderate_0.2_0.5	systemic_non_neural	7	5	0.25173807	1	0.0	0.0	False	False	False	False	False	False	False	0.0	False	False	False	False	0.0	0	False	0.0	0.0	0	0	123.4347614	clean_single_gene_followup	clean_single_gene_followup	6	3086719	0									False	0			0							0			0	False	False	False	False	False
10:5500000	NET1	rs9423434	10:5501629	core_exact_n10	hidden_lt0.2	neural_enriched	10	6	0.1906158	1	0.0	0.0	False	False	False	False	False	False	False	0.0	False	False	False	False	0.0	0	False	0.0	0.0	0	0	123.812316	clean_single_gene_followup	clean_single_gene_followup	10	5501629	0									False	0			0							0			0	False	False	False	False	False
18:13500000	FAM210A	rs948276	18:13665590	core_exact_n10	hidden_lt0.2	mixed_trait_axis	11	7	0.1688971	1	0.0	0.0	False	False	False	False	False	False	False	0.0	False	False	False	False	0.0	0	False	0.0	0.0	0	0	124.577942	clean_single_gene_followup	clean_single_gene_followup	18	13665590	0									False	0			0							0			0	False	False	False	False	False
6:3000000	TUBB2A	rs9501935	6:3174713	lower_recurrence_exact	moderate_0.2_0.5	systemic_non_neural	6	5	0.23583893	1	0.0	0.0	False	False	False	False	False	False	False	0.0	False	False	False	False	0.0	0	False	0.0	0.0	0	0	122.9167786	clean_single_gene_followup	clean_single_gene_followup	6	3174713	0									False	0			0							0			0	False	False	False	False	False
13:25000000	MTMR6	rs9507499	13:25319083	core_exact_n10	hidden_lt0.2	mixed_trait_axis	10	8	0.18242027	1	0.0	0.0	False	False	False	False	False	False	False	0.0	False	False	False	False	0.0	0	False	0.0	0.0	0	0	125.6484054	clean_single_gene_followup	clean_single_gene_followup	13	25319083	0									False	0			0							1	0.415	melanoma	0	False	False	True	False	True
13:98500000	STK24	rs9517327	13:98502081	lower_recurrence_exact	moderate_0.2_0.5	systemic_non_neural	9	6	0.23688363	1	0.0	0.0	False	False	False	False	False	False	False	0.0	False	False	False	False	0.0	0	False	0.0	0.0	0	0	124.5376726	clean_single_gene_followup	clean_single_gene_followup	13	98502081	0									False	0			0							0			0	False	False	False	False	False
13:99000000	DOCK9	rs9517574	13:99055515	lower_recurrence_exact	moderate_0.2_0.5	systemic_other	3	3	0.22045295	1	0.0060717935132549	0.712181031703949	True	True	True	True	True	True	False	0.0	False	False	False	False	0.0	0	False	0.9769390201106344	0.0367226105712707	3	1	200.19120051814585	low_ambiguity_candidate	full_same_gene_stack	13	99055515	0									False	0			0							0			0	False	False	False	False	False
13:20500000	XPO4	rs9579950	13:20773245	core_exact_n10	moderate_0.2_0.5	systemic_other	10	2	0.3491683	2	0.0153654904383634	0.4001063108444214	True	True	True	True	True	False	False	0.0	False	False	False	False	0.0	0	False	0.8652515157749748	0.0057592831395943	6	1	180.653578266194	low_ambiguity_candidate	full_same_gene_stack	13	20773245	0									False	0			0							0			0	False	False	False	False	False
13:75500000	COMMD6	rs9600483	13:75514083	lower_recurrence_exact	moderate_0.2_0.5	systemic_other	3	3	0.20449166	2	0.3421423336188163	0.8185592889785767	True	True	False	True	True	True	False	0.0	False	False	False	False	0.0	0	False	0.9968452438637688	0.217713492850246	6	2	176.45404532842346	low_ambiguity_candidate	full_same_gene_stack	13	75514083	0									False	0			0							0			0	False	False	False	False	False
13:37000000	SUPT20H	rs9603126	13:37000571	core_exact_n10	moderate_0.2_0.5	neuro_systemic	22	10	0.23050864	1	0.0	0.0	False	False	False	False	False	False	False	0.0	False	False	False	False	0.0	0	False	0.0	0.0	0	0	131.0101728	clean_single_gene_followup	clean_single_gene_followup	13	37000571	0									False	0			0							0			0	False	False	False	False	False
7:116500000	CAPZA2	rs9649395	7:116927595	lower_recurrence_exact	moderate_0.2_0.5	neuro_systemic	8	5	0.35906535	1	0.0	0.0	False	False	False	False	False	False	False	0.0	False	False	False	False	0.0	0	False	0.0	0.0	0	0	125.781307	clean_single_gene_followup	clean_single_gene_followup	7	116927595	0									False	0			0							0			0	False	False	False	False	False
2:28500000	WDR43	rs9677133	2:28908485	core_exact_n10	moderate_0.2_0.5	systemic_other	10	2	0.45565215	1	0.0175912856706843	0.6795108318328857	True	True	False	True	True	True	False	0.0	False	False	False	False	0.0	0	False	0.9415946476111856	0.0144355055233913	7	2	174.2110547944407	low_ambiguity_candidate	full_same_gene_stack	2	28908485	0									False	0			0							0			0	False	False	False	False	False
1:68000000	DIRAS3	rs978313	1:68010791	lower_recurrence_exact	moderate_0.2_0.5	neuro_systemic	6	5	0.22089289	1	0.0	0.0	False	False	False	False	False	False	False	0.0	False	False	False	False	0.0	0	False	0.0	0.0	0	0	122.6178578	clean_single_gene_followup	clean_single_gene_followup	1	68010791	0									False	0			0							0			0	False	False	False	False	False
4:88000000	PYURF	rs9784397	4:88455565	core_exact_n10	moderate_0.2_0.5	systemic_non_neural	11	5	0.2757119	1	0.0	0.0	False	False	False	False	False	False	False	0.0	False	False	False	False	0.0	0	False	0.0	0.0	0	0	124.714238	clean_single_gene_followup	clean_single_gene_followup	4	88455565	0									False	0			0							0			0	False	False	False	False	False
1:46000000	NSUN4	rs9793263	1:46256717	lower_recurrence_exact	moderate_0.2_0.5	systemic_non_neural	8	5	0.2117487	1	0.0	0.0	False	False	False	False	False	False	False	0.0	False	False	False	False	0.0	0	False	0.0	0.0	0	0	122.834974	clean_single_gene_followup	clean_single_gene_followup	1	46256717	0									False	0			0							0			0	False	False	False	False	False
3:129000000	RAB43	rs9826460	3:129084691	core_exact_n10	moderate_0.2_0.5	systemic_non_neural	11	5	0.36020327	1	0.0	0.0	False	False	False	False	False	False	False	0.0	False	False	False	False	0.0	0	False	0.0	0.0	0	0	126.4040654	clean_single_gene_followup	clean_single_gene_followup	3	129084691	0									False	0			0							0			0	False	False	False	False	False
3:48500000	PRKAR2A	rs9859473	3:48799749	core_exact_n10	moderate_0.2_0.5	systemic_non_neural	11	6	0.2423783	1	0.0	0.0	False	False	False	False	False	False	False	0.0	False	False	False	False	0.0	0	False	0.0	0.0	0	0	125.047566	clean_single_gene_followup	clean_single_gene_followup	3	48799749	0									False	0			0							0			0	False	False	False	False	False
3:149500000	PFN2	rs9864069	3:149881995	lower_recurrence_exact	moderate_0.2_0.5	systemic_non_neural	9	6	0.22756983	1	0.0	0.0	False	False	False	False	False	False	False	0.0	False	False	False	False	0.0	0	False	0.0	0.0	0	0	124.3513966	clean_single_gene_followup	clean_single_gene_followup	3	149881995	0									False	0			0							0			0	False	False	False	False	False
8:85500000	CA2	rs987390	8:85635122	lower_recurrence_exact	moderate_0.2_0.5	systemic_non_neural	9	6	0.20659056	1	0.0	0.0	False	False	False	False	False	False	False	0.0	False	False	False	False	0.0	0	False	0.0	0.0	0	0	123.9318112	clean_single_gene_followup	clean_single_gene_followup	8	85635122	0									False	0			0							0			0	False	False	False	False	False
17:7000000	CHRNB1	rs9890920	17:7496722	lower_recurrence_exact	moderate_0.2_0.5	systemic_non_neural	7	4	0.24570435	6	0.0311056806854742	0.326083779335022	True	True	True	True	True	True	False	0.6258522565596671	False	False	False	False	0.0	0	False	0.9681112048282952	0.0266196665521591	22	2	197.6419498416332	multi_gene_candidate	full_same_gene_stack	17	7496722	0									False	0			0							0			0	False	False	False	False	False
17:7000000	FGF11	rs9890920	17:7496722	lower_recurrence_exact	moderate_0.2_0.5	systemic_non_neural	7	4	0.24570435	6	0.0311056806854742	0.326083779335022	True	True	True	True	True	True	False	0.6258522565596671	False	False	False	False	0.0	0	False	0.9800367259381976	0.0423058876909938	2	2	197.76120505273215	multi_gene_candidate	full_same_gene_stack	17	7496722	0									False	0			0							0			0	False	False	False	False	False
17:7000000	ZBTB4	rs9890920	17:7496722	lower_recurrence_exact	moderate_0.2_0.5	systemic_non_neural	7	4	0.24570435	6	0.0311056806854742	0.326083779335022	True	True	True	True	True	True	False	0.6258522565596671	False	False	False	False	0.0	0	False	0.9656969314862048	0.0247999853849765	4	3	197.61780710821225	multi_gene_candidate	full_same_gene_stack	17	7496722	0									False	0			0							0			0	False	False	False	False	False
17:79000000	CANT1	rs9896857	17:79000662	core_exact_n10	moderate_0.2_0.5	mixed_trait_axis	15	8	0.26733902	1	0.0	0.0	False	False	False	False	False	False	False	0.0	False	False	False	False	0.0	0	False	0.0	0.0	0	0	128.3467804	clean_single_gene_followup	clean_single_gene_followup	17	79000662	0									False	0			0							0			0	False	False	False	False	False
17:38500000	PCGF2	rs9899846	17:38687583	core_exact_n10	moderate_0.2_0.5	neural_enriched	11	5	0.273299	1	0.0	0.0	False	False	False	False	False	False	False	0.0	False	False	False	False	0.0	0	False	0.0	0.0	0	0	124.66598	clean_single_gene_followup	clean_single_gene_followup	17	38687583	0									False	0			0							0			0	False	False	False	False	False
18:21500000	MIB1	rs9948906	18:21826269	core_exact_n10	moderate_0.2_0.5	systemic_non_neural	11	5	0.24478981	1	0.0	0.0	False	False	False	False	False	False	False	0.0	False	False	False	False	0.0	0	False	0.0	0.0	0	0	124.0957962	clean_single_gene_followup	clean_single_gene_followup	18	21826269	0									False	0			0							0			0	False	False	False	False	False
2:178000000	PRKRA	rs9967820	2:178484500	core_exact_n10	moderate_0.2_0.5	systemic_other	10	4	0.30820075	1	0.0190580131578185	0.4883926510810852	True	False	True	True	True	True	False	0.0	False	False	False	False	0.0	0	False	0.9896038521926402	0.0785524674482495	4	2	179.77996503273727	low_ambiguity_candidate	full_same_gene_stack	2	178484500	0									False	0			0							0			0	False	False	False	False	False
