gene_symbol	variants	broad_loci_500kb	axes	axis_count	score_bands	source_sets	single_gene_variant_count	three_dimensional_link_count	crispr_link_count	catalog_distinct_exact_rsid_count	max_n_traits	max_n_families	median_max_score	example_variants
CIAO1	4	3	neuro_systemic;systemic_non_neural;systemic_other	3	moderate_0.2_0.5	core_exact_n10;lower_recurrence_exact	0	4	0	4	10	6	0.2578827	rs2278564;rs11687113;rs596069;rs7608621
PPTC7	3	3	neuro_systemic;systemic_non_neural;systemic_other	3	hidden_lt0.2;moderate_0.2_0.5	core_exact_n10;lower_recurrence_exact	0	3	0	3	16	8	0.20180154	rs684596;rs1027949;rs3759382
STARD7	3	3	neuro_systemic;systemic_non_neural;systemic_other	3	moderate_0.2_0.5	core_exact_n10;lower_recurrence_exact	0	3	0	3	10	6	0.263879	rs2278564;rs11687113;rs7608621
SLAIN2	3	3	neuro_systemic;systemic_other	2	moderate_0.2_0.5	core_exact_n10;lower_recurrence_exact	0	3	0	3	11	5	0.36897302	rs10938546;rs7659164;rs2289433
PPP1CC	3	3	systemic_non_neural;systemic_other	2	moderate_0.2_0.5	lower_recurrence_exact	0	3	0	3	9	4	0.22155307	rs11065687;rs1027949;rs3759382
ADRA2B	4	2	mixed_trait_axis;neuro_systemic;systemic_non_neural;systemic_other	4	hidden_lt0.2;moderate_0.2_0.5	core_exact_n10;lower_recurrence_exact	1	4	0	4	20	10	0.30083821499999996	rs2969478;rs2579551;rs4907301;rs11687113
TRIM69	4	2	neuro_systemic;systemic_non_neural;systemic_other	3	hidden_lt0.2;moderate_0.2_0.5	core_exact_n10;lower_recurrence_exact	2	4	0	4	12	8	0.2571249	rs3759871;rs2706475;rs2255235;rs3759878
CEACAM1	4	2	neural_enriched;neuro_systemic;systemic_non_neural	3	moderate_0.2_0.5	core_exact_n10;lower_recurrence_exact	2	4	0	4	11	5	0.239143125	rs75171220;rs75434673;rs10422283;rs11668599
ATP2A2	4	2	neuro_systemic;systemic_non_neural;systemic_other	3	hidden_lt0.2;moderate_0.2_0.5	core_exact_n10;lower_recurrence_exact	0	4	0	4	16	8	0.2261191	rs684596;rs7304243;rs11829321;rs3759382
NUMA1	3	2	neural_enriched;systemic_non_neural;systemic_other	3	moderate_0.2_0.5	core_exact_n10;lower_recurrence_exact	2	3	0	3	16	6	0.2546231	rs552966;rs6592327;rs567026
ARHGAP35	3	2	neural_enriched;neuro_systemic;systemic_other	3	moderate_0.2_0.5	lower_recurrence_exact	2	3	0	3	6	4	0.2091278	rs1052669;rs311358;rs11548674
IFT81	3	2	neuro_systemic;systemic_non_neural;systemic_other	3	hidden_lt0.2;moderate_0.2_0.5	core_exact_n10;lower_recurrence_exact	1	3	0	3	16	8	0.20827635	rs684596;rs7304243;rs11832936
DTD2	3	2	neural_enriched;systemic_non_neural;systemic_other	3	moderate_0.2_0.5	core_exact_n10;lower_recurrence_exact	1	3	0	3	10	4	0.24746436	rs5025288;rs3887865;rs1548057
ARPC3	3	2	neuro_systemic;systemic_non_neural;systemic_other	3	hidden_lt0.2;moderate_0.2_0.5	core_exact_n10;lower_recurrence_exact	0	3	0	3	16	8	0.24070561	rs684596;rs11829321;rs16940902
ITFG1	3	2	mixed_trait_axis;neuro_systemic;systemic_non_neural	3	hidden_lt0.2;moderate_0.2_0.5	core_exact_n10;lower_recurrence_exact	0	3	0	3	12	8	0.23537964	rs12931879;rs7200954;rs8054039
PHKB	3	2	mixed_trait_axis;neuro_systemic;systemic_non_neural	3	hidden_lt0.2;moderate_0.2_0.5	core_exact_n10;lower_recurrence_exact	0	3	0	3	12	8	0.23537964	rs12931879;rs7200954;rs8054039
AIMP2	3	2	neuro_systemic;systemic_non_neural;systemic_other	3	moderate_0.2_0.5	core_exact_n10	0	3	0	3	13	7	0.3111871	rs889964;rs1805319;rs2286680
EIF2AK1	3	2	neuro_systemic;systemic_non_neural;systemic_other	3	moderate_0.2_0.5	core_exact_n10	0	3	0	3	13	7	0.3111871	rs889964;rs1805319;rs2286680
RGS9	5	2	neuro_systemic;systemic_other	2	hidden_lt0.2;moderate_0.2_0.5	core_exact_n10;lower_recurrence_exact	1	5	0	5	34	10	0.32481235	rs4791250;rs7212449;rs17685439;rs62065481;rs5022415
COPG2	4	2	mixed_trait_axis;neuro_systemic	2	hidden_lt0.2;moderate_0.2_0.5	core_exact_n10	4	4	0	4	21	9	0.19542546	rs4731694;rs4731695;rs2302826;rs765205
SMURF2	4	2	neuro_systemic;systemic_non_neural	2	moderate_0.2_0.5	core_exact_n10;lower_recurrence_exact	1	4	0	4	18	8	0.21215145	rs2521880;rs7225993;rs3744409;rs9905016
CEP95	4	2	neuro_systemic;systemic_non_neural	2	moderate_0.2_0.5	core_exact_n10;lower_recurrence_exact	0	4	0	4	18	7	0.20821644	rs2521880;rs3744409;rs9905016;rs6504234
CD55	3	2	neural_enriched;neuro_systemic	2	hidden_lt0.2;moderate_0.2_0.5	core_exact_n10	3	3	0	3	17	8	0.16915725	rs12075933;rs891375;rs7543742
RGS3	3	2	neuro_systemic;systemic_other	2	hidden_lt0.2;moderate_0.2_0.5	core_exact_n10;lower_recurrence_exact	3	3	0	3	11	7	0.23403314	rs7046202;rs7857217;rs72761965
PPCDC	3	2	systemic_non_neural;systemic_other	2	moderate_0.2_0.5	core_exact_n10;lower_recurrence_exact	3	3	0	3	14	6	0.21477643	rs1561893;rs11638544;rs7172715
TP53I3	3	2	neuro_systemic;systemic_other	2	moderate_0.2_0.5	lower_recurrence_exact	3	3	0	3	9	4	0.31299365	rs6733127;rs6748701;rs2339925
ZDHHC14	3	2	systemic_non_neural;systemic_other	2	moderate_0.2_0.5	core_exact_n10;lower_recurrence_exact	3	3	0	3	15	4	0.32363322	rs77137580;rs9457715;rs4709360
C15ORF40	3	2	neuro_systemic;systemic_non_neural	2	hidden_lt0.2;moderate_0.2_0.5	core_exact_n10;lower_recurrence_exact	2	3	0	3	10	7	0.23877503	rs10152258;rs1037403;rs3816450
MAP4	3	2	neural_enriched;systemic_non_neural	2	hidden_lt0.2;moderate_0.2_0.5	core_exact_n10;lower_recurrence_exact	2	3	0	3	13	6	0.21527304	rs6776963;rs17079910;rs11711953
SETD7	3	2	neuro_systemic;systemic_non_neural	2	moderate_0.2_0.5	lower_recurrence_exact	1	3	0	3	7	6	0.22936717	rs17346134;rs6819911;rs2725772
HAUS4	3	2	neural_enriched;neuro_systemic	2	moderate_0.2_0.5	core_exact_n10;lower_recurrence_exact	1	3	0	3	11	5	0.21816213	rs8003201;rs11623624;rs3751498
FAM216A	3	2	neuro_systemic;systemic_other	2	hidden_lt0.2;moderate_0.2_0.5	core_exact_n10;lower_recurrence_exact	0	3	0	3	16	8	0.20180154	rs684596;rs3759382;rs16940902
GPN3	3	2	neuro_systemic;systemic_other	2	hidden_lt0.2;moderate_0.2_0.5	core_exact_n10;lower_recurrence_exact	0	3	0	3	16	8	0.20180154	rs684596;rs3759382;rs16940902
RAD9B	3	2	neuro_systemic;systemic_other	2	hidden_lt0.2;moderate_0.2_0.5	core_exact_n10;lower_recurrence_exact	0	3	0	3	16	8	0.20180154	rs684596;rs3759382;rs16940902
VPS29	3	2	neuro_systemic;systemic_other	2	hidden_lt0.2;moderate_0.2_0.5	core_exact_n10;lower_recurrence_exact	0	3	0	3	16	8	0.20180154	rs684596;rs3759382;rs16940902
PARP10	3	2	neural_enriched;systemic_non_neural	2	moderate_0.2_0.5	core_exact_n10	0	3	0	3	12	7	0.26020494	rs7459603;rs4977196;rs12542868
CANT1	2	2	mixed_trait_axis;systemic_other	2	moderate_0.2_0.5	core_exact_n10	2	2	0	2	15	8	0.27579799	rs9896857;rs9789049
LPCAT1	2	2	neuro_systemic;systemic_non_neural	2	hidden_lt0.2;moderate_0.2_0.5	core_exact_n10	2	2	0	2	17	8	0.22485116	rs36993;rs7706238
INPP5B	2	2	systemic_non_neural;systemic_other	2	moderate_0.2_0.5	core_exact_n10;lower_recurrence_exact	2	2	0	2	10	6	0.26158838500000003	rs2306426;rs7513555
KIF5C	2	2	neural_enriched;systemic_non_neural	2	hidden_lt0.2;moderate_0.2_0.5	core_exact_n10	2	2	0	2	22	6	0.198539555	rs4346318;rs6721330
SGCD	2	2	neuro_systemic;systemic_non_neural	2	moderate_0.2_0.5	lower_recurrence_exact	2	2	0	2	8	6	0.26822681	rs4704994;rs6555689
TRIP12	2	2	neural_enriched;systemic_non_neural	2	moderate_0.2_0.5	core_exact_n10;lower_recurrence_exact	2	2	0	2	11	6	0.21819554	rs1599843;rs720041
NELFA	2	2	neural_enriched;systemic_other	2	moderate_0.2_0.5	core_exact_n10;lower_recurrence_exact	2	2	0	2	16	5	0.21517165500000002	rs506996;rs2754210
FNTA	2	2	neural_enriched;systemic_non_neural	2	moderate_0.2_0.5	core_exact_n10;lower_recurrence_exact	1	2	0	2	21	7	0.350595145	rs6474422;rs4523300
RFFL	2	2	systemic_non_neural;systemic_other	2	hidden_lt0.2;moderate_0.2_0.5	core_exact_n10;lower_recurrence_exact	1	2	0	2	19	7	0.21089444000000002	rs3135983;rs8065886
ABCA2	2	2	systemic_non_neural;systemic_other	2	moderate_0.2_0.5	core_exact_n10;lower_recurrence_exact	1	2	0	2	11	6	0.29940328	rs6560653;rs12238250
GOLGA8A	2	2	neuro_systemic;systemic_other	2	moderate_0.2_0.5	core_exact_n10;lower_recurrence_exact	1	2	0	2	12	6	0.26940511	rs3812940;rs35414723
PPP1R32	2	2	neuro_systemic;systemic_non_neural	2	moderate_0.2_0.5	core_exact_n10;lower_recurrence_exact	1	2	0	2	12	6	0.27915379	rs2924447;rs10792315
PPP3CC	2	2	neural_enriched;systemic_non_neural	2	moderate_0.2_0.5	core_exact_n10	1	2	0	2	12	6	0.326404495	rs6998654;rs2469764
ZC3H12C	2	2	neural_enriched;systemic_other	2	hidden_lt0.2	core_exact_n10	1	2	0	2	11	6	0.17854648	rs1648144;rs898847
LLGL2	2	2	neuro_systemic;systemic_non_neural	2	moderate_0.2_0.5	core_exact_n10;lower_recurrence_exact	1	2	0	2	11	5	0.218192675	rs871443;rs4238984
PMS2	2	2	neuro_systemic;systemic_other	2	moderate_0.2_0.5	core_exact_n10	0	2	0	2	13	6	0.311696925	rs889964;rs2286680
ASTL	2	2	systemic_non_neural;systemic_other	2	hidden_lt0.2;moderate_0.2_0.5	core_exact_n10;lower_recurrence_exact	0	2	0	2	14	5	0.26921898	rs4907301;rs11687113
CPSF1	2	2	systemic_non_neural;systemic_other	2	moderate_0.2_0.5	lower_recurrence_exact	0	2	0	2	6	5	0.21173176999999999	rs10111332;rs7016335
IL27RA	2	2	neuro_systemic;systemic_non_neural	2	moderate_0.2_0.5	core_exact_n10;lower_recurrence_exact	0	2	0	2	11	5	0.324332415	rs11085876;rs2306190
NFXL1	2	2	neuro_systemic;systemic_other	2	moderate_0.2_0.5	core_exact_n10;lower_recurrence_exact	0	2	0	2	11	5	0.31557809000000003	rs10938546;rs2289433
CUEDC2	2	2	neuro_systemic;systemic_non_neural	2	moderate_0.2_0.5	lower_recurrence_exact	0	2	0	2	9	4	0.237753225	rs17770716;rs7897947
HS2ST1	2	2	neural_enriched;systemic_other	2	moderate_0.2_0.5	core_exact_n10;lower_recurrence_exact	0	2	0	2	12	4	0.27668967	rs1419132;rs17099785
SELENOF	2	2	neural_enriched;systemic_other	2	moderate_0.2_0.5	core_exact_n10;lower_recurrence_exact	0	2	0	2	12	4	0.27668967	rs1419132;rs17099785
SLC25A45	3	2	systemic_non_neural	1	moderate_0.2_0.5	core_exact_n10;lower_recurrence_exact	0	3	0	3	21	6	0.29280826	rs580933;rs664589;rs1194758
ADHFE1	2	2	neural_enriched	1	moderate_0.2_0.5	core_exact_n10	2	2	0	2	15	7	0.382314175	rs6997490;rs17322654
CHD2	2	2	systemic_non_neural	1	moderate_0.2_0.5	core_exact_n10;lower_recurrence_exact	2	2	0	2	11	5	0.21402534	rs10852181;rs1545189
ZRANB3	2	2	systemic_non_neural	1	moderate_0.2_0.5	lower_recurrence_exact	2	2	0	2	7	5	0.23614514999999997	rs10182977;rs2117511
FAM89B	2	2	systemic_non_neural	1	moderate_0.2_0.5	core_exact_n10	1	2	0	2	12	6	0.26714346499999997	rs664589;rs573864
ZNF445	2	2	systemic_non_neural	1	moderate_0.2_0.5	lower_recurrence_exact	1	2	0	2	4	4	0.20188661000000002	rs1876223;rs10865934
SMIM7	2	2	systemic_non_neural	1	moderate_0.2_0.5	core_exact_n10;lower_recurrence_exact	0	2	0	2	25	10	0.24095404	rs967886;rs2547112
LTBP3	2	2	systemic_non_neural	1	moderate_0.2_0.5	core_exact_n10;lower_recurrence_exact	0	2	0	2	12	6	0.265516365	rs664589;rs1194758
TMEM127	2	2	systemic_non_neural	1	moderate_0.2_0.5	lower_recurrence_exact	0	2	0	2	8	5	0.2965689	rs11687113;rs596069
TCAIM	2	2	systemic_non_neural	1	moderate_0.2_0.5	lower_recurrence_exact	0	2	0	2	9	4	0.23288649500000003	rs13087917;rs1876223
ZNF197	2	2	systemic_non_neural	1	moderate_0.2_0.5	lower_recurrence_exact	0	2	0	2	9	4	0.23288649500000003	rs13087917;rs1876223
ZNF502	2	2	systemic_non_neural	1	moderate_0.2_0.5	lower_recurrence_exact	0	2	0	2	9	4	0.23288649500000003	rs13087917;rs1876223
ZNF660	2	2	systemic_non_neural	1	moderate_0.2_0.5	lower_recurrence_exact	0	2	0	2	9	4	0.23288649500000003	rs13087917;rs1876223
ZNF852	2	2	systemic_non_neural	1	moderate_0.2_0.5	lower_recurrence_exact	0	2	0	2	9	4	0.23288649500000003	rs13087917;rs1876223
KCTD3	4	1	mixed_trait_axis;neural_enriched;neuro_systemic;systemic_other	4	moderate_0.2_0.5	core_exact_n10;lower_recurrence_exact	3	4	0	4	15	7	0.340766215	rs1819739;rs2797390;rs2797393;rs17024879
CA2	5	1	neuro_systemic;systemic_non_neural;systemic_other	3	moderate_0.2_0.5	core_exact_n10;lower_recurrence_exact	4	5	0	5	10	6	0.21850413	rs11782151;rs987390;rs72682991;rs7826539;rs10504814
RHOD	4	1	neural_enriched;neuro_systemic;systemic_non_neural	3	moderate_0.2_0.5	core_exact_n10;lower_recurrence_exact	3	4	0	4	15	6	0.24364391	rs17584120;rs7934433;rs11607327;rs7932636
SKP1	4	1	neural_enriched;systemic_non_neural;systemic_other	3	moderate_0.2_0.5	core_exact_n10;lower_recurrence_exact	1	4	0	4	10	4	0.232899965	rs10051026;rs2284317;rs254051;rs328040
NFE2L2	4	1	neural_enriched;systemic_non_neural;systemic_other	3	hidden_lt0.2;moderate_0.2_0.5	core_exact_n10;lower_recurrence_exact	0	4	0	4	12	6	0.22404605500000002	rs2706113;rs2251139;rs6433653;rs10754988
RAB11FIP1	3	1	mixed_trait_axis;neural_enriched;systemic_non_neural	3	hidden_lt0.2;moderate_0.2_0.5	core_exact_n10	3	3	0	3	11	7	0.20403448	rs7820872;rs1054748;rs7817179
NF1	3	1	neural_enriched;neuro_systemic;systemic_non_neural	3	hidden_lt0.2;moderate_0.2_0.5	core_exact_n10;lower_recurrence_exact	3	3	0	3	14	5	0.19587635	rs4795570;rs2905808;rs112417609
POR	3	1	mixed_trait_axis;neural_enriched;systemic_non_neural	3	moderate_0.2_0.5	core_exact_n10	1	3	0	3	23	8	0.26025394	rs42184;rs4728533;rs7804806
EI24	3	1	mixed_trait_axis;neural_enriched;neuro_systemic	3	moderate_0.2_0.5	core_exact_n10;lower_recurrence_exact	0	3	0	3	12	7	0.26398617	rs600883;rs2845835;rs2702023
MEAF6	3	1	neuro_systemic;systemic_non_neural;systemic_other	3	moderate_0.2_0.5	core_exact_n10;lower_recurrence_exact	0	3	0	3	16	7	0.21339448	rs215210;rs215211;rs215208
ZC3H12A	3	1	neuro_systemic;systemic_non_neural;systemic_other	3	moderate_0.2_0.5	core_exact_n10;lower_recurrence_exact	0	3	0	3	16	7	0.21339448	rs215210;rs215211;rs215208
HNRNPA3	3	1	neural_enriched;systemic_non_neural;systemic_other	3	hidden_lt0.2;moderate_0.2_0.5	core_exact_n10	0	3	0	3	12	6	0.22604898	rs2706113;rs2251139;rs6433653
MYL6	3	1	neural_enriched;systemic_non_neural;systemic_other	3	moderate_0.2_0.5	core_exact_n10;lower_recurrence_exact	0	3	0	3	12	6	0.30215845	rs6581091;rs10747761;rs1274495
SUOX	3	1	neural_enriched;systemic_non_neural;systemic_other	3	moderate_0.2_0.5	core_exact_n10;lower_recurrence_exact	0	3	0	3	12	6	0.30215845	rs6581091;rs10747761;rs1274495
RAB43	7	1	systemic_non_neural;systemic_other	2	moderate_0.2_0.5	core_exact_n10;lower_recurrence_exact	4	7	0	7	15	6	0.31460336	rs6767719;rs4927904;rs2046259;rs11719332;rs9826460;rs9289337;rs4927931
TMEM242	5	1	neuro_systemic;systemic_non_neural	2	moderate_0.2_0.5	lower_recurrence_exact	5	5	0	5	9	6	0.29926217	rs2800443;rs2749665;rs2251507;rs2749663;rs2749664
PUF60	5	1	mixed_trait_axis;systemic_non_neural	2	moderate_0.2_0.5	core_exact_n10;lower_recurrence_exact	1	5	0	5	19	9	0.3903158	rs4874100;rs4875051;rs4875059;rs4875060;rs12681370
DAPK2	4	1	neuro_systemic;systemic_non_neural	2	moderate_0.2_0.5	core_exact_n10;lower_recurrence_exact	4	4	0	4	14	6	0.239634045	rs11639443;rs4776701;rs12911272;rs4776697
FYTTD1	4	1	systemic_non_neural;systemic_other	2	moderate_0.2_0.5	core_exact_n10;lower_recurrence_exact	2	4	0	4	14	7	0.23579566000000002	rs635652;rs624721;rs611635;rs7616886
LRCH3	4	1	systemic_non_neural;systemic_other	2	moderate_0.2_0.5	core_exact_n10;lower_recurrence_exact	1	4	0	4	14	6	0.27208512500000004	rs2885470;rs841673;rs624721;rs611635
TXNRD1	4	1	neural_enriched;systemic_other	2	moderate_0.2_0.5	core_exact_n10	1	4	0	4	13	4	0.311437455	rs4964761;rs7960443;rs10861170;rs4246269
GNA13	4	1	neuro_systemic;systemic_other	2	moderate_0.2_0.5	core_exact_n10;lower_recurrence_exact	0	4	0	4	34	10	0.359600945	rs4791250;rs7212449;rs17685439;rs5022415
PHPT1	4	1	systemic_non_neural;systemic_other	2	moderate_0.2_0.5	core_exact_n10;lower_recurrence_exact	0	4	0	4	11	6	0.24616756499999998	rs6560653;rs2811793;rs2811795;rs4546744
FGF11	4	1	neural_enriched;systemic_non_neural	2	moderate_0.2_0.5	core_exact_n10;lower_recurrence_exact	0	4	0	4	10	5	0.23773281	rs4632183;rs11078682;rs2111437;rs9890920
SENP3	4	1	neural_enriched;systemic_non_neural	2	moderate_0.2_0.5	core_exact_n10;lower_recurrence_exact	0	4	0	4	10	5	0.23773281	rs4632183;rs11078682;rs2111437;rs9890920
TNFSF12	4	1	neural_enriched;systemic_non_neural	2	moderate_0.2_0.5	core_exact_n10;lower_recurrence_exact	0	4	0	4	10	5	0.23773281	rs4632183;rs11078682;rs2111437;rs9890920
RRN3	3	1	neuro_systemic;systemic_non_neural	2	hidden_lt0.2;moderate_0.2_0.5	core_exact_n10	3	3	0	3	19	10	0.3799939	rs2941266;rs2457526;rs2966138
SPTSSA	3	1	systemic_non_neural;systemic_other	2	moderate_0.2_0.5	core_exact_n10;lower_recurrence_exact	3	3	0	3	24	10	0.21243767	rs12892302;rs12884423;rs8011795
PRR5L	3	1	neural_enriched;neuro_systemic	2	moderate_0.2_0.5	core_exact_n10	3	3	0	3	13	8	0.2703038	rs5030416;rs5030419;rs331457
TSC22D1	3	1	neuro_systemic;systemic_non_neural	2	moderate_0.2_0.5	core_exact_n10;lower_recurrence_exact	3	3	0	3	14	8	0.2440332	rs1571934;rs4941501;rs9533839
USP12	3	1	systemic_non_neural;systemic_other	2	hidden_lt0.2;moderate_0.2_0.5	core_exact_n10	3	3	0	3	10	8	0.17107771	rs3094294;rs7981153;rs1537434
CHRAC1	3	1	neural_enriched;systemic_non_neural	2	moderate_0.2_0.5	core_exact_n10;lower_recurrence_exact	3	3	0	3	13	7	0.30589476	rs56328790;rs11780595;rs12678954
SPIDR	3	1	neuro_systemic;systemic_non_neural	2	moderate_0.2_0.5	lower_recurrence_exact	3	3	0	3	9	7	0.2329046	rs4608108;rs4873478;rs114653490
DIP2C	3	1	systemic_non_neural;systemic_other	2	moderate_0.2_0.5	core_exact_n10;lower_recurrence_exact	3	3	0	3	21	6	0.25217935	rs10904535;rs883728;rs1672535
MAPKAPK3	3	1	neural_enriched;neuro_systemic	2	hidden_lt0.2;moderate_0.2_0.5	core_exact_n10;lower_recurrence_exact	3	3	0	3	10	6	0.21855298	rs35694819;rs57361338;rs61018691
PSMA6	3	1	neuro_systemic;systemic_other	2	moderate_0.2_0.5	core_exact_n10;lower_recurrence_exact	2	3	0	3	10	4	0.23529042	rs17103212;rs7143346;rs8015175
ZNF92	3	1	neuro_systemic;systemic_non_neural	2	moderate_0.2_0.5	core_exact_n10;lower_recurrence_exact	1	3	0	3	23	8	0.35197648	rs147935040;rs4718277;rs4718273
LARGE2	3	1	neural_enriched;systemic_non_neural	2	moderate_0.2_0.5	core_exact_n10	1	3	0	3	19	7	0.33036017	rs1401421;rs2959095;rs2959101
PRKRIP1	3	1	neuro_systemic;systemic_non_neural	2	moderate_0.2_0.5	core_exact_n10;lower_recurrence_exact	1	3	0	3	12	6	0.24967447	rs4481505;rs1534243;rs7384178
DPM2	3	1	systemic_non_neural;systemic_other	2	moderate_0.2_0.5	lower_recurrence_exact	1	3	0	3	6	5	0.21895294	rs7026115;rs7028190;rs1571141
HEATR5A	3	1	systemic_non_neural;systemic_other	2	moderate_0.2_0.5	core_exact_n10;lower_recurrence_exact	1	3	0	3	15	5	0.25703618	rs11844036;rs5025288;rs3887865
LSP1	3	1	neural_enriched;systemic_non_neural	2	moderate_0.2_0.5	core_exact_n10	0	3	0	3	13	6	0.32596713	rs548195;rs629781;rs613638
TMEM94	3	1	neuro_systemic;systemic_non_neural	2	moderate_0.2_0.5	core_exact_n10;lower_recurrence_exact	0	3	0	3	11	6	0.20538901	rs11652993;rs4238984;rs3935674
TNNT3	3	1	neural_enriched;systemic_non_neural	2	moderate_0.2_0.5	core_exact_n10	0	3	0	3	13	6	0.32596713	rs548195;rs629781;rs613638
TSEN54	3	1	neuro_systemic;systemic_non_neural	2	moderate_0.2_0.5	core_exact_n10;lower_recurrence_exact	0	3	0	3	11	6	0.20538901	rs11652993;rs4238984;rs3935674
CHRNB1	3	1	neural_enriched;systemic_non_neural	2	moderate_0.2_0.5	core_exact_n10;lower_recurrence_exact	0	3	0	3	10	5	0.24570435	rs4632183;rs11078682;rs9890920
TMEM141	3	1	systemic_non_neural;systemic_other	2	moderate_0.2_0.5	lower_recurrence_exact	0	3	0	3	9	5	0.21531543	rs2811793;rs2811795;rs4546744
TNFSF13	3	1	neural_enriched;systemic_non_neural	2	moderate_0.2_0.5	core_exact_n10;lower_recurrence_exact	0	3	0	3	10	5	0.24570435	rs4632183;rs11078682;rs9890920
ABHD17B	3	1	systemic_non_neural;systemic_other	2	hidden_lt0.2;moderate_0.2_0.5	core_exact_n10;lower_recurrence_exact	0	3	0	3	11	4	0.22016281	rs4330750;rs7030498;rs10869073
C9ORF85	3	1	systemic_non_neural;systemic_other	2	hidden_lt0.2;moderate_0.2_0.5	core_exact_n10;lower_recurrence_exact	0	3	0	3	11	4	0.22016281	rs4330750;rs7030498;rs10869073
PPP2CA	3	1	neural_enriched;systemic_other	2	moderate_0.2_0.5	core_exact_n10;lower_recurrence_exact	0	3	0	3	10	4	0.24208935	rs10051026;rs2300065;rs328040
SAR1B	2	1	mixed_trait_axis;systemic_non_neural	2	moderate_0.2_0.5	core_exact_n10;lower_recurrence_exact	2	2	0	2	23	11	0.34450866999999996	rs4958192;rs17713112
PHLPP1	2	1	mixed_trait_axis;neural_enriched	2	moderate_0.2_0.5	core_exact_n10;lower_recurrence_exact	2	2	0	2	22	9	0.282249875	rs500978;rs551944
EIF2AK3	2	1	neuro_systemic;systemic_non_neural	2	hidden_lt0.2;moderate_0.2_0.5	core_exact_n10;lower_recurrence_exact	2	2	0	2	16	7	0.234277175	rs335124;rs10179543
EPS8	2	1	mixed_trait_axis;systemic_non_neural	2	moderate_0.2_0.5	core_exact_n10;lower_recurrence_exact	2	2	0	2	23	7	0.346312495	rs11835559;rs11829666
KANSL1L	2	1	neural_enriched;systemic_non_neural	2	moderate_0.2_0.5	core_exact_n10	2	2	0	2	12	7	0.28053626499999995	rs1155845;rs6754591
LUZP1	2	1	neuro_systemic;systemic_non_neural	2	hidden_lt0.2;moderate_0.2_0.5	core_exact_n10;lower_recurrence_exact	2	2	0	2	10	7	0.203254225	rs1050096;rs11574
NET1	2	1	neural_enriched;systemic_non_neural	2	hidden_lt0.2;moderate_0.2_0.5	core_exact_n10	2	2	0	2	12	7	0.22091621	rs12412562;rs9423434
SIX1	2	1	neuro_systemic;systemic_non_neural	2	moderate_0.2_0.5	lower_recurrence_exact	2	2	0	2	8	7	0.358904495	rs10144292;rs767603
TUBB2A	2	1	neural_enriched;systemic_non_neural	2	moderate_0.2_0.5	core_exact_n10;lower_recurrence_exact	2	2	0	2	16	7	0.26702564	rs4327733;rs9501935
WBP1	2	1	mixed_trait_axis;neural_enriched	2	moderate_0.2_0.5	core_exact_n10	2	2	0	2	31	7	0.25545888	rs41285991;rs13023123
ANO6	2	1	systemic_non_neural;systemic_other	2	hidden_lt0.2;moderate_0.2_0.5	core_exact_n10;lower_recurrence_exact	2	2	0	2	10	6	0.19359044	rs7307262;rs2012937
HABP4	2	1	neural_enriched;neuro_systemic	2	moderate_0.2_0.5	core_exact_n10;lower_recurrence_exact	2	2	0	2	11	6	0.258428435	rs16912150;rs12550882
IL34	2	1	neural_enriched;systemic_non_neural	2	moderate_0.2_0.5	core_exact_n10;lower_recurrence_exact	2	2	0	2	13	6	0.26350540499999997	rs2303793;rs11641683
LRP6	2	1	neuro_systemic;systemic_non_neural	2	moderate_0.2_0.5	core_exact_n10	2	2	0	2	11	6	0.271003275	rs2160589;rs7134001
NAT10	2	1	neuro_systemic;systemic_non_neural	2	hidden_lt0.2;moderate_0.2_0.5	core_exact_n10;lower_recurrence_exact	2	2	0	2	12	6	0.188757245	rs12577490;rs17771070
PRKRA	2	1	systemic_non_neural;systemic_other	2	moderate_0.2_0.5	core_exact_n10	2	2	0	2	14	6	0.26225208	rs1559908;rs9967820
SLC4A8	2	1	neuro_systemic;systemic_non_neural	2	moderate_0.2_0.5	lower_recurrence_exact	2	2	0	2	9	6	0.34702265	rs7961653;rs4491281
HIF1A	2	1	neuro_systemic;systemic_other	2	hidden_lt0.2;moderate_0.2_0.5	core_exact_n10;lower_recurrence_exact	2	2	0	2	11	5	0.196882705	rs2252357;rs12434438
KIFC3	2	1	systemic_non_neural;systemic_other	2	moderate_0.2_0.5	core_exact_n10;lower_recurrence_exact	2	2	0	2	11	5	0.266734335	rs4255774;rs4255775
NGDN	2	1	neural_enriched;neuro_systemic	2	moderate_0.2_0.5	core_exact_n10;lower_recurrence_exact	2	2	0	2	14	5	0.22420909	rs69931;rs12323646
TANK	2	1	neural_enriched;systemic_non_neural	2	hidden_lt0.2;moderate_0.2_0.5	core_exact_n10;lower_recurrence_exact	2	2	0	2	11	5	0.196279645	rs10164593;rs1267050
TMEM184C	2	1	neural_enriched;systemic_non_neural	2	moderate_0.2_0.5	core_exact_n10	2	2	0	2	15	5	0.32660523	rs4835093;rs6836509
C11ORF24	2	1	neuro_systemic;systemic_non_neural	2	moderate_0.2_0.5	lower_recurrence_exact	2	2	0	2	7	4	0.29278473	rs648438;rs2512622
CARD10	2	1	systemic_non_neural;systemic_other	2	moderate_0.2_0.5	core_exact_n10;lower_recurrence_exact	2	2	0	2	10	4	0.32418139999999995	rs3761441;rs2071840
CCDC74A	2	1	neuro_systemic;systemic_non_neural	2	moderate_0.2_0.5	lower_recurrence_exact	2	2	0	2	8	4	0.216558885	rs12472061;rs6709245
CEP68	2	1	systemic_non_neural;systemic_other	2	moderate_0.2_0.5	lower_recurrence_exact	2	2	0	2	7	4	0.31163318500000003	rs2024438;rs138177811
COX6B2	2	1	neuro_systemic;systemic_non_neural	2	moderate_0.2_0.5	lower_recurrence_exact	2	2	0	2	9	4	0.25346581	rs4806668;rs3810168
MAPKBP1	2	1	neural_enriched;systemic_other	2	moderate_0.2_0.5	core_exact_n10;lower_recurrence_exact	2	2	0	2	10	4	0.22717192	rs12441249;rs12915829
MEF2D	2	1	systemic_non_neural;systemic_other	2	hidden_lt0.2;moderate_0.2_0.5	core_exact_n10;lower_recurrence_exact	2	2	0	2	10	4	0.18609859	rs947660;rs4453029
PDZK1IP1	2	1	systemic_non_neural;systemic_other	2	moderate_0.2_0.5	lower_recurrence_exact	2	2	0	2	8	4	0.262874755	rs2798349;rs2245122
PXDNL	2	1	neural_enriched;neuro_systemic	2	moderate_0.2_0.5	core_exact_n10;lower_recurrence_exact	2	2	0	2	10	4	0.43738388	rs7459977;rs12674620
SBNO2	2	1	neural_enriched;systemic_non_neural	2	moderate_0.2_0.5	lower_recurrence_exact	2	2	0	2	4	4	0.301728485	rs9304882;rs2019107
SUMF2	2	1	systemic_non_neural;systemic_other	2	moderate_0.2_0.5	lower_recurrence_exact	2	2	0	2	7	4	0.40927395	rs10271662;rs10252442
WAPL	2	1	systemic_non_neural;systemic_other	2	moderate_0.2_0.5	lower_recurrence_exact	2	2	0	2	5	4	0.21364735499999998	rs7094132;rs7900701
NSMF	2	1	systemic_non_neural;systemic_other	2	moderate_0.2_0.5	core_exact_n10;lower_recurrence_exact	1	2	0	2	42	11	0.34671636	rs12005738;rs11497278
ATL2	2	1	neural_enriched;systemic_non_neural	2	moderate_0.2_0.5	core_exact_n10;lower_recurrence_exact	1	2	0	2	12	9	0.24344395	rs11674467;rs2551188
ARMC10	2	1	systemic_non_neural;systemic_other	2	moderate_0.2_0.5	core_exact_n10;lower_recurrence_exact	1	2	0	2	12	8	0.27955655	rs7789727;rs2074624
CDS1	2	1	mixed_trait_axis;systemic_other	2	hidden_lt0.2;moderate_0.2_0.5	core_exact_n10	1	2	0	2	15	8	0.222529645	rs6531779;rs7692223
NMRAL1	2	1	mixed_trait_axis;systemic_non_neural	2	moderate_0.2_0.5	core_exact_n10	1	2	0	2	16	8	0.29049256	rs3789038;rs804179
ANAPC15	2	1	mixed_trait_axis;systemic_other	2	moderate_0.2_0.5	core_exact_n10;lower_recurrence_exact	1	2	0	2	21	7	0.361855045	rs7924834;rs2155142
PSMG1	2	1	systemic_non_neural;systemic_other	2	hidden_lt0.2	core_exact_n10	1	2	0	2	11	7	0.186607565	rs760166;rs2272576
SMARCC2	2	1	neural_enriched;systemic_non_neural	2	moderate_0.2_0.5	core_exact_n10;lower_recurrence_exact	1	2	0	2	14	7	0.3752563	rs4759218;rs10747761
SPG7	2	1	systemic_non_neural;systemic_other	2	moderate_0.2_0.5	lower_recurrence_exact	1	2	0	2	8	7	0.24047962	rs3114870;rs8043788
NTRK1	2	1	neural_enriched;systemic_non_neural	2	moderate_0.2_0.5	core_exact_n10	1	2	0	2	12	6	0.30773501000000003	rs7522395;rs2150906
PIK3R2	2	1	systemic_non_neural;systemic_other	2	moderate_0.2_0.5	core_exact_n10;lower_recurrence_exact	1	2	0	2	14	6	0.24366757	rs1011320;rs273476
POMK	2	1	neural_enriched;systemic_non_neural	2	moderate_0.2_0.5	lower_recurrence_exact	1	2	0	2	6	6	0.20966549	rs4559283;rs4523300
TMEM216	2	1	systemic_non_neural;systemic_other	2	hidden_lt0.2;moderate_0.2_0.5	core_exact_n10;lower_recurrence_exact	1	2	0	2	13	6	0.22367862500000002	rs896831;rs2305465
XRCC4	2	1	neuro_systemic;systemic_non_neural	2	moderate_0.2_0.5	lower_recurrence_exact	1	2	0	2	6	6	0.25781891	rs301286;rs387002
CCPG1	2	1	systemic_non_neural;systemic_other	2	moderate_0.2_0.5	lower_recurrence_exact	1	2	0	2	9	5	0.22204099	rs11071182;rs12903378
CHTF8	2	1	neural_enriched;systemic_non_neural	2	moderate_0.2_0.5	core_exact_n10;lower_recurrence_exact	1	2	0	2	10	5	0.20544126499999998	rs12103226;rs2232228
DYNLL1	2	1	neural_enriched;neuro_systemic	2	moderate_0.2_0.5	core_exact_n10;lower_recurrence_exact	1	2	0	2	15	5	0.27887395000000004	rs787820;rs12857
FLVCR2	2	1	neural_enriched;systemic_non_neural	2	hidden_lt0.2;moderate_0.2_0.5	core_exact_n10	1	2	0	2	13	5	0.31641915	rs8018962;rs2268626
PBX3	2	1	systemic_non_neural;systemic_other	2	moderate_0.2_0.5	lower_recurrence_exact	1	2	0	2	8	5	0.24612952	rs2841338;rs10760398
PRKCSH	2	1	neuro_systemic;systemic_non_neural	2	moderate_0.2_0.5	lower_recurrence_exact	1	2	0	2	9	5	0.257524195	rs318699;rs311805
TMEM163	2	1	neural_enriched;neuro_systemic	2	hidden_lt0.2;moderate_0.2_0.5	core_exact_n10;lower_recurrence_exact	1	2	0	2	10	5	0.21260769499999999	rs7560738;rs3769025
TTC31	2	1	neural_enriched;neuro_systemic	2	moderate_0.2_0.5	core_exact_n10;lower_recurrence_exact	1	2	0	2	10	5	0.294276385	rs73949689;rs363618
GPT2	2	1	neuro_systemic;systemic_non_neural	2	moderate_0.2_0.5	lower_recurrence_exact	1	2	0	2	7	4	0.23434131	rs8054039;rs4967621
INIP	2	1	neural_enriched;systemic_non_neural	2	moderate_0.2_0.5	core_exact_n10;lower_recurrence_exact	1	2	0	2	11	4	0.37926122500000004	rs787272;rs2796032
KCNIP3	2	1	systemic_non_neural;systemic_other	2	moderate_0.2_0.5	lower_recurrence_exact	1	2	0	2	8	4	0.20804528	rs2320624;rs6725821
MAST3	2	1	systemic_non_neural;systemic_other	2	moderate_0.2_0.5	lower_recurrence_exact	1	2	0	2	7	4	0.22533117000000003	rs273276;rs273476
SH3GLB1	2	1	neural_enriched;systemic_non_neural	2	moderate_0.2_0.5	core_exact_n10;lower_recurrence_exact	1	2	0	2	12	4	0.26946263	rs1419132;rs11161932
SLC16A1	2	1	systemic_non_neural;systemic_other	2	moderate_0.2_0.5	core_exact_n10;lower_recurrence_exact	1	2	0	2	13	4	0.242959155	rs773432;rs4839276
RTN4RL2	2	1	mixed_trait_axis;systemic_non_neural	2	moderate_0.2_0.5	core_exact_n10	0	2	0	2	36	10	0.287804615	rs2584856;rs2584862
YPEL4	2	1	mixed_trait_axis;systemic_non_neural	2	moderate_0.2_0.5	core_exact_n10	0	2	0	2	36	10	0.287804615	rs2584856;rs2584862
HMOX2	2	1	mixed_trait_axis;neural_enriched	2	hidden_lt0.2;moderate_0.2_0.5	core_exact_n10	0	2	0	2	16	8	0.25176129999999997	rs3789038;rs11639998
STYXL1	2	1	mixed_trait_axis;neural_enriched	2	moderate_0.2_0.5	core_exact_n10	0	2	0	2	23	8	0.28173296999999997	rs42184;rs7804806
TMEM120A	2	1	mixed_trait_axis;neural_enriched	2	moderate_0.2_0.5	core_exact_n10	0	2	0	2	23	8	0.28173296999999997	rs42184;rs7804806
COQ10A	2	1	neural_enriched;systemic_non_neural	2	moderate_0.2_0.5	core_exact_n10	0	2	0	2	12	7	0.36537294	rs6581091;rs1274493
ECHS1	2	1	neural_enriched;systemic_non_neural	2	moderate_0.2_0.5	core_exact_n10	0	2	0	2	16	7	0.33006355	rs10776679;rs4838721
FEZ1	2	1	mixed_trait_axis;neuro_systemic	2	moderate_0.2_0.5	core_exact_n10;lower_recurrence_exact	0	2	0	2	12	7	0.237249535	rs600883;rs2702023
PAOX	2	1	neural_enriched;systemic_non_neural	2	moderate_0.2_0.5	core_exact_n10	0	2	0	2	16	7	0.33006355	rs10776679;rs4838721
ANAPC7	2	1	systemic_non_neural;systemic_other	2	moderate_0.2_0.5	core_exact_n10;lower_recurrence_exact	0	2	0	2	10	6	0.28002161999999997	rs7304243;rs3759382
ARL2	2	1	neural_enriched;systemic_other	2	moderate_0.2_0.5	core_exact_n10;lower_recurrence_exact	0	2	0	2	11	6	0.35799603	rs680273;rs10897533
MRPS5	2	1	neural_enriched;systemic_other	2	moderate_0.2_0.5	core_exact_n10;lower_recurrence_exact	0	2	0	2	10	6	0.24861395000000003	rs1875402;rs6725821
MTG1	2	1	neural_enriched;systemic_non_neural	2	moderate_0.2_0.5	core_exact_n10	0	2	0	2	15	6	0.341550545	rs7074435;rs4838721
RASL12	2	1	systemic_non_neural;systemic_other	2	hidden_lt0.2;moderate_0.2_0.5	core_exact_n10;lower_recurrence_exact	0	2	0	2	10	6	0.19709373	rs11071827;rs7172429
ZNF514	2	1	neural_enriched;systemic_other	2	moderate_0.2_0.5	core_exact_n10;lower_recurrence_exact	0	2	0	2	10	6	0.24861395000000003	rs1875402;rs6725821
ANKRD34A	2	1	neural_enriched;neuro_systemic	2	moderate_0.2_0.5	lower_recurrence_exact	0	2	0	2	9	5	0.280346055	rs7212;rs4636400
C11ORF1	2	1	systemic_non_neural;systemic_other	2	moderate_0.2_0.5	lower_recurrence_exact	0	2	0	2	9	5	0.21797434999999998	rs10891304;rs489417
CDR2L	2	1	neural_enriched;neuro_systemic	2	moderate_0.2_0.5	core_exact_n10;lower_recurrence_exact	0	2	0	2	11	5	0.30325236499999997	rs902731;rs7210122
HID1	2	1	neural_enriched;neuro_systemic	2	moderate_0.2_0.5	core_exact_n10;lower_recurrence_exact	0	2	0	2	11	5	0.30325236499999997	rs902731;rs7210122
P3H1	2	1	systemic_non_neural;systemic_other	2	moderate_0.2_0.5	lower_recurrence_exact	0	2	0	2	6	5	0.234122805	rs4660673;rs4660654
PRMT5	2	1	neural_enriched;neuro_systemic	2	moderate_0.2_0.5	core_exact_n10;lower_recurrence_exact	0	2	0	2	11	5	0.219383365	rs8003201;rs3751498
RBM23	2	1	neural_enriched;neuro_systemic	2	moderate_0.2_0.5	core_exact_n10;lower_recurrence_exact	0	2	0	2	11	5	0.219383365	rs8003201;rs3751498
RBM8A	2	1	neural_enriched;neuro_systemic	2	moderate_0.2_0.5	lower_recurrence_exact	0	2	0	2	9	5	0.280346055	rs7212;rs4636400
SNTB2	2	1	neuro_systemic;systemic_non_neural	2	moderate_0.2_0.5	core_exact_n10;lower_recurrence_exact	0	2	0	2	10	5	0.21114759	rs12103226;rs153047
TBX6	2	1	systemic_non_neural;systemic_other	2	moderate_0.2_0.5	core_exact_n10;lower_recurrence_exact	0	2	0	2	13	5	0.253116615	rs4788413;rs4787493
ARPC2	2	1	neural_enriched;neuro_systemic	2	moderate_0.2_0.5	lower_recurrence_exact	0	2	0	2	4	4	0.21208748	rs1567869;rs6743642
CCNDBP1	2	1	neuro_systemic;systemic_other	2	moderate_0.2_0.5	lower_recurrence_exact	0	2	0	2	5	4	0.23602378499999999	rs11632120;rs12913112
DCK	2	1	systemic_non_neural;systemic_other	2	moderate_0.2_0.5	lower_recurrence_exact	0	2	0	2	6	4	0.241795485	rs10446507;rs1026677
EHD1	2	1	systemic_non_neural;systemic_other	2	moderate_0.2_0.5	lower_recurrence_exact	0	2	0	2	7	4	0.24153596	rs3936999;rs10897533
EID3	2	1	neural_enriched;systemic_other	2	moderate_0.2_0.5	core_exact_n10	0	2	0	2	11	4	0.28920052500000004	rs10861170;rs4246269
EMG1	2	1	systemic_non_neural;systemic_other	2	moderate_0.2_0.5	core_exact_n10;lower_recurrence_exact	0	2	0	2	10	4	0.27515973	rs16933023;rs7966756
LRRC23	2	1	systemic_non_neural;systemic_other	2	moderate_0.2_0.5	lower_recurrence_exact	0	2	0	2	6	4	0.251662685	rs7966756;rs2187611
OBSCN	2	1	neuro_systemic;systemic_other	2	moderate_0.2_0.5	lower_recurrence_exact	0	2	0	2	6	4	0.24318348	rs601050;rs11590118
PATL2	2	1	systemic_non_neural;systemic_other	2	moderate_0.2_0.5	lower_recurrence_exact	0	2	0	2	7	4	0.2571249	rs2255235;rs3759878
PIP5KL1	2	1	systemic_non_neural;systemic_other	2	moderate_0.2_0.5	lower_recurrence_exact	0	2	0	2	5	4	0.21487467500000001	rs7028190;rs1571141
PNKD	2	1	neural_enriched;neuro_systemic	2	moderate_0.2_0.5	lower_recurrence_exact	0	2	0	2	4	4	0.21208748	rs1567869;rs6743642
SPSB2	2	1	systemic_non_neural;systemic_other	2	moderate_0.2_0.5	lower_recurrence_exact	0	2	0	2	6	4	0.251662685	rs7966756;rs2187611
ZBTB4	2	1	neural_enriched;systemic_non_neural	2	moderate_0.2_0.5	core_exact_n10;lower_recurrence_exact	0	2	0	2	10	4	0.328293975	rs4632183;rs9890920
ISY1	5	1	systemic_non_neural	1	moderate_0.2_0.5	core_exact_n10;lower_recurrence_exact	1	5	0	5	12	5	0.3298289	rs11719332;rs9865992;rs7638827;rs6808250;rs9289337
CLIC4	4	1	systemic_non_neural	1	moderate_0.2_0.5	core_exact_n10;lower_recurrence_exact	4	4	0	4	16	7	0.27402669	rs6604978;rs6692599;rs9332415;rs12732115
CNBP	4	1	systemic_non_neural	1	moderate_0.2_0.5	core_exact_n10	0	4	0	4	13	6	0.32033211	rs2046259;rs11719332;rs9865992;rs6808250
LRRC8D	3	1	systemic_non_neural	1	moderate_0.2_0.5	core_exact_n10;lower_recurrence_exact	3	3	0	3	12	6	0.23770119	rs2816866;rs2490113;rs6690747
TOMM20L	3	1	systemic_non_neural	1	moderate_0.2_0.5	core_exact_n10	3	3	0	3	16	6	0.38315013	rs6764;rs2031419;rs6763
GPRC5C	3	1	systemic_non_neural	1	moderate_0.2_0.5	core_exact_n10;lower_recurrence_exact	3	3	0	3	12	5	0.23496038	rs4789658;rs2706527;rs9906415
ZYX	3	1	neuro_systemic	1	moderate_0.2_0.5	lower_recurrence_exact	3	3	0	3	7	5	0.27258152	rs12532738;rs7792164;rs2949752
KLF13	3	1	systemic_non_neural	1	moderate_0.2_0.5	lower_recurrence_exact	3	3	0	3	8	4	0.20193748	rs4586393;rs4261489;rs6493639
CDCA4	3	1	systemic_non_neural	1	moderate_0.2_0.5	core_exact_n10;lower_recurrence_exact	2	3	0	3	15	9	0.24282444	rs2241867;rs7159328;rs2582567
ZBED5	3	1	systemic_non_neural	1	moderate_0.2_0.5	core_exact_n10	2	3	0	3	17	7	0.25686413	rs4909953;rs7932171;rs10743150
LRRC10B	3	1	systemic_non_neural	1	moderate_0.2_0.5	core_exact_n10;lower_recurrence_exact	2	3	0	3	12	6	0.23883002	rs2924447;rs2943813;rs3019188
RIPK1	3	1	systemic_non_neural	1	moderate_0.2_0.5	lower_recurrence_exact	2	3	0	3	7	6	0.25173807	rs9392453;rs9405191;rs927340
PHF21A	3	1	systemic_non_neural	1	moderate_0.2_0.5	core_exact_n10;lower_recurrence_exact	1	3	0	3	19	7	0.33036017	rs1401421;rs2959095;rs10838530
MARVELD2	3	1	systemic_non_neural	1	moderate_0.2_0.5	lower_recurrence_exact	1	3	0	3	9	5	0.25056735	rs3756399;rs2010354;rs11955686
RABL6	3	1	systemic_non_neural	1	hidden_lt0.2;moderate_0.2_0.5	core_exact_n10;lower_recurrence_exact	1	3	0	3	10	5	0.2117397	rs2784092;rs2811793;rs2811795
EARS2	3	1	systemic_non_neural	1	moderate_0.2_0.5	core_exact_n10	0	3	0	3	30	12	0.28231066	rs2040574;rs7202661;rs7203580
UBFD1	3	1	systemic_non_neural	1	moderate_0.2_0.5	core_exact_n10	0	3	0	3	30	12	0.28231066	rs2040574;rs7202661;rs7203580
CCM2	3	1	systemic_non_neural	1	moderate_0.2_0.5	core_exact_n10;lower_recurrence_exact	0	3	0	3	12	5	0.20764424	rs2158564;rs6463259;rs1859489
NACAD	3	1	systemic_non_neural	1	moderate_0.2_0.5	core_exact_n10;lower_recurrence_exact	0	3	0	3	12	5	0.20764424	rs2158564;rs6463259;rs1859489
TBRG4	3	1	systemic_non_neural	1	moderate_0.2_0.5	core_exact_n10;lower_recurrence_exact	0	3	0	3	12	5	0.20764424	rs2158564;rs6463259;rs1859489
UBE2B	3	1	systemic_other	1	moderate_0.2_0.5	lower_recurrence_exact	0	3	0	3	4	3	0.21946566	rs254051;rs2300065;rs328040
EIF3F	2	1	neuro_systemic	1	hidden_lt0.2;moderate_0.2_0.5	core_exact_n10	2	2	0	2	18	10	0.22280816	rs11041706;rs4758038
ABCD3	2	1	systemic_non_neural	1	moderate_0.2_0.5	core_exact_n10;lower_recurrence_exact	2	2	0	2	11	6	0.340776965	rs6675959;rs1999271
DENND4A	2	1	systemic_non_neural	1	moderate_0.2_0.5	lower_recurrence_exact	2	2	0	2	7	6	0.25950151	rs10851749;rs2899713
DEPTOR	2	1	systemic_non_neural	1	hidden_lt0.2	core_exact_n10	2	2	0	2	10	6	0.18780785	rs6469882;rs1356747
GJC1	2	1	systemic_non_neural	1	moderate_0.2_0.5	core_exact_n10;lower_recurrence_exact	2	2	0	2	10	6	0.261058475	rs8064669;rs758020
GULP1	2	1	systemic_non_neural	1	moderate_0.2_0.5	core_exact_n10;lower_recurrence_exact	2	2	0	2	10	6	0.276643325	rs7420808;rs12997039
PFN2	2	1	systemic_non_neural	1	moderate_0.2_0.5	lower_recurrence_exact	2	2	0	2	9	6	0.23370739000000001	rs9864069;rs2035741
PPFIA1	2	1	neuro_systemic	1	moderate_0.2_0.5	lower_recurrence_exact	2	2	0	2	9	6	0.26056325	rs2509158;rs480105
PRMT2	2	1	systemic_non_neural	1	moderate_0.2_0.5	core_exact_n10;lower_recurrence_exact	2	2	0	2	18	6	0.28029995	rs8131044;rs9306158
TCAF1	2	1	systemic_non_neural	1	moderate_0.2_0.5	core_exact_n10;lower_recurrence_exact	2	2	0	2	16	6	0.3356793	rs7807308;rs4636119
TMEM221	2	1	systemic_non_neural	1	moderate_0.2_0.5	lower_recurrence_exact	2	2	0	2	9	6	0.20435039	rs12984915;rs890839
ADGRE1	2	1	neural_enriched	1	hidden_lt0.2;moderate_0.2_0.5	core_exact_n10	2	2	0	2	17	5	0.233103785	rs11665875;rs11669654
DCP1A	2	1	systemic_non_neural	1	moderate_0.2_0.5	lower_recurrence_exact	2	2	0	2	7	5	0.247341215	rs6806814;rs2358619
FAM81A	2	1	systemic_non_neural	1	moderate_0.2_0.5	core_exact_n10;lower_recurrence_exact	2	2	0	2	13	5	0.30733234	rs4291860;rs4296198
MIB1	2	1	systemic_non_neural	1	hidden_lt0.2;moderate_0.2_0.5	core_exact_n10	2	2	0	2	12	5	0.21748592	rs8092100;rs9948906
NDUFS5	2	1	systemic_non_neural	1	moderate_0.2_0.5	core_exact_n10;lower_recurrence_exact	2	2	0	2	10	5	0.206578545	rs4336843;rs7550511
PRAM1	2	1	systemic_non_neural	1	moderate_0.2_0.5	core_exact_n10;lower_recurrence_exact	2	2	0	2	11	5	0.4030498	rs7507526;rs10421511
RAB10	2	1	systemic_non_neural	1	moderate_0.2_0.5	lower_recurrence_exact	2	2	0	2	9	5	0.27064465000000004	rs11688934;rs7596494
TOR4A	2	1	systemic_other	1	moderate_0.2_0.5	core_exact_n10	2	2	0	2	13	5	0.204007895	rs61759822;rs11533155
GNAQ	2	1	systemic_non_neural	1	moderate_0.2_0.5	lower_recurrence_exact	2	2	0	2	7	4	0.22585956000000001	rs10869964;rs10781459
LGALSL	2	1	neuro_systemic	1	moderate_0.2_0.5	lower_recurrence_exact	2	2	0	2	8	4	0.22317029500000002	rs4671087;rs10865346
MFNG	2	1	systemic_other	1	moderate_0.2_0.5	lower_recurrence_exact	2	2	0	2	7	4	0.28376901499999996	rs2015524;rs2015819
NTMT1	2	1	systemic_non_neural	1	moderate_0.2_0.5	lower_recurrence_exact	2	2	0	2	6	4	0.28299528500000004	rs4509442;rs1861782
RAP1GAP2	2	1	systemic_non_neural	1	moderate_0.2_0.5	lower_recurrence_exact	2	2	0	2	5	4	0.21405512999999998	rs7207048;rs894664
TTC30A	2	1	systemic_other	1	hidden_lt0.2	core_exact_n10	2	2	0	2	10	4	0.176556055	rs10190306;rs1545363
EXOC7	2	1	systemic_other	1	moderate_0.2_0.5	core_exact_n10;lower_recurrence_exact	2	2	0	2	11	3	0.31204596	rs2665991;rs2257020
FAM168A	2	1	systemic_other	1	moderate_0.2_0.5	lower_recurrence_exact	2	2	0	2	4	3	0.32539855	rs10501411;rs17310374
NXNL2	2	1	systemic_other	1	moderate_0.2_0.5	lower_recurrence_exact	2	2	0	2	4	3	0.264515005	rs10868772;rs12339977
SLC5A10	2	1	systemic_other	1	moderate_0.2_0.5	core_exact_n10	2	2	0	2	10	3	0.2835045	rs115250081;rs116139938
UQCRC2	2	1	systemic_other	1	hidden_lt0.2;moderate_0.2_0.5	core_exact_n10	2	2	0	2	10	3	0.20871699	rs9788908;rs1862648
TEN1	2	1	systemic_non_neural	1	moderate_0.2_0.5	core_exact_n10;lower_recurrence_exact	1	2	0	2	26	9	0.26868373	rs12945114;rs8082573
AGK	2	1	neuro_systemic	1	moderate_0.2_0.5	core_exact_n10	1	2	0	2	14	8	0.29008519	rs11768654;rs12539011
C19ORF38	2	1	systemic_non_neural	1	moderate_0.2_0.5	core_exact_n10;lower_recurrence_exact	1	2	0	2	17	7	0.25787677	rs8100581;rs892010
GOLGA8B	2	1	neuro_systemic	1	moderate_0.2_0.5	core_exact_n10;lower_recurrence_exact	1	2	0	2	15	7	0.21173111	rs16954442;rs35414723
BAK1	2	1	systemic_non_neural	1	moderate_0.2_0.5	lower_recurrence_exact	1	2	0	2	7	6	0.31484572	rs1755038;rs413722
EFCAB12	2	1	systemic_non_neural	1	moderate_0.2_0.5	core_exact_n10	1	2	0	2	15	6	0.34099717500000004	rs4293717;rs6808250
IKZF4	2	1	systemic_non_neural	1	moderate_0.2_0.5	core_exact_n10;lower_recurrence_exact	1	2	0	2	14	6	0.28250647	rs2629450;rs10747761
RASGRP2	2	1	neural_enriched	1	moderate_0.2_0.5	core_exact_n10;lower_recurrence_exact	1	2	0	2	11	6	0.338202015	rs680273;rs490980
SUCLG1	2	1	systemic_non_neural	1	hidden_lt0.2;moderate_0.2_0.5	core_exact_n10;lower_recurrence_exact	1	2	0	2	12	6	0.19865281	rs12714129;rs4832084
TUBGCP2	2	1	systemic_non_neural	1	moderate_0.2_0.5	core_exact_n10;lower_recurrence_exact	1	2	0	2	15	6	0.283330965	rs7074435;rs7907603
GCAT	2	1	systemic_non_neural	1	moderate_0.2_0.5	lower_recurrence_exact	1	2	0	2	8	5	0.217496	rs5756802;rs1010287
MEGF6	2	1	systemic_other	1	moderate_0.2_0.5	core_exact_n10;lower_recurrence_exact	1	2	0	2	12	5	0.251902445	rs7553399;rs2821040
SH3BP1	2	1	systemic_non_neural	1	moderate_0.2_0.5	lower_recurrence_exact	1	2	0	2	9	5	0.211231905	rs8140958;rs5756802
WDTC1	2	1	systemic_non_neural	1	moderate_0.2_0.5	lower_recurrence_exact	1	2	0	2	8	5	0.26622861000000003	rs3813790;rs4460661
ZDHHC11	2	1	systemic_non_neural	1	moderate_0.2_0.5	core_exact_n10;lower_recurrence_exact	1	2	0	2	10	5	0.317717225	rs454805;rs6865411
GLTP	2	1	systemic_non_neural	1	moderate_0.2_0.5	lower_recurrence_exact	1	2	0	2	5	4	0.213961985	rs1027949;rs16940760
MYO19	2	1	systemic_other	1	moderate_0.2_0.5	core_exact_n10	1	2	0	2	14	4	0.32497649	rs2005488;rs1542611
NEK5	2	1	systemic_non_neural	1	moderate_0.2_0.5	lower_recurrence_exact	1	2	0	2	6	4	0.20406845	rs2031993;rs4941716
TPPP	2	1	systemic_non_neural	1	moderate_0.2_0.5	lower_recurrence_exact	1	2	0	2	8	4	0.347602425	rs6865411;rs6894757
GSTM1	2	1	neural_enriched	1	moderate_0.2_0.5	core_exact_n10	1	2	0	2	10	3	0.32853529000000004	rs1109138;rs530021
LRP2BP	2	1	systemic_other	1	moderate_0.2_0.5	core_exact_n10	1	2	0	2	12	2	0.41050900999999995	rs12509189;rs2310159
GGA2	2	1	systemic_non_neural	1	moderate_0.2_0.5	core_exact_n10	0	2	0	2	19	9	0.27266862999999997	rs7202661;rs7203580
ADH5	2	1	systemic_non_neural	1	hidden_lt0.2;moderate_0.2_0.5	core_exact_n10	0	2	0	2	20	8	0.28250438	rs2004994;rs6848246
EIF4E	2	1	systemic_non_neural	1	hidden_lt0.2;moderate_0.2_0.5	core_exact_n10	0	2	0	2	20	8	0.28250438	rs2004994;rs6848246
FNIP1	2	1	neuro_systemic	1	hidden_lt0.2	core_exact_n10	0	2	0	2	13	8	0.153208825	rs644713;rs247004
GNPDA1	2	1	neuro_systemic	1	moderate_0.2_0.5	core_exact_n10;lower_recurrence_exact	0	2	0	2	12	8	0.26618003999999995	rs7408;rs252112
RAPGEF6	2	1	neuro_systemic	1	hidden_lt0.2	core_exact_n10	0	2	0	2	13	8	0.153208825	rs644713;rs247004
RNF14	2	1	neuro_systemic	1	moderate_0.2_0.5	core_exact_n10;lower_recurrence_exact	0	2	0	2	12	8	0.26618003999999995	rs7408;rs252112
SCRIB	2	1	systemic_non_neural	1	moderate_0.2_0.5	core_exact_n10;lower_recurrence_exact	0	2	0	2	19	8	0.31254903	rs4874100;rs12681370
LRR1	2	1	systemic_non_neural	1	moderate_0.2_0.5	core_exact_n10;lower_recurrence_exact	0	2	0	2	14	7	0.23827684500000001	rs3126165;rs3100908
ABHD11	2	1	systemic_non_neural	1	hidden_lt0.2;moderate_0.2_0.5	core_exact_n10;lower_recurrence_exact	0	2	0	2	10	6	0.209500715	rs13241921;rs4440516
ANKRD13D	2	1	systemic_non_neural	1	moderate_0.2_0.5	lower_recurrence_exact	0	2	0	2	9	6	0.265388785	rs7934433;rs1894111
CASKIN2	2	1	systemic_non_neural	1	moderate_0.2_0.5	core_exact_n10;lower_recurrence_exact	0	2	0	2	11	6	0.22556192	rs11652993;rs3935674
CLDN4	2	1	systemic_non_neural	1	hidden_lt0.2;moderate_0.2_0.5	core_exact_n10;lower_recurrence_exact	0	2	0	2	10	6	0.209500715	rs13241921;rs4440516
LRWD1	2	1	systemic_non_neural	1	moderate_0.2_0.5	core_exact_n10;lower_recurrence_exact	0	2	0	2	12	6	0.261176285	rs4481505;rs7384178
SSH3	2	1	systemic_non_neural	1	moderate_0.2_0.5	lower_recurrence_exact	0	2	0	2	9	6	0.265388785	rs7934433;rs1894111
ASL	2	1	systemic_non_neural	1	moderate_0.2_0.5	core_exact_n10;lower_recurrence_exact	0	2	0	2	10	5	0.35905467	rs4718277;rs4718273
ATP2C1	2	1	systemic_non_neural	1	moderate_0.2_0.5	core_exact_n10;lower_recurrence_exact	0	2	0	2	11	5	0.25026312	rs852217;rs643417
CARF	2	1	systemic_non_neural	1	moderate_0.2_0.5	lower_recurrence_exact	0	2	0	2	9	5	0.248267045	rs2052944;rs10755020
CCDC183	2	1	systemic_non_neural	1	moderate_0.2_0.5	lower_recurrence_exact	0	2	0	2	9	5	0.213527565	rs2811793;rs2811795
CDK7	2	1	systemic_non_neural	1	moderate_0.2_0.5	lower_recurrence_exact	0	2	0	2	9	5	0.268132975	rs3756399;rs2010354
GANC	2	1	systemic_non_neural	1	moderate_0.2_0.5	lower_recurrence_exact	0	2	0	2	9	5	0.22435788	rs1659218;rs8037100
GUSB	2	1	systemic_non_neural	1	moderate_0.2_0.5	core_exact_n10;lower_recurrence_exact	0	2	0	2	10	5	0.35905467	rs4718277;rs4718273
MRPL3	2	1	systemic_non_neural	1	moderate_0.2_0.5	core_exact_n10;lower_recurrence_exact	0	2	0	2	11	5	0.25026312	rs852217;rs643417
MYO1G	2	1	systemic_non_neural	1	moderate_0.2_0.5	core_exact_n10;lower_recurrence_exact	0	2	0	2	12	5	0.255231435	rs2158564;rs6463259
NBEAL1	2	1	systemic_non_neural	1	moderate_0.2_0.5	lower_recurrence_exact	0	2	0	2	9	5	0.248267045	rs2052944;rs10755020
RABGEF1	2	1	systemic_non_neural	1	moderate_0.2_0.5	core_exact_n10;lower_recurrence_exact	0	2	0	2	10	5	0.35905467	rs4718277;rs4718273
RIN1	2	1	systemic_non_neural	1	moderate_0.2_0.5	core_exact_n10;lower_recurrence_exact	0	2	0	2	12	5	0.26198067	rs7941602;rs1190621
TMEM102	2	1	systemic_non_neural	1	moderate_0.2_0.5	lower_recurrence_exact	0	2	0	2	9	5	0.2200787	rs11078682;rs2111437
TMEM87A	2	1	systemic_non_neural	1	moderate_0.2_0.5	lower_recurrence_exact	0	2	0	2	9	5	0.22435788	rs1659218;rs8037100
VKORC1L1	2	1	systemic_non_neural	1	moderate_0.2_0.5	core_exact_n10;lower_recurrence_exact	0	2	0	2	10	5	0.35905467	rs4718277;rs4718273
WDR12	2	1	systemic_non_neural	1	moderate_0.2_0.5	lower_recurrence_exact	0	2	0	2	9	5	0.248267045	rs2052944;rs10755020
CAPN3	2	1	systemic_non_neural	1	moderate_0.2_0.5	lower_recurrence_exact	0	2	0	2	8	4	0.22111408999999999	rs8037100;rs11631983
EPM2AIP1	2	1	systemic_other	1	moderate_0.2_0.5	lower_recurrence_exact	0	2	0	2	5	4	0.27768992000000003	rs13098279;rs749072
IQCD	2	1	systemic_other	1	moderate_0.2_0.5	lower_recurrence_exact	0	2	0	2	5	4	0.23776204499999998	rs10850133;rs1458366
MLH1	2	1	systemic_other	1	moderate_0.2_0.5	lower_recurrence_exact	0	2	0	2	5	4	0.27768992000000003	rs13098279;rs749072
NARF	2	1	systemic_non_neural	1	moderate_0.2_0.5	lower_recurrence_exact	0	2	0	2	7	4	0.21300814499999998	rs12950178;rs8081734
NFYB	2	1	neural_enriched	1	moderate_0.2_0.5	core_exact_n10	0	2	0	2	13	4	0.386421975	rs4964761;rs4246269
OGFOD3	2	1	systemic_non_neural	1	moderate_0.2_0.5	lower_recurrence_exact	0	2	0	2	7	4	0.21300814499999998	rs12950178;rs8081734
SLC8B1	2	1	systemic_other	1	moderate_0.2_0.5	lower_recurrence_exact	0	2	0	2	5	4	0.23776204499999998	rs10850133;rs1458366
TJAP1	2	1	neuro_systemic	1	moderate_0.2_0.5	lower_recurrence_exact	0	2	0	2	6	4	0.2050372	rs6924483;rs12661262
BSG	2	1	neural_enriched	1	moderate_0.2_0.5	lower_recurrence_exact	0	2	0	2	3	3	0.357309685	rs4919812;rs12609751
CDC34	2	1	neural_enriched	1	moderate_0.2_0.5	lower_recurrence_exact	0	2	0	2	3	3	0.357309685	rs4919812;rs12609751
NUDT17	2	1	systemic_other	1	moderate_0.2_0.5	lower_recurrence_exact	0	2	0	2	3	3	0.24179530500000002	rs1778523;rs12755149
POLR3C	2	1	systemic_other	1	moderate_0.2_0.5	lower_recurrence_exact	0	2	0	2	3	3	0.24179530500000002	rs1778523;rs12755149
RNF115	2	1	systemic_other	1	moderate_0.2_0.5	lower_recurrence_exact	0	2	0	2	3	3	0.24179530500000002	rs1778523;rs12755149
ZZEF1	2	1	systemic_other	1	moderate_0.2_0.5	lower_recurrence_exact	0	2	0	2	4	3	0.21553896500000003	rs9909751;rs8064596
ZMYM1	1	1	systemic_non_neural	1	moderate_0.2_0.5	core_exact_n10	1	1	0	1	23	12	0.46175954	rs2971408
CHST15	1	1	mixed_trait_axis	1	moderate_0.2_0.5	core_exact_n10	1	1	0	1	19	11	0.26054198	rs4929814
HAND2	1	1	systemic_non_neural	1	moderate_0.2_0.5	core_exact_n10	1	1	0	1	21	10	0.2239998	rs920625
SETD5	1	1	mixed_trait_axis	1	moderate_0.2_0.5	core_exact_n10	1	1	0	1	16	10	0.28435963	rs2596915
SUPT20H	1	1	neuro_systemic	1	moderate_0.2_0.5	core_exact_n10	1	1	0	1	22	10	0.23050864	rs9603126
BECN1	1	1	systemic_non_neural	1	moderate_0.2_0.5	core_exact_n10	1	1	0	1	23	9	0.3633232	rs324079
DGKA	1	1	systemic_non_neural	1	moderate_0.2_0.5	core_exact_n10	1	1	0	1	17	9	0.38118693	rs2046292
MYLK	1	1	mixed_trait_axis	1	moderate_0.2_0.5	core_exact_n10	1	1	0	1	29	9	0.31995428	rs6794826
SIPA1L1	1	1	mixed_trait_axis	1	moderate_0.2_0.5	core_exact_n10	1	1	0	1	15	9	0.2764333	rs8017465
ASH1L	1	1	systemic_non_neural	1	moderate_0.2_0.5	core_exact_n10	1	1	0	1	17	8	0.35158294	rs11264369
ATG2B	1	1	mixed_trait_axis	1	moderate_0.2_0.5	core_exact_n10	1	1	0	1	29	8	0.30477127	rs4544182
COQ7	1	1	mixed_trait_axis	1	moderate_0.2_0.5	core_exact_n10	1	1	0	1	14	8	0.26177144	rs7403903
DAND5	1	1	neuro_systemic	1	moderate_0.2_0.5	core_exact_n10	1	1	0	1	10	8	0.2683672	rs75783493
DERA	1	1	systemic_non_neural	1	moderate_0.2_0.5	lower_recurrence_exact	1	1	0	1	9	8	0.2581238	rs10846246
GRIN2C	1	1	systemic_non_neural	1	hidden_lt0.2	core_exact_n10	1	1	0	1	12	8	0.19598106	rs7226145
HINT1	1	1	neuro_systemic	1	moderate_0.2_0.5	core_exact_n10	1	1	0	1	24	8	0.45805997	rs6872533
HTR5A	1	1	neuro_systemic	1	hidden_lt0.2	core_exact_n10	1	1	0	1	11	8	0.15042229	rs306289
MEF2C	1	1	mixed_trait_axis	1	moderate_0.2_0.5	core_exact_n10	1	1	0	1	14	8	0.24009176	rs186233
MTMR6	1	1	mixed_trait_axis	1	hidden_lt0.2	core_exact_n10	1	1	0	1	10	8	0.18242027	rs9507499
PRKCI	1	1	systemic_non_neural	1	hidden_lt0.2	core_exact_n10	1	1	0	1	10	8	0.18568529	rs1705580
PRSS12	1	1	mixed_trait_axis	1	moderate_0.2_0.5	core_exact_n10	1	1	0	1	19	8	0.40410706	rs298982
RNPS1	1	1	mixed_trait_axis	1	moderate_0.2_0.5	core_exact_n10	1	1	0	1	10	8	0.2999866	rs161424
SCPEP1	1	1	systemic_non_neural	1	moderate_0.2_0.5	core_exact_n10	1	1	0	1	14	8	0.29950815	rs4793837
SLC23A2	1	1	systemic_non_neural	1	moderate_0.2_0.5	core_exact_n10	1	1	0	1	14	8	0.23698272	rs2681118
TIMM10B	1	1	systemic_non_neural	1	hidden_lt0.2	core_exact_n10	1	1	0	1	12	8	0.19951889	rs2555159
ZFYVE21	1	1	mixed_trait_axis	1	moderate_0.2_0.5	core_exact_n10	1	1	0	1	13	8	0.24813111	rs1535100
ANGEL2	1	1	mixed_trait_axis	1	moderate_0.2_0.5	core_exact_n10	1	1	0	1	12	7	0.34939244	rs7533253
ARIH1	1	1	systemic_non_neural	1	moderate_0.2_0.5	core_exact_n10	1	1	0	1	13	7	0.24920645	rs8025088
ATP6V1H	1	1	mixed_trait_axis	1	moderate_0.2_0.5	core_exact_n10	1	1	0	1	12	7	0.20595601	rs6981243
BARD1	1	1	neuro_systemic	1	moderate_0.2_0.5	core_exact_n10	1	1	0	1	10	7	0.21589023	rs10498030
C18ORF25	1	1	mixed_trait_axis	1	hidden_lt0.2	core_exact_n10	1	1	0	1	10	7	0.1893956	rs6507678
CHN1	1	1	systemic_non_neural	1	moderate_0.2_0.5	core_exact_n10	1	1	0	1	12	7	0.2458652	rs3771917
CSNK2A1	1	1	neuro_systemic	1	moderate_0.2_0.5	core_exact_n10	1	1	0	1	12	7	0.2439202	rs6037819
DGCR6L	1	1	systemic_non_neural	1	moderate_0.2_0.5	lower_recurrence_exact	1	1	0	1	9	7	0.24974678	rs741413
DNAJA2	1	1	neuro_systemic	1	moderate_0.2_0.5	lower_recurrence_exact	1	1	0	1	9	7	0.2144628	rs7203206
DNAJB14	1	1	mixed_trait_axis	1	hidden_lt0.2	core_exact_n10	1	1	0	1	14	7	0.18480353	rs10015491
DYM	1	1	systemic_non_neural	1	moderate_0.2_0.5	core_exact_n10	1	1	0	1	12	7	0.29294616	rs7505245
ERI2	1	1	systemic_non_neural	1	hidden_lt0.2	core_exact_n10	1	1	0	1	10	7	0.19304791	rs7195273
FAM210A	1	1	mixed_trait_axis	1	hidden_lt0.2	core_exact_n10	1	1	0	1	11	7	0.1688971	rs948276
FUT10	1	1	neuro_systemic	1	moderate_0.2_0.5	core_exact_n10	1	1	0	1	10	7	0.20569615	rs11774193
IRS2	1	1	systemic_non_neural	1	moderate_0.2_0.5	core_exact_n10	1	1	0	1	10	7	0.20564176	rs2225778
LPAR5	1	1	mixed_trait_axis	1	moderate_0.2_0.5	core_exact_n10	1	1	0	1	17	7	0.3748091	rs7397940
MCM4	1	1	neuro_systemic	1	hidden_lt0.2	core_exact_n10	1	1	0	1	12	7	0.14979969	rs118051587
MGAT1	1	1	systemic_non_neural	1	moderate_0.2_0.5	core_exact_n10	1	1	0	1	15	7	0.34369087	rs2619756
MMP19	1	1	mixed_trait_axis	1	moderate_0.2_0.5	core_exact_n10	1	1	0	1	19	7	0.44982305	rs7965333
MRPS28	1	1	systemic_non_neural	1	moderate_0.2_0.5	core_exact_n10	1	1	0	1	12	7	0.30930957	rs7014295
NKIRAS1	1	1	systemic_non_neural	1	moderate_0.2_0.5	core_exact_n10	1	1	0	1	12	7	0.3054224	rs6550828
NTF3	1	1	mixed_trait_axis	1	moderate_0.2_0.5	core_exact_n10	1	1	0	1	15	7	0.24790183	rs7488316
PAGR1	1	1	mixed_trait_axis	1	moderate_0.2_0.5	core_exact_n10	1	1	0	1	13	7	0.28293753	rs11649499
PCDH9	1	1	systemic_non_neural	1	hidden_lt0.2	core_exact_n10	1	1	0	1	17	7	0.19396389	rs7336507
PCDHGC3	1	1	neuro_systemic	1	hidden_lt0.2	core_exact_n10	1	1	0	1	11	7	0.1405369	rs55892286
PFKFB2	1	1	neuro_systemic	1	moderate_0.2_0.5	core_exact_n10	1	1	0	1	12	7	0.23929086	rs11586424
PHACTR4	1	1	systemic_non_neural	1	moderate_0.2_0.5	core_exact_n10	1	1	0	1	11	7	0.2728703	rs6704457
POU2F2	1	1	systemic_non_neural	1	moderate_0.2_0.5	core_exact_n10	1	1	0	1	16	7	0.3797665	rs1195296
PPP2R2D	1	1	neuro_systemic	1	moderate_0.2_0.5	core_exact_n10	1	1	0	1	21	7	0.34593493	rs4880334
PTGFR	1	1	neuro_systemic	1	moderate_0.2_0.5	core_exact_n10	1	1	0	1	14	7	0.26907963	rs1417103
RASEF	1	1	mixed_trait_axis	1	hidden_lt0.2	core_exact_n10	1	1	0	1	12	7	0.15571268	rs17397432
RXFP1	1	1	systemic_non_neural	1	moderate_0.2_0.5	core_exact_n10	1	1	0	1	13	7	0.2154307	rs7376477
SEC31B	1	1	neuro_systemic	1	hidden_lt0.2	core_exact_n10	1	1	0	1	11	7	0.18922044	rs12780796
SEMA4D	1	1	mixed_trait_axis	1	hidden_lt0.2	core_exact_n10	1	1	0	1	10	7	0.14201194	rs11265780
SHQ1	1	1	systemic_non_neural	1	hidden_lt0.2	core_exact_n10	1	1	0	1	11	7	0.17597632	rs2679208
SLC11A2	1	1	systemic_non_neural	1	moderate_0.2_0.5	core_exact_n10	1	1	0	1	12	7	0.22917637	rs224569
SRRM1	1	1	neural_enriched	1	moderate_0.2_0.5	core_exact_n10	1	1	0	1	17	7	0.25508195	rs7549196
SSX2IP	1	1	neuro_systemic	1	hidden_lt0.2	core_exact_n10	1	1	0	1	12	7	0.14137763	rs312395
TAC4	1	1	systemic_non_neural	1	moderate_0.2_0.5	core_exact_n10	1	1	0	1	19	7	0.21744123	rs2412129
TEX22	1	1	systemic_non_neural	1	moderate_0.2_0.5	core_exact_n10	1	1	0	1	15	7	0.45560998	rs7144389
TMUB2	1	1	systemic_non_neural	1	moderate_0.2_0.5	core_exact_n10	1	1	0	1	16	7	0.28500232	rs7218599
XPOT	1	1	mixed_trait_axis	1	moderate_0.2_0.5	core_exact_n10	1	1	0	1	15	7	0.31441027	rs6581555
ADAMTS3	1	1	neuro_systemic	1	hidden_lt0.2	core_exact_n10	1	1	0	1	10	6	0.14322874	rs1085952
ARFGEF1	1	1	systemic_non_neural	1	moderate_0.2_0.5	lower_recurrence_exact	1	1	0	1	8	6	0.24617782	rs891589
BFSP1	1	1	systemic_non_neural	1	hidden_lt0.2	core_exact_n10	1	1	0	1	10	6	0.13141513	rs4052812
BST2	1	1	systemic_non_neural	1	moderate_0.2_0.5	lower_recurrence_exact	1	1	0	1	8	6	0.2915136	rs2303682
CCDC68	1	1	neuro_systemic	1	hidden_lt0.2	core_exact_n10	1	1	0	1	10	6	0.18109782	rs72934617
CD8A	1	1	neuro_systemic	1	hidden_lt0.2	core_exact_n10	1	1	0	1	10	6	0.17630027	rs2271666
CDK20	1	1	systemic_non_neural	1	moderate_0.2_0.5	lower_recurrence_exact	1	1	0	1	7	6	0.4174169	rs2947237
CNOT11	1	1	systemic_non_neural	1	moderate_0.2_0.5	core_exact_n10	1	1	0	1	10	6	0.24018703	rs1660695
CPNE2	1	1	systemic_non_neural	1	moderate_0.2_0.5	lower_recurrence_exact	1	1	0	1	9	6	0.2635717	rs12599485
CSRP2	1	1	systemic_non_neural	1	moderate_0.2_0.5	lower_recurrence_exact	1	1	0	1	7	6	0.2285663	rs1017784
EBF3	1	1	systemic_non_neural	1	moderate_0.2_0.5	lower_recurrence_exact	1	1	0	1	9	6	0.24678005	rs556327
FAM117B	1	1	systemic_non_neural	1	hidden_lt0.2	core_exact_n10	1	1	0	1	11	6	0.17607912	rs7571824
FCGR2A	1	1	systemic_non_neural	1	moderate_0.2_0.5	core_exact_n10	1	1	0	1	10	6	0.2293677	rs6684851
GTF2I	1	1	neuro_systemic	1	moderate_0.2_0.5	core_exact_n10	1	1	0	1	13	6	0.35947543	rs1421658986
GTF2IRD1	1	1	systemic_non_neural	1	moderate_0.2_0.5	core_exact_n10	1	1	0	1	12	6	0.22728527	rs37616
HUNK	1	1	neural_enriched	1	hidden_lt0.2	core_exact_n10	1	1	0	1	10	6	0.122277856	rs2070372
IDH1	1	1	neuro_systemic	1	moderate_0.2_0.5	lower_recurrence_exact	1	1	0	1	8	6	0.20511453	rs10202116
IRX5	1	1	systemic_non_neural	1	hidden_lt0.2	core_exact_n10	1	1	0	1	10	6	0.17198023	rs8045838
KPTN	1	1	systemic_non_neural	1	hidden_lt0.2	core_exact_n10	1	1	0	1	10	6	0.18210492	rs830133
LPAR1	1	1	neural_enriched	1	hidden_lt0.2	core_exact_n10	1	1	0	1	10	6	0.14814708	rs10739312
LYST	1	1	neural_enriched	1	moderate_0.2_0.5	core_exact_n10	1	1	0	1	11	6	0.34933478	rs6668242
LZTR1	1	1	neural_enriched	1	moderate_0.2_0.5	core_exact_n10	1	1	0	1	10	6	0.20346299	rs178297
MAP4K5	1	1	systemic_non_neural	1	moderate_0.2_0.5	core_exact_n10	1	1	0	1	11	6	0.22516881	rs4898660
MTO1	1	1	neural_enriched	1	moderate_0.2_0.5	core_exact_n10	1	1	0	1	13	6	0.30149883	rs658475
NCSTN	1	1	systemic_non_neural	1	moderate_0.2_0.5	core_exact_n10	1	1	0	1	13	6	0.25264356	rs2066320
NDRG3	1	1	systemic_non_neural	1	moderate_0.2_0.5	core_exact_n10	1	1	0	1	10	6	0.263022	rs397625
NEDD4	1	1	systemic_non_neural	1	moderate_0.2_0.5	core_exact_n10	1	1	0	1	10	6	0.22452748	rs1509408
NOVA2	1	1	systemic_non_neural	1	moderate_0.2_0.5	core_exact_n10	1	1	0	1	14	6	0.37322596	rs8111976
OTOA	1	1	systemic_non_neural	1	hidden_lt0.2	core_exact_n10	1	1	0	1	14	6	0.18687293	rs194548
PAM	1	1	neuro_systemic	1	moderate_0.2_0.5	core_exact_n10	1	1	0	1	16	6	0.33150136	rs26256
PDP1	1	1	systemic_non_neural	1	moderate_0.2_0.5	core_exact_n10	1	1	0	1	12	6	0.33080122	rs3134031
PLXDC1	1	1	systemic_non_neural	1	moderate_0.2_0.5	lower_recurrence_exact	1	1	0	1	8	6	0.21617658	rs3848398
PMP2	1	1	neural_enriched	1	moderate_0.2_0.5	core_exact_n10	1	1	0	1	10	6	0.39424363	rs7004393
PPP5C	1	1	systemic_non_neural	1	moderate_0.2_0.5	lower_recurrence_exact	1	1	0	1	9	6	0.20584333	rs8100021
PRKAR2A	1	1	systemic_non_neural	1	moderate_0.2_0.5	core_exact_n10	1	1	0	1	11	6	0.2423783	rs9859473
PSMD4	1	1	systemic_non_neural	1	moderate_0.2_0.5	core_exact_n10	1	1	0	1	12	6	0.21734987	rs6678528
RABGAP1	1	1	systemic_non_neural	1	hidden_lt0.2	core_exact_n10	1	1	0	1	11	6	0.17332315	rs2791438
RAD52	1	1	neuro_systemic	1	moderate_0.2_0.5	lower_recurrence_exact	1	1	0	1	9	6	0.2186527	rs7138367
RAI1	1	1	systemic_non_neural	1	hidden_lt0.2	core_exact_n10	1	1	0	1	11	6	0.14093354	rs1883752
RSPRY1	1	1	systemic_non_neural	1	moderate_0.2_0.5	lower_recurrence_exact	1	1	0	1	9	6	0.22167702	rs11643790
RTN3	1	1	systemic_non_neural	1	moderate_0.2_0.5	lower_recurrence_exact	1	1	0	1	9	6	0.25868052	rs474548
SCAF11	1	1	systemic_non_neural	1	hidden_lt0.2	core_exact_n10	1	1	0	1	13	6	0.17721967	rs11574952
SF3A3	1	1	neural_enriched	1	hidden_lt0.2	core_exact_n10	1	1	0	1	10	6	0.19252005	rs11211085
SLC9A3R1	1	1	neural_enriched	1	moderate_0.2_0.5	core_exact_n10	1	1	0	1	23	6	0.30459526	rs3178300
SMAD4	1	1	neural_enriched	1	hidden_lt0.2	core_exact_n10	1	1	0	1	11	6	0.1484959	rs12456284
STK24	1	1	systemic_non_neural	1	moderate_0.2_0.5	lower_recurrence_exact	1	1	0	1	9	6	0.23688363	rs9517327
SWAP70	1	1	systemic_non_neural	1	moderate_0.2_0.5	core_exact_n10	1	1	0	1	12	6	0.21773435	rs10743113
TANC1	1	1	systemic_non_neural	1	moderate_0.2_0.5	core_exact_n10	1	1	0	1	14	6	0.2542335	rs1522696
TLL2	1	1	neuro_systemic	1	moderate_0.2_0.5	lower_recurrence_exact	1	1	0	1	8	6	0.2197214	rs11188801
TRIQK	1	1	neural_enriched	1	moderate_0.2_0.5	core_exact_n10	1	1	0	1	14	6	0.21759877	rs440973
TRMT12	1	1	systemic_non_neural	1	moderate_0.2_0.5	lower_recurrence_exact	1	1	0	1	8	6	0.22226459	rs10105517
WDR35	1	1	neural_enriched	1	moderate_0.2_0.5	core_exact_n10	1	1	0	1	11	6	0.2131798	rs6734005
WDR5	1	1	systemic_non_neural	1	moderate_0.2_0.5	lower_recurrence_exact	1	1	0	1	7	6	0.27638552	rs6479642
ZNF217	1	1	systemic_non_neural	1	moderate_0.2_0.5	lower_recurrence_exact	1	1	0	1	6	6	0.22958575	rs4811449
ZNF26	1	1	neuro_systemic	1	moderate_0.2_0.5	core_exact_n10	1	1	0	1	12	6	0.3370792	rs937538
ZNF362	1	1	neuro_systemic	1	hidden_lt0.2	core_exact_n10	1	1	0	1	14	6	0.15796083	rs10914660
ZNF397	1	1	systemic_non_neural	1	hidden_lt0.2	core_exact_n10	1	1	0	1	11	6	0.18903604	rs4799791
ZNF517	1	1	systemic_non_neural	1	moderate_0.2_0.5	core_exact_n10	1	1	0	1	12	6	0.28321853	rs2958492
ZNF628	1	1	systemic_non_neural	1	moderate_0.2_0.5	core_exact_n10	1	1	0	1	19	6	0.20372267	rs889090
ABCB9	1	1	systemic_non_neural	1	moderate_0.2_0.5	core_exact_n10	1	1	0	1	10	5	0.22516997	rs1037593
ABLIM1	1	1	systemic_other	1	hidden_lt0.2	core_exact_n10	1	1	0	1	10	5	0.1946367	rs2497701
AHI1	1	1	systemic_non_neural	1	moderate_0.2_0.5	core_exact_n10	1	1	0	1	11	5	0.23987214	rs7771001
AHSP	1	1	neuro_systemic	1	moderate_0.2_0.5	lower_recurrence_exact	1	1	0	1	7	5	0.2472073	rs10596
AKAP8L	1	1	neural_enriched	1	moderate_0.2_0.5	core_exact_n10	1	1	0	1	10	5	0.27893135	rs56825447
ANKRD50	1	1	neural_enriched	1	moderate_0.2_0.5	core_exact_n10	1	1	0	1	19	5	0.24692222	rs13135635
ARHGEF26	1	1	neuro_systemic	1	moderate_0.2_0.5	lower_recurrence_exact	1	1	0	1	7	5	0.21106926	rs357496
ATE1	1	1	neural_enriched	1	hidden_lt0.2	core_exact_n10	1	1	0	1	10	5	0.16260575	rs2420979
ATXN7L2	1	1	systemic_non_neural	1	moderate_0.2_0.5	lower_recurrence_exact	1	1	0	1	7	5	0.21323052	rs650985
BMP1	1	1	systemic_non_neural	1	hidden_lt0.2	core_exact_n10	1	1	0	1	10	5	0.19801445	rs4872427
C11ORF80	1	1	systemic_non_neural	1	moderate_0.2_0.5	core_exact_n10	1	1	0	1	11	5	0.33698657	rs470300
CAPZA2	1	1	neuro_systemic	1	moderate_0.2_0.5	lower_recurrence_exact	1	1	0	1	8	5	0.35906535	rs9649395
CCSER2	1	1	neuro_systemic	1	moderate_0.2_0.5	lower_recurrence_exact	1	1	0	1	9	5	0.25084415	rs7095983
CERS4	1	1	systemic_non_neural	1	moderate_0.2_0.5	core_exact_n10	1	1	0	1	11	5	0.20332776	rs1542538
CIRBP	1	1	systemic_non_neural	1	moderate_0.2_0.5	core_exact_n10	1	1	0	1	10	5	0.21931043	rs8108009
CNTFR	1	1	neuro_systemic	1	moderate_0.2_0.5	lower_recurrence_exact	1	1	0	1	9	5	0.20536134	rs7044318
COBL	1	1	neuro_systemic	1	moderate_0.2_0.5	lower_recurrence_exact	1	1	0	1	6	5	0.26874703	rs2215164
COLQ	1	1	neural_enriched	1	hidden_lt0.2	core_exact_n10	1	1	0	1	14	5	0.15631208	rs4685251
CPED1	1	1	neuro_systemic	1	hidden_lt0.2	core_exact_n10	1	1	0	1	10	5	0.14599815	rs41703
CSNK1A1	1	1	neuro_systemic	1	moderate_0.2_0.5	lower_recurrence_exact	1	1	0	1	8	5	0.21553583	rs7712431
CYP2U1	1	1	systemic_non_neural	1	moderate_0.2_0.5	lower_recurrence_exact	1	1	0	1	8	5	0.23858276	rs7667856
DACT3	1	1	systemic_non_neural	1	moderate_0.2_0.5	lower_recurrence_exact	1	1	0	1	7	5	0.24671413	rs314674
DCTN6	1	1	systemic_other	1	moderate_0.2_0.5	lower_recurrence_exact	1	1	0	1	5	5	0.20372267	rs6558118
DIP2B	1	1	systemic_other	1	moderate_0.2_0.5	core_exact_n10	1	1	0	1	10	5	0.24267371	rs2684906
DIRAS3	1	1	neuro_systemic	1	moderate_0.2_0.5	lower_recurrence_exact	1	1	0	1	6	5	0.22089289	rs978313
DR1	1	1	systemic_non_neural	1	moderate_0.2_0.5	lower_recurrence_exact	1	1	0	1	7	5	0.22325808	rs2433279
DST	1	1	neuro_systemic	1	moderate_0.2_0.5	lower_recurrence_exact	1	1	0	1	9	5	0.23615813	rs1870639
ENDOG	1	1	systemic_non_neural	1	moderate_0.2_0.5	core_exact_n10	1	1	0	1	11	5	0.4726519	rs3750325
EPB41L5	1	1	systemic_other	1	hidden_lt0.2	core_exact_n10	1	1	0	1	11	5	0.1808661	rs7578989
EXTL3	1	1	neural_enriched	1	hidden_lt0.2	core_exact_n10	1	1	0	1	10	5	0.15660706	rs352428
FAM102B	1	1	neuro_systemic	1	moderate_0.2_0.5	lower_recurrence_exact	1	1	0	1	7	5	0.20173472	rs10776714
FAM83F	1	1	neuro_systemic	1	moderate_0.2_0.5	lower_recurrence_exact	1	1	0	1	8	5	0.2024594	rs3021274
FGFR2	1	1	neuro_systemic	1	moderate_0.2_0.5	core_exact_n10	1	1	0	1	15	5	0.27827808	rs3750815
FKRP	1	1	systemic_non_neural	1	moderate_0.2_0.5	lower_recurrence_exact	1	1	0	1	7	5	0.26454678	rs313846
FNBP1	1	1	systemic_non_neural	1	moderate_0.2_0.5	core_exact_n10	1	1	0	1	12	5	0.26131713	rs1322671
FOXK1	1	1	systemic_non_neural	1	moderate_0.2_0.5	core_exact_n10	1	1	0	1	11	5	0.2699898	rs7781456
GDF5	1	1	systemic_non_neural	1	moderate_0.2_0.5	lower_recurrence_exact	1	1	0	1	6	5	0.29076156	rs224330
GLO1	1	1	neuro_systemic	1	moderate_0.2_0.5	lower_recurrence_exact	1	1	0	1	8	5	0.3061127	rs1739633
GNB1	1	1	systemic_non_neural	1	moderate_0.2_0.5	lower_recurrence_exact	1	1	0	1	7	5	0.25883454	rs6603811
GRK5	1	1	neuro_systemic	1	moderate_0.2_0.5	lower_recurrence_exact	1	1	0	1	8	5	0.2447689	rs4237510
GUCY1A2	1	1	systemic_non_neural	1	hidden_lt0.2	core_exact_n10	1	1	0	1	11	5	0.17825884	rs591957
HGSNAT	1	1	systemic_non_neural	1	moderate_0.2_0.5	lower_recurrence_exact	1	1	0	1	5	5	0.236963	rs2020394
HIGD1A	1	1	systemic_non_neural	1	moderate_0.2_0.5	lower_recurrence_exact	1	1	0	1	8	5	0.23782875	rs339680
HNRNPM	1	1	systemic_non_neural	1	moderate_0.2_0.5	lower_recurrence_exact	1	1	0	1	9	5	0.23421906	rs6603083
IFT140	1	1	neuro_systemic	1	moderate_0.2_0.5	lower_recurrence_exact	1	1	0	1	9	5	0.3699632	rs8059926
INPP5A	1	1	systemic_non_neural	1	moderate_0.2_0.5	core_exact_n10	1	1	0	1	12	5	0.22927201	rs10747060
IQGAP2	1	1	neuro_systemic	1	moderate_0.2_0.5	core_exact_n10	1	1	0	1	15	5	0.23719953	rs6880993
KLF5	1	1	systemic_non_neural	1	hidden_lt0.2	core_exact_n10	1	1	0	1	12	5	0.16041136	rs1029092
LARP1	1	1	systemic_non_neural	1	moderate_0.2_0.5	lower_recurrence_exact	1	1	0	1	7	5	0.20782684	rs4117784
LARP6	1	1	systemic_non_neural	1	moderate_0.2_0.5	core_exact_n10	1	1	0	1	15	5	0.45313054	rs1561691
LAT2	1	1	systemic_non_neural	1	moderate_0.2_0.5	lower_recurrence_exact	1	1	0	1	6	5	0.3032324	rs412425
LFNG	1	1	systemic_non_neural	1	moderate_0.2_0.5	lower_recurrence_exact	1	1	0	1	6	5	0.21721323	rs2906155
LGR4	1	1	systemic_non_neural	1	moderate_0.2_0.5	lower_recurrence_exact	1	1	0	1	7	5	0.20149396	rs4617543
MALL	1	1	neural_enriched	1	hidden_lt0.2	core_exact_n10	1	1	0	1	11	5	0.16705908	rs737182
MAP3K12	1	1	systemic_non_neural	1	moderate_0.2_0.5	core_exact_n10	1	1	0	1	11	5	0.25438097	rs7958457
MAP3K14	1	1	systemic_non_neural	1	moderate_0.2_0.5	lower_recurrence_exact	1	1	0	1	9	5	0.21639639	rs1000354
MAP4K4	1	1	systemic_non_neural	1	moderate_0.2_0.5	core_exact_n10	1	1	0	1	10	5	0.2713216	rs2066942
MB21D2	1	1	neural_enriched	1	moderate_0.2_0.5	core_exact_n10	1	1	0	1	11	5	0.2431515	rs281797
ME2	1	1	systemic_non_neural	1	hidden_lt0.2	core_exact_n10	1	1	0	1	10	5	0.19610316	rs686709
MICU2	1	1	systemic_other	1	hidden_lt0.2	core_exact_n10	1	1	0	1	10	5	0.16769068	rs1744907
MMP17	1	1	systemic_non_neural	1	moderate_0.2_0.5	lower_recurrence_exact	1	1	0	1	7	5	0.21685387	rs11246801
MTG2	1	1	systemic_non_neural	1	moderate_0.2_0.5	lower_recurrence_exact	1	1	0	1	8	5	0.21935548	rs4925363
MYO10	1	1	neuro_systemic	1	moderate_0.2_0.5	lower_recurrence_exact	1	1	0	1	6	5	0.21031111	rs7734046
NDUFB5	1	1	neuro_systemic	1	hidden_lt0.2	core_exact_n10	1	1	0	1	10	5	0.18029892	rs4147788
NECTIN3	1	1	neuro_systemic	1	moderate_0.2_0.5	lower_recurrence_exact	1	1	0	1	8	5	0.26225698	rs6765948
NEO1	1	1	systemic_other	1	moderate_0.2_0.5	core_exact_n10	1	1	0	1	10	5	0.28714615	rs7496513
NSUN4	1	1	systemic_non_neural	1	moderate_0.2_0.5	lower_recurrence_exact	1	1	0	1	8	5	0.2117487	rs9793263
NUCB2	1	1	systemic_non_neural	1	moderate_0.2_0.5	core_exact_n10	1	1	0	1	10	5	0.39703804	rs7108861
NUDT8	1	1	systemic_non_neural	1	moderate_0.2_0.5	lower_recurrence_exact	1	1	0	1	6	5	0.20559178	rs4646823
OTUD7A	1	1	neuro_systemic	1	moderate_0.2_0.5	lower_recurrence_exact	1	1	0	1	8	5	0.25292295	rs898212
PANK3	1	1	neuro_systemic	1	moderate_0.2_0.5	core_exact_n10	1	1	0	1	11	5	0.31976795	rs292489
PCGF2	1	1	neural_enriched	1	moderate_0.2_0.5	core_exact_n10	1	1	0	1	11	5	0.273299	rs9899846
PGPEP1	1	1	neuro_systemic	1	moderate_0.2_0.5	lower_recurrence_exact	1	1	0	1	9	5	0.28654322	rs11086106
PLIN3	1	1	systemic_non_neural	1	moderate_0.2_0.5	core_exact_n10	1	1	0	1	12	5	0.22425106	rs11881908
POLA2	1	1	systemic_non_neural	1	moderate_0.2_0.5	core_exact_n10	1	1	0	1	11	5	0.28941822	rs525141
POU2F3	1	1	systemic_non_neural	1	moderate_0.2_0.5	core_exact_n10	1	1	0	1	13	5	0.27600095	rs1287160
PRR18	1	1	systemic_non_neural	1	moderate_0.2_0.5	lower_recurrence_exact	1	1	0	1	9	5	0.21059498	rs7758459
PTGES3L	1	1	systemic_non_neural	1	moderate_0.2_0.5	lower_recurrence_exact	1	1	0	1	8	5	0.2199549	rs4793187
PTPN2	1	1	systemic_non_neural	1	moderate_0.2_0.5	lower_recurrence_exact	1	1	0	1	9	5	0.21136874	rs637643
PYURF	1	1	systemic_non_neural	1	moderate_0.2_0.5	core_exact_n10	1	1	0	1	11	5	0.2757119	rs9784397
RAB11B	1	1	systemic_non_neural	1	moderate_0.2_0.5	core_exact_n10	1	1	0	1	14	5	0.21393882	rs1808536
RANBP9	1	1	neuro_systemic	1	moderate_0.2_0.5	lower_recurrence_exact	1	1	0	1	5	5	0.20722133	rs4715451
RHPN1	1	1	systemic_non_neural	1	moderate_0.2_0.5	core_exact_n10	1	1	0	1	11	5	0.2820806	rs7386102
RNF13	1	1	systemic_non_neural	1	moderate_0.2_0.5	core_exact_n10	1	1	0	1	12	5	0.23422605	rs1350349
RNF24	1	1	neuro_systemic	1	moderate_0.2_0.5	lower_recurrence_exact	1	1	0	1	6	5	0.21269101	rs2300217
SFXN4	1	1	systemic_non_neural	1	moderate_0.2_0.5	lower_recurrence_exact	1	1	0	1	8	5	0.23565619	rs10466210
SGPP2	1	1	neuro_systemic	1	moderate_0.2_0.5	lower_recurrence_exact	1	1	0	1	8	5	0.20278499	rs13426706
SHMT2	1	1	systemic_non_neural	1	moderate_0.2_0.5	lower_recurrence_exact	1	1	0	1	7	5	0.24440394	rs7956957
SNAI2	1	1	systemic_non_neural	1	moderate_0.2_0.5	core_exact_n10	1	1	0	1	12	5	0.29230833	rs1126259
SNX6	1	1	neural_enriched	1	moderate_0.2_0.5	core_exact_n10	1	1	0	1	20	5	0.39068308	rs10136826
STK3	1	1	systemic_non_neural	1	moderate_0.2_0.5	lower_recurrence_exact	1	1	0	1	6	5	0.29952127	rs2922068
STT3B	1	1	systemic_non_neural	1	moderate_0.2_0.5	lower_recurrence_exact	1	1	0	1	8	5	0.3339761	rs10222558
SYNE2	1	1	neuro_systemic	1	moderate_0.2_0.5	lower_recurrence_exact	1	1	0	1	9	5	0.21307173	rs7153036
TBC1D30	1	1	systemic_non_neural	1	moderate_0.2_0.5	lower_recurrence_exact	1	1	0	1	9	5	0.32026148	rs10784422
TERF2	1	1	systemic_non_neural	1	moderate_0.2_0.5	lower_recurrence_exact	1	1	0	1	8	5	0.21248877	rs11640113
TMBIM4	1	1	neuro_systemic	1	moderate_0.2_0.5	lower_recurrence_exact	1	1	0	1	9	5	0.22115763	rs1152918
TMEM65	1	1	systemic_non_neural	1	moderate_0.2_0.5	lower_recurrence_exact	1	1	0	1	9	5	0.21420994	rs7002456
TPRKB	1	1	neuro_systemic	1	moderate_0.2_0.5	core_exact_n10	1	1	0	1	11	5	0.2973263	rs2685277
TRPV6	1	1	systemic_non_neural	1	moderate_0.2_0.5	lower_recurrence_exact	1	1	0	1	7	5	0.2477536	rs10243382
TRRAP	1	1	systemic_non_neural	1	moderate_0.2_0.5	lower_recurrence_exact	1	1	0	1	9	5	0.23238145	rs1685124
UBA2	1	1	systemic_non_neural	1	moderate_0.2_0.5	lower_recurrence_exact	1	1	0	1	7	5	0.26188147	rs4619515
WDR25	1	1	systemic_non_neural	1	moderate_0.2_0.5	lower_recurrence_exact	1	1	0	1	6	5	0.22022884	rs1203548
XRN2	1	1	systemic_non_neural	1	moderate_0.2_0.5	lower_recurrence_exact	1	1	0	1	7	5	0.26477253	rs6035825
ZFAND3	1	1	systemic_non_neural	1	hidden_lt0.2	core_exact_n10	1	1	0	1	11	5	0.18028206	rs2180514
ZFHX3	1	1	systemic_non_neural	1	moderate_0.2_0.5	lower_recurrence_exact	1	1	0	1	8	5	0.20670912	rs6499604
ZNF143	1	1	systemic_non_neural	1	moderate_0.2_0.5	core_exact_n10	1	1	0	1	10	5	0.23954	rs729313
ADCY2	1	1	systemic_non_neural	1	moderate_0.2_0.5	lower_recurrence_exact	1	1	0	1	6	4	0.22901951	rs4131923
ADRA2A	1	1	systemic_non_neural	1	moderate_0.2_0.5	lower_recurrence_exact	1	1	0	1	4	4	0.20105615	rs7923004
AGMO	1	1	systemic_non_neural	1	moderate_0.2_0.5	lower_recurrence_exact	1	1	0	1	6	4	0.20593962	rs2196392
AMOTL1	1	1	systemic_non_neural	1	moderate_0.2_0.5	lower_recurrence_exact	1	1	0	1	8	4	0.24164504	rs690270
ANK3	1	1	neural_enriched	1	moderate_0.2_0.5	lower_recurrence_exact	1	1	0	1	5	4	0.22619988	rs7477771
ANKH	1	1	neuro_systemic	1	moderate_0.2_0.5	lower_recurrence_exact	1	1	0	1	6	4	0.27056685	rs42679
ANO9	1	1	systemic_non_neural	1	moderate_0.2_0.5	lower_recurrence_exact	1	1	0	1	5	4	0.3242626	rs7394670
ARHGEF2	1	1	systemic_non_neural	1	moderate_0.2_0.5	lower_recurrence_exact	1	1	0	1	5	4	0.2153149	rs12043212
ARHGEF28	1	1	neural_enriched	1	moderate_0.2_0.5	lower_recurrence_exact	1	1	0	1	5	4	0.26420644	rs10942685
ARHGEF7	1	1	neuro_systemic	1	moderate_0.2_0.5	lower_recurrence_exact	1	1	0	1	7	4	0.25173405	rs2147684
ARID3A	1	1	systemic_non_neural	1	moderate_0.2_0.5	lower_recurrence_exact	1	1	0	1	8	4	0.2356283	rs349310
ARID4A	1	1	systemic_non_neural	1	moderate_0.2_0.5	lower_recurrence_exact	1	1	0	1	8	4	0.22412926	rs3783694
ARPC4	1	1	systemic_other	1	moderate_0.2_0.5	core_exact_n10	1	1	0	1	10	4	0.21412638	rs9819655
ARVCF	1	1	systemic_non_neural	1	moderate_0.2_0.5	lower_recurrence_exact	1	1	0	1	5	4	0.21674202	rs174699
ATG13	1	1	systemic_non_neural	1	moderate_0.2_0.5	lower_recurrence_exact	1	1	0	1	8	4	0.23817651	rs3802888
BAG1	1	1	systemic_other	1	moderate_0.2_0.5	lower_recurrence_exact	1	1	0	1	8	4	0.28229728	rs16919200
BAIAP2L1	1	1	neuro_systemic	1	moderate_0.2_0.5	lower_recurrence_exact	1	1	0	1	7	4	0.30132598	rs10240312
BBC3	1	1	systemic_non_neural	1	moderate_0.2_0.5	lower_recurrence_exact	1	1	0	1	6	4	0.23293474	rs884171
BICDL1	1	1	systemic_non_neural	1	moderate_0.2_0.5	lower_recurrence_exact	1	1	0	1	6	4	0.21099102	rs7968557
C11ORF49	1	1	neuro_systemic	1	moderate_0.2_0.5	lower_recurrence_exact	1	1	0	1	6	4	0.20705116	rs71474198
C5ORF63	1	1	systemic_non_neural	1	moderate_0.2_0.5	lower_recurrence_exact	1	1	0	1	9	4	0.32938537	rs10065302
CABIN1	1	1	systemic_other	1	moderate_0.2_0.5	lower_recurrence_exact	1	1	0	1	5	4	0.22227842	rs6004014
CAPN2	1	1	systemic_non_neural	1	moderate_0.2_0.5	lower_recurrence_exact	1	1	0	1	5	4	0.20601895	rs4653581
CATIP	1	1	systemic_non_neural	1	moderate_0.2_0.5	lower_recurrence_exact	1	1	0	1	5	4	0.2011799	rs10932777
CBLB	1	1	systemic_other	1	moderate_0.2_0.5	core_exact_n10	1	1	0	1	10	4	0.26413497	rs2120103
CCDC112	1	1	neuro_systemic	1	moderate_0.2_0.5	lower_recurrence_exact	1	1	0	1	5	4	0.29384023	rs267307
CCDC136	1	1	systemic_non_neural	1	moderate_0.2_0.5	lower_recurrence_exact	1	1	0	1	7	4	0.21550769	rs10954211
CCNK	1	1	systemic_non_neural	1	moderate_0.2_0.5	lower_recurrence_exact	1	1	0	1	8	4	0.24768566	rs11160517
CD22	1	1	systemic_other	1	moderate_0.2_0.5	lower_recurrence_exact	1	1	0	1	6	4	0.23023157	rs2301151
CD6	1	1	systemic_non_neural	1	moderate_0.2_0.5	lower_recurrence_exact	1	1	0	1	8	4	0.2344273	rs3019548
CDK5R1	1	1	systemic_non_neural	1	moderate_0.2_0.5	lower_recurrence_exact	1	1	0	1	8	4	0.22130013	rs9889771
CDKN2C	1	1	systemic_non_neural	1	moderate_0.2_0.5	lower_recurrence_exact	1	1	0	1	9	4	0.24249482	rs12728955
CEMIP	1	1	systemic_non_neural	1	moderate_0.2_0.5	lower_recurrence_exact	1	1	0	1	5	4	0.22724514	rs7182025
CEP170B	1	1	systemic_other	1	moderate_0.2_0.5	lower_recurrence_exact	1	1	0	1	5	4	0.28526962	rs2841215
CHCHD7	1	1	systemic_other	1	moderate_0.2_0.5	core_exact_n10	1	1	0	1	12	4	0.3269115	rs6474050
CISD3	1	1	systemic_non_neural	1	moderate_0.2_0.5	lower_recurrence_exact	1	1	0	1	5	4	0.33164185	rs4795309
CIT	1	1	systemic_non_neural	1	moderate_0.2_0.5	lower_recurrence_exact	1	1	0	1	8	4	0.26175466	rs2393550
CLCN3	1	1	neural_enriched	1	moderate_0.2_0.5	lower_recurrence_exact	1	1	0	1	7	4	0.24455251	rs11132810
CNST	1	1	systemic_other	1	moderate_0.2_0.5	lower_recurrence_exact	1	1	0	1	6	4	0.26883614	rs6702823
COX15	1	1	systemic_other	1	hidden_lt0.2	core_exact_n10	1	1	0	1	13	4	0.18763554	rs10883407
CPZ	1	1	neural_enriched	1	moderate_0.2_0.5	core_exact_n10	1	1	0	1	11	4	0.30225375	rs2631735
CYP26B1	1	1	neuro_systemic	1	moderate_0.2_0.5	lower_recurrence_exact	1	1	0	1	5	4	0.215192	rs9808444
DCAF5	1	1	neural_enriched	1	moderate_0.2_0.5	core_exact_n10	1	1	0	1	11	4	0.34808034	rs61980267
DDAH1	1	1	neural_enriched	1	hidden_lt0.2	core_exact_n10	1	1	0	1	10	4	0.14246269	rs509112
DDX6	1	1	systemic_non_neural	1	moderate_0.2_0.5	lower_recurrence_exact	1	1	0	1	8	4	0.24915428	rs10892306
DTL	1	1	neural_enriched	1	moderate_0.2_0.5	lower_recurrence_exact	1	1	0	1	4	4	0.26501188	rs61828532
DYNLL2	1	1	systemic_non_neural	1	moderate_0.2_0.5	lower_recurrence_exact	1	1	0	1	5	4	0.21291839	rs8071344
EFL1	1	1	neural_enriched	1	moderate_0.2_0.5	core_exact_n10	1	1	0	1	12	4	0.3065281	rs3973890
EFTUD2	1	1	neuro_systemic	1	moderate_0.2_0.5	lower_recurrence_exact	1	1	0	1	9	4	0.32560763	rs9916632
EMX2	1	1	neural_enriched	1	moderate_0.2_0.5	core_exact_n10	1	1	0	1	10	4	0.33053574	rs2420459
ENTPD7	1	1	systemic_non_neural	1	moderate_0.2_0.5	lower_recurrence_exact	1	1	0	1	8	4	0.25039488	rs4919382
ERMN	1	1	neuro_systemic	1	moderate_0.2_0.5	lower_recurrence_exact	1	1	0	1	9	4	0.41623208	rs198688
EZR	1	1	neuro_systemic	1	moderate_0.2_0.5	lower_recurrence_exact	1	1	0	1	6	4	0.22515321	rs901363
FAM53A	1	1	systemic_non_neural	1	moderate_0.2_0.5	lower_recurrence_exact	1	1	0	1	6	4	0.2670696	rs7660921
FHL5	1	1	neural_enriched	1	moderate_0.2_0.5	lower_recurrence_exact	1	1	0	1	6	4	0.3101524	rs9373985
FLNB	1	1	neuro_systemic	1	moderate_0.2_0.5	lower_recurrence_exact	1	1	0	1	7	4	0.37671435	rs9834312
FN1	1	1	neuro_systemic	1	moderate_0.2_0.5	lower_recurrence_exact	1	1	0	1	8	4	0.22698067	rs6725958
GIPC1	1	1	neuro_systemic	1	moderate_0.2_0.5	lower_recurrence_exact	1	1	0	1	6	4	0.23225766	rs3810255
GLRA3	1	1	systemic_non_neural	1	moderate_0.2_0.5	lower_recurrence_exact	1	1	0	1	4	4	0.2678284	rs493096
GLUL	1	1	neuro_systemic	1	moderate_0.2_0.5	lower_recurrence_exact	1	1	0	1	5	4	0.24368073	rs2243457
GNA14	1	1	systemic_non_neural	1	moderate_0.2_0.5	lower_recurrence_exact	1	1	0	1	6	4	0.25317246	rs2378081
GUK1	1	1	systemic_other	1	moderate_0.2_0.5	core_exact_n10	1	1	0	1	11	4	0.20975958	rs6668719
GYPB	1	1	systemic_non_neural	1	moderate_0.2_0.5	lower_recurrence_exact	1	1	0	1	4	4	0.2016466	rs2036880
HECW2	1	1	neural_enriched	1	moderate_0.2_0.5	core_exact_n10	1	1	0	1	10	4	0.46047676	rs13011223
HELZ	1	1	neural_enriched	1	moderate_0.2_0.5	core_exact_n10	1	1	0	1	12	4	0.31964514	rs11657175
HEXA	1	1	systemic_non_neural	1	moderate_0.2_0.5	lower_recurrence_exact	1	1	0	1	7	4	0.21365635	rs10744963
HNRNPF	1	1	systemic_non_neural	1	moderate_0.2_0.5	lower_recurrence_exact	1	1	0	1	6	4	0.2193967	rs2245413
HSPA4	1	1	systemic_non_neural	1	moderate_0.2_0.5	lower_recurrence_exact	1	1	0	1	7	4	0.26726753	rs6859346
HVCN1	1	1	systemic_other	1	moderate_0.2_0.5	lower_recurrence_exact	1	1	0	1	5	4	0.26743147	rs7957299
IL6ST	1	1	systemic_other	1	hidden_lt0.2	core_exact_n10	1	1	0	1	10	4	0.17777875	rs6863337
IMP4	1	1	systemic_non_neural	1	moderate_0.2_0.5	lower_recurrence_exact	1	1	0	1	7	4	0.22775826	rs10198499
INPP4A	1	1	systemic_non_neural	1	moderate_0.2_0.5	lower_recurrence_exact	1	1	0	1	5	4	0.24724767	rs3754874
KAT6A	1	1	systemic_other	1	moderate_0.2_0.5	core_exact_n10	1	1	0	1	11	4	0.2132923	rs11779404
KIF13B	1	1	neural_enriched	1	moderate_0.2_0.5	lower_recurrence_exact	1	1	0	1	9	4	0.28978512	rs597695
KIFAP3	1	1	neural_enriched	1	moderate_0.2_0.5	core_exact_n10	1	1	0	1	11	4	0.31994686	rs10919299
KLHL12	1	1	neuro_systemic	1	moderate_0.2_0.5	lower_recurrence_exact	1	1	0	1	5	4	0.24763428	rs7531745
LANCL1	1	1	neuro_systemic	1	moderate_0.2_0.5	lower_recurrence_exact	1	1	0	1	5	4	0.21975356	rs114593068
LRIG3	1	1	systemic_non_neural	1	moderate_0.2_0.5	lower_recurrence_exact	1	1	0	1	6	4	0.23562002	rs7306532
LYRM9	1	1	neuro_systemic	1	moderate_0.2_0.5	lower_recurrence_exact	1	1	0	1	5	4	0.2093555	rs77226682
MCU	1	1	systemic_other	1	hidden_lt0.2	core_exact_n10	1	1	0	1	12	4	0.19128436	rs3009553
MELTF	1	1	systemic_non_neural	1	moderate_0.2_0.5	lower_recurrence_exact	1	1	0	1	4	4	0.20285115	rs9857189
MROH6	1	1	systemic_non_neural	1	moderate_0.2_0.5	lower_recurrence_exact	1	1	0	1	6	4	0.2032434	rs7817301
MRPL21	1	1	systemic_non_neural	1	moderate_0.2_0.5	lower_recurrence_exact	1	1	0	1	5	4	0.22926828	rs3019594
MRPL42	1	1	systemic_other	1	hidden_lt0.2	core_exact_n10	1	1	0	1	10	4	0.18912368	rs10745654
MSANTD3	1	1	systemic_other	1	moderate_0.2_0.5	lower_recurrence_exact	1	1	0	1	5	4	0.26448402	rs10512271
NABP1	1	1	neuro_systemic	1	moderate_0.2_0.5	lower_recurrence_exact	1	1	0	1	8	4	0.22191244	rs7558471
NADK	1	1	systemic_non_neural	1	moderate_0.2_0.5	lower_recurrence_exact	1	1	0	1	7	4	0.20946196	rs6603797
NATD1	1	1	systemic_other	1	moderate_0.2_0.5	lower_recurrence_exact	1	1	0	1	7	4	0.26435342	rs7219901
NBPF1	1	1	systemic_other	1	moderate_0.2_0.5	lower_recurrence_exact	1	1	0	1	7	4	0.23518936	rs3936146
NDUFAF6	1	1	systemic_non_neural	1	moderate_0.2_0.5	lower_recurrence_exact	1	1	0	1	7	4	0.31902853	rs2515235
NFIC	1	1	systemic_non_neural	1	moderate_0.2_0.5	lower_recurrence_exact	1	1	0	1	7	4	0.3217523	rs4806933
NFRKB	1	1	systemic_non_neural	1	moderate_0.2_0.5	lower_recurrence_exact	1	1	0	1	7	4	0.20030518	rs690786
NOL6	1	1	systemic_non_neural	1	moderate_0.2_0.5	lower_recurrence_exact	1	1	0	1	9	4	0.21823621	rs2992821
NOTCH1	1	1	systemic_non_neural	1	moderate_0.2_0.5	lower_recurrence_exact	1	1	0	1	5	4	0.21949089	rs10735656
NPTX1	1	1	neuro_systemic	1	moderate_0.2_0.5	lower_recurrence_exact	1	1	0	1	8	4	0.23847717	rs4561525
NR2F1	1	1	systemic_other	1	moderate_0.2_0.5	core_exact_n10	1	1	0	1	10	4	0.21988806	rs1147165
NUDCD3	1	1	systemic_non_neural	1	moderate_0.2_0.5	lower_recurrence_exact	1	1	0	1	5	4	0.20923305	rs4410809
NVL	1	1	systemic_non_neural	1	moderate_0.2_0.5	lower_recurrence_exact	1	1	0	1	5	4	0.21291506	rs10916585
ODF2	1	1	systemic_non_neural	1	moderate_0.2_0.5	lower_recurrence_exact	1	1	0	1	9	4	0.28721845	rs945836
PAG1	1	1	systemic_other	1	moderate_0.2_0.5	core_exact_n10	1	1	0	1	11	4	0.32509777	rs4412411
PALD1	1	1	systemic_non_neural	1	moderate_0.2_0.5	lower_recurrence_exact	1	1	0	1	5	4	0.2108086	rs729121
PAQR5	1	1	systemic_non_neural	1	moderate_0.2_0.5	lower_recurrence_exact	1	1	0	1	9	4	0.2189734	rs11072095
PISD	1	1	neuro_systemic	1	moderate_0.2_0.5	lower_recurrence_exact	1	1	0	1	8	4	0.20641987	rs135111
PITX1	1	1	neuro_systemic	1	moderate_0.2_0.5	lower_recurrence_exact	1	1	0	1	9	4	0.3406552	rs254572
PLBD2	1	1	systemic_non_neural	1	moderate_0.2_0.5	lower_recurrence_exact	1	1	0	1	4	4	0.29436228	rs10774689
PLD3	1	1	systemic_non_neural	1	moderate_0.2_0.5	lower_recurrence_exact	1	1	0	1	8	4	0.26337275	rs8111561
PPDPF	1	1	systemic_non_neural	1	moderate_0.2_0.5	lower_recurrence_exact	1	1	0	1	7	4	0.20291337	rs6011853
PRKACB	1	1	systemic_other	1	moderate_0.2_0.5	lower_recurrence_exact	1	1	0	1	7	4	0.21270385	rs603939
PRKDC	1	1	systemic_non_neural	1	moderate_0.2_0.5	lower_recurrence_exact	1	1	0	1	9	4	0.29243186	rs10091017
PRPH2	1	1	systemic_non_neural	1	moderate_0.2_0.5	lower_recurrence_exact	1	1	0	1	5	4	0.2251438	rs7768961
PTAR1	1	1	systemic_non_neural	1	moderate_0.2_0.5	lower_recurrence_exact	1	1	0	1	6	4	0.21348205	rs10511969
PTGER3	1	1	neuro_systemic	1	moderate_0.2_0.5	lower_recurrence_exact	1	1	0	1	5	4	0.20197919	rs541667
PTPRM	1	1	systemic_non_neural	1	moderate_0.2_0.5	lower_recurrence_exact	1	1	0	1	7	4	0.224708	rs984377
RAB3IP	1	1	systemic_non_neural	1	moderate_0.2_0.5	lower_recurrence_exact	1	1	0	1	8	4	0.36131033	rs1882193
RARA	1	1	systemic_non_neural	1	moderate_0.2_0.5	lower_recurrence_exact	1	1	0	1	9	4	0.2571211	rs12946680
RBL2	1	1	systemic_non_neural	1	moderate_0.2_0.5	lower_recurrence_exact	1	1	0	1	4	4	0.23038158	rs1861351
RCAN2	1	1	neuro_systemic	1	moderate_0.2_0.5	lower_recurrence_exact	1	1	0	1	5	4	0.23196219	rs9395195
RERE	1	1	neuro_systemic	1	moderate_0.2_0.5	lower_recurrence_exact	1	1	0	1	8	4	0.30249846	rs754346
ROBO1	1	1	systemic_non_neural	1	moderate_0.2_0.5	lower_recurrence_exact	1	1	0	1	6	4	0.21513037	rs1447834
SBK2	1	1	systemic_non_neural	1	moderate_0.2_0.5	lower_recurrence_exact	1	1	0	1	5	4	0.21533163	rs8100922
SEC24B	1	1	systemic_non_neural	1	moderate_0.2_0.5	lower_recurrence_exact	1	1	0	1	8	4	0.26346284	rs13123618
SF3B2	1	1	systemic_other	1	moderate_0.2_0.5	core_exact_n10	1	1	0	1	15	4	0.29123908	rs10896065
SFRP1	1	1	neuro_systemic	1	moderate_0.2_0.5	lower_recurrence_exact	1	1	0	1	9	4	0.2150368	rs3824277
SGK1	1	1	neuro_systemic	1	moderate_0.2_0.5	lower_recurrence_exact	1	1	0	1	8	4	0.22634658	rs9402619
SIPA1L3	1	1	neuro_systemic	1	moderate_0.2_0.5	lower_recurrence_exact	1	1	0	1	8	4	0.23464207	rs833910
SIRPB1	1	1	neuro_systemic	1	moderate_0.2_0.5	lower_recurrence_exact	1	1	0	1	4	4	0.2805877	rs2422615
SLC25A21	1	1	systemic_other	1	hidden_lt0.2	core_exact_n10	1	1	0	1	10	4	0.13765743	rs4900700
SLC25A48	1	1	neuro_systemic	1	moderate_0.2_0.5	lower_recurrence_exact	1	1	0	1	6	4	0.30619118	rs4317317
SLC2A11	1	1	systemic_non_neural	1	moderate_0.2_0.5	lower_recurrence_exact	1	1	0	1	6	4	0.22807154	rs2858908
SLC35A5	1	1	systemic_non_neural	1	moderate_0.2_0.5	lower_recurrence_exact	1	1	0	1	4	4	0.22335881	rs766968
SLC39A3	1	1	systemic_other	1	moderate_0.2_0.5	lower_recurrence_exact	1	1	0	1	6	4	0.2530192	rs759071
SNAPC1	1	1	systemic_other	1	moderate_0.2_0.5	core_exact_n10	1	1	0	1	10	4	0.22910142	rs217665
SPATA6	1	1	systemic_non_neural	1	moderate_0.2_0.5	lower_recurrence_exact	1	1	0	1	5	4	0.21596125	rs2253233
SSC5D	1	1	systemic_non_neural	1	moderate_0.2_0.5	lower_recurrence_exact	1	1	0	1	9	4	0.21349835	rs2059138
ST3GAL5	1	1	systemic_non_neural	1	moderate_0.2_0.5	lower_recurrence_exact	1	1	0	1	6	4	0.35224798	rs6547655
SULF2	1	1	neuro_systemic	1	moderate_0.2_0.5	lower_recurrence_exact	1	1	0	1	6	4	0.24633348	rs2145134
SYT7	1	1	systemic_non_neural	1	moderate_0.2_0.5	lower_recurrence_exact	1	1	0	1	6	4	0.2126985	rs174868
TAX1BP3	1	1	neuro_systemic	1	moderate_0.2_0.5	lower_recurrence_exact	1	1	0	1	9	4	0.22041777	rs160580
TJP2	1	1	systemic_other	1	moderate_0.2_0.5	lower_recurrence_exact	1	1	0	1	8	4	0.20526087	rs2309428
TLE1	1	1	systemic_other	1	moderate_0.2_0.5	core_exact_n10	1	1	0	1	14	4	0.34507012	rs11139465
TLE4	1	1	neuro_systemic	1	moderate_0.2_0.5	lower_recurrence_exact	1	1	0	1	6	4	0.20433572	rs4877501
TMEM104	1	1	systemic_other	1	hidden_lt0.2	core_exact_n10	1	1	0	1	11	4	0.15238328	rs690418
TMEM19	1	1	neuro_systemic	1	moderate_0.2_0.5	lower_recurrence_exact	1	1	0	1	6	4	0.24386951	rs10784930
TMTC4	1	1	systemic_other	1	moderate_0.2_0.5	lower_recurrence_exact	1	1	0	1	6	4	0.26127708	rs1572641
TNC	1	1	neural_enriched	1	moderate_0.2_0.5	lower_recurrence_exact	1	1	0	1	7	4	0.25081745	rs4637918
TNFRSF10D	1	1	systemic_non_neural	1	moderate_0.2_0.5	lower_recurrence_exact	1	1	0	1	5	4	0.23397548	rs20575
TNS4	1	1	systemic_non_neural	1	moderate_0.2_0.5	lower_recurrence_exact	1	1	0	1	5	4	0.33930945	rs1901187
TOP1MT	1	1	systemic_non_neural	1	moderate_0.2_0.5	lower_recurrence_exact	1	1	0	1	6	4	0.2009401	rs2467950
TPM1	1	1	neuro_systemic	1	moderate_0.2_0.5	lower_recurrence_exact	1	1	0	1	5	4	0.22204152	rs10775183
TRAK1	1	1	neuro_systemic	1	moderate_0.2_0.5	lower_recurrence_exact	1	1	0	1	7	4	0.22495389	rs4974016
TRIM9	1	1	systemic_other	1	hidden_lt0.2	core_exact_n10	1	1	0	1	11	4	0.16992208	rs10151412
TSC22D4	1	1	neuro_systemic	1	moderate_0.2_0.5	lower_recurrence_exact	1	1	0	1	8	4	0.34705803	rs73405382
USP48	1	1	neuro_systemic	1	moderate_0.2_0.5	lower_recurrence_exact	1	1	0	1	8	4	0.37750173	rs7539759
VASP	1	1	systemic_other	1	moderate_0.2_0.5	core_exact_n10	1	1	0	1	10	4	0.22194405	rs1573606
VCL	1	1	neuro_systemic	1	moderate_0.2_0.5	lower_recurrence_exact	1	1	0	1	9	4	0.31134105	rs2270548
WDR26	1	1	systemic_non_neural	1	moderate_0.2_0.5	lower_recurrence_exact	1	1	0	1	6	4	0.208028	rs4654023
WWC2	1	1	systemic_other	1	moderate_0.2_0.5	lower_recurrence_exact	1	1	0	1	5	4	0.20607448	rs1377940
ZNF286A	1	1	systemic_non_neural	1	moderate_0.2_0.5	lower_recurrence_exact	1	1	0	1	5	4	0.2169382	rs10521309
ZNF468	1	1	neural_enriched	1	moderate_0.2_0.5	core_exact_n10	1	1	0	1	10	4	0.22673474	rs8101252
ZNF687	1	1	systemic_non_neural	1	moderate_0.2_0.5	lower_recurrence_exact	1	1	0	1	6	4	0.24141946	rs4971023
ZNRF1	1	1	neuro_systemic	1	moderate_0.2_0.5	lower_recurrence_exact	1	1	0	1	8	4	0.25551865	rs6564201
ABHD2	1	1	neural_enriched	1	moderate_0.2_0.5	lower_recurrence_exact	1	1	0	1	3	3	0.25505674	rs4932212
ADAM32	1	1	systemic_other	1	moderate_0.2_0.5	core_exact_n10	1	1	0	1	11	3	0.29418537	rs72638553
ADCYAP1	1	1	systemic_other	1	moderate_0.2_0.5	lower_recurrence_exact	1	1	0	1	4	3	0.23987387	rs7506297
ADORA2A	1	1	systemic_other	1	moderate_0.2_0.5	lower_recurrence_exact	1	1	0	1	4	3	0.2331666	rs1015011
ANKRD9	1	1	systemic_other	1	moderate_0.2_0.5	lower_recurrence_exact	1	1	0	1	4	3	0.20688786	rs1044503
ARL14EP	1	1	systemic_other	1	moderate_0.2_0.5	lower_recurrence_exact	1	1	0	1	4	3	0.22558632	rs480269
ARRB1	1	1	systemic_other	1	moderate_0.2_0.5	lower_recurrence_exact	1	1	0	1	4	3	0.20910762	rs1676890
ATF5	1	1	systemic_other	1	moderate_0.2_0.5	lower_recurrence_exact	1	1	0	1	3	3	0.2174581	rs3786669
ATOX1	1	1	neural_enriched	1	moderate_0.2_0.5	lower_recurrence_exact	1	1	0	1	4	3	0.20430161	rs3812004
ATPAF2	1	1	neural_enriched	1	moderate_0.2_0.5	lower_recurrence_exact	1	1	0	1	4	3	0.3737	rs11656629
B4GALT5	1	1	systemic_other	1	moderate_0.2_0.5	lower_recurrence_exact	1	1	0	1	4	3	0.3328287	rs2273086
BCKDHB	1	1	systemic_other	1	moderate_0.2_0.5	core_exact_n10	1	1	0	1	11	3	0.38431856	rs1892474
BCL2L2	1	1	systemic_other	1	moderate_0.2_0.5	lower_recurrence_exact	1	1	0	1	3	3	0.22008522	rs10438012
BID	1	1	neural_enriched	1	moderate_0.2_0.5	core_exact_n10	1	1	0	1	14	3	0.47306693	rs713701
BTBD11	1	1	systemic_other	1	moderate_0.2_0.5	lower_recurrence_exact	1	1	0	1	4	3	0.2124864	rs10861754
BTF3L4	1	1	neural_enriched	1	moderate_0.2_0.5	lower_recurrence_exact	1	1	0	1	3	3	0.23791146	rs6698028
BTG1	1	1	systemic_other	1	moderate_0.2_0.5	lower_recurrence_exact	1	1	0	1	3	3	0.20634261	12_92394861_G_C
CASP3	1	1	neural_enriched	1	moderate_0.2_0.5	lower_recurrence_exact	1	1	0	1	4	3	0.2450583	rs2705901
CASP4	1	1	neural_enriched	1	moderate_0.2_0.5	lower_recurrence_exact	1	1	0	1	4	3	0.27464896	rs632806
CASP8	1	1	systemic_other	1	moderate_0.2_0.5	lower_recurrence_exact	1	1	0	1	3	3	0.24608666	rs7604223
CCDC14	1	1	neural_enriched	1	moderate_0.2_0.5	lower_recurrence_exact	1	1	0	1	4	3	0.3775224	rs1378812
CD4	1	1	systemic_other	1	hidden_lt0.2	core_exact_n10	1	1	0	1	11	3	0.18154901	rs10774450
CD82	1	1	neural_enriched	1	moderate_0.2_0.5	lower_recurrence_exact	1	1	0	1	4	3	0.23074403	rs1429554
CFTR	1	1	systemic_other	1	moderate_0.2_0.5	lower_recurrence_exact	1	1	0	1	4	3	0.21799901	rs17545644
CHCHD2	1	1	systemic_other	1	moderate_0.2_0.5	lower_recurrence_exact	1	1	0	1	4	3	0.23333284	rs2331096
CHD6	1	1	systemic_other	1	moderate_0.2_0.5	lower_recurrence_exact	1	1	0	1	4	3	0.20279144	rs2145040
CHD9	1	1	systemic_other	1	moderate_0.2_0.5	lower_recurrence_exact	1	1	0	1	4	3	0.21158297	rs1984470
CHST12	1	1	neural_enriched	1	moderate_0.2_0.5	lower_recurrence_exact	1	1	0	1	4	3	0.20727693	rs6952433
CLINT1	1	1	systemic_other	1	moderate_0.2_0.5	lower_recurrence_exact	1	1	0	1	3	3	0.21892841	rs1186919
CNR2	1	1	systemic_other	1	moderate_0.2_0.5	lower_recurrence_exact	1	1	0	1	4	3	0.20024188	rs2070953
COL5A2	1	1	systemic_other	1	moderate_0.2_0.5	lower_recurrence_exact	1	1	0	1	4	3	0.21602383	rs4128539
COPZ1	1	1	systemic_other	1	moderate_0.2_0.5	lower_recurrence_exact	1	1	0	1	4	3	0.2035886	rs11170880
CSAD	1	1	systemic_other	1	moderate_0.2_0.5	lower_recurrence_exact	1	1	0	1	4	3	0.20081073	rs7139068
CXCL12	1	1	systemic_other	1	moderate_0.2_0.5	lower_recurrence_exact	1	1	0	1	4	3	0.20714225	rs1253752
CYP4A22	1	1	systemic_other	1	moderate_0.2_0.5	core_exact_n10	1	1	0	1	10	3	0.21680565	rs9332978
DDHD1	1	1	systemic_other	1	moderate_0.2_0.5	lower_recurrence_exact	1	1	0	1	3	3	0.22078991	rs9323237
DDN	1	1	neural_enriched	1	moderate_0.2_0.5	core_exact_n10	1	1	0	1	10	3	0.28210673	rs2453489
DENND4C	1	1	systemic_other	1	moderate_0.2_0.5	core_exact_n10	1	1	0	1	10	3	0.28902438	rs2277151
DGKH	1	1	systemic_other	1	moderate_0.2_0.5	core_exact_n10	1	1	0	1	10	3	0.3456447	rs9562357
DHRS4	1	1	systemic_other	1	moderate_0.2_0.5	lower_recurrence_exact	1	1	0	1	4	3	0.23252802	rs12589873
DOCK9	1	1	systemic_other	1	moderate_0.2_0.5	lower_recurrence_exact	1	1	0	1	3	3	0.22045295	rs9517574
DRAP1	1	1	systemic_other	1	moderate_0.2_0.5	core_exact_n10	1	1	0	1	12	3	0.2371434	rs521678
DTNA	1	1	systemic_other	1	moderate_0.2_0.5	lower_recurrence_exact	1	1	0	1	3	3	0.21248522	rs11663468
ENOX1	1	1	systemic_other	1	moderate_0.2_0.5	lower_recurrence_exact	1	1	0	1	3	3	0.20023303	rs9594979
EPB41L4A	1	1	neural_enriched	1	moderate_0.2_0.5	lower_recurrence_exact	1	1	0	1	4	3	0.21354918	rs2140626
EPHB6	1	1	systemic_other	1	moderate_0.2_0.5	lower_recurrence_exact	1	1	0	1	3	3	0.2498584	rs476826
ETFB	1	1	systemic_other	1	moderate_0.2_0.5	lower_recurrence_exact	1	1	0	1	4	3	0.27451828	rs10413706
FERMT2	1	1	systemic_other	1	moderate_0.2_0.5	core_exact_n10	1	1	0	1	13	3	0.3152713	rs12588482
GLG1	1	1	neural_enriched	1	moderate_0.2_0.5	lower_recurrence_exact	1	1	0	1	4	3	0.20478565	rs3863435
GMFB	1	1	neural_enriched	1	moderate_0.2_0.5	lower_recurrence_exact	1	1	0	1	3	3	0.20737717	rs61985959
GNAL	1	1	systemic_other	1	moderate_0.2_0.5	lower_recurrence_exact	1	1	0	1	3	3	0.23795536	rs1647553
GTF2H5	1	1	systemic_other	1	hidden_lt0.2	core_exact_n10	1	1	0	1	10	3	0.15728094	rs4710052
HRNR	1	1	neural_enriched	1	moderate_0.2_0.5	lower_recurrence_exact	1	1	0	1	4	3	0.2019338	rs11584340
IRAK1BP1	1	1	systemic_other	1	moderate_0.2_0.5	lower_recurrence_exact	1	1	0	1	4	3	0.27635762	rs9361468
ITLN2	1	1	systemic_other	1	moderate_0.2_0.5	lower_recurrence_exact	1	1	0	1	4	3	0.27434295	rs2249409
KATNAL1	1	1	neural_enriched	1	moderate_0.2_0.5	core_exact_n10	1	1	0	1	11	3	0.3274513	rs202093
KCNAB2	1	1	systemic_other	1	moderate_0.2_0.5	lower_recurrence_exact	1	1	0	1	3	3	0.27299482	rs3789553
KDM5B	1	1	neural_enriched	1	moderate_0.2_0.5	lower_recurrence_exact	1	1	0	1	3	3	0.24460165	rs4245714
KIF13A	1	1	neural_enriched	1	moderate_0.2_0.5	core_exact_n10	1	1	0	1	10	3	0.28307772	rs1983575
KRT32	1	1	neural_enriched	1	moderate_0.2_0.5	lower_recurrence_exact	1	1	0	1	4	3	0.24438141	rs2074284
LEKR1	1	1	systemic_other	1	moderate_0.2_0.5	lower_recurrence_exact	1	1	0	1	3	3	0.23003338	rs344048
LPIN1	1	1	systemic_other	1	moderate_0.2_0.5	lower_recurrence_exact	1	1	0	1	3	3	0.20121557	rs4129757
MALT1	1	1	systemic_other	1	moderate_0.2_0.5	lower_recurrence_exact	1	1	0	1	4	3	0.2885625	rs4940731
METTL25	1	1	systemic_other	1	moderate_0.2_0.5	lower_recurrence_exact	1	1	0	1	4	3	0.23757292	rs10746244
MINDY2	1	1	systemic_other	1	moderate_0.2_0.5	core_exact_n10	1	1	0	1	10	3	0.21781011	rs481309
MMRN2	1	1	systemic_other	1	moderate_0.2_0.5	core_exact_n10	1	1	0	1	11	3	0.4003262	rs4934281
MPP7	1	1	neural_enriched	1	moderate_0.2_0.5	lower_recurrence_exact	1	1	0	1	3	3	0.21433248	rs11006956
MYBL1	1	1	neural_enriched	1	moderate_0.2_0.5	lower_recurrence_exact	1	1	0	1	4	3	0.28396416	rs11787419
MYEF2	1	1	systemic_other	1	moderate_0.2_0.5	lower_recurrence_exact	1	1	0	1	3	3	0.27175313	rs12914834
MYH8	1	1	neural_enriched	1	moderate_0.2_0.5	core_exact_n10	1	1	0	1	10	3	0.26967195	rs4239117
NCOA3	1	1	systemic_other	1	moderate_0.2_0.5	lower_recurrence_exact	1	1	0	1	4	3	0.21264601	rs6094723
NGFR	1	1	neural_enriched	1	moderate_0.2_0.5	lower_recurrence_exact	1	1	0	1	4	3	0.21142341	rs11466164
NIPAL2	1	1	systemic_other	1	moderate_0.2_0.5	lower_recurrence_exact	1	1	0	1	4	3	0.2947485	rs3735887
NOS1	1	1	systemic_other	1	moderate_0.2_0.5	lower_recurrence_exact	1	1	0	1	3	3	0.2486767	rs1093298
NR2C2	1	1	neural_enriched	1	moderate_0.2_0.5	lower_recurrence_exact	1	1	0	1	4	3	0.23956425	rs6805692
OGFRL1	1	1	systemic_other	1	moderate_0.2_0.5	lower_recurrence_exact	1	1	0	1	3	3	0.22114784	rs489755
OSBPL9	1	1	systemic_other	1	moderate_0.2_0.5	lower_recurrence_exact	1	1	0	1	3	3	0.22058624	rs6695389
PERP	1	1	systemic_other	1	moderate_0.2_0.5	lower_recurrence_exact	1	1	0	1	3	3	0.21264166	rs9389547
PIP4K2A	1	1	neural_enriched	1	moderate_0.2_0.5	lower_recurrence_exact	1	1	0	1	3	3	0.29987118	rs11599280
PLEKHF2	1	1	systemic_other	1	moderate_0.2_0.5	lower_recurrence_exact	1	1	0	1	3	3	0.38314867	rs894151
PLOD2	1	1	neural_enriched	1	moderate_0.2_0.5	lower_recurrence_exact	1	1	0	1	4	3	0.2105155	rs7642940
PRDM8	1	1	systemic_other	1	moderate_0.2_0.5	lower_recurrence_exact	1	1	0	1	3	3	0.21780099	rs2867696
PRKD2	1	1	neural_enriched	1	moderate_0.2_0.5	lower_recurrence_exact	1	1	0	1	4	3	0.23015201	rs873286
PRRC2B	1	1	systemic_other	1	moderate_0.2_0.5	lower_recurrence_exact	1	1	0	1	3	3	0.2373248	rs2966343
PRSS3	1	1	systemic_other	1	moderate_0.2_0.5	lower_recurrence_exact	1	1	0	1	4	3	0.22915314	rs216365
PSMG3	1	1	neural_enriched	1	moderate_0.2_0.5	lower_recurrence_exact	1	1	0	1	3	3	0.23378246	rs17852421
PTPRN2	1	1	systemic_other	1	hidden_lt0.2	core_exact_n10	1	1	0	1	11	3	0.1681731	rs7801395
PTTG2	1	1	systemic_other	1	moderate_0.2_0.5	lower_recurrence_exact	1	1	0	1	3	3	0.29510006	rs2279027
RAB11FIP4	1	1	systemic_other	1	moderate_0.2_0.5	lower_recurrence_exact	1	1	0	1	3	3	0.20564757	rs7502871
RAP1GDS1	1	1	neural_enriched	1	moderate_0.2_0.5	core_exact_n10	1	1	0	1	12	3	0.39260662	rs3756088
RBAK	1	1	systemic_other	1	moderate_0.2_0.5	lower_recurrence_exact	1	1	0	1	3	3	0.26487136	rs2942562
ROGDI	1	1	systemic_other	1	moderate_0.2_0.5	lower_recurrence_exact	1	1	0	1	4	3	0.24711101	rs741695
RUFY1	1	1	systemic_other	1	moderate_0.2_0.5	lower_recurrence_exact	1	1	0	1	3	3	0.22083534	rs4701139
SCHIP1	1	1	neural_enriched	1	moderate_0.2_0.5	core_exact_n10	1	1	0	1	11	3	0.28089678	rs33051
SGMS2	1	1	systemic_other	1	moderate_0.2_0.5	lower_recurrence_exact	1	1	0	1	3	3	0.24688369	rs4585383
SHANK1	1	1	systemic_other	1	moderate_0.2_0.5	lower_recurrence_exact	1	1	0	1	4	3	0.20906532	rs919276
SHC2	1	1	systemic_other	1	moderate_0.2_0.5	lower_recurrence_exact	1	1	0	1	3	3	0.22074606	rs758503
SHTN1	1	1	systemic_other	1	moderate_0.2_0.5	lower_recurrence_exact	1	1	0	1	4	3	0.20524396	rs1898357
SLC38A1	1	1	systemic_other	1	moderate_0.2_0.5	lower_recurrence_exact	1	1	0	1	3	3	0.24417976	rs7488577
SLIRP	1	1	systemic_other	1	moderate_0.2_0.5	lower_recurrence_exact	1	1	0	1	3	3	0.26842687	rs12878099
SOBP	1	1	systemic_other	1	moderate_0.2_0.5	lower_recurrence_exact	1	1	0	1	4	3	0.2279078	rs2430464
SORD	1	1	systemic_other	1	moderate_0.2_0.5	core_exact_n10	1	1	0	1	10	3	0.33946154	rs12916850
SP3	1	1	neural_enriched	1	moderate_0.2_0.5	lower_recurrence_exact	1	1	0	1	3	3	0.20032749	rs55897814
SPOCD1	1	1	systemic_other	1	moderate_0.2_0.5	lower_recurrence_exact	1	1	0	1	3	3	0.20779997	rs6675370
STRBP	1	1	neural_enriched	1	moderate_0.2_0.5	core_exact_n10	1	1	0	1	10	3	0.37289312	rs10121252
STRN	1	1	neural_enriched	1	moderate_0.2_0.5	core_exact_n10	1	1	0	1	10	3	0.2230603	rs45504994
SUSD6	1	1	neural_enriched	1	moderate_0.2_0.5	core_exact_n10	1	1	0	1	10	3	0.30377632	rs1275823
SYNJ2	1	1	systemic_other	1	moderate_0.2_0.5	lower_recurrence_exact	1	1	0	1	3	3	0.26839182	rs6921660
SYT8	1	1	systemic_other	1	moderate_0.2_0.5	lower_recurrence_exact	1	1	0	1	4	3	0.24286707	rs4752761
TCF12	1	1	systemic_other	1	moderate_0.2_0.5	lower_recurrence_exact	1	1	0	1	4	3	0.21265912	rs7176472
THUMPD2	1	1	neural_enriched	1	moderate_0.2_0.5	lower_recurrence_exact	1	1	0	1	4	3	0.26392913	rs12989245
TIMP2	1	1	systemic_other	1	moderate_0.2_0.5	lower_recurrence_exact	1	1	0	1	4	3	0.23228762	rs1531795
TMEM181	1	1	neural_enriched	1	moderate_0.2_0.5	lower_recurrence_exact	1	1	0	1	3	3	0.24004091	rs11967873
TRAPPC6B	1	1	systemic_other	1	moderate_0.2_0.5	lower_recurrence_exact	1	1	0	1	4	3	0.2913586	rs7140561
TTC22	1	1	neural_enriched	1	moderate_0.2_0.5	lower_recurrence_exact	1	1	0	1	3	3	0.20101817	rs299881
TUFT1	1	1	systemic_other	1	moderate_0.2_0.5	lower_recurrence_exact	1	1	0	1	3	3	0.22837788	rs6660238
UBE2F	1	1	neural_enriched	1	moderate_0.2_0.5	lower_recurrence_exact	1	1	0	1	4	3	0.25857443	rs11684091
UHRF2	1	1	systemic_other	1	moderate_0.2_0.5	lower_recurrence_exact	1	1	0	1	4	3	0.3998262	rs7039182
UPF3A	1	1	systemic_other	1	moderate_0.2_0.5	lower_recurrence_exact	1	1	0	1	4	3	0.28292945	rs9562202
USP25	1	1	systemic_other	1	moderate_0.2_0.5	lower_recurrence_exact	1	1	0	1	3	3	0.22231072	rs17307197
USP36	1	1	systemic_other	1	moderate_0.2_0.5	lower_recurrence_exact	1	1	0	1	4	3	0.2446734	rs4796817
USP7	1	1	neural_enriched	1	moderate_0.2_0.5	lower_recurrence_exact	1	1	0	1	4	3	0.21422222	rs11075084
WDFY1	1	1	systemic_other	1	moderate_0.2_0.5	lower_recurrence_exact	1	1	0	1	3	3	0.20384626	rs519275
XPNPEP3	1	1	systemic_other	1	moderate_0.2_0.5	lower_recurrence_exact	1	1	0	1	3	3	0.20289305	rs138330
ZC3H6	1	1	systemic_other	1	moderate_0.2_0.5	lower_recurrence_exact	1	1	0	1	3	3	0.21276353	rs4471897
ZCCHC17	1	1	neural_enriched	1	moderate_0.2_0.5	lower_recurrence_exact	1	1	0	1	4	3	0.21786085	rs6672056
ZNF516	1	1	systemic_other	1	moderate_0.2_0.5	core_exact_n10	1	1	0	1	10	3	0.25498655	rs603772
ZPBP	1	1	neural_enriched	1	moderate_0.2_0.5	core_exact_n10	1	1	0	1	10	3	0.23944183	rs1911750
CELF2	1	1	systemic_other	1	moderate_0.2_0.5	core_exact_n10	1	1	0	1	11	2	0.29036602	rs7904961
SLC38A7	1	1	systemic_other	1	moderate_0.2_0.5	core_exact_n10	1	1	0	1	10	2	0.2759109	rs30822
TRAP1	1	1	systemic_other	1	moderate_0.2_0.5	core_exact_n10	1	1	0	1	10	2	0.31570792	rs2239317
TYW1B	1	1	systemic_other	1	moderate_0.2_0.5	core_exact_n10	1	1	0	1	10	2	0.39382738	rs9647777
WDR43	1	1	systemic_other	1	moderate_0.2_0.5	core_exact_n10	1	1	0	1	10	2	0.45565215	rs9677133
EPS15L1	1	1	systemic_non_neural	1	moderate_0.2_0.5	core_exact_n10	0	1	0	1	25	10	0.27711928	rs967886
SLC20A2	1	1	mixed_trait_axis	1	moderate_0.2_0.5	core_exact_n10	0	1	0	1	15	10	0.28348807	rs6988483
SLC43A1	1	1	mixed_trait_axis	1	moderate_0.2_0.5	core_exact_n10	0	1	0	1	36	10	0.35530838	rs2584856
SMIM19	1	1	mixed_trait_axis	1	moderate_0.2_0.5	core_exact_n10	0	1	0	1	15	10	0.28348807	rs6988483
SMTNL1	1	1	mixed_trait_axis	1	moderate_0.2_0.5	core_exact_n10	0	1	0	1	36	10	0.35530838	rs2584856
TIMM10	1	1	mixed_trait_axis	1	moderate_0.2_0.5	core_exact_n10	0	1	0	1	36	10	0.35530838	rs2584856
FBF1	1	1	systemic_non_neural	1	moderate_0.2_0.5	core_exact_n10	0	1	0	1	26	9	0.32053697	rs12945114
GPR132	1	1	systemic_non_neural	1	moderate_0.2_0.5	core_exact_n10	0	1	0	1	15	9	0.39335716	rs2241867
MRPL38	1	1	systemic_non_neural	1	moderate_0.2_0.5	core_exact_n10	0	1	0	1	26	9	0.32053697	rs12945114
NUDT14	1	1	systemic_non_neural	1	moderate_0.2_0.5	core_exact_n10	0	1	0	1	15	9	0.39335716	rs2241867
STAU2	1	1	systemic_non_neural	1	moderate_0.2_0.5	core_exact_n10	0	1	0	1	13	9	0.33149546	rs2623809
TRIM47	1	1	systemic_non_neural	1	moderate_0.2_0.5	core_exact_n10	0	1	0	1	26	9	0.32053697	rs12945114
TRIM65	1	1	systemic_non_neural	1	moderate_0.2_0.5	core_exact_n10	0	1	0	1	26	9	0.32053697	rs12945114
UBE2W	1	1	systemic_non_neural	1	moderate_0.2_0.5	core_exact_n10	0	1	0	1	13	9	0.33149546	rs2623809
ATG4B	1	1	mixed_trait_axis	1	moderate_0.2_0.5	core_exact_n10	0	1	0	1	15	8	0.28043252	rs6437282
BPTF	1	1	systemic_non_neural	1	moderate_0.2_0.5	core_exact_n10	0	1	0	1	19	8	0.2459374	rs7502578
C16ORF96	1	1	mixed_trait_axis	1	moderate_0.2_0.5	core_exact_n10	0	1	0	1	16	8	0.3116134	rs3789038
DHFR2	1	1	neuro_systemic	1	hidden_lt0.2	core_exact_n10	0	1	0	1	12	8	0.17079283	rs6786905
DTYMK	1	1	mixed_trait_axis	1	moderate_0.2_0.5	core_exact_n10	0	1	0	1	15	8	0.28043252	rs6437282
EPPK1	1	1	systemic_non_neural	1	moderate_0.2_0.5	core_exact_n10	0	1	0	1	13	8	0.4118546	rs4875060
FAM83H	1	1	mixed_trait_axis	1	moderate_0.2_0.5	core_exact_n10	0	1	0	1	18	8	0.34357786	rs4875051
GARNL3	1	1	neuro_systemic	1	moderate_0.2_0.5	lower_recurrence_exact	0	1	0	1	9	8	0.20654325	rs2779734
GRIK5	1	1	mixed_trait_axis	1	hidden_lt0.2	core_exact_n10	0	1	0	1	11	8	0.19115101	rs41517547
HSPB11	1	1	systemic_non_neural	1	moderate_0.2_0.5	core_exact_n10	0	1	0	1	15	8	0.32206914	rs6697447
ING5	1	1	mixed_trait_axis	1	moderate_0.2_0.5	core_exact_n10	0	1	0	1	15	8	0.28043252	rs6437282
KPNA2	1	1	systemic_non_neural	1	moderate_0.2_0.5	core_exact_n10	0	1	0	1	19	8	0.2459374	rs7502578
LRRC42	1	1	systemic_non_neural	1	moderate_0.2_0.5	core_exact_n10	0	1	0	1	15	8	0.32206914	rs6697447
LZTS2	1	1	systemic_non_neural	1	hidden_lt0.2	core_exact_n10	0	1	0	1	11	8	0.18736094	rs1535349
MDH2	1	1	mixed_trait_axis	1	moderate_0.2_0.5	core_exact_n10	0	1	0	1	23	8	0.26025394	rs42184
PDZD7	1	1	systemic_non_neural	1	hidden_lt0.2	core_exact_n10	0	1	0	1	11	8	0.18736094	rs1535349
PROS1	1	1	neuro_systemic	1	hidden_lt0.2	core_exact_n10	0	1	0	1	12	8	0.17079283	rs6786905
RALGPS1	1	1	neuro_systemic	1	moderate_0.2_0.5	lower_recurrence_exact	0	1	0	1	9	8	0.20654325	rs2779734
SEMA4G	1	1	systemic_non_neural	1	hidden_lt0.2	core_exact_n10	0	1	0	1	11	8	0.18736094	rs1535349
SLC2A8	1	1	neuro_systemic	1	moderate_0.2_0.5	lower_recurrence_exact	0	1	0	1	9	8	0.20654325	rs2779734
SLF2	1	1	systemic_non_neural	1	hidden_lt0.2	core_exact_n10	0	1	0	1	11	8	0.18736094	rs1535349
SSBP1	1	1	neuro_systemic	1	moderate_0.2_0.5	core_exact_n10	0	1	0	1	14	8	0.28462428	rs11768654
WDFY3	1	1	mixed_trait_axis	1	moderate_0.2_0.5	core_exact_n10	0	1	0	1	15	8	0.24599019	rs6531779
ZNF574	1	1	mixed_trait_axis	1	hidden_lt0.2	core_exact_n10	0	1	0	1	11	8	0.19115101	rs41517547
ZNF79	1	1	neuro_systemic	1	moderate_0.2_0.5	lower_recurrence_exact	0	1	0	1	9	8	0.20654325	rs2779734
ADAM8	1	1	systemic_non_neural	1	moderate_0.2_0.5	core_exact_n10	0	1	0	1	16	7	0.23580998	rs10776679
ANKRD36C	1	1	neuro_systemic	1	moderate_0.2_0.5	core_exact_n10	0	1	0	1	20	7	0.34702203	rs2969478
ANKRD52	1	1	systemic_non_neural	1	moderate_0.2_0.5	core_exact_n10	0	1	0	1	10	7	0.26974043	rs1274493
ARF6	1	1	systemic_non_neural	1	moderate_0.2_0.5	core_exact_n10	0	1	0	1	14	7	0.2728395	rs3126165
BTBD1	1	1	neuro_systemic	1	hidden_lt0.2	core_exact_n10	0	1	0	1	10	7	0.15289468	rs10152258
CCDC107	1	1	systemic_non_neural	1	moderate_0.2_0.5	core_exact_n10	0	1	0	1	15	7	0.28472087	rs13291966
CDC23	1	1	mixed_trait_axis	1	hidden_lt0.2	core_exact_n10	0	1	0	1	10	7	0.14850534	rs10038448
CDC25C	1	1	mixed_trait_axis	1	hidden_lt0.2	core_exact_n10	0	1	0	1	10	7	0.14850534	rs10038448
CNPY2	1	1	systemic_non_neural	1	moderate_0.2_0.5	core_exact_n10	0	1	0	1	10	7	0.26974043	rs1274493
CS	1	1	systemic_non_neural	1	moderate_0.2_0.5	core_exact_n10	0	1	0	1	10	7	0.26974043	rs1274493
EIF4G2	1	1	systemic_non_neural	1	moderate_0.2_0.5	core_exact_n10	0	1	0	1	17	7	0.33475962	rs4909953
FAM53C	1	1	mixed_trait_axis	1	hidden_lt0.2	core_exact_n10	0	1	0	1	10	7	0.14850534	rs10038448
GALNT4	1	1	systemic_non_neural	1	moderate_0.2_0.5	core_exact_n10	0	1	0	1	12	7	0.24462157	rs10858884
GNE	1	1	systemic_non_neural	1	moderate_0.2_0.5	core_exact_n10	0	1	0	1	15	7	0.28472087	rs13291966
GPAA1	1	1	systemic_non_neural	1	moderate_0.2_0.5	core_exact_n10	0	1	0	1	12	7	0.26020494	rs7459603
HOXA1	1	1	neuro_systemic	1	hidden_lt0.2	core_exact_n10	0	1	0	1	18	7	0.17790943	rs799234
KLHDC1	1	1	systemic_non_neural	1	moderate_0.2_0.5	core_exact_n10	0	1	0	1	14	7	0.2728395	rs3126165
KRI1	1	1	systemic_non_neural	1	moderate_0.2_0.5	lower_recurrence_exact	0	1	0	1	9	7	0.27583	rs892010
LIG3	1	1	systemic_non_neural	1	hidden_lt0.2	core_exact_n10	0	1	0	1	19	7	0.17307416	rs3135983
MAF1	1	1	systemic_non_neural	1	moderate_0.2_0.5	core_exact_n10	0	1	0	1	12	7	0.26020494	rs7459603
MRPS26	1	1	systemic_non_neural	1	moderate_0.2_0.5	core_exact_n10	0	1	0	1	20	7	0.29652452	rs6076448
PLEC	1	1	systemic_non_neural	1	moderate_0.2_0.5	core_exact_n10	0	1	0	1	12	7	0.26020494	rs7459603
POC1B	1	1	systemic_non_neural	1	moderate_0.2_0.5	core_exact_n10	0	1	0	1	12	7	0.24462157	rs10858884
PTPRA	1	1	systemic_non_neural	1	moderate_0.2_0.5	core_exact_n10	0	1	0	1	20	7	0.29652452	rs6076448
RAD51D	1	1	systemic_non_neural	1	hidden_lt0.2	core_exact_n10	0	1	0	1	19	7	0.17307416	rs3135983
RNF38	1	1	systemic_non_neural	1	moderate_0.2_0.5	core_exact_n10	0	1	0	1	15	7	0.28472087	rs13291966
SKAP2	1	1	neuro_systemic	1	hidden_lt0.2	core_exact_n10	0	1	0	1	18	7	0.17790943	rs799234
WDR97	1	1	systemic_non_neural	1	moderate_0.2_0.5	core_exact_n10	0	1	0	1	12	7	0.26020494	rs7459603
WHAMM	1	1	neuro_systemic	1	hidden_lt0.2	core_exact_n10	0	1	0	1	10	7	0.15289468	rs10152258
ARF3	1	1	systemic_non_neural	1	moderate_0.2_0.5	lower_recurrence_exact	0	1	0	1	8	6	0.26789153	rs708242
C8G	1	1	systemic_non_neural	1	moderate_0.2_0.5	core_exact_n10	0	1	0	1	11	6	0.3336941	rs6560653
CCDC65	1	1	systemic_non_neural	1	moderate_0.2_0.5	lower_recurrence_exact	0	1	0	1	8	6	0.26789153	rs708242
CDK19	1	1	systemic_non_neural	1	moderate_0.2_0.5	lower_recurrence_exact	0	1	0	1	7	6	0.2762611	rs1279596
CHCHD5	1	1	systemic_non_neural	1	moderate_0.2_0.5	lower_recurrence_exact	0	1	0	1	8	6	0.23031048	rs10167775
CKAP2	1	1	neural_enriched	1	moderate_0.2_0.5	core_exact_n10	0	1	0	1	25	6	0.4368399	rs2094354
CLDN3	1	1	systemic_non_neural	1	moderate_0.2_0.5	lower_recurrence_exact	0	1	0	1	9	6	0.25026548	rs4440516
CPNE6	1	1	systemic_non_neural	1	moderate_0.2_0.5	lower_recurrence_exact	0	1	0	1	8	6	0.21933872	rs1951635
CSPG5	1	1	systemic_non_neural	1	hidden_lt0.2	core_exact_n10	0	1	0	1	13	6	0.17250706	rs6776963
DDB1	1	1	systemic_non_neural	1	hidden_lt0.2	core_exact_n10	0	1	0	1	13	6	0.18970318	rs896831
DDX25	1	1	neural_enriched	1	moderate_0.2_0.5	core_exact_n10	0	1	0	1	10	6	0.26398617	rs2845835
DHX30	1	1	systemic_non_neural	1	hidden_lt0.2	core_exact_n10	0	1	0	1	13	6	0.17250706	rs6776963
DNAH6	1	1	systemic_non_neural	1	hidden_lt0.2	core_exact_n10	0	1	0	1	12	6	0.18812592	rs12714129
DNAJC21	1	1	systemic_non_neural	1	moderate_0.2_0.5	core_exact_n10	0	1	0	1	11	6	0.20165749	rs251636
ELF2	1	1	neuro_systemic	1	moderate_0.2_0.5	lower_recurrence_exact	0	1	0	1	6	6	0.21131983	rs6819911
EXOSC4	1	1	systemic_non_neural	1	moderate_0.2_0.5	core_exact_n10	0	1	0	1	10	6	0.39817187	rs4977196
EXTL2	1	1	neuro_systemic	1	moderate_0.2_0.5	lower_recurrence_exact	0	1	0	1	9	6	0.31614304	rs6682873
FAH	1	1	neural_enriched	1	moderate_0.2_0.5	core_exact_n10	0	1	0	1	10	6	0.20586456	rs7183862
FARSA	1	1	systemic_non_neural	1	moderate_0.2_0.5	core_exact_n10	0	1	0	1	14	6	0.22567044	rs1205171
FBXW5	1	1	systemic_non_neural	1	moderate_0.2_0.5	core_exact_n10	0	1	0	1	11	6	0.3336941	rs6560653
FRMD8	1	1	systemic_non_neural	1	moderate_0.2_0.5	core_exact_n10	0	1	0	1	21	6	0.29280826	rs580933
FUT7	1	1	systemic_non_neural	1	moderate_0.2_0.5	core_exact_n10	0	1	0	1	11	6	0.3336941	rs6560653
GCSAM	1	1	systemic_non_neural	1	hidden_lt0.2	core_exact_n10	0	1	0	1	10	6	0.16574907	rs729641
GID4	1	1	systemic_non_neural	1	moderate_0.2_0.5	core_exact_n10	0	1	0	1	10	6	0.2701218	rs1108511
GTF3C6	1	1	systemic_non_neural	1	moderate_0.2_0.5	lower_recurrence_exact	0	1	0	1	7	6	0.2762611	rs1279596
HOOK2	1	1	systemic_non_neural	1	moderate_0.2_0.5	core_exact_n10	0	1	0	1	14	6	0.22567044	rs1205171
INSRR	1	1	neural_enriched	1	moderate_0.2_0.5	core_exact_n10	0	1	0	1	12	6	0.30011907	rs7522395
IRF9	1	1	systemic_non_neural	1	moderate_0.2_0.5	lower_recurrence_exact	0	1	0	1	8	6	0.21933872	rs1951635
KCNK2	1	1	neuro_systemic	1	moderate_0.2_0.5	lower_recurrence_exact	0	1	0	1	9	6	0.27521226	rs17024879
LAMA3	1	1	neural_enriched	1	moderate_0.2_0.5	core_exact_n10	0	1	0	1	13	6	0.2630888	rs8089140
LCN12	1	1	systemic_non_neural	1	moderate_0.2_0.5	core_exact_n10	0	1	0	1	11	6	0.3336941	rs6560653
MAST1	1	1	systemic_non_neural	1	moderate_0.2_0.5	core_exact_n10	0	1	0	1	14	6	0.22567044	rs1205171
MEIKIN	1	1	neuro_systemic	1	hidden_lt0.2	core_exact_n10	0	1	0	1	10	6	0.12770185	rs247004
MLST8	1	1	systemic_non_neural	1	moderate_0.2_0.5	core_exact_n10	0	1	0	1	18	6	0.29183432	rs36233
MROH1	1	1	neural_enriched	1	moderate_0.2_0.5	core_exact_n10	0	1	0	1	10	6	0.21424608	rs12542868
NBEAL2	1	1	systemic_non_neural	1	hidden_lt0.2	core_exact_n10	0	1	0	1	13	6	0.17250706	rs6776963
PCDHGA2	1	1	neuro_systemic	1	moderate_0.2_0.5	lower_recurrence_exact	0	1	0	1	8	6	0.2415571	rs4912608
PCDHGB5	1	1	neuro_systemic	1	moderate_0.2_0.5	lower_recurrence_exact	0	1	0	1	8	6	0.2415571	rs4912608
PCDHGB6	1	1	neuro_systemic	1	moderate_0.2_0.5	lower_recurrence_exact	0	1	0	1	8	6	0.2415571	rs4912608
PCDHGC5	1	1	neuro_systemic	1	moderate_0.2_0.5	lower_recurrence_exact	0	1	0	1	8	6	0.2415571	rs4912608
PCK2	1	1	systemic_non_neural	1	moderate_0.2_0.5	lower_recurrence_exact	0	1	0	1	8	6	0.21933872	rs1951635
PDCD7	1	1	systemic_non_neural	1	hidden_lt0.2	core_exact_n10	0	1	0	1	10	6	0.19132943	rs11071827
PKD1	1	1	systemic_non_neural	1	moderate_0.2_0.5	core_exact_n10	0	1	0	1	18	6	0.29183432	rs36233
POLR1B	1	1	systemic_non_neural	1	moderate_0.2_0.5	lower_recurrence_exact	0	1	0	1	8	6	0.23031048	rs10167775
PRAP1	1	1	systemic_non_neural	1	moderate_0.2_0.5	core_exact_n10	0	1	0	1	15	6	0.25878397	rs7074435
PYGM	1	1	neural_enriched	1	moderate_0.2_0.5	core_exact_n10	0	1	0	1	11	6	0.4456785	rs680273
RAD1	1	1	systemic_non_neural	1	moderate_0.2_0.5	core_exact_n10	0	1	0	1	11	6	0.20165749	rs251636
RELL2	1	1	neuro_systemic	1	moderate_0.2_0.5	lower_recurrence_exact	0	1	0	1	8	6	0.2415571	rs4912608
RND1	1	1	systemic_non_neural	1	moderate_0.2_0.5	lower_recurrence_exact	0	1	0	1	8	6	0.26789153	rs708242
RUBCN	1	1	systemic_non_neural	1	moderate_0.2_0.5	core_exact_n10	0	1	0	1	14	6	0.2536565	rs2885470
SCAP	1	1	systemic_non_neural	1	hidden_lt0.2	core_exact_n10	0	1	0	1	13	6	0.17250706	rs6776963
SCRN3	1	1	systemic_non_neural	1	hidden_lt0.2	core_exact_n10	0	1	0	1	10	6	0.17124742	rs7593976
SLC30A7	1	1	neuro_systemic	1	moderate_0.2_0.5	lower_recurrence_exact	0	1	0	1	9	6	0.31614304	rs6682873
SLC9A3R2	1	1	systemic_non_neural	1	moderate_0.2_0.5	core_exact_n10	0	1	0	1	18	6	0.29183432	rs36233
SLC9C1	1	1	systemic_non_neural	1	hidden_lt0.2	core_exact_n10	0	1	0	1	10	6	0.16574907	rs729641
SMARCC1	1	1	systemic_non_neural	1	hidden_lt0.2	core_exact_n10	0	1	0	1	13	6	0.17250706	rs6776963
TMA7	1	1	systemic_non_neural	1	hidden_lt0.2	core_exact_n10	0	1	0	1	13	6	0.17250706	rs6776963
TMEM138	1	1	systemic_non_neural	1	hidden_lt0.2	core_exact_n10	0	1	0	1	13	6	0.18970318	rs896831
TMEM167A	1	1	systemic_non_neural	1	moderate_0.2_0.5	lower_recurrence_exact	0	1	0	1	6	6	0.2409089	rs301286
TOM1L2	1	1	systemic_non_neural	1	moderate_0.2_0.5	core_exact_n10	0	1	0	1	10	6	0.2701218	rs1108511
TSC2	1	1	systemic_non_neural	1	moderate_0.2_0.5	core_exact_n10	0	1	0	1	18	6	0.29183432	rs36233
TTC39C	1	1	neural_enriched	1	moderate_0.2_0.5	core_exact_n10	0	1	0	1	13	6	0.2630888	rs8089140
VCPKMT	1	1	systemic_non_neural	1	moderate_0.2_0.5	lower_recurrence_exact	0	1	0	1	9	6	0.20371419	rs3100908
VPS36	1	1	neural_enriched	1	moderate_0.2_0.5	core_exact_n10	0	1	0	1	25	6	0.4368399	rs2094354
WIPF1	1	1	systemic_non_neural	1	hidden_lt0.2	core_exact_n10	0	1	0	1	10	6	0.17124742	rs7593976
ZC3H8	1	1	systemic_non_neural	1	moderate_0.2_0.5	lower_recurrence_exact	0	1	0	1	8	6	0.23031048	rs10167775
ZFAND6	1	1	neural_enriched	1	moderate_0.2_0.5	core_exact_n10	0	1	0	1	10	6	0.20586456	rs7183862
ZNF260	1	1	neural_enriched	1	moderate_0.2_0.5	core_exact_n10	0	1	0	1	11	6	0.4349079	rs2967473
ZNF567	1	1	neural_enriched	1	moderate_0.2_0.5	core_exact_n10	0	1	0	1	11	6	0.4349079	rs2967473
ATM	1	1	systemic_non_neural	1	moderate_0.2_0.5	lower_recurrence_exact	0	1	0	1	7	5	0.2075518	rs2118309
ATMIN	1	1	systemic_non_neural	1	moderate_0.2_0.5	core_exact_n10	0	1	0	1	12	5	0.21336487	rs2549860
B3GNT4	1	1	neural_enriched	1	moderate_0.2_0.5	core_exact_n10	0	1	0	1	12	5	0.2698536	rs7953290
BRMS1	1	1	systemic_non_neural	1	moderate_0.2_0.5	lower_recurrence_exact	0	1	0	1	5	5	0.25179148	rs1190621
C11ORF65	1	1	systemic_non_neural	1	moderate_0.2_0.5	lower_recurrence_exact	0	1	0	1	7	5	0.2075518	rs2118309
C15ORF65	1	1	systemic_non_neural	1	moderate_0.2_0.5	lower_recurrence_exact	0	1	0	1	9	5	0.23378216	rs11071182
C16ORF46	1	1	systemic_non_neural	1	moderate_0.2_0.5	core_exact_n10	0	1	0	1	12	5	0.21336487	rs2549860
C1QTNF1	1	1	systemic_non_neural	1	moderate_0.2_0.5	core_exact_n10	0	1	0	1	10	5	0.27770373	rs4497730
CAPN12	1	1	systemic_other	1	moderate_0.2_0.5	core_exact_n10	0	1	0	1	10	5	0.25513914	rs10403583
CCDC125	1	1	systemic_non_neural	1	moderate_0.2_0.5	lower_recurrence_exact	0	1	0	1	9	5	0.2856986	rs3756399
CD2BP2	1	1	systemic_non_neural	1	moderate_0.2_0.5	core_exact_n10	0	1	0	1	13	5	0.30197057	rs4788413
CDIP1	1	1	neural_enriched	1	hidden_lt0.2	core_exact_n10	0	1	0	1	13	5	0.1919092	rs11639998
CENPN	1	1	systemic_non_neural	1	moderate_0.2_0.5	core_exact_n10	0	1	0	1	12	5	0.21336487	rs2549860
CMC2	1	1	systemic_non_neural	1	moderate_0.2_0.5	core_exact_n10	0	1	0	1	12	5	0.21336487	rs2549860
COPG1	1	1	systemic_non_neural	1	moderate_0.2_0.5	core_exact_n10	0	1	0	1	12	5	0.2594923	rs11719332
CORO6	1	1	neuro_systemic	1	moderate_0.2_0.5	core_exact_n10	0	1	0	1	11	5	0.26948318	rs76392408
CORO7	1	1	neural_enriched	1	hidden_lt0.2	core_exact_n10	0	1	0	1	13	5	0.1919092	rs11639998
CSNK1E	1	1	neuro_systemic	1	moderate_0.2_0.5	lower_recurrence_exact	0	1	0	1	9	5	0.2216899	rs1534891
DAXX	1	1	systemic_non_neural	1	moderate_0.2_0.5	lower_recurrence_exact	0	1	0	1	7	5	0.26680374	rs413722
DCAF15	1	1	systemic_non_neural	1	moderate_0.2_0.5	core_exact_n10	0	1	0	1	11	5	0.21533835	rs11085876
DDX56	1	1	systemic_non_neural	1	moderate_0.2_0.5	core_exact_n10	0	1	0	1	12	5	0.30281863	rs2158564
DIABLO	1	1	neural_enriched	1	moderate_0.2_0.5	core_exact_n10	0	1	0	1	12	5	0.2698536	rs7953290
DIS3L	1	1	neuro_systemic	1	moderate_0.2_0.5	lower_recurrence_exact	0	1	0	1	6	5	0.34087244	rs8043062
DIXDC1	1	1	systemic_non_neural	1	moderate_0.2_0.5	lower_recurrence_exact	0	1	0	1	7	5	0.20181282	rs489417
DMC1	1	1	neuro_systemic	1	moderate_0.2_0.5	lower_recurrence_exact	0	1	0	1	9	5	0.2216899	rs1534891
DNAJA3	1	1	neural_enriched	1	hidden_lt0.2	core_exact_n10	0	1	0	1	13	5	0.1919092	rs11639998
EFCAB5	1	1	neuro_systemic	1	moderate_0.2_0.5	core_exact_n10	0	1	0	1	11	5	0.26948318	rs76392408
EIF2D	1	1	neural_enriched	1	hidden_lt0.2	core_exact_n10	0	1	0	1	10	5	0.16151658	rs4418597
ENGASE	1	1	systemic_non_neural	1	moderate_0.2_0.5	core_exact_n10	0	1	0	1	10	5	0.27770373	rs4497730
ERMAP	1	1	systemic_non_neural	1	moderate_0.2_0.5	lower_recurrence_exact	0	1	0	1	6	5	0.22086868	rs4660673
FAM47E	1	1	neural_enriched	1	moderate_0.2_0.5	core_exact_n10	0	1	0	1	10	5	0.21426542	rs2136050
FDXACB1	1	1	systemic_non_neural	1	moderate_0.2_0.5	lower_recurrence_exact	0	1	0	1	7	5	0.20181282	rs489417
FGF8	1	1	systemic_non_neural	1	moderate_0.2_0.5	lower_recurrence_exact	0	1	0	1	8	5	0.24609134	rs874885
GBA2	1	1	systemic_non_neural	1	moderate_0.2_0.5	lower_recurrence_exact	0	1	0	1	8	5	0.20118245	rs10738949
GTPBP8	1	1	neural_enriched	1	moderate_0.2_0.5	core_exact_n10	0	1	0	1	13	5	0.20893683	rs2306857
HMCES	1	1	systemic_non_neural	1	moderate_0.2_0.5	core_exact_n10	0	1	0	1	12	5	0.33029747	rs9865992
HPS6	1	1	systemic_non_neural	1	moderate_0.2_0.5	lower_recurrence_exact	0	1	0	1	8	5	0.24609134	rs874885
HYPK	1	1	systemic_non_neural	1	hidden_lt0.2	core_exact_n10	0	1	0	1	13	5	0.19473359	rs3844075
KCTD2	1	1	neural_enriched	1	moderate_0.2_0.5	core_exact_n10	0	1	0	1	11	5	0.28817633	rs902731
LGALS4	1	1	systemic_other	1	moderate_0.2_0.5	core_exact_n10	0	1	0	1	10	5	0.25513914	rs10403583
LZIC	1	1	systemic_non_neural	1	moderate_0.2_0.5	lower_recurrence_exact	0	1	0	1	8	5	0.20305653	rs6673580
MAP2K1	1	1	neuro_systemic	1	moderate_0.2_0.5	lower_recurrence_exact	0	1	0	1	6	5	0.34087244	rs8043062
MAP3K6	1	1	systemic_non_neural	1	moderate_0.2_0.5	lower_recurrence_exact	0	1	0	1	8	5	0.31129894	rs3813790
MFN2	1	1	systemic_other	1	hidden_lt0.2	core_exact_n10	0	1	0	1	10	5	0.16618136	rs7535555
MGRN1	1	1	neural_enriched	1	hidden_lt0.2	core_exact_n10	0	1	0	1	13	5	0.1919092	rs11639998
MIIP	1	1	systemic_other	1	hidden_lt0.2	core_exact_n10	0	1	0	1	10	5	0.16618136	rs7535555
MRM2	1	1	systemic_non_neural	1	moderate_0.2_0.5	lower_recurrence_exact	0	1	0	1	9	5	0.23480022	rs6970973
MSLN	1	1	systemic_non_neural	1	moderate_0.2_0.5	lower_recurrence_exact	0	1	0	1	7	5	0.4742538	rs3765317
MSLNL	1	1	systemic_non_neural	1	moderate_0.2_0.5	lower_recurrence_exact	0	1	0	1	7	5	0.4742538	rs3765317
MYLPF	1	1	systemic_non_neural	1	moderate_0.2_0.5	core_exact_n10	0	1	0	1	13	5	0.30197057	rs4788413
MYO15B	1	1	neuro_systemic	1	moderate_0.2_0.5	lower_recurrence_exact	0	1	0	1	6	5	0.20538901	rs4238984
NEPRO	1	1	neural_enriched	1	moderate_0.2_0.5	core_exact_n10	0	1	0	1	13	5	0.20893683	rs2306857
NEURL3	1	1	systemic_non_neural	1	moderate_0.2_0.5	lower_recurrence_exact	0	1	0	1	7	5	0.2518864	rs596069
NMNAT1	1	1	systemic_non_neural	1	moderate_0.2_0.5	lower_recurrence_exact	0	1	0	1	8	5	0.20305653	rs6673580
NPAT	1	1	systemic_non_neural	1	moderate_0.2_0.5	lower_recurrence_exact	0	1	0	1	7	5	0.2075518	rs2118309
NPC1	1	1	systemic_non_neural	1	moderate_0.2_0.5	lower_recurrence_exact	0	1	0	1	9	5	0.39601558	rs6507686
NPM3	1	1	systemic_non_neural	1	moderate_0.2_0.5	lower_recurrence_exact	0	1	0	1	8	5	0.24609134	rs874885
NUDT1	1	1	systemic_non_neural	1	moderate_0.2_0.5	lower_recurrence_exact	0	1	0	1	9	5	0.23480022	rs6970973
OCLN	1	1	systemic_non_neural	1	moderate_0.2_0.5	lower_recurrence_exact	0	1	0	1	9	5	0.2856986	rs3756399
PAM16	1	1	neural_enriched	1	hidden_lt0.2	core_exact_n10	0	1	0	1	13	5	0.1919092	rs11639998
PDF	1	1	systemic_non_neural	1	moderate_0.2_0.5	core_exact_n10	0	1	0	1	10	5	0.20884864	rs12103226
PDIA3	1	1	systemic_non_neural	1	hidden_lt0.2	core_exact_n10	0	1	0	1	13	5	0.19473359	rs3844075
PDLIM7	1	1	neuro_systemic	1	moderate_0.2_0.5	lower_recurrence_exact	0	1	0	1	6	5	0.20047268	rs114422170
PI4K2B	1	1	neural_enriched	1	moderate_0.2_0.5	core_exact_n10	0	1	0	1	10	5	0.24058484	rs313567
PIAS3	1	1	neural_enriched	1	moderate_0.2_0.5	lower_recurrence_exact	0	1	0	1	6	5	0.28420863	rs4636400
POLDIP3	1	1	neuro_systemic	1	moderate_0.2_0.5	lower_recurrence_exact	0	1	0	1	5	5	0.20751545	rs2413692
POLR3GL	1	1	neural_enriched	1	moderate_0.2_0.5	lower_recurrence_exact	0	1	0	1	6	5	0.28420863	rs4636400
PPP1R16A	1	1	systemic_non_neural	1	moderate_0.2_0.5	lower_recurrence_exact	0	1	0	1	6	5	0.20193586	rs10111332
PSMB5	1	1	neuro_systemic	1	moderate_0.2_0.5	core_exact_n10	0	1	0	1	11	5	0.21816213	rs8003201
PSMG4	1	1	systemic_non_neural	1	moderate_0.2_0.5	core_exact_n10	0	1	0	1	16	5	0.2836327	rs4296931
RASSF5	1	1	neural_enriched	1	hidden_lt0.2	core_exact_n10	0	1	0	1	10	5	0.16151658	rs4418597
RBBP8	1	1	systemic_non_neural	1	moderate_0.2_0.5	lower_recurrence_exact	0	1	0	1	9	5	0.39601558	rs6507686
RBP7	1	1	systemic_non_neural	1	moderate_0.2_0.5	lower_recurrence_exact	0	1	0	1	8	5	0.20305653	rs6673580
RNF19B	1	1	systemic_non_neural	1	moderate_0.2_0.5	lower_recurrence_exact	0	1	0	1	8	5	0.23151976	rs4376697
RRP7A	1	1	neuro_systemic	1	moderate_0.2_0.5	lower_recurrence_exact	0	1	0	1	5	5	0.20751545	rs2413692
S100PBP	1	1	systemic_non_neural	1	moderate_0.2_0.5	lower_recurrence_exact	0	1	0	1	8	5	0.23151976	rs4376697
SCARB2	1	1	neural_enriched	1	moderate_0.2_0.5	core_exact_n10	0	1	0	1	10	5	0.21426542	rs2136050
SERF2	1	1	systemic_non_neural	1	hidden_lt0.2	core_exact_n10	0	1	0	1	13	5	0.19473359	rs3844075
SERHL2	1	1	neuro_systemic	1	moderate_0.2_0.5	lower_recurrence_exact	0	1	0	1	5	5	0.20751545	rs2413692
SHROOM3	1	1	neural_enriched	1	moderate_0.2_0.5	core_exact_n10	0	1	0	1	10	5	0.21426542	rs2136050
SLC29A2	1	1	systemic_non_neural	1	moderate_0.2_0.5	core_exact_n10	0	1	0	1	12	5	0.27216986	rs7941602
SLC43A3	1	1	systemic_non_neural	1	moderate_0.2_0.5	core_exact_n10	0	1	0	1	11	5	0.22030085	rs2584862
SLC9A1	1	1	systemic_non_neural	1	moderate_0.2_0.5	lower_recurrence_exact	0	1	0	1	8	5	0.31129894	rs3813790
SNRNP200	1	1	systemic_non_neural	1	moderate_0.2_0.5	lower_recurrence_exact	0	1	0	1	7	5	0.2518864	rs596069
SPAAR	1	1	systemic_non_neural	1	moderate_0.2_0.5	lower_recurrence_exact	0	1	0	1	8	5	0.20118245	rs10738949
SPAG8	1	1	systemic_non_neural	1	moderate_0.2_0.5	lower_recurrence_exact	0	1	0	1	8	5	0.20118245	rs10738949
SSH2	1	1	neuro_systemic	1	moderate_0.2_0.5	core_exact_n10	0	1	0	1	11	5	0.26948318	rs76392408
STBD1	1	1	neural_enriched	1	moderate_0.2_0.5	core_exact_n10	0	1	0	1	10	5	0.21426542	rs2136050
SUDS3	1	1	neuro_systemic	1	moderate_0.2_0.5	lower_recurrence_exact	0	1	0	1	6	5	0.22067742	rs7977921
SVBP	1	1	systemic_non_neural	1	moderate_0.2_0.5	lower_recurrence_exact	0	1	0	1	6	5	0.22086868	rs4660673
SYNC	1	1	systemic_non_neural	1	moderate_0.2_0.5	lower_recurrence_exact	0	1	0	1	7	5	0.24974442	rs403352
TBC1D10B	1	1	systemic_non_neural	1	moderate_0.2_0.5	core_exact_n10	0	1	0	1	13	5	0.30197057	rs4788413
TEC	1	1	neuro_systemic	1	moderate_0.2_0.5	lower_recurrence_exact	0	1	0	1	9	5	0.3922607	rs7659164
TGFB3	1	1	neural_enriched	1	moderate_0.2_0.5	core_exact_n10	0	1	0	1	13	5	0.45935357	rs8018962
TMED9	1	1	neuro_systemic	1	moderate_0.2_0.5	lower_recurrence_exact	0	1	0	1	6	5	0.20047268	rs114422170
TMEM203	1	1	systemic_non_neural	1	moderate_0.2_0.5	core_exact_n10	0	1	0	1	11	5	0.26036975	rs13288591
TMEM222	1	1	systemic_non_neural	1	moderate_0.2_0.5	lower_recurrence_exact	0	1	0	1	8	5	0.31129894	rs3813790
TMEM8B	1	1	systemic_non_neural	1	moderate_0.2_0.5	lower_recurrence_exact	0	1	0	1	8	5	0.20118245	rs10738949
TPRN	1	1	systemic_non_neural	1	moderate_0.2_0.5	core_exact_n10	0	1	0	1	11	5	0.26036975	rs13288591
TRIM4	1	1	neuro_systemic	1	moderate_0.2_0.5	lower_recurrence_exact	0	1	0	1	7	5	0.22891818	rs6967287
TUBB2B	1	1	systemic_non_neural	1	moderate_0.2_0.5	core_exact_n10	0	1	0	1	16	5	0.2836327	rs4296931
UBE4B	1	1	systemic_non_neural	1	moderate_0.2_0.5	lower_recurrence_exact	0	1	0	1	8	5	0.20305653	rs6673580
VASN	1	1	neural_enriched	1	hidden_lt0.2	core_exact_n10	0	1	0	1	13	5	0.1919092	rs11639998
VPS33A	1	1	neural_enriched	1	moderate_0.2_0.5	core_exact_n10	0	1	0	1	12	5	0.2698536	rs7953290
VPS4A	1	1	neuro_systemic	1	moderate_0.2_0.5	lower_recurrence_exact	0	1	0	1	9	5	0.21344654	rs153047
VSIG10	1	1	neuro_systemic	1	moderate_0.2_0.5	lower_recurrence_exact	0	1	0	1	6	5	0.22067742	rs7977921
YPEL3	1	1	systemic_non_neural	1	moderate_0.2_0.5	core_exact_n10	0	1	0	1	13	5	0.30197057	rs4788413
ZBTB22	1	1	systemic_non_neural	1	moderate_0.2_0.5	lower_recurrence_exact	0	1	0	1	7	5	0.26680374	rs413722
ZBTB8OS	1	1	systemic_non_neural	1	moderate_0.2_0.5	lower_recurrence_exact	0	1	0	1	7	5	0.24974442	rs403352
ZCCHC4	1	1	neural_enriched	1	moderate_0.2_0.5	core_exact_n10	0	1	0	1	10	5	0.24058484	rs313567
ZKSCAN1	1	1	neuro_systemic	1	moderate_0.2_0.5	lower_recurrence_exact	0	1	0	1	7	5	0.22891818	rs6967287
ZMIZ2	1	1	systemic_non_neural	1	moderate_0.2_0.5	core_exact_n10	0	1	0	1	12	5	0.30281863	rs2158564
ZNF155	1	1	neural_enriched	1	moderate_0.2_0.5	core_exact_n10	0	1	0	1	10	5	0.22555488	rs451388
ZNF223	1	1	neural_enriched	1	moderate_0.2_0.5	core_exact_n10	0	1	0	1	10	5	0.22555488	rs451388
ZNF227	1	1	neural_enriched	1	moderate_0.2_0.5	core_exact_n10	0	1	0	1	10	5	0.22555488	rs451388
ZNF284	1	1	neural_enriched	1	moderate_0.2_0.5	core_exact_n10	0	1	0	1	10	5	0.22555488	rs451388
ZNF3	1	1	neuro_systemic	1	moderate_0.2_0.5	lower_recurrence_exact	0	1	0	1	7	5	0.22891818	rs6967287
ZSCAN29	1	1	systemic_non_neural	1	hidden_lt0.2	core_exact_n10	0	1	0	1	13	5	0.19473359	rs3844075
ABHD12	1	1	systemic_non_neural	1	moderate_0.2_0.5	lower_recurrence_exact	0	1	0	1	6	4	0.22639383	rs2263205
ADAMTS13	1	1	systemic_non_neural	1	moderate_0.2_0.5	lower_recurrence_exact	0	1	0	1	8	4	0.22487718	rs3118665
ATP10D	1	1	neural_enriched	1	moderate_0.2_0.5	core_exact_n10	0	1	0	1	10	4	0.29628766	rs1440227
ATP6V1E2	1	1	neuro_systemic	1	moderate_0.2_0.5	lower_recurrence_exact	0	1	0	1	6	4	0.20262714	rs896213
ATP7B	1	1	systemic_non_neural	1	moderate_0.2_0.5	lower_recurrence_exact	0	1	0	1	6	4	0.20012061	rs2031993
C11ORF52	1	1	systemic_other	1	moderate_0.2_0.5	lower_recurrence_exact	0	1	0	1	9	4	0.23413588	rs10891304
CABYR	1	1	systemic_other	1	hidden_lt0.2	core_exact_n10	0	1	0	1	11	4	0.1398399	rs9304446
CACFD1	1	1	systemic_non_neural	1	moderate_0.2_0.5	lower_recurrence_exact	0	1	0	1	8	4	0.22487718	rs3118665
CANX	1	1	systemic_non_neural	1	moderate_0.2_0.5	lower_recurrence_exact	0	1	0	1	9	4	0.25589523	rs4701197
CCDC88A	1	1	systemic_non_neural	1	moderate_0.2_0.5	lower_recurrence_exact	0	1	0	1	7	4	0.20252559	rs7579539
CDH23	1	1	systemic_non_neural	1	moderate_0.2_0.5	lower_recurrence_exact	0	1	0	1	7	4	0.292292	rs10740378
CFAP97	1	1	neuro_systemic	1	moderate_0.2_0.5	lower_recurrence_exact	0	1	0	1	7	4	0.32509223	rs2692593
CHEK1	1	1	neuro_systemic	1	moderate_0.2_0.5	lower_recurrence_exact	0	1	0	1	7	4	0.20307174	rs2702023
CILP	1	1	systemic_non_neural	1	moderate_0.2_0.5	lower_recurrence_exact	0	1	0	1	6	4	0.22311312	rs556177
CLHC1	1	1	systemic_non_neural	1	moderate_0.2_0.5	lower_recurrence_exact	0	1	0	1	7	4	0.20252559	rs7579539
CNGA1	1	1	neuro_systemic	1	moderate_0.2_0.5	lower_recurrence_exact	0	1	0	1	8	4	0.26218316	rs2289433
CNNM2	1	1	neuro_systemic	1	moderate_0.2_0.5	lower_recurrence_exact	0	1	0	1	5	4	0.24321872	rs7897947
CNOT8	1	1	neural_enriched	1	moderate_0.2_0.5	core_exact_n10	0	1	0	1	11	4	0.3439029	rs2161128
CNP	1	1	systemic_non_neural	1	moderate_0.2_0.5	lower_recurrence_exact	0	1	0	1	7	4	0.23043399	rs4378665
COQ5	1	1	neuro_systemic	1	moderate_0.2_0.5	lower_recurrence_exact	0	1	0	1	7	4	0.21005246	rs12857
CORIN	1	1	neural_enriched	1	moderate_0.2_0.5	core_exact_n10	0	1	0	1	10	4	0.29628766	rs1440227
CXCL17	1	1	systemic_non_neural	1	moderate_0.2_0.5	lower_recurrence_exact	0	1	0	1	5	4	0.20768347	rs10422283
CYB5D1	1	1	systemic_non_neural	1	moderate_0.2_0.5	lower_recurrence_exact	0	1	0	1	7	4	0.22976127	rs2111437
CYTH2	1	1	systemic_non_neural	1	moderate_0.2_0.5	lower_recurrence_exact	0	1	0	1	8	4	0.20350038	rs1643489
DLAT	1	1	systemic_other	1	moderate_0.2_0.5	lower_recurrence_exact	0	1	0	1	9	4	0.23413588	rs10891304
DNAJC7	1	1	systemic_non_neural	1	moderate_0.2_0.5	lower_recurrence_exact	0	1	0	1	7	4	0.23043399	rs4378665
DNALI1	1	1	systemic_non_neural	1	moderate_0.2_0.5	lower_recurrence_exact	0	1	0	1	7	4	0.21339448	rs215208
DSN1	1	1	systemic_non_neural	1	moderate_0.2_0.5	lower_recurrence_exact	0	1	0	1	7	4	0.30358148	rs2425269
DTD1	1	1	neural_enriched	1	hidden_lt0.2	core_exact_n10	0	1	0	1	15	4	0.19289179	rs2247757
DTWD1	1	1	systemic_non_neural	1	moderate_0.2_0.5	lower_recurrence_exact	0	1	0	1	9	4	0.23128498	rs577614
DZANK1	1	1	neural_enriched	1	hidden_lt0.2	core_exact_n10	0	1	0	1	15	4	0.19289179	rs2247757
EDF1	1	1	systemic_non_neural	1	moderate_0.2_0.5	lower_recurrence_exact	0	1	0	1	9	4	0.2117397	rs2811795
ELK4	1	1	neuro_systemic	1	moderate_0.2_0.5	lower_recurrence_exact	0	1	0	1	7	4	0.20143165	rs7539751
ENO2	1	1	systemic_non_neural	1	moderate_0.2_0.5	lower_recurrence_exact	0	1	0	1	6	4	0.2413952	rs7966756
ENO4	1	1	systemic_non_neural	1	moderate_0.2_0.5	lower_recurrence_exact	0	1	0	1	7	4	0.21238507	rs7901788
ENTPD6	1	1	systemic_non_neural	1	moderate_0.2_0.5	lower_recurrence_exact	0	1	0	1	6	4	0.22639383	rs2263205
FAM102A	1	1	systemic_non_neural	1	moderate_0.2_0.5	lower_recurrence_exact	0	1	0	1	5	4	0.20043547	rs7028190
FAM167A	1	1	systemic_non_neural	1	moderate_0.2_0.5	lower_recurrence_exact	0	1	0	1	9	4	0.27014324	rs2618479
FAM171B	1	1	systemic_non_neural	1	moderate_0.2_0.5	lower_recurrence_exact	0	1	0	1	4	4	0.3595456	rs1451874
FASTKD1	1	1	neuro_systemic	1	moderate_0.2_0.5	lower_recurrence_exact	0	1	0	1	7	4	0.348564	rs13008146
FAXDC2	1	1	neural_enriched	1	moderate_0.2_0.5	core_exact_n10	0	1	0	1	11	4	0.3439029	rs2161128
FBLN2	1	1	systemic_non_neural	1	moderate_0.2_0.5	lower_recurrence_exact	0	1	0	1	7	4	0.23188013	rs1812622
FBXO16	1	1	systemic_other	1	moderate_0.2_0.5	core_exact_n10	0	1	0	1	13	4	0.3351294	rs6993934
FBXW4	1	1	systemic_non_neural	1	moderate_0.2_0.5	lower_recurrence_exact	0	1	0	1	9	4	0.23228773	rs17770716
FDFT1	1	1	systemic_non_neural	1	moderate_0.2_0.5	lower_recurrence_exact	0	1	0	1	9	4	0.27014324	rs2618479
FDX1	1	1	systemic_other	1	hidden_lt0.2	core_exact_n10	0	1	0	1	11	4	0.1911605	rs898847
FOXK2	1	1	systemic_non_neural	1	moderate_0.2_0.5	lower_recurrence_exact	0	1	0	1	7	4	0.20454827	rs12950178
FRAT1	1	1	systemic_other	1	moderate_0.2_0.5	core_exact_n10	0	1	0	1	10	4	0.24824248	rs1253402
FZD3	1	1	systemic_other	1	moderate_0.2_0.5	core_exact_n10	0	1	0	1	13	4	0.3351294	rs6993934
GATC	1	1	neuro_systemic	1	moderate_0.2_0.5	lower_recurrence_exact	0	1	0	1	7	4	0.21005246	rs12857
GGT1	1	1	neuro_systemic	1	moderate_0.2_0.5	lower_recurrence_exact	0	1	0	1	8	4	0.24025474	rs3788374
GIMAP1	1	1	neuro_systemic	1	moderate_0.2_0.5	lower_recurrence_exact	0	1	0	1	7	4	0.2064534	rs1317559
GIMAP5	1	1	neuro_systemic	1	moderate_0.2_0.5	lower_recurrence_exact	0	1	0	1	7	4	0.2064534	rs1317559
GIMAP8	1	1	neuro_systemic	1	moderate_0.2_0.5	lower_recurrence_exact	0	1	0	1	7	4	0.2064534	rs1317559
GYS1	1	1	systemic_non_neural	1	moderate_0.2_0.5	lower_recurrence_exact	0	1	0	1	6	4	0.21229462	rs8111833
HAUS2	1	1	systemic_non_neural	1	moderate_0.2_0.5	lower_recurrence_exact	0	1	0	1	8	4	0.20385575	rs11631983
HDAC11	1	1	systemic_non_neural	1	moderate_0.2_0.5	lower_recurrence_exact	0	1	0	1	7	4	0.23188013	rs1812622
HMGN1	1	1	systemic_other	1	hidden_lt0.2	core_exact_n10	0	1	0	1	10	4	0.19112293	rs2272576
HOXB3	1	1	neural_enriched	1	moderate_0.2_0.5	core_exact_n10	0	1	0	1	13	4	0.2861855	rs6504280
HOXB6	1	1	neural_enriched	1	moderate_0.2_0.5	core_exact_n10	0	1	0	1	13	4	0.2861855	rs6504280
HPS4	1	1	systemic_non_neural	1	moderate_0.2_0.5	lower_recurrence_exact	0	1	0	1	8	4	0.20331544	rs1008530
HSPA12A	1	1	systemic_non_neural	1	moderate_0.2_0.5	lower_recurrence_exact	0	1	0	1	7	4	0.21238507	rs7901788
HSPB2	1	1	systemic_other	1	moderate_0.2_0.5	lower_recurrence_exact	0	1	0	1	9	4	0.23413588	rs10891304
IL36RN	1	1	neuro_systemic	1	moderate_0.2_0.5	lower_recurrence_exact	0	1	0	1	8	4	0.38852778	rs6542109
IL37	1	1	neuro_systemic	1	moderate_0.2_0.5	lower_recurrence_exact	0	1	0	1	8	4	0.38852778	rs6542109
INO80E	1	1	neuro_systemic	1	moderate_0.2_0.5	lower_recurrence_exact	0	1	0	1	5	4	0.22129238	rs8047140
ITGAL	1	1	neural_enriched	1	moderate_0.2_0.5	core_exact_n10	0	1	0	1	11	4	0.3382113	rs3087438
ITGAV	1	1	systemic_non_neural	1	moderate_0.2_0.5	lower_recurrence_exact	0	1	0	1	4	4	0.3595456	rs1451874
ITGB4	1	1	systemic_non_neural	1	moderate_0.2_0.5	lower_recurrence_exact	0	1	0	1	9	4	0.28939256	rs820176
KCNIP2	1	1	systemic_non_neural	1	moderate_0.2_0.5	lower_recurrence_exact	0	1	0	1	9	4	0.23228773	rs17770716
KCNJ14	1	1	systemic_non_neural	1	moderate_0.2_0.5	lower_recurrence_exact	0	1	0	1	8	4	0.20350038	rs1643489
KCTD13	1	1	neuro_systemic	1	moderate_0.2_0.5	lower_recurrence_exact	0	1	0	1	5	4	0.22129238	rs8047140
KCTD7	1	1	systemic_non_neural	1	moderate_0.2_0.5	lower_recurrence_exact	0	1	0	1	8	4	0.36613286	rs4718273
KIAA1143	1	1	systemic_non_neural	1	moderate_0.2_0.5	lower_recurrence_exact	0	1	0	1	9	4	0.26222578	rs13087917
KIF15	1	1	systemic_non_neural	1	moderate_0.2_0.5	lower_recurrence_exact	0	1	0	1	9	4	0.26222578	rs13087917
LIX1L	1	1	neuro_systemic	1	moderate_0.2_0.5	lower_recurrence_exact	0	1	0	1	9	4	0.27648348	rs7212
LRIG2	1	1	systemic_other	1	moderate_0.2_0.5	core_exact_n10	0	1	0	1	13	4	0.27480742	rs773432
LRRC57	1	1	systemic_non_neural	1	moderate_0.2_0.5	lower_recurrence_exact	0	1	0	1	8	4	0.20385575	rs11631983
LRRC75B	1	1	neuro_systemic	1	moderate_0.2_0.5	lower_recurrence_exact	0	1	0	1	8	4	0.24025474	rs3788374
MAML1	1	1	systemic_non_neural	1	moderate_0.2_0.5	lower_recurrence_exact	0	1	0	1	9	4	0.25589523	rs4701197
MAN2C1	1	1	systemic_non_neural	1	moderate_0.2_0.5	lower_recurrence_exact	0	1	0	1	7	4	0.21932945	rs7166737
MAP2K4	1	1	systemic_other	1	moderate_0.2_0.5	core_exact_n10	0	1	0	1	10	4	0.20322615	rs4450439
MCM6	1	1	neuro_systemic	1	moderate_0.2_0.5	lower_recurrence_exact	0	1	0	1	8	4	0.23346384	rs3769025
MDM2	1	1	neuro_systemic	1	moderate_0.2_0.5	lower_recurrence_exact	0	1	0	1	7	4	0.2794499	rs2291857
MED22	1	1	systemic_non_neural	1	moderate_0.2_0.5	lower_recurrence_exact	0	1	0	1	8	4	0.22487718	rs3118665
MEGF8	1	1	systemic_non_neural	1	moderate_0.2_0.5	lower_recurrence_exact	0	1	0	1	5	4	0.20768347	rs10422283
MFSD13A	1	1	neuro_systemic	1	moderate_0.2_0.5	lower_recurrence_exact	0	1	0	1	5	4	0.24321872	rs7897947
MFSD4A	1	1	neuro_systemic	1	moderate_0.2_0.5	lower_recurrence_exact	0	1	0	1	7	4	0.20143165	rs7539751
MILR1	1	1	systemic_non_neural	1	moderate_0.2_0.5	lower_recurrence_exact	0	1	0	1	5	4	0.208662	rs6504234
MISP3	1	1	neuro_systemic	1	moderate_0.2_0.5	lower_recurrence_exact	0	1	0	1	7	4	0.43332648	rs2306190
MRPL55	1	1	neuro_systemic	1	moderate_0.2_0.5	lower_recurrence_exact	0	1	0	1	6	4	0.21420178	rs601050
MRPS18A	1	1	neuro_systemic	1	moderate_0.2_0.5	lower_recurrence_exact	0	1	0	1	5	4	0.201872	rs12661262
MYO18A	1	1	neuro_systemic	1	moderate_0.2_0.5	lower_recurrence_exact	0	1	0	1	8	4	0.24686666	rs9900880
MYO1D	1	1	systemic_other	1	moderate_0.2_0.5	core_exact_n10	0	1	0	1	11	4	0.29765162	rs8069868
NAIF1	1	1	neural_enriched	1	moderate_0.2_0.5	core_exact_n10	0	1	0	1	11	4	0.2807361	rs10739708
NDUFS8	1	1	neural_enriched	1	moderate_0.2_0.5	lower_recurrence_exact	0	1	0	1	7	4	0.20835792	rs3808970
NGLY1	1	1	systemic_non_neural	1	moderate_0.2_0.5	lower_recurrence_exact	0	1	0	1	4	4	0.26991495	rs4681079
NIPAL1	1	1	neuro_systemic	1	moderate_0.2_0.5	lower_recurrence_exact	0	1	0	1	8	4	0.26218316	rs2289433
NQO2	1	1	systemic_non_neural	1	moderate_0.2_0.5	lower_recurrence_exact	0	1	0	1	5	4	0.20867495	rs927340
NUCB1	1	1	systemic_non_neural	1	moderate_0.2_0.5	lower_recurrence_exact	0	1	0	1	6	4	0.21229462	rs8111833
NUFIP2	1	1	neuro_systemic	1	moderate_0.2_0.5	lower_recurrence_exact	0	1	0	1	8	4	0.24686666	rs9900880
OSBPL1A	1	1	systemic_other	1	hidden_lt0.2	core_exact_n10	0	1	0	1	11	4	0.1398399	rs9304446
OSMR	1	1	neuro_systemic	1	moderate_0.2_0.5	lower_recurrence_exact	0	1	0	1	5	4	0.20432311	rs1239274
OXSM	1	1	systemic_non_neural	1	moderate_0.2_0.5	lower_recurrence_exact	0	1	0	1	4	4	0.26991495	rs4681079
PARP16	1	1	systemic_non_neural	1	moderate_0.2_0.5	lower_recurrence_exact	0	1	0	1	6	4	0.22311312	rs556177
PHB2	1	1	systemic_non_neural	1	moderate_0.2_0.5	lower_recurrence_exact	0	1	0	1	6	4	0.2413952	rs7966756
PIGF	1	1	neuro_systemic	1	moderate_0.2_0.5	lower_recurrence_exact	0	1	0	1	6	4	0.20262714	rs896213
PIK3CA	1	1	neuro_systemic	1	moderate_0.2_0.5	lower_recurrence_exact	0	1	0	1	7	4	0.20656647	rs9861291
POLH	1	1	neuro_systemic	1	moderate_0.2_0.5	lower_recurrence_exact	0	1	0	1	5	4	0.201872	rs12661262
POLR1C	1	1	neuro_systemic	1	moderate_0.2_0.5	lower_recurrence_exact	0	1	0	1	6	4	0.2082024	rs6924483
POP5	1	1	neuro_systemic	1	moderate_0.2_0.5	lower_recurrence_exact	0	1	0	1	7	4	0.21005246	rs12857
PPIG	1	1	neuro_systemic	1	moderate_0.2_0.5	lower_recurrence_exact	0	1	0	1	7	4	0.348564	rs13008146
PSD	1	1	neuro_systemic	1	moderate_0.2_0.5	lower_recurrence_exact	0	1	0	1	5	4	0.24321872	rs7897947
PSD4	1	1	neuro_systemic	1	moderate_0.2_0.5	lower_recurrence_exact	0	1	0	1	8	4	0.38852778	rs6542109
PSMD11	1	1	systemic_other	1	moderate_0.2_0.5	core_exact_n10	0	1	0	1	11	4	0.29765162	rs8069868
PTDSS2	1	1	systemic_non_neural	1	moderate_0.2_0.5	lower_recurrence_exact	0	1	0	1	7	4	0.21810357	rs211527
PYGB	1	1	systemic_non_neural	1	moderate_0.2_0.5	lower_recurrence_exact	0	1	0	1	6	4	0.22639383	rs2263205
RAB33B	1	1	systemic_non_neural	1	moderate_0.2_0.5	lower_recurrence_exact	0	1	0	1	7	4	0.2326019	rs17346134
RBL1	1	1	systemic_non_neural	1	moderate_0.2_0.5	lower_recurrence_exact	0	1	0	1	7	4	0.30358148	rs2425269
RECQL5	1	1	systemic_non_neural	1	moderate_0.2_0.5	lower_recurrence_exact	0	1	0	1	9	4	0.28939256	rs820176
RGL3	1	1	systemic_non_neural	1	moderate_0.2_0.5	lower_recurrence_exact	0	1	0	1	9	4	0.22552267	rs318699
RHOQ	1	1	neuro_systemic	1	moderate_0.2_0.5	lower_recurrence_exact	0	1	0	1	6	4	0.20262714	rs896213
RICTOR	1	1	neuro_systemic	1	moderate_0.2_0.5	lower_recurrence_exact	0	1	0	1	5	4	0.20432311	rs1239274
RITA1	1	1	systemic_other	1	moderate_0.2_0.5	lower_recurrence_exact	0	1	0	1	5	4	0.23010635	rs10850133
RNF10	1	1	neuro_systemic	1	moderate_0.2_0.5	lower_recurrence_exact	0	1	0	1	7	4	0.21005246	rs12857
RNH1	1	1	systemic_non_neural	1	moderate_0.2_0.5	lower_recurrence_exact	0	1	0	1	7	4	0.21810357	rs211527
RRP12	1	1	systemic_other	1	moderate_0.2_0.5	core_exact_n10	0	1	0	1	10	4	0.24824248	rs1253402
RUFY3	1	1	systemic_non_neural	1	moderate_0.2_0.5	lower_recurrence_exact	0	1	0	1	6	4	0.2746347	rs10446507
RUVBL2	1	1	systemic_non_neural	1	moderate_0.2_0.5	lower_recurrence_exact	0	1	0	1	6	4	0.21229462	rs8111833
S100A11	1	1	systemic_non_neural	1	moderate_0.2_0.5	lower_recurrence_exact	0	1	0	1	7	4	0.27751768	rs1552607
SAP30BP	1	1	systemic_non_neural	1	moderate_0.2_0.5	lower_recurrence_exact	0	1	0	1	9	4	0.28939256	rs820176
SEC23B	1	1	neural_enriched	1	hidden_lt0.2	core_exact_n10	0	1	0	1	15	4	0.19289179	rs2247757
SECISBP2L	1	1	systemic_non_neural	1	moderate_0.2_0.5	lower_recurrence_exact	0	1	0	1	9	4	0.23128498	rs577614
SEPHS2	1	1	neural_enriched	1	moderate_0.2_0.5	core_exact_n10	0	1	0	1	11	4	0.3382113	rs3087438
SFXN2	1	1	neuro_systemic	1	moderate_0.2_0.5	lower_recurrence_exact	0	1	0	1	5	4	0.24321872	rs7897947
SIN3A	1	1	systemic_non_neural	1	moderate_0.2_0.5	lower_recurrence_exact	0	1	0	1	7	4	0.21932945	rs7166737
SLC25A25	1	1	neural_enriched	1	moderate_0.2_0.5	core_exact_n10	0	1	0	1	11	4	0.2807361	rs10739708
SLC29A3	1	1	systemic_non_neural	1	moderate_0.2_0.5	lower_recurrence_exact	0	1	0	1	7	4	0.292292	rs10740378
SLC35E3	1	1	neuro_systemic	1	moderate_0.2_0.5	lower_recurrence_exact	0	1	0	1	7	4	0.2794499	rs2291857
SMIM5	1	1	systemic_non_neural	1	moderate_0.2_0.5	lower_recurrence_exact	0	1	0	1	9	4	0.28939256	rs820176
SMIM6	1	1	systemic_non_neural	1	moderate_0.2_0.5	lower_recurrence_exact	0	1	0	1	9	4	0.28939256	rs820176
SNAP23	1	1	systemic_non_neural	1	moderate_0.2_0.5	lower_recurrence_exact	0	1	0	1	8	4	0.20385575	rs11631983
SNIP1	1	1	systemic_non_neural	1	moderate_0.2_0.5	lower_recurrence_exact	0	1	0	1	7	4	0.21339448	rs215208
SNX15	1	1	systemic_non_neural	1	moderate_0.2_0.5	lower_recurrence_exact	0	1	0	1	7	4	0.21275836	rs3936999
SNX25	1	1	neuro_systemic	1	moderate_0.2_0.5	lower_recurrence_exact	0	1	0	1	7	4	0.32509223	rs2692593
SNX30	1	1	neural_enriched	1	moderate_0.2_0.5	core_exact_n10	0	1	0	1	11	4	0.4964194	rs787272
SORBS3	1	1	neural_enriched	1	moderate_0.2_0.5	core_exact_n10	0	1	0	1	12	4	0.30657485	rs2469764
SRRD	1	1	systemic_non_neural	1	moderate_0.2_0.5	lower_recurrence_exact	0	1	0	1	8	4	0.20331544	rs1008530
STARD9	1	1	systemic_non_neural	1	moderate_0.2_0.5	lower_recurrence_exact	0	1	0	1	8	4	0.20385575	rs11631983
SURF1	1	1	systemic_non_neural	1	moderate_0.2_0.5	lower_recurrence_exact	0	1	0	1	8	4	0.22487718	rs3118665
SURF2	1	1	systemic_non_neural	1	moderate_0.2_0.5	lower_recurrence_exact	0	1	0	1	8	4	0.22487718	rs3118665
SURF6	1	1	systemic_non_neural	1	moderate_0.2_0.5	lower_recurrence_exact	0	1	0	1	8	4	0.22487718	rs3118665
TCIRG1	1	1	neural_enriched	1	moderate_0.2_0.5	lower_recurrence_exact	0	1	0	1	7	4	0.20835792	rs3808970
TDRKH	1	1	systemic_non_neural	1	moderate_0.2_0.5	lower_recurrence_exact	0	1	0	1	7	4	0.27751768	rs1552607
THEM4	1	1	systemic_non_neural	1	moderate_0.2_0.5	lower_recurrence_exact	0	1	0	1	7	4	0.27751768	rs1552607
TMEM38A	1	1	systemic_non_neural	1	moderate_0.2_0.5	lower_recurrence_exact	0	1	0	1	7	4	0.2047888	rs2547112
TMEM42	1	1	systemic_non_neural	1	moderate_0.2_0.5	lower_recurrence_exact	0	1	0	1	4	4	0.20354721	rs1876223
TPST1	1	1	systemic_non_neural	1	moderate_0.2_0.5	lower_recurrence_exact	0	1	0	1	8	4	0.36613286	rs4718273
TRPV4	1	1	systemic_non_neural	1	moderate_0.2_0.5	lower_recurrence_exact	0	1	0	1	9	4	0.23868163	rs11065687
TTBK2	1	1	neuro_systemic	1	moderate_0.2_0.5	lower_recurrence_exact	0	1	0	1	5	4	0.23742844	rs11632120
UBR1	1	1	neuro_systemic	1	moderate_0.2_0.5	lower_recurrence_exact	0	1	0	1	5	4	0.23742844	rs11632120
UBXN4	1	1	neuro_systemic	1	moderate_0.2_0.5	lower_recurrence_exact	0	1	0	1	8	4	0.23346384	rs3769025
ZBTB1	1	1	systemic_other	1	moderate_0.2_0.5	core_exact_n10	0	1	0	1	10	4	0.21110465	rs11851236
ZBTB25	1	1	systemic_other	1	moderate_0.2_0.5	core_exact_n10	0	1	0	1	10	4	0.21110465	rs11851236
ZKSCAN7	1	1	systemic_non_neural	1	moderate_0.2_0.5	lower_recurrence_exact	0	1	0	1	4	4	0.20354721	rs1876223
ZNF18	1	1	systemic_other	1	moderate_0.2_0.5	core_exact_n10	0	1	0	1	10	4	0.20322615	rs4450439
ZNF273	1	1	systemic_non_neural	1	moderate_0.2_0.5	lower_recurrence_exact	0	1	0	1	8	4	0.36613286	rs4718273
ZNF35	1	1	systemic_non_neural	1	moderate_0.2_0.5	lower_recurrence_exact	0	1	0	1	4	4	0.20354721	rs1876223
ZNF395	1	1	systemic_other	1	moderate_0.2_0.5	core_exact_n10	0	1	0	1	13	4	0.3351294	rs6993934
ZNF501	1	1	systemic_non_neural	1	moderate_0.2_0.5	lower_recurrence_exact	0	1	0	1	4	4	0.20354721	rs1876223
ZNF639	1	1	neuro_systemic	1	moderate_0.2_0.5	lower_recurrence_exact	0	1	0	1	7	4	0.20656647	rs9861291
ZNHIT3	1	1	systemic_other	1	moderate_0.2_0.5	core_exact_n10	0	1	0	1	14	4	0.40483317	rs2005488
A3GALT2	1	1	neural_enriched	1	moderate_0.2_0.5	lower_recurrence_exact	0	1	0	1	4	3	0.21997252	rs12041371
ABCD4	1	1	systemic_other	1	moderate_0.2_0.5	lower_recurrence_exact	0	1	0	1	4	3	0.20587976	rs8016365
ADAL	1	1	systemic_other	1	moderate_0.2_0.5	lower_recurrence_exact	0	1	0	1	3	3	0.23461913	rs12913112
ADCK5	1	1	systemic_other	1	moderate_0.2_0.5	lower_recurrence_exact	0	1	0	1	3	3	0.22152768	rs7016335
ADGRE2	1	1	systemic_other	1	moderate_0.2_0.5	lower_recurrence_exact	0	1	0	1	3	3	0.20461261	rs8107904
AGPS	1	1	systemic_other	1	moderate_0.2_0.5	lower_recurrence_exact	0	1	0	1	4	3	0.22204313	rs10754988
AJUBA	1	1	neural_enriched	1	moderate_0.2_0.5	lower_recurrence_exact	0	1	0	1	3	3	0.2206046	rs3751498
ANKFY1	1	1	systemic_other	1	moderate_0.2_0.5	lower_recurrence_exact	0	1	0	1	4	3	0.20748556	rs8064596
ANKRD11	1	1	systemic_other	1	moderate_0.2_0.5	lower_recurrence_exact	0	1	0	1	4	3	0.21102202	rs8043788
ANKRD13A	1	1	systemic_other	1	moderate_0.2_0.5	lower_recurrence_exact	0	1	0	1	4	3	0.20180154	rs3759382
ANKRD36	1	1	systemic_other	1	moderate_0.2_0.5	lower_recurrence_exact	0	1	0	1	3	3	0.21017502	rs7608621
ARF1	1	1	systemic_other	1	moderate_0.2_0.5	lower_recurrence_exact	0	1	0	1	4	3	0.27216518	rs11590118
ARHGEF16	1	1	systemic_other	1	moderate_0.2_0.5	lower_recurrence_exact	0	1	0	1	4	3	0.21968089	rs2821040
ARMC12	1	1	systemic_other	1	moderate_0.2_0.5	lower_recurrence_exact	0	1	0	1	3	3	0.2251365	rs10947563
ATN1	1	1	systemic_other	1	moderate_0.2_0.5	lower_recurrence_exact	0	1	0	1	3	3	0.26193017	rs2187611
ATP6V0D1	1	1	systemic_other	1	moderate_0.2_0.5	lower_recurrence_exact	0	1	0	1	3	3	0.27483034	rs3893749
BAALC	1	1	systemic_other	1	moderate_0.2_0.5	core_exact_n10	0	1	0	1	13	3	0.3079376	rs2575695
BANF1	1	1	systemic_other	1	moderate_0.2_0.5	lower_recurrence_exact	0	1	0	1	4	3	0.21200468	rs645571
BDH2	1	1	neural_enriched	1	moderate_0.2_0.5	lower_recurrence_exact	0	1	0	1	4	3	0.20227882	rs76281393
BEST4	1	1	neural_enriched	1	moderate_0.2_0.5	lower_recurrence_exact	0	1	0	1	3	3	0.24345134	rs11801990
BMP2K	1	1	neural_enriched	1	moderate_0.2_0.5	lower_recurrence_exact	0	1	0	1	4	3	0.3840053	rs12711032
BSDC1	1	1	systemic_other	1	moderate_0.2_0.5	core_exact_n10	0	1	0	1	11	3	0.22677803	rs10914566
BTN2A2	1	1	neural_enriched	1	moderate_0.2_0.5	lower_recurrence_exact	0	1	0	1	3	3	0.20948766	rs9295690
BTN3A1	1	1	neural_enriched	1	moderate_0.2_0.5	lower_recurrence_exact	0	1	0	1	3	3	0.20948766	rs9295690
BTN3A2	1	1	neural_enriched	1	moderate_0.2_0.5	lower_recurrence_exact	0	1	0	1	3	3	0.20948766	rs9295690
BTN3A3	1	1	neural_enriched	1	moderate_0.2_0.5	lower_recurrence_exact	0	1	0	1	3	3	0.20948766	rs9295690
C12ORF57	1	1	systemic_other	1	moderate_0.2_0.5	lower_recurrence_exact	0	1	0	1	3	3	0.26193017	rs2187611
C12ORF76	1	1	systemic_other	1	moderate_0.2_0.5	lower_recurrence_exact	0	1	0	1	4	3	0.20180154	rs3759382
C16ORF86	1	1	systemic_other	1	moderate_0.2_0.5	lower_recurrence_exact	0	1	0	1	3	3	0.27483034	rs3893749
C17ORF80	1	1	systemic_other	1	moderate_0.2_0.5	lower_recurrence_exact	0	1	0	1	3	3	0.25450704	rs1472454
C4ORF33	1	1	neural_enriched	1	moderate_0.2_0.5	lower_recurrence_exact	0	1	0	1	4	3	0.27505913	rs318542
C5ORF34	1	1	systemic_other	1	moderate_0.2_0.5	lower_recurrence_exact	0	1	0	1	3	3	0.22904155	rs6451706
CCDC134	1	1	neural_enriched	1	moderate_0.2_0.5	lower_recurrence_exact	0	1	0	1	3	3	0.21695296	rs2267437
CCL28	1	1	systemic_other	1	moderate_0.2_0.5	lower_recurrence_exact	0	1	0	1	3	3	0.22904155	rs6451706
CD160	1	1	systemic_other	1	moderate_0.2_0.5	lower_recurrence_exact	0	1	0	1	3	3	0.2392946	rs1778523
CDAN1	1	1	systemic_other	1	moderate_0.2_0.5	lower_recurrence_exact	0	1	0	1	3	3	0.23461913	rs12913112
CDC42BPG	1	1	systemic_other	1	moderate_0.2_0.5	lower_recurrence_exact	0	1	0	1	4	3	0.27031356	rs10897533
CDCA3	1	1	systemic_other	1	moderate_0.2_0.5	lower_recurrence_exact	0	1	0	1	3	3	0.26193017	rs2187611
CENPM	1	1	neural_enriched	1	moderate_0.2_0.5	lower_recurrence_exact	0	1	0	1	3	3	0.21695296	rs2267437
CEP70	1	1	neural_enriched	1	moderate_0.2_0.5	lower_recurrence_exact	0	1	0	1	4	3	0.2521449	rs10676431
CGN	1	1	systemic_other	1	moderate_0.2_0.5	lower_recurrence_exact	0	1	0	1	4	3	0.23239449	rs4971047
CINP	1	1	systemic_other	1	moderate_0.2_0.5	lower_recurrence_exact	0	1	0	1	4	3	0.24440947	rs11850202
CISD2	1	1	neural_enriched	1	moderate_0.2_0.5	lower_recurrence_exact	0	1	0	1	4	3	0.20227882	rs76281393
CLTB	1	1	systemic_other	1	moderate_0.2_0.5	lower_recurrence_exact	0	1	0	1	3	3	0.20347807	rs2963669
CNNM4	1	1	systemic_other	1	moderate_0.2_0.5	lower_recurrence_exact	0	1	0	1	3	3	0.21017502	rs7608621
COG1	1	1	systemic_other	1	moderate_0.2_0.5	lower_recurrence_exact	0	1	0	1	3	3	0.25450704	rs1472454
COMMD6	1	1	systemic_other	1	moderate_0.2_0.5	lower_recurrence_exact	0	1	0	1	3	3	0.20449166	rs9600483
CORO1A	1	1	systemic_other	1	moderate_0.2_0.5	lower_recurrence_exact	0	1	0	1	3	3	0.20426266	rs4787493
CPSF3	1	1	systemic_other	1	moderate_0.2_0.5	lower_recurrence_exact	0	1	0	1	3	3	0.21386045	rs12474540
CPT1C	1	1	systemic_other	1	moderate_0.2_0.5	lower_recurrence_exact	0	1	0	1	4	3	0.20050694	rs2304207
CSDC2	1	1	neural_enriched	1	moderate_0.2_0.5	lower_recurrence_exact	0	1	0	1	3	3	0.21695296	rs2267437
CYB5D2	1	1	systemic_other	1	moderate_0.2_0.5	lower_recurrence_exact	0	1	0	1	4	3	0.20748556	rs8064596
CYP1B1	1	1	neural_enriched	1	moderate_0.2_0.5	lower_recurrence_exact	0	1	0	1	3	3	0.25796777	rs2551188
DCAF13	1	1	systemic_other	1	moderate_0.2_0.5	core_exact_n10	0	1	0	1	13	3	0.3079376	rs2575695
DEPDC5	1	1	neural_enriched	1	moderate_0.2_0.5	lower_recurrence_exact	0	1	0	1	4	3	0.39484495	rs1034588
DHRS11	1	1	systemic_other	1	moderate_0.2_0.5	lower_recurrence_exact	0	1	0	1	4	3	0.23653255	rs7217798
DNAJB13	1	1	neural_enriched	1	moderate_0.2_0.5	lower_recurrence_exact	0	1	0	1	4	3	0.20373255	rs78604943
DNAJC17	1	1	neural_enriched	1	moderate_0.2_0.5	core_exact_n10	0	1	0	1	11	3	0.29438058	rs7167854
DPEP3	1	1	systemic_other	1	moderate_0.2_0.5	lower_recurrence_exact	0	1	0	1	3	3	0.27483034	rs3893749
DPY19L1	1	1	systemic_other	1	moderate_0.2_0.5	lower_recurrence_exact	0	1	0	1	4	3	0.23433435	rs10262841
ECHDC1	1	1	systemic_other	1	moderate_0.2_0.5	lower_recurrence_exact	0	1	0	1	4	3	0.31101128	rs7775814
EIF1AD	1	1	systemic_other	1	moderate_0.2_0.5	lower_recurrence_exact	0	1	0	1	4	3	0.21200468	rs645571
ENTPD8	1	1	systemic_other	1	moderate_0.2_0.5	lower_recurrence_exact	0	1	0	1	3	3	0.30777985	rs11497278
EPS15	1	1	systemic_other	1	moderate_0.2_0.5	lower_recurrence_exact	0	1	0	1	4	3	0.22493745	rs12074459
F11R	1	1	systemic_other	1	moderate_0.2_0.5	lower_recurrence_exact	0	1	0	1	4	3	0.21433918	rs12401309
FAF2	1	1	systemic_other	1	moderate_0.2_0.5	lower_recurrence_exact	0	1	0	1	3	3	0.20347807	rs2963669
FAHD2A	1	1	systemic_other	1	moderate_0.2_0.5	lower_recurrence_exact	0	1	0	1	4	3	0.20695683	rs6725821
FAM177A1	1	1	systemic_other	1	moderate_0.2_0.5	core_exact_n10	0	1	0	1	10	3	0.25243938	rs17103212
FANCM	1	1	systemic_other	1	moderate_0.2_0.5	lower_recurrence_exact	0	1	0	1	4	3	0.21659723	rs3736747
FKBP5	1	1	systemic_other	1	moderate_0.2_0.5	lower_recurrence_exact	0	1	0	1	3	3	0.2251365	rs10947563
FNDC4	1	1	systemic_other	1	moderate_0.2_0.5	lower_recurrence_exact	0	1	0	1	3	3	0.39058092	rs1275533
FNDC5	1	1	systemic_other	1	moderate_0.2_0.5	core_exact_n10	0	1	0	1	11	3	0.22677803	rs10914566
FUT6	1	1	systemic_other	1	moderate_0.2_0.5	lower_recurrence_exact	0	1	0	1	4	3	0.25880498	rs1674159
FZD6	1	1	systemic_other	1	moderate_0.2_0.5	core_exact_n10	0	1	0	1	13	3	0.3079376	rs2575695
GCKR	1	1	systemic_other	1	moderate_0.2_0.5	lower_recurrence_exact	0	1	0	1	3	3	0.39058092	rs1275533
GDPD3	1	1	systemic_other	1	moderate_0.2_0.5	lower_recurrence_exact	0	1	0	1	3	3	0.20426266	rs4787493
GGNBP2	1	1	systemic_other	1	moderate_0.2_0.5	lower_recurrence_exact	0	1	0	1	4	3	0.23653255	rs7217798
GINM1	1	1	systemic_other	1	moderate_0.2_0.5	lower_recurrence_exact	0	1	0	1	3	3	0.31423762	rs2179368
GIT2	1	1	systemic_other	1	moderate_0.2_0.5	lower_recurrence_exact	0	1	0	1	4	3	0.20180154	rs3759382
GLYCTK	1	1	systemic_other	1	moderate_0.2_0.5	lower_recurrence_exact	0	1	0	1	3	3	0.20467669	rs4082828
GOLGA1	1	1	systemic_other	1	moderate_0.2_0.5	lower_recurrence_exact	0	1	0	1	4	3	0.22943	rs10760398
GRHPR	1	1	systemic_other	1	moderate_0.2_0.5	lower_recurrence_exact	0	1	0	1	4	3	0.21804003	rs309455
GSTM3	1	1	neural_enriched	1	moderate_0.2_0.5	core_exact_n10	0	1	0	1	10	3	0.40013778	rs530021
GSTM4	1	1	neural_enriched	1	moderate_0.2_0.5	core_exact_n10	0	1	0	1	10	3	0.40013778	rs530021
GSTM5	1	1	neural_enriched	1	moderate_0.2_0.5	core_exact_n10	0	1	0	1	10	3	0.40013778	rs530021
GUCA1A	1	1	neural_enriched	1	moderate_0.2_0.5	lower_recurrence_exact	0	1	0	1	3	3	0.40158135	rs9394889
HMGN4	1	1	neural_enriched	1	moderate_0.2_0.5	lower_recurrence_exact	0	1	0	1	3	3	0.20948766	rs9295690
HSP90AA1	1	1	systemic_other	1	moderate_0.2_0.5	lower_recurrence_exact	0	1	0	1	4	3	0.24440947	rs11850202
IL10RB	1	1	neural_enriched	1	moderate_0.2_0.5	lower_recurrence_exact	0	1	0	1	3	3	0.24132973	rs2409488
IL32	1	1	systemic_other	1	moderate_0.2_0.5	lower_recurrence_exact	0	1	0	1	4	3	0.2021635	rs443540
INPPL1	1	1	systemic_other	1	moderate_0.2_0.5	lower_recurrence_exact	0	1	0	1	3	3	0.32443696	rs2155142
IST1	1	1	neural_enriched	1	moderate_0.2_0.5	core_exact_n10	0	1	0	1	11	3	0.49269354	rs2270832
ITGB1BP1	1	1	systemic_other	1	moderate_0.2_0.5	lower_recurrence_exact	0	1	0	1	3	3	0.21386045	rs12474540
KCTD20	1	1	systemic_other	1	moderate_0.2_0.5	lower_recurrence_exact	0	1	0	1	4	3	0.21450098	rs7741260
KIAA1958	1	1	systemic_other	1	moderate_0.2_0.5	lower_recurrence_exact	0	1	0	1	4	3	0.21635497	rs4979110
KLHDC9	1	1	systemic_other	1	moderate_0.2_0.5	lower_recurrence_exact	0	1	0	1	4	3	0.21433918	rs12401309
KLHL28	1	1	systemic_other	1	moderate_0.2_0.5	lower_recurrence_exact	0	1	0	1	4	3	0.21659723	rs3736747
KNL1	1	1	neural_enriched	1	moderate_0.2_0.5	core_exact_n10	0	1	0	1	11	3	0.29438058	rs7167854
L3MBTL2	1	1	neural_enriched	1	moderate_0.2_0.5	lower_recurrence_exact	0	1	0	1	3	3	0.21695296	rs2267437
LBX2	1	1	neural_enriched	1	moderate_0.2_0.5	core_exact_n10	0	1	0	1	10	3	0.37746355	rs73949689
LCN10	1	1	systemic_other	1	moderate_0.2_0.5	lower_recurrence_exact	0	1	0	1	4	3	0.2770197	rs4546744
LCN15	1	1	systemic_other	1	moderate_0.2_0.5	lower_recurrence_exact	0	1	0	1	4	3	0.2770197	rs4546744
LCN8	1	1	systemic_other	1	moderate_0.2_0.5	lower_recurrence_exact	0	1	0	1	4	3	0.2770197	rs4546744
LIMK2	1	1	neural_enriched	1	moderate_0.2_0.5	lower_recurrence_exact	0	1	0	1	4	3	0.39484495	rs1034588
LIN52	1	1	systemic_other	1	moderate_0.2_0.5	lower_recurrence_exact	0	1	0	1	4	3	0.20587976	rs8016365
LIPE	1	1	neural_enriched	1	moderate_0.2_0.5	lower_recurrence_exact	0	1	0	1	4	3	0.21591987	rs11668599
LMAN2L	1	1	systemic_other	1	moderate_0.2_0.5	lower_recurrence_exact	0	1	0	1	3	3	0.21017502	rs7608621
LPCAT3	1	1	systemic_other	1	moderate_0.2_0.5	core_exact_n10	0	1	0	1	10	3	0.30892426	rs16933023
LRRCC1	1	1	systemic_other	1	moderate_0.2_0.5	core_exact_n10	0	1	0	1	10	3	0.21586306	rs11782151
LRRFIP2	1	1	systemic_other	1	moderate_0.2_0.5	lower_recurrence_exact	0	1	0	1	3	3	0.30230296	rs749072
LRTOMT	1	1	systemic_other	1	moderate_0.2_0.5	lower_recurrence_exact	0	1	0	1	3	3	0.22860983	rs567026
LYPLA1	1	1	neural_enriched	1	moderate_0.2_0.5	lower_recurrence_exact	0	1	0	1	3	3	0.26511773	rs9298497
MANBA	1	1	neural_enriched	1	moderate_0.2_0.5	lower_recurrence_exact	0	1	0	1	4	3	0.20227882	rs76281393
MAPKAPK5	1	1	systemic_other	1	moderate_0.2_0.5	lower_recurrence_exact	0	1	0	1	4	3	0.21743222	rs12423126
METTL3	1	1	systemic_other	1	moderate_0.2_0.5	lower_recurrence_exact	0	1	0	1	4	3	0.22173904	rs3168880
MGAT4B	1	1	systemic_other	1	moderate_0.2_0.5	lower_recurrence_exact	0	1	0	1	3	3	0.20691186	rs502729
MIS18BP1	1	1	systemic_other	1	moderate_0.2_0.5	lower_recurrence_exact	0	1	0	1	4	3	0.21659723	rs3736747
MOB1B	1	1	systemic_other	1	moderate_0.2_0.5	lower_recurrence_exact	0	1	0	1	3	3	0.20895627	rs1026677
MRM1	1	1	systemic_other	1	moderate_0.2_0.5	lower_recurrence_exact	0	1	0	1	4	3	0.23653255	rs7217798
MRPL15	1	1	neural_enriched	1	moderate_0.2_0.5	lower_recurrence_exact	0	1	0	1	3	3	0.26511773	rs9298497
MRPS10	1	1	neural_enriched	1	moderate_0.2_0.5	lower_recurrence_exact	0	1	0	1	3	3	0.40158135	rs9394889
NADSYN1	1	1	systemic_other	1	moderate_0.2_0.5	lower_recurrence_exact	0	1	0	1	3	3	0.32443696	rs2155142
NAPEPLD	1	1	systemic_other	1	moderate_0.2_0.5	lower_recurrence_exact	0	1	0	1	4	3	0.2538394	rs2074624
NDUFA11	1	1	systemic_other	1	moderate_0.2_0.5	lower_recurrence_exact	0	1	0	1	4	3	0.25880498	rs1674159
NFKB1	1	1	neural_enriched	1	moderate_0.2_0.5	lower_recurrence_exact	0	1	0	1	4	3	0.20227882	rs76281393
NIT1	1	1	systemic_other	1	moderate_0.2_0.5	lower_recurrence_exact	0	1	0	1	4	3	0.21433918	rs12401309
NNT	1	1	systemic_other	1	moderate_0.2_0.5	lower_recurrence_exact	0	1	0	1	3	3	0.22904155	rs6451706
NOSIP	1	1	systemic_other	1	moderate_0.2_0.5	lower_recurrence_exact	0	1	0	1	4	3	0.20050694	rs2304207
NPAS1	1	1	neural_enriched	1	moderate_0.2_0.5	lower_recurrence_exact	0	1	0	1	4	3	0.21198142	rs11548674
NUP107	1	1	neural_enriched	1	moderate_0.2_0.5	lower_recurrence_exact	0	1	0	1	4	3	0.20060575	rs1966751
NUP43	1	1	systemic_other	1	moderate_0.2_0.5	lower_recurrence_exact	0	1	0	1	3	3	0.31423762	rs2179368
PAIP1	1	1	systemic_other	1	moderate_0.2_0.5	lower_recurrence_exact	0	1	0	1	3	3	0.22904155	rs6451706
PAQR3	1	1	neural_enriched	1	moderate_0.2_0.5	lower_recurrence_exact	0	1	0	1	4	3	0.3840053	rs12711032
PARD6A	1	1	systemic_other	1	moderate_0.2_0.5	lower_recurrence_exact	0	1	0	1	3	3	0.27483034	rs3893749
PCMT1	1	1	systemic_other	1	moderate_0.2_0.5	lower_recurrence_exact	0	1	0	1	3	3	0.31423762	rs2179368
PHC2	1	1	neural_enriched	1	moderate_0.2_0.5	lower_recurrence_exact	0	1	0	1	4	3	0.21997252	rs12041371
PHLPP2	1	1	neural_enriched	1	moderate_0.2_0.5	core_exact_n10	0	1	0	1	11	3	0.49269354	rs2270832
PIGW	1	1	systemic_other	1	moderate_0.2_0.5	lower_recurrence_exact	0	1	0	1	4	3	0.23653255	rs7217798
PIK3CB	1	1	neural_enriched	1	moderate_0.2_0.5	lower_recurrence_exact	0	1	0	1	4	3	0.2521449	rs10676431
PMM1	1	1	neural_enriched	1	moderate_0.2_0.5	lower_recurrence_exact	0	1	0	1	3	3	0.21695296	rs2267437
POLR2A	1	1	neural_enriched	1	moderate_0.2_0.5	core_exact_n10	0	1	0	1	10	3	0.4108836	rs4632183
POLR3H	1	1	neural_enriched	1	moderate_0.2_0.5	lower_recurrence_exact	0	1	0	1	3	3	0.21695296	rs2267437
PPARD	1	1	systemic_other	1	moderate_0.2_0.5	lower_recurrence_exact	0	1	0	1	3	3	0.22357285	rs9380501
PPIH	1	1	systemic_other	1	moderate_0.2_0.5	lower_recurrence_exact	0	1	0	1	3	3	0.24737693	rs4660654
PPP2R3C	1	1	systemic_other	1	moderate_0.2_0.5	core_exact_n10	0	1	0	1	10	3	0.25243938	rs17103212
PPP2R5B	1	1	systemic_other	1	moderate_0.2_0.5	lower_recurrence_exact	0	1	0	1	4	3	0.27031356	rs10897533
PROM2	1	1	systemic_other	1	moderate_0.2_0.5	lower_recurrence_exact	0	1	0	1	4	3	0.20695683	rs6725821
PRR12	1	1	systemic_other	1	moderate_0.2_0.5	lower_recurrence_exact	0	1	0	1	4	3	0.20050694	rs2304207
PRR14L	1	1	neural_enriched	1	moderate_0.2_0.5	lower_recurrence_exact	0	1	0	1	4	3	0.39484495	rs1034588
PRRG2	1	1	systemic_other	1	moderate_0.2_0.5	lower_recurrence_exact	0	1	0	1	4	3	0.20050694	rs2304207
PSMB11	1	1	neural_enriched	1	moderate_0.2_0.5	lower_recurrence_exact	0	1	0	1	3	3	0.2206046	rs3751498
PSMB4	1	1	systemic_other	1	moderate_0.2_0.5	lower_recurrence_exact	0	1	0	1	4	3	0.23239449	rs4971047
PTBP3	1	1	systemic_other	1	moderate_0.2_0.5	lower_recurrence_exact	0	1	0	1	4	3	0.21635497	rs4979110
RAB2B	1	1	systemic_other	1	moderate_0.2_0.5	lower_recurrence_exact	0	1	0	1	4	3	0.22173904	rs3168880
RAD51	1	1	neural_enriched	1	moderate_0.2_0.5	core_exact_n10	0	1	0	1	11	3	0.29438058	rs7167854
RALBP1	1	1	systemic_other	1	moderate_0.2_0.5	lower_recurrence_exact	0	1	0	1	4	3	0.2160285	rs751355
RANGAP1	1	1	neural_enriched	1	moderate_0.2_0.5	lower_recurrence_exact	0	1	0	1	3	3	0.21695296	rs2267437
RAP1B	1	1	neural_enriched	1	moderate_0.2_0.5	lower_recurrence_exact	0	1	0	1	4	3	0.20060575	rs1966751
RMDN2	1	1	neural_enriched	1	moderate_0.2_0.5	lower_recurrence_exact	0	1	0	1	3	3	0.25796777	rs2551188
RNF11	1	1	systemic_other	1	moderate_0.2_0.5	lower_recurrence_exact	0	1	0	1	4	3	0.22493745	rs12074459
RNF44	1	1	systemic_other	1	moderate_0.2_0.5	lower_recurrence_exact	0	1	0	1	3	3	0.20347807	rs2963669
SALL2	1	1	systemic_other	1	moderate_0.2_0.5	lower_recurrence_exact	0	1	0	1	4	3	0.22173904	rs3168880
SCAF1	1	1	systemic_other	1	moderate_0.2_0.5	lower_recurrence_exact	0	1	0	1	4	3	0.20050694	rs2304207
SCLT1	1	1	neural_enriched	1	moderate_0.2_0.5	lower_recurrence_exact	0	1	0	1	4	3	0.27505913	rs318542
SEMA3G	1	1	systemic_other	1	moderate_0.2_0.5	lower_recurrence_exact	0	1	0	1	3	3	0.20467669	rs4082828
SLC25A32	1	1	systemic_other	1	moderate_0.2_0.5	core_exact_n10	0	1	0	1	13	3	0.3079376	rs2575695
SLC51B	1	1	systemic_other	1	moderate_0.2_0.5	lower_recurrence_exact	0	1	0	1	3	3	0.20285803	rs7172429
SLC52A2	1	1	systemic_other	1	moderate_0.2_0.5	lower_recurrence_exact	0	1	0	1	3	3	0.22152768	rs7016335
SMTN	1	1	neural_enriched	1	moderate_0.2_0.5	lower_recurrence_exact	0	1	0	1	4	3	0.39484495	rs1034588
SNU13	1	1	neural_enriched	1	moderate_0.2_0.5	lower_recurrence_exact	0	1	0	1	3	3	0.21695296	rs2267437
SNX17	1	1	systemic_other	1	moderate_0.2_0.5	lower_recurrence_exact	0	1	0	1	3	3	0.39058092	rs1275533
SOGA3	1	1	systemic_other	1	moderate_0.2_0.5	lower_recurrence_exact	0	1	0	1	4	3	0.31101128	rs7775814
SREBF2	1	1	neural_enriched	1	moderate_0.2_0.5	lower_recurrence_exact	0	1	0	1	3	3	0.21695296	rs2267437
SRP54	1	1	systemic_other	1	moderate_0.2_0.5	core_exact_n10	0	1	0	1	10	3	0.25243938	rs17103212
STK38	1	1	systemic_other	1	moderate_0.2_0.5	lower_recurrence_exact	0	1	0	1	4	3	0.21450098	rs7741260
SUSD1	1	1	systemic_other	1	moderate_0.2_0.5	lower_recurrence_exact	0	1	0	1	4	3	0.21635497	rs4979110
TBC1D9B	1	1	systemic_other	1	moderate_0.2_0.5	lower_recurrence_exact	0	1	0	1	3	3	0.20691186	rs502729
TBX20	1	1	systemic_other	1	moderate_0.2_0.5	lower_recurrence_exact	0	1	0	1	4	3	0.23433435	rs10262841
TCTN1	1	1	systemic_other	1	moderate_0.2_0.5	lower_recurrence_exact	0	1	0	1	3	3	0.24070561	rs16940902
TEF	1	1	neural_enriched	1	moderate_0.2_0.5	lower_recurrence_exact	0	1	0	1	3	3	0.21695296	rs2267437
TLR9	1	1	systemic_other	1	moderate_0.2_0.5	lower_recurrence_exact	0	1	0	1	3	3	0.20467669	rs4082828
TMBIM1	1	1	neural_enriched	1	moderate_0.2_0.5	lower_recurrence_exact	0	1	0	1	3	3	0.21425028	rs6743642
TMEM116	1	1	systemic_other	1	moderate_0.2_0.5	lower_recurrence_exact	0	1	0	1	4	3	0.21743222	rs12423126
TMEM50B	1	1	neural_enriched	1	moderate_0.2_0.5	lower_recurrence_exact	0	1	0	1	3	3	0.24132973	rs2409488
TOX4	1	1	systemic_other	1	moderate_0.2_0.5	lower_recurrence_exact	0	1	0	1	4	3	0.22173904	rs3168880
TP53BP1	1	1	systemic_other	1	moderate_0.2_0.5	lower_recurrence_exact	0	1	0	1	3	3	0.23461913	rs12913112
TPCN1	1	1	systemic_other	1	moderate_0.2_0.5	lower_recurrence_exact	0	1	0	1	4	3	0.24541774	rs1458366
TPI1	1	1	systemic_other	1	moderate_0.2_0.5	lower_recurrence_exact	0	1	0	1	3	3	0.26193017	rs2187611
TWSG1	1	1	systemic_other	1	moderate_0.2_0.5	lower_recurrence_exact	0	1	0	1	4	3	0.2160285	rs751355
UBE2D3	1	1	neural_enriched	1	moderate_0.2_0.5	lower_recurrence_exact	0	1	0	1	4	3	0.20227882	rs76281393
UBE2G1	1	1	systemic_other	1	moderate_0.2_0.5	lower_recurrence_exact	0	1	0	1	4	3	0.22359237	rs9909751
UCHL3	1	1	systemic_other	1	moderate_0.2_0.5	lower_recurrence_exact	0	1	0	1	3	3	0.20449166	rs9600483
UCP2	1	1	neural_enriched	1	moderate_0.2_0.5	lower_recurrence_exact	0	1	0	1	4	3	0.20373255	rs78604943
UROD	1	1	neural_enriched	1	moderate_0.2_0.5	lower_recurrence_exact	0	1	0	1	3	3	0.24345134	rs11801990
USF1	1	1	systemic_other	1	moderate_0.2_0.5	lower_recurrence_exact	0	1	0	1	4	3	0.21433918	rs12401309
VMAC	1	1	systemic_other	1	moderate_0.2_0.5	lower_recurrence_exact	0	1	0	1	4	3	0.25880498	rs1674159
VPS28	1	1	systemic_other	1	moderate_0.2_0.5	lower_recurrence_exact	0	1	0	1	3	3	0.22152768	rs7016335
WDR20	1	1	systemic_other	1	moderate_0.2_0.5	lower_recurrence_exact	0	1	0	1	4	3	0.24440947	rs11850202
WDR82	1	1	systemic_other	1	moderate_0.2_0.5	lower_recurrence_exact	0	1	0	1	3	3	0.20467669	rs4082828
WWP1	1	1	systemic_other	1	moderate_0.2_0.5	core_exact_n10	0	1	0	1	10	3	0.21586306	rs11782151
ZBTB5	1	1	systemic_other	1	moderate_0.2_0.5	lower_recurrence_exact	0	1	0	1	4	3	0.21804003	rs309455
ZFYVE19	1	1	neural_enriched	1	moderate_0.2_0.5	core_exact_n10	0	1	0	1	11	3	0.29438058	rs7167854
ZNF19	1	1	neural_enriched	1	moderate_0.2_0.5	core_exact_n10	0	1	0	1	11	3	0.49269354	rs2270832
ZNF205	1	1	systemic_other	1	moderate_0.2_0.5	lower_recurrence_exact	0	1	0	1	4	3	0.2021635	rs443540
ZNF213	1	1	systemic_other	1	moderate_0.2_0.5	lower_recurrence_exact	0	1	0	1	4	3	0.2021635	rs443540
ZNF333	1	1	systemic_other	1	moderate_0.2_0.5	lower_recurrence_exact	0	1	0	1	3	3	0.20461261	rs8107904
ZNF76	1	1	systemic_other	1	moderate_0.2_0.5	lower_recurrence_exact	0	1	0	1	3	3	0.22357285	rs9380501
ZNF771	1	1	systemic_other	1	moderate_0.2_0.5	lower_recurrence_exact	0	1	0	1	3	3	0.20426266	rs4787493
DPP7	1	1	neural_enriched	1	moderate_0.2_0.5	core_exact_n10	0	1	0	1	19	2	0.34018466	rs144334202
FBXO42	1	1	systemic_other	1	moderate_0.2_0.5	core_exact_n10	0	1	0	1	10	2	0.21109232	rs7529767
IL17D	1	1	systemic_other	1	moderate_0.2_0.5	core_exact_n10	0	1	0	1	10	2	0.3491683	rs9579950
MAN1B1	1	1	neural_enriched	1	moderate_0.2_0.5	core_exact_n10	0	1	0	1	19	2	0.34018466	rs144334202
SLC25A4	1	1	systemic_other	1	moderate_0.2_0.5	core_exact_n10	0	1	0	1	12	2	0.40296802	rs12509189
SZRD1	1	1	systemic_other	1	moderate_0.2_0.5	core_exact_n10	0	1	0	1	10	2	0.21109232	rs7529767
UAP1L1	1	1	neural_enriched	1	moderate_0.2_0.5	core_exact_n10	0	1	0	1	19	2	0.34018466	rs144334202
XPO4	1	1	systemic_other	1	moderate_0.2_0.5	core_exact_n10	0	1	0	1	10	2	0.3491683	rs9579950
