relative_path	size_bytes	sha256
gwas_catalog/gwas-catalog-associations-full.zip	59182255	652a974d3246748290baa83899d3c8db0027eed76663b767beaee319618961cd
trait_family_map/gcst_trait_families.json	8570511	54cd051b193ee8a7713ef03078d8c07931491d1fd65e35744c470db2494e1c93
abc_nasser2021/AllPredictions.AvgHiC.ABC0.015.minus150.ForABCPaperV3.txt.gz	340552375	c87acbe0ae68b146a22f4fd120bee1a8abfe4372ff1d9ca6ab77e61c5547e169
causaldb/overlap_credible_sets.parquet	14908145	b226d6cd4a1a6d67b7ed6ec81de6d7dc1ae53d445fb7d2c0a5535a0dcb65d5a7
causaldb/hm3_credible_sets.parquet	253179305	f2d68a2629f620d0768edf0a79ba5b65db965b92cc3613a7d9d2abd818cf4d4b
public_functional_support/hg19ToHg38.over.chain.gz	227698	5c0598e500ceb5a78c73086929e8ef993aec309bcafb595139b53d440b125a1d
public_functional_support/hg38ToHg19.over.chain.gz	1246411	14a712e8e147d9fc8e9d87d51977b46f6f8ddb93efbe5d0843d86b6205f587b1
public_functional_support/crispri_flowfish_all_cell_types.tsv	981438	52fafc04d578a63fed6f164bb5a633f45d8e149f6a69cb50b532ff6e51e93c2f
public_functional_support/mpravardb_all_mpra_data.csv	96758541	f2d8592852e001a7c3df5986c12cf5d8184e33ee24fc3b8af04386c781929548
public_functional_support/mprabase_v4_9.3.db	400052224	045196058321c585d4a347fba1da6158dcc273aa30431a7fda7995a32bd7a155
eqtl_catalogue_r8_beta_susie/QTD000676.credible_sets.parquet	82234	3fd81e6a65853f676bf8a6b8f6f0c6e118ca3441bdbf47bbece9e3d8c72d1526
eqtl_catalogue_r8_beta_susie/QTD000593.credible_sets.parquet	411	6f7225e0f4b05701094c8e19c25e24786d5e4d14996b1f7cf3c73eb59d9cc8a0
eqtl_catalogue_r8_beta_susie/QTD000862.credible_sets.parquet	11468	44e70389ce5bf95c51a355e55a8f2058c7810aa4e4c4712ad0a84a29c7b6dbb3
eqtl_catalogue_r8_beta_susie/QTD000610.credible_sets.parquet	1465643	c1cc5d37662d04bad098950f7ed275f8683acfb1c107b0c2bed37bf5b7e63ddd
eqtl_catalogue_r8_beta_susie/QTD000704.credible_sets.parquet	968845	6a1e77a2a74d5343f5f04011d7d579b8935e1e7f1d599fe3c6d878498ae717a1
eqtl_catalogue_r8_beta_susie/QTD000608.credible_sets.parquet	3549124	a25460a4da53e0da0b39898393859e692d3a8e120ecff2ee7b1895c0a0f05d31
eqtl_catalogue_r8_beta_susie/QTD000717.credible_sets.parquet	390994	ec6a1d18b611896f8460d2f6d731766b1f1861fe229088412435e4f760a60a5b
eqtl_catalogue_r8_beta_susie/QTD000694.credible_sets.parquet	2222319	946fdc4c3595f9f536b006e04d81a84a847a5e261e1d13bbc9f75f010f6389f3
eqtl_catalogue_r8_beta_susie/QTD000714.credible_sets.parquet	220493	f703143d4bbf5e1c16155db8a3f78f344ccc2358f9a8a89c41f11fc83ea6554e
eqtl_catalogue_r8_beta_susie/QTD000880.credible_sets.parquet	213149	2f6b9d78990a715671918418dec70f93f2c543afd60a38588b1ec32c1eef426a
eqtl_catalogue_r8_beta_susie/QTD000616.credible_sets.parquet	982177	f63f4d8f5342a1d08f685a9caa7519425410947f66e91962f63ecb2ba20d6647
eqtl_catalogue_r8_beta_susie/QTD000597.credible_sets.parquet	698048	fe58ddf3dfa5d8e797c0b2c2b092e2e25dd748a419a41dc7507b52c6b3d30ad7
eqtl_catalogue_r8_beta_susie/QTD000638.credible_sets.parquet	2142204	e1c1549dec341b04c19ae6743f9c0e9bde0a386fe2eb7574a69bbb94eb3901cf
eqtl_catalogue_r8_beta_susie/QTD000652.credible_sets.parquet	350180	60df96e675bcd293969b2c771053424fa6f896f187f95d44e0de714c36c90fb1
eqtl_catalogue_r8_beta_susie/QTD000708.credible_sets.parquet	1543708	a860465ba814e65f3f64a4d8389bc9da5e590df5e03b69c8fec477012886fbd3
eqtl_catalogue_r8_beta_susie/QTD000905.credible_sets.parquet	1897572	64ef715ce8243a90942ceed96d151c3daa8d7d8b3ae224f3d141fe334d138137
eqtl_catalogue_r8_beta_susie/QTD000902.credible_sets.parquet	1839582	db8d32cdd4e549273dbc629a83919c7ff887fbdd93ff2a5daecc099ec82598ea
eqtl_catalogue_r8_beta_susie/QTD000849.credible_sets.parquet	57423	1070f2e53fb96be78488a357a63c5c2dc1590fd6b0248c9aaa92ae72bde25e4f
eqtl_catalogue_r8_beta_susie/QTD000871.credible_sets.parquet	35656	ede362bc70661a500ccb17b69d2fee30680a1dabc76fcd41f3016edee59ffa9d
eqtl_catalogue_r8_beta_susie/QTD000887.credible_sets.parquet	3824747	3800838bb35c4153c3760dc044ab5e03ad9832933d4872bd9139b24918549724
eqtl_catalogue_r8_beta_susie/QTD000850.credible_sets.parquet	27555	7a90d62f8b845644b89dea02a695efe454b8950ebd25c560a5936a69bd1c29ca
eqtl_catalogue_r8_beta_susie/QTD000649.credible_sets.parquet	1613142	aaa57d16d914ac297c0164a438661dae1ba485cba685395475946826e752bc9c
eqtl_catalogue_r8_beta_susie/QTD000866.credible_sets.parquet	2792348	8d9d07e2a8b2eb47f7d966ee31625e9548cbcfdb264ec88efdf6e825c84fabd8
eqtl_catalogue_r8_beta_susie/QTD000632.credible_sets.parquet	11426	dad19189730ba8f30e6df625c42f48cbc855431207341ce4e1de61e3910e7567
eqtl_catalogue_r8_beta_susie/QTD000663.credible_sets.parquet	325825	0341fbf08f7cbc91bcaeaf6c3076cb8c136e2da92480cd758f9aa2a9822d95c1
eqtl_catalogue_r8_beta_susie/QTD000692.credible_sets.parquet	2596107	cb1d44d02aa81de02451ebbb60625d2b48f42475d3cc515320c5c1cede5521f6
eqtl_catalogue_r8_beta_susie/QTD000890.credible_sets.parquet	2876861	67d606ec74c405833c1a18b52c0833a39e0074a59b204cbed65bdd34237bc82c
eqtl_catalogue_r8_beta_susie/QTD000906.credible_sets.parquet	3417085	d3182d47163212adc84789f33b78d00437f3d56401882b417f7cad2c7e4fbf48
eqtl_catalogue_r8_beta_susie/QTD000589.credible_sets.parquet	123596	1c9880b5665aad1ccf9a9710e4a0e4a19ba93884f61715814d1b2743c9f8d3dd
eqtl_catalogue_r8_beta_susie/QTD000706.credible_sets.parquet	1173592	460622d1c396b68431a87f21e772c3ec1e6a1b83a77fb23f19c05e18c49545a5
eqtl_catalogue_r8_beta_susie/QTD000730.credible_sets.parquet	82330	689ce2cb2696135233a83df25fc8884b07465fa2550c2d97a61f15983a534533
eqtl_catalogue_r8_beta_susie/QTD000588.credible_sets.parquet	826216	dcc60a6bfcdd280b2b6c7a70e93a2d8a9ea2ad48b3945a26835ee5fd871dfc9d
eqtl_catalogue_r8_beta_susie/QTD000658.credible_sets.parquet	2926453	587bd1f5a687f419e00a1d10b15229c6954161112283c97175fdc89e5af122a9
eqtl_catalogue_r8_beta_susie/QTD000688.credible_sets.parquet	1555246	80248daafa449733a6a336ad25210d93866138a1a5576a346e809ec39095a186
eqtl_catalogue_r8_beta_susie/QTD000631.credible_sets.parquet	411	6f7225e0f4b05701094c8e19c25e24786d5e4d14996b1f7cf3c73eb59d9cc8a0
eqtl_catalogue_r8_beta_susie/QTD000602.credible_sets.parquet	173809	255ea11fe772122e1c3da9bfff6b35c9de3c0fc6a4c79b61e692ad59cb4c2ba0
eqtl_catalogue_r8_beta_susie/QTD000883.credible_sets.parquet	2116469	f65e276e4269bbab714ab3d633216c66565841e5c3abde815a2123b235fb8b5a
eqtl_catalogue_r8_beta_susie/QTD000743.credible_sets.parquet	238294	656dcf64ff4f58d587800f73959362dac5e00b864e244251bd98dfaf8162b091
eqtl_catalogue_r8_beta_susie/QTD000737.credible_sets.parquet	572500	921ee7b43e4c5c4062ffd1f61e896d928f94b70d4d19af70bffe5d985b7d1c39
eqtl_catalogue_r8_beta_susie/QTD000899.credible_sets.parquet	4532175	0a87ed399fc4774bcc3192a36a88551623d4fb5cb89b42608d625d59ccd4e0eb
eqtl_catalogue_r8_beta_susie/QTD000847.credible_sets.parquet	49862	e3cde7355c77bae740c754e4a5f52cf960ecb203aedf4fcfa93fb8aefc0a88a0
eqtl_catalogue_r8_beta_susie/QTD000874.credible_sets.parquet	149029	7eed5ff34a5097e76b8581448f6e45ec009c30a13c73ee56bad0f76b685294ac
eqtl_catalogue_r8_beta_susie/QTD000659.credible_sets.parquet	2750140	41bb3b670aafc22890dfe1a7935bf06392ea79186327c0a955ba3d7e48035640
eqtl_catalogue_r8_beta_susie/QTD000628.credible_sets.parquet	1014895	db4f41c44adc406188a81dd5852fb4fd9463a1cc6623f7951a3448695d27d806
eqtl_catalogue_r8_beta_susie/QTD000601.credible_sets.parquet	1134215	5dea98b4731097cd7bb93acf68d3c7a690adf79ae672e0e9ba81cd21a5a2c5f3
eqtl_catalogue_r8_beta_susie/QTD000701.credible_sets.parquet	1016158	29b83c3b70dde805a4a3d072517195e51071eb4ecf3f2ece5ea0d2e1e67a7453
eqtl_catalogue_r8_beta_susie/QTD000596.credible_sets.parquet	61258	2a3f3c745f8de252fbb7b42855e612a849691937b2e256d8b423dcefcd9d80db
eqtl_catalogue_r8_beta_susie/QTD000732.credible_sets.parquet	7391	4fc009c5f41ff9f8ece0ad61f34e8dbece468532b59b24355d093dfef1a58eac
eqtl_catalogue_r8_beta_susie/QTD000617.credible_sets.parquet	6605760	d61f851ba251c543c0bfdb37e91725cad5937e402dc8feffc0922c9e96d1f6ad
eqtl_catalogue_r8_beta_susie/QTD000613.credible_sets.parquet	12267729	831b064e350da5e7fbbf25b685d52836b58a6f3e4139447dee4a093b38b31f35
eqtl_catalogue_r8_beta_susie/QTD000895.credible_sets.parquet	314679	b343e33d0ea7244f0133e49e5829c1df0664703609be2141f7dd18490c33f4a1
eqtl_catalogue_r8_beta_susie/QTD000673.credible_sets.parquet	3277834	ab484f8301541102059cde3994988f7723cf47bd9e1bae363fe3d79e876dcc2f
eqtl_catalogue_r8_beta_susie/QTD000683.credible_sets.parquet	3124233	fd8139a657657e84568ff03128b6f3c0f6faaa9be14d9bc44768c25dd0b6eb6c
eqtl_catalogue_r8_beta_susie/QTD000642.credible_sets.parquet	1540566	07bb2eee4f3f3a0925a16d015566926c78110e82d2d75510a3cddd1a6f4cbb3b
eqtl_catalogue_r8_beta_susie/QTD000910.credible_sets.parquet	411	6f7225e0f4b05701094c8e19c25e24786d5e4d14996b1f7cf3c73eb59d9cc8a0
eqtl_catalogue_r8_beta_susie/QTD000724.credible_sets.parquet	411	6f7225e0f4b05701094c8e19c25e24786d5e4d14996b1f7cf3c73eb59d9cc8a0
eqtl_catalogue_r8_beta_susie/QTD000684.credible_sets.parquet	411	6f7225e0f4b05701094c8e19c25e24786d5e4d14996b1f7cf3c73eb59d9cc8a0
eqtl_catalogue_r8_beta_susie/QTD000907.credible_sets.parquet	77791	2f5a44f7d0182d70b175b95715bd12e491872678a1bcb1b83f603885f5514798
eqtl_catalogue_r8_beta_susie/QTD000872.credible_sets.parquet	1147502	ecf4755dc2ecbf21051713da0f6ebcd3820a8f1b399732690fc4e5ff0b7533f6
eqtl_catalogue_r8_beta_susie/QTD000697.credible_sets.parquet	2071378	8dd3f9bc810d25887967f9d842f93cec1e096f8c2fd7bd6b46a6e5855049ef89
eqtl_catalogue_r8_beta_susie/QTD000685.credible_sets.parquet	3584298	b040bd040413ef619be8edeafc1775b0ac3af39b966e7fe3d480ca1dbcaa1e3e
eqtl_catalogue_r8_beta_susie/QTD000882.credible_sets.parquet	203416	398e0a064042a6b7484b2e2862544e0463899357533d733c2a45cc0a7597f962
eqtl_catalogue_r8_beta_susie/QTD000744.credible_sets.parquet	411	6f7225e0f4b05701094c8e19c25e24786d5e4d14996b1f7cf3c73eb59d9cc8a0
eqtl_catalogue_r8_beta_susie/QTD001001.credible_sets.parquet	24750857	63a00194ae70982457eec23435ddec9be1386980a93f80e8d2690dbdc45e90bc
eqtl_catalogue_r8_beta_susie/QTD000619.credible_sets.parquet	497473	9ccd48473e292bd35dd49c854fbe64c39f9f2191899e0ef5e07c0a9b73b846b3
eqtl_catalogue_r8_beta_susie/QTD000738.credible_sets.parquet	521240	4cfccba017497db0122d7e2363d14c42df6491f1e533a7e7b5bfab6d00c85006
eqtl_catalogue_r8_beta_susie/QTD000749.credible_sets.parquet	411	6f7225e0f4b05701094c8e19c25e24786d5e4d14996b1f7cf3c73eb59d9cc8a0
eqtl_catalogue_r8_beta_susie/QTD000636.credible_sets.parquet	289201	67eb4a5483f85b242ba8afe93c66f5388a215d641b9fd0b3245cf4c5f16b9f30
eqtl_catalogue_r8_beta_susie/QTD000897.credible_sets.parquet	2331305	e17a8e712f545a71248f297607f9cbd79d3736b31e31175d0a9635a0c993d4aa
eqtl_catalogue_r8_beta_susie/QTD000859.credible_sets.parquet	14189	e05ecdc2a61a7fcf076ae4992abfba5d683f0648a2ec5067a49975207487a3f3
eqtl_catalogue_r8_beta_susie/QTD000677.credible_sets.parquet	1869456	33e586519fb29350c16ecd2eba0e08b193cfb6d654a3ca881a1dbcc7da73f7b4
eqtl_catalogue_r8_beta_susie/QTD000735.credible_sets.parquet	761305	e24d0889bcf13456f7644129b61c75c67b59666847e5fb96e028013f06584d27
eqtl_catalogue_r8_beta_susie/QTD000856.credible_sets.parquet	528771	93e38ecaea18fa1ced506288a3526def7c58c78c89735d6dcc74194e0ce90ce0
eqtl_catalogue_r8_beta_susie/QTD000726.credible_sets.parquet	1537297	a4a966bef99cf3745f0c0cd5fe75c1740b3acb123e0a9088f38cffec33d9a29b
eqtl_catalogue_r8_beta_susie/QTD000614.credible_sets.parquet	2072616	17f394b78bfd2a2d87d88756c36b5303074206be9078b02367380eddcdc72950
eqtl_catalogue_r8_beta_susie/QTD000621.credible_sets.parquet	100661	a3634e706301bee255b8a6e5725e28d7f839788e2a7890e8c9d078a540f2e488
eqtl_catalogue_r8_beta_susie/QTD000686.credible_sets.parquet	1923281	3e2dafd010df7475d27d932ce4e9d6be0d880d3873bf670d636cf93c10fcfa90
eqtl_catalogue_r8_beta_susie/QTD000606.credible_sets.parquet	1776521	694a8432b8cdca5768f78a963eae30c1e748e3d75f6599fa47ff30ca61afc9ab
eqtl_catalogue_r8_beta_susie/QTD000612.credible_sets.parquet	9693223	0c65ff640f0bb8aa919dd1c105b42e43535982a2c0804f49e5c7568a21ef51a5
eqtl_catalogue_r8_beta_susie/QTD000595.credible_sets.parquet	131036	2f5e8e481a3d5b186e1c7d786d95c7aff43c48c9abaae484d7ca53f48afe9adc
eqtl_catalogue_r8_beta_susie/QTD000600.credible_sets.parquet	1777952	e11d1235b758b31cd50dd35c59b83be8ba4f3847f6b47963f0a5ed638cdb1b05
eqtl_catalogue_r8_beta_susie/QTD000625.credible_sets.parquet	1339799	407e38db3476f0a9a87a6a74ac5b4e53278c319b3d237fb74a450e48f4371ee0
eqtl_catalogue_r8_beta_susie/QTD000599.credible_sets.parquet	16715	6a2227f53262d9c2555047fcf4b8ce6a65a3b51e913297705ae387148f5d9f06
eqtl_catalogue_r8_beta_susie/QTD000742.credible_sets.parquet	16299	4723e5802dddcb3d16382b5fbf07b03a57c9ec3c574102527d51d4df77f8de89
eqtl_catalogue_r8_beta_susie/QTD000594.credible_sets.parquet	28115	236b751a66caa575f95bedecd880d5fd0766ecd6b0a43fcb80c9be39d97de285
eqtl_catalogue_r8_beta_susie/QTD000713.credible_sets.parquet	46398	44dd578523adbf04959f35f90849858ece89123dbcde710ca2d4c8359ca33859
eqtl_catalogue_r8_beta_susie/QTD000912.credible_sets.parquet	58256	0fb5b934c48726d6987ef4868845a48b3242b14f989faf2d50caf801311c5d7a
eqtl_catalogue_r8_beta_susie/QTD000703.credible_sets.parquet	70787	e96dbc4def4d158a3332faac116fbedd82cd8b72dc0c56168818549f358f86ea
eqtl_catalogue_r8_beta_susie/QTD000881.credible_sets.parquet	8630000	e4de68d4691aa7ac8678ca0b91f7c29303d1c939ee233a5ea351c25f0487477c
eqtl_catalogue_r8_beta_susie/QTD000747.credible_sets.parquet	47055	a38138f281aa0013a6a6458db917e6ef455507ce0f97b425ffbc6061439b01f3
eqtl_catalogue_r8_beta_susie/QTD000878.credible_sets.parquet	449091	9452451e9b3fb8a463de1c70d82cc32768cfb750c30ec9539fd0ed1290869bdd
eqtl_catalogue_r8_beta_susie/QTD000908.credible_sets.parquet	2892783	76e854b0936e0d74082548a19b37b3b60cef34c83b6abee912a62d2006f0bbd4
eqtl_catalogue_r8_beta_susie/QTD000865.credible_sets.parquet	411	6f7225e0f4b05701094c8e19c25e24786d5e4d14996b1f7cf3c73eb59d9cc8a0
eqtl_catalogue_r8_beta_susie/QTD000660.credible_sets.parquet	2656249	e46cc0f7ba2205d059af367c4324c023259464de1895f1f5b06c01df8893344e
eqtl_catalogue_r8_beta_susie/QTD000615.credible_sets.parquet	2788582	908e8ef132105edcb4df44170c45a6ee7b4d78b8f6324f20aa98c633c31245bc
eqtl_catalogue_r8_beta_susie/QTD000687.credible_sets.parquet	2130883	d48c31be3249e556c290dae0060914442d0f370d17b6a81edf30d11be6fa7cd3
eqtl_catalogue_r8_beta_susie/QTD000590.credible_sets.parquet	90659	e78118d99296dd09e3354d65b5a967d0941deb4084030520a715b052490f16c8
eqtl_catalogue_r8_beta_susie/QTD000598.credible_sets.parquet	485680	b40f216f9a40fc85b54837ee97c49380bcaedc9e21812959c76e16dd4547b15d
eqtl_catalogue_r8_beta_susie/QTD000674.credible_sets.parquet	497884	933d0c1b42f27520730bf1b0c3ca7b5197971dfcbf7ca959dc81c5ed53039cda
eqtl_catalogue_r8_beta_susie/QTD000648.credible_sets.parquet	1838904	cac913e6984bf1faab985baef145e58746f77d19451395ba9411b47f036cc34d
eqtl_catalogue_r8_beta_susie/QTD000851.credible_sets.parquet	7082	e1a9fe42680e1165a7bd6ee2338c683045eea3405b71f27bcf3bb4d5d6d6bd7f
eqtl_catalogue_r8_beta_susie/QTD000607.credible_sets.parquet	1896059	eca16d969633ff7bc33946a0e51923bdbc09da885464187381c261e0b187ab02
eqtl_catalogue_r8_beta_susie/QTD000650.credible_sets.parquet	815774	fc7ba4cfe8d107a95f362b7eabc68c704c09c95851d98b264b355ef2a956751d
eqtl_catalogue_r8_beta_susie/QTD000903.credible_sets.parquet	1264072	65452c8f2bf97153bc7a7f74ee92839a460eb8547363c67ea0a4188ad6e5d12d
eqtl_catalogue_r8_beta_susie/QTD000844.credible_sets.parquet	15361	1cd68063c3cdab9f8d56ff6ce539c1acb5452396b1c340c14e6f9ce3d3fd31ac
eqtl_catalogue_r8_beta_susie/QTD000864.credible_sets.parquet	891317	f76ece6f4ad5d54d7bdd6faafb5f397a77d71ea7f9678faaba1cb6d85e9cdd6e
eqtl_catalogue_r8_beta_susie/QTD000586.credible_sets.parquet	244491	50679174bab0bf1f0f01b4f0635295e3e714e39cffe7f1bad3e09b2f80a29fcd
eqtl_catalogue_r8_beta_susie/QTD000896.credible_sets.parquet	5252	2c8b8b86cda470dfe8cbaa810b0b5377e19b98038402e097e92c25ec96347e73
eqtl_catalogue_r8_beta_susie/QTD000858.credible_sets.parquet	86096	b057bc41f896fc18937f4f5f8cb6ce2579dda0ceed665ee747b45b6653bf1177
eqtl_catalogue_r8_beta_susie/QTD000591.credible_sets.parquet	32872	a62bfe246157498b442efc7d30001b5b7b971d1afed93535e0585ec7d0f15d63
eqtl_catalogue_r8_beta_susie/QTD000679.credible_sets.parquet	277169	1cf1f405098aa283de4e5080a7ce52c875b5834a408dadd57c7c716d82b68dca
eqtl_catalogue_r8_beta_susie/QTD000681.credible_sets.parquet	3684468	de5c097d556b017dc1c8095597461b97487c4d2ba64853f6040d9955e2a835ab
eqtl_catalogue_r8_beta_susie/QTD000711.credible_sets.parquet	214099	59225819571d26e83cce0a4d84ad84b6bda3a479e3b7c2706f37cb94b70937ec
eqtl_catalogue_r8_beta_susie/QTD000884.credible_sets.parquet	1003711	aef9e6f70e0f6790579a76ade54a87f32dc996aa087a39717d3ea79fc157722e
eqtl_catalogue_r8_beta_susie/QTD000843.credible_sets.parquet	7253	a451869bd87bdf46f83ecad54fa68d26385ecce15dd27903946df206c95e45bf
eqtl_catalogue_r8_beta_susie/QTD000915.credible_sets.parquet	411	6f7225e0f4b05701094c8e19c25e24786d5e4d14996b1f7cf3c73eb59d9cc8a0
eqtl_catalogue_r8_beta_susie/QTD000860.credible_sets.parquet	12104	65983ff3ab779995269030a1adc6c2b6f3aaa96fbf5600fd2b262bfd1a9b11df
eqtl_catalogue_r8_beta_susie/QTD000630.credible_sets.parquet	411	6f7225e0f4b05701094c8e19c25e24786d5e4d14996b1f7cf3c73eb59d9cc8a0
eqtl_catalogue_r8_beta_susie/QTD000853.credible_sets.parquet	31786	82b706757d5a9e44dcede049216a987e2ff8e2777b70fee83ac9ddc2326566ec
eqtl_catalogue_r8_beta_susie/QTD000870.credible_sets.parquet	351099	aba6111d35c5ebabfa5618f043fd6bb082f7cda3f8825ad983ed75dc73b0a37a
eqtl_catalogue_r8_beta_susie/QTD000893.credible_sets.parquet	5117825	2e79986c5cf15d4b81370c552bb6f74595e7915b0f6b6ba8b7db5736171bbf9a
eqtl_catalogue_r8_beta_susie/QTD000695.credible_sets.parquet	1551063	08505ea3cb1767767a50c13ceb70baaaed27fb43e6143117d734893b73de2e30
eqtl_catalogue_r8_beta_susie/QTD000633.credible_sets.parquet	1258321	efc13dcf5bfa7f3f085ebdae3ca3dea3627057b3034d9cabc90146e0a62cc0f7
eqtl_catalogue_r8_beta_susie/QTD000914.credible_sets.parquet	3790281	1447e6c486fc082965664010c55089c367f55ed18f995542ab372c42f6e449d4
eqtl_catalogue_r8_beta_susie/QTD000664.credible_sets.parquet	1025991	f7578c17ce8ce349ab041e87b94c1a623bf677ad54d077ef56805617cd2b9d56
eqtl_catalogue_r8_beta_susie/QTD000733.credible_sets.parquet	2463231	da5caab469caa6afa09a4d98abc231038339db8da19e403878bf0428cf1e2873
eqtl_catalogue_r8_beta_susie/QTD000909.credible_sets.parquet	2453021	3259af497ef308e6f39d8dcaa6c08ef4716fcb00740b2e9ec349f7ebb72c44f2
eqtl_catalogue_r8_beta_susie/QTD000647.credible_sets.parquet	411	6f7225e0f4b05701094c8e19c25e24786d5e4d14996b1f7cf3c73eb59d9cc8a0
eqtl_catalogue_r8_beta_susie/QTD000609.credible_sets.parquet	2175774	804ad5dcaaf23e7e4dfc0a599beaaf703c50e79b095fffa653dad33fd70141c0
eqtl_catalogue_r8_beta_susie/QTD000911.credible_sets.parquet	652684	495ac5bba5b0b86603a860621a022bb5f1155e4d6060d388546210b605b4b198
eqtl_catalogue_r8_beta_susie/QTD000693.credible_sets.parquet	1816758	d85a609d3e023d1016f850032cd6c69715d0c4711794ea39dc1b6a90e7593a7a
eqtl_catalogue_r8_beta_susie/QTD000863.credible_sets.parquet	411	6f7225e0f4b05701094c8e19c25e24786d5e4d14996b1f7cf3c73eb59d9cc8a0
eqtl_catalogue_r8_beta_susie/QTD000729.credible_sets.parquet	411	6f7225e0f4b05701094c8e19c25e24786d5e4d14996b1f7cf3c73eb59d9cc8a0
eqtl_catalogue_r8_beta_susie/QTD000741.credible_sets.parquet	199628	4aa1695556a6fc3a04451ab4e995806047948836d9fda93a26306851510ac478
eqtl_catalogue_r8_beta_susie/QTD000846.credible_sets.parquet	6957	8afc140064ad25798869940c27bdbc68ef1a9ea35b2689c774e610399d7e845e
eqtl_catalogue_r8_beta_susie/QTD000689.credible_sets.parquet	2292029	16f2cc7d9e571b0fb8e2bccfdf5fbb38b807faaafa01a2e6c529671a253739e5
eqtl_catalogue_r8_beta_susie/QTD000852.credible_sets.parquet	12481	91e53226a46d46c9576af1a7e53da6e289131db796d0292fec02c2b1ceea212b
eqtl_catalogue_r8_beta_susie/QTD000698.credible_sets.parquet	297699	c6c55b1ec25cedbc73e6787bed311fd5656caed9bb6e263c50a660505fdb2d2b
eqtl_catalogue_r8_beta_susie/QTD000900.credible_sets.parquet	2037282	43cc2c12497c435f927c02922dbe5fbc50e00cb6ce867f2fe3513bf4f0604bc7
eqtl_catalogue_r8_beta_susie/QTD001000.credible_sets.parquet	59254508	59e2a176aec9615cdc0acd9a23c674fdca0aede94309c6b8471e48894a1c7b00
eqtl_catalogue_r8_beta_susie/QTD000901.credible_sets.parquet	2006932	24076f57498c81784d0640a88984128532b77eb080cd1e394eb9eda9bc3c5e99
eqtl_catalogue_r8_beta_susie/QTD000585.credible_sets.parquet	134734	1f5663af3250812b1d6ef9359d6f9e8df8185ffadb028368916e7a6e2bfd2b2c
eqtl_catalogue_r8_beta_susie/QTD000643.credible_sets.parquet	2766162	8697a73d6cdf5137627ec314ded55d577178b7fed65e25e18c001316202a7409
eqtl_catalogue_r8_beta_susie/QTD000691.credible_sets.parquet	2591462	e0353f05e6f4cf8193f5c2b5743ae1b174ac9d9f220c77fab8c4b22b9356c337
eqtl_catalogue_r8_beta_susie/QTD000657.credible_sets.parquet	1775027	83b2596033fec343019e2eb84c5537da0bde05abbce2882e9c01ee9153d8f52c
eqtl_catalogue_r8_beta_susie/QTD000646.credible_sets.parquet	1321014	ec88edbfb0ca7f530a758afd5a70eaec42aa3bc346ae5332534ea381ee5fe43c
eqtl_catalogue_r8_beta_susie/QTD000709.credible_sets.parquet	28910	e94ef624d3e992d3a2145f89fbec288608c00e2c8fd7688471c35867b3002623
eqtl_catalogue_r8_beta_susie/QTD000671.credible_sets.parquet	385325	4c077745efdfe14b2fb5949e7a3a6c0d6e97a55a4424d369b4fed19cc06dfe0b
eqtl_catalogue_r8_beta_susie/QTD000720.credible_sets.parquet	904325	6f741992951410fa2aa5663a00d4a40ddc5c8d41aeb39b411df8dede9d2c3686
eqtl_catalogue_r8_beta_susie/QTD001005.credible_sets.parquet	33982294	96481987f26e159b369b65315843dd59bf068e879909c67a425490aa9fea4dba
eqtl_catalogue_r8_beta_susie/QTD000635.credible_sets.parquet	963029	861bc46182dd18fed110558add00489d976084a246788976e17062d264861653
eqtl_catalogue_r8_beta_susie/QTD000718.credible_sets.parquet	374391	b744980c95e403487d677ec46f7cb1f957f8cf904c27d2467a8ec41f54ea096c
eqtl_catalogue_r8_beta_susie/QTD000707.credible_sets.parquet	1486719	557d1be7a070242beed8917d8c0112183c41cf2829ae415d9c04672039718dc1
eqtl_catalogue_r8_beta_susie/QTD000651.credible_sets.parquet	1613254	fbd2776309ef0d2e8130c16f8bcf216258a11b5dd790b7b4e0339a0c146dc150
eqtl_catalogue_r8_beta_susie/QTD000696.credible_sets.parquet	2232345	d5849ae5212222b8bc9b84030efb410e1db4695affc8fd31f3a988f14d1898b4
eqtl_catalogue_r8_beta_susie/QTD000873.credible_sets.parquet	782602	127e9ea8673429122b77303ea783991fd102997bb8df71df5e11d7b2c20bc9a8
eqtl_catalogue_r8_beta_susie/QTD000669.credible_sets.parquet	705452	6c86339fb553cdfa63c2f1047353bcfbcd640652ddd7e5748a999ca39c9d9ebc
eqtl_catalogue_r8_beta_susie/QTD000604.credible_sets.parquet	432518	878c5c6392b29ec169761e158800f23853b63494c3eabf317b7fe12600b0cca8
eqtl_catalogue_r8_beta_susie/QTD000644.credible_sets.parquet	5341674	a1e512f73bb5e614967cce89bca1e0102a19788cb233a35d86868949fcdeeccc
eqtl_catalogue_r8_beta_susie/QTD000875.credible_sets.parquet	840256	226c91acd21f74211acc8ed9f097964259dfae4933000792198bd6c156054bc7
eqtl_catalogue_r8_beta_susie/QTD000888.credible_sets.parquet	1414437	9285de82b7c9e679e401bfcdb12d3489904328972c16d3f8138f58e8e162ed77
eqtl_catalogue_r8_beta_susie/QTD000592.credible_sets.parquet	26552	a8f20eb545020e79366ce19b80de38391e752f8af32ad128552ddd42d87df0d5
eqtl_catalogue_r8_beta_susie/QTD000891.credible_sets.parquet	17281658	37bfdd5966295fa95acd11fb8df0f8b30c8e9f23c5c510ecc182dff95847c996
eqtl_catalogue_r8_beta_susie/manifest.tsv	37668	3ef74ff4a76b25bab2cdfe9172440d33f73c8c910fa4d10e8764edd4cf8ae0a3
eqtl_catalogue_r8_beta_susie/QTD000721.credible_sets.parquet	29200	1d25cb791343dcd464438ba3d4cc264ed787e4e1ac81a8baa21af42fe658316a
eqtl_catalogue_r8_beta_susie/QTD000712.credible_sets.parquet	759186	71de56e6eb17f75f2e9689ae2e50d67ea69f64e0297bb3ff0f4eaa7ba541e5fb
eqtl_catalogue_r8_beta_susie/QTD000855.credible_sets.parquet	684189	b7c56f986c1220082819bd3d021fa42907c04f2adf9067a199dfa5870c0a041b
eqtl_catalogue_r8_beta_susie/QTD000620.credible_sets.parquet	8074723	55be414c1f51c68605fe6bb782aa3d2381477241100d814ef1af40e5199916f1
eqtl_catalogue_r8_beta_susie/QTD000667.credible_sets.parquet	210425	310cdf4ad0e5ae330e92f2af0ee73b1f25e300986c47547af39329e87c6ec01f
eqtl_catalogue_r8_beta_susie/QTD000645.credible_sets.parquet	357961	e95bb1abea9a8a6ff95c766b1c26c5dfc384b4fa149d4e2e62965cd8c622b87d
eqtl_catalogue_r8_beta_susie/QTD000640.credible_sets.parquet	619534	fce5b1d9d7cce4c79e1d8dfd1a1e4779439594691fc00e6852c613a7e55b7bbc
eqtl_catalogue_r8_beta_susie/QTD000841.credible_sets.parquet	12805	8145cc8e840cbb88aef11220d2d1a77e6930d4b4687c87d231830696560575cb
eqtl_catalogue_r8_beta_susie/QTD000886.credible_sets.parquet	11339	2f69b4c96e6f28c0dd90be19ea810263d35b866c7983ab2a14e55d9b938bf3c6
eqtl_catalogue_r8_beta_susie/QTD000889.credible_sets.parquet	1327410	e001d293e8e80102fed495445b34d8ba1887bd036a2ebe823bf01e739e2323ca
eqtl_catalogue_r8_beta_susie/QTD000734.credible_sets.parquet	748759	758c50d9757aff4ab9784a5552222d7d734f01b4558b0faccf80ff7a25ae18fc
eqtl_catalogue_r8_beta_susie/QTD000611.credible_sets.parquet	786242	3bc5eae95475cf1692381d7735cb1a7045abf7ed2c81db722ef0dbd97b926704
eqtl_catalogue_r8_beta_susie/QTD000661.credible_sets.parquet	2234668	92e6c794c24c79ff3e1e4a6f2824ac57e2c727005b673c614a86a8ca17bc4677
eqtl_catalogue_r8_beta_susie/QTD000723.credible_sets.parquet	263367	e5fbc286f183e1915d430bf95efa4b80bf093c009d385d2ea21be2d3968ea30c
eqtl_catalogue_r8_beta_susie/QTD000854.credible_sets.parquet	8542	ffd3ed0c9e60b703842527240fd93ee94efbcfcb1445be2e68aa7d5ee8639028
eqtl_catalogue_r8_beta_susie/QTD000637.credible_sets.parquet	5447804	76d971f2b2fca4906b5550afe31d59cb27db8aaa5a122c5b624df037d5298cbf
eqtl_catalogue_r8_beta_susie/QTD000751.credible_sets.parquet	57909	2a59f113c271e1ef4c5e0814610a24a98edf75b22777720e994923132d4984cd
eqtl_catalogue_r8_beta_susie/QTD001003.credible_sets.parquet	22143321	33a3020522329f49f18361f3862b0dd982ba43735525030b822d3c3d78ea00da
eqtl_catalogue_r8_beta_susie/QTD000861.credible_sets.parquet	112287	9039aa1d2e10fac59fe90fcbc70f3a8b081126cb1e16f897ced8f2886a256b82
eqtl_catalogue_r8_beta_susie/QTD000662.credible_sets.parquet	411	6f7225e0f4b05701094c8e19c25e24786d5e4d14996b1f7cf3c73eb59d9cc8a0
eqtl_catalogue_r8_beta_susie/QTD000879.credible_sets.parquet	690101	195f188dbdf25800a587de2668f3bd6ca9b699b5401a0962fef5c7849c47b471
eqtl_catalogue_r8_beta_susie/QTD001002.credible_sets.parquet	91539334	f2f6a60dcaeff27ba2134cddafb618bcd85d4d24d50959ee6cf10534751d3977
eqtl_catalogue_r8_beta_susie/QTD000904.credible_sets.parquet	1262023	0cb57af53f5f742073342a070ce251ac15ca87d4370bbb982f864c064aadeed2
eqtl_catalogue_r8_beta_susie/QTD000702.credible_sets.parquet	3576	2d488b79ca891d49457e0048213fe919aa28f7add311f57412905e83b65cd161
eqtl_catalogue_r8_beta_susie/QTD000668.credible_sets.parquet	1213315	6bfb2bdbf59bd28a4ae2d5eb55663e32bdbf68bb70c8aacdb52730b3b66aefd3
eqtl_catalogue_r8_beta_susie/QTD000916.credible_sets.parquet	202313	d31d83be5a864b81be2aaeb50351e4b73b19178bfd2a28eb7c8d145975d9ca3d
eqtl_catalogue_r8_beta_susie/QTD000666.credible_sets.parquet	925086	c65f9d6f67ea49628275ebdf0b8e1eb7d16d9b4caa7e217a27059f1a98e6298c
eqtl_catalogue_r8_beta_susie/QTD000857.credible_sets.parquet	203599	a833a5453baab8a29b178fb4ce059df72e5e477a5eddfdf770091dccd5f57320
eqtl_catalogue_r8_beta_susie/QTD000892.credible_sets.parquet	2569043	87e231b1d1379d3d59615ba19c2969347bf4fbd887292f33faa6636dcae76772
eqtl_catalogue_r8_beta_susie/QTD001004.credible_sets.parquet	8745251	6de45d012a7f8a7defb1940d01370bcfe6b6ec01604c841df6104c5f04d2bb7d
eqtl_catalogue_r8_beta_susie/QTD000848.credible_sets.parquet	12700	e40f4606233735d3aa18f1ebc3c2a5a8c79f79404edc63c14bb5ca328ff67851
eqtl_catalogue_r8_beta_susie/QTD000894.credible_sets.parquet	3481383	2f3c4b77bdc0248b6552488ce3d317a9b62806724cd28036974987623c76ae0e
eqtl_catalogue_r8_beta_susie/QTD000587.credible_sets.parquet	1173223	8c014e4963871244e6eba00c215ada1931776471e1e99e87f592476b8fce05ab
eqtl_catalogue_r8_beta_susie/QTD000716.credible_sets.parquet	1509219	55904b1474b66f3aa87ac64cd31292a058482a73fd3b9d4d7495ea9f07e1cd6d
eqtl_catalogue_r8_beta_susie/QTD000682.credible_sets.parquet	411	6f7225e0f4b05701094c8e19c25e24786d5e4d14996b1f7cf3c73eb59d9cc8a0
eqtl_catalogue_r8_beta_susie/QTD000715.credible_sets.parquet	9774	5da1440d69701d4e72a6cbf0e8ad319ea4632ecb182586fcb528caf211f50181
eqtl_catalogue_r8_beta_susie/QTD000877.credible_sets.parquet	487571	ade186b52190372963e23e568fe2c5a3e87bc2e2719a34b20cd11a15c6a8b9de
eqtl_catalogue_r8_beta_susie/QTD000672.credible_sets.parquet	1477858	f260bfa4cc5018bfa05b827fa2d2aef8fa2706725449866a405b9824678e2fb1
eqtl_catalogue_r8_beta_susie/QTD000876.credible_sets.parquet	2110468	901f61e0de5c83aa821827c8623194e1283cd74e6a3c3b60b93481c9fff66267
eqtl_catalogue_r8_beta_susie/QTD000675.credible_sets.parquet	2717824	09932471130346937fd7ef8602423784f99fb2de2d1fa2da77122d70a14842f8
eqtl_catalogue_r8_beta_susie/QTD000728.credible_sets.parquet	1154448	f0d6678ca7bf042c07d1a502900a8b45a43ee80a70f345a38c7114ec970af977
eqtl_catalogue_r8_beta_susie/QTD000665.credible_sets.parquet	893584	5eff167470990f8108c10a4a7fff97be9d1bd93a3e9934a41d9bfddfdd98ced7
eqtl_catalogue_r8_beta_susie/QTD000634.credible_sets.parquet	1978244	062d288cc8b1842a126941b20b6c5060eb381883fca43775681d8cb4477d0a2d
eqtl_catalogue_r8_beta_susie/QTD000656.credible_sets.parquet	3996	8f041cf347713a4e5e162cb36cbd41dc51ec86eeeb620b8d2fccdb263b097cc2
eqtl_catalogue_r8_beta_susie/QTD000869.credible_sets.parquet	411	6f7225e0f4b05701094c8e19c25e24786d5e4d14996b1f7cf3c73eb59d9cc8a0
eqtl_catalogue_r8_beta_susie/QTD000842.credible_sets.parquet	4260	49e3f0383dda1137ef1268222574cd4ab603260b4cfa1955076d60c7ab59b09d
eqtl_catalogue_r8_beta_susie/QTD000690.credible_sets.parquet	3130912	8cd7d07a183fdaac3c67dc7ab1bd4c6c8b4b5a4351e8cf4438d7e7b0243339aa
eqtl_catalogue_r8_beta_susie/QTD000727.credible_sets.parquet	405631	80214b9ec06bb930e3f64c53575312990f590080eab33eea8994d58fd955fc6b
eqtl_catalogue_r8_beta_susie/QTD000867.credible_sets.parquet	296308	1f7da02cdf36c5fe9d6db456886f0e459177dedcf653724993384b88addaef40
eqtl_catalogue_r8_beta_susie/QTD000868.credible_sets.parquet	30997	f7a29fa546515fef14e9486b7ae2c8b9d6b2c726cd6753937e27a1fb57d3508a
eqtl_catalogue_r8_beta_susie/QTD000678.credible_sets.parquet	1404056	194a23b1ea6668b689e0374cbcb9939fa39572dd141d0dd66124eba140c0d405
eqtl_catalogue_r8_beta_susie/QTD000885.credible_sets.parquet	3141593	435c5e3424a939d1c537dd5dcc6394ab04e5af6402fcddf4bd3b3a11546db605
eqtl_catalogue_r8_beta_susie/QTD000603.credible_sets.parquet	1725885	a4eb3aa97a613c6a369a7401617e694e51618d712f01fbae93d4c726af2a4268
eqtl_catalogue_r8_beta_susie/QTD000913.credible_sets.parquet	135472	518267331438e66e084afeed6459901c057186817de91b3a9e0da6c4e7cf2666
eqtl_catalogue_r8_beta_susie/QTD000898.credible_sets.parquet	10491636	96d8796c489e44671b62b1ee6ad9af8499926c663eaf90470716dcd6b9b95588
eqtl_catalogue_r8_beta_susie/QTD000680.credible_sets.parquet	1078087	55b59bc7568c3cf363c2b2720726458efcccec63b406f25891ef8678bc32a796
eqtl_catalogue_r8_beta_susie/QTD000845.credible_sets.parquet	46774	2e277f64d23d12cde17b5c133ceedf93612fc477d485b1604c704c0442982cb1
opentargets_platform_26_03/study/part-00000-a8a8bfa5-c19c-4fc9-8736-91c89327ec8e-c000.snappy.parquet	96590973	c1608b6c4531a40837f0343274096ecda14433935b88493681f56d66487e5224
opentargets_platform_26_03/evidence_crispr/part-00000-3fbf9fdf-6e47-4d36-b466-ddb210027906-c000.snappy.parquet	70147	d26e5d63e2d8c192128226b14456035bb5241677ad5a5261a7f1664883990273
opentargets_platform_26_03/enhancer_to_gene/part-00011-a6500563-2fee-4bf1-b5a8-4febe96a65fd-c000.snappy.parquet	88391066	70d8944466290f85e1148f9582b327cc753fe78effa4a426ea3c35b9fdf5200f
opentargets_platform_26_03/enhancer_to_gene/part-00026-a6500563-2fee-4bf1-b5a8-4febe96a65fd-c000.snappy.parquet	86010330	15bc092bcc5a253e36c0ebada5b8c1566776d3b52891f625dff81edda7d10132
opentargets_platform_26_03/enhancer_to_gene/part-00024-a6500563-2fee-4bf1-b5a8-4febe96a65fd-c000.snappy.parquet	91603943	0e63ee767b40cb8d19f99b155d14080b78edacd5b0e5f89e0273d066dc3b1214
opentargets_platform_26_03/enhancer_to_gene/part-00006-a6500563-2fee-4bf1-b5a8-4febe96a65fd-c000.snappy.parquet	89347487	e7403047ba2a488e5812470ecc8ffd7264ba0315553665a7a5b42eecae69fdb0
opentargets_platform_26_03/enhancer_to_gene/part-00013-a6500563-2fee-4bf1-b5a8-4febe96a65fd-c000.snappy.parquet	96990785	23dd2f682659a43299c6fd3efa083503d2ab87d302cbb49a20600c4b189a6f4a
opentargets_platform_26_03/enhancer_to_gene/part-00010-a6500563-2fee-4bf1-b5a8-4febe96a65fd-c000.snappy.parquet	87758456	abffbfc761cb47dff411838a2363c0f9a88cdfe2fd9a1538f2a95e1c85bdc91d
opentargets_platform_26_03/enhancer_to_gene/part-00002-a6500563-2fee-4bf1-b5a8-4febe96a65fd-c000.snappy.parquet	91440071	e361a0b72fefbaeb4917e471aa98a2f0a23e7fd748cd537b2459086fd9f47b6a
opentargets_platform_26_03/enhancer_to_gene/part-00012-a6500563-2fee-4bf1-b5a8-4febe96a65fd-c000.snappy.parquet	87461633	431948f2c9e920568d961a180127856562131ad07df04b3f4e0af3543d0f0be3
opentargets_platform_26_03/enhancer_to_gene/part-00009-a6500563-2fee-4bf1-b5a8-4febe96a65fd-c000.snappy.parquet	87083461	b0920e3b4ab7828cba5c5f99609d0f4d9252d70dcee827f1a7ff7f20d113b340
opentargets_platform_26_03/enhancer_to_gene/part-00023-a6500563-2fee-4bf1-b5a8-4febe96a65fd-c000.snappy.parquet	86773230	64590b8ca0234ac4775bc21291cbf0fb219a859c09e22d0ca7cab310dd9ec427
opentargets_platform_26_03/enhancer_to_gene/part-00020-a6500563-2fee-4bf1-b5a8-4febe96a65fd-c000.snappy.parquet	94817906	824efb04088948a7c2f8a28a362a8e7df0caf447850229b6f1127de1a33eef3e
opentargets_platform_26_03/enhancer_to_gene/part-00004-a6500563-2fee-4bf1-b5a8-4febe96a65fd-c000.snappy.parquet	92870381	4355dc04d3bd33d9fd118efe5dace4561c69d4bdaa4a87954fb474ec3497e0ee
opentargets_platform_26_03/enhancer_to_gene/part-00016-a6500563-2fee-4bf1-b5a8-4febe96a65fd-c000.snappy.parquet	85044233	28d0fc19a1f012c889760573d5e7b1975f2bab73c22dc4d1b482ef8d51ff3e70
opentargets_platform_26_03/enhancer_to_gene/part-00018-a6500563-2fee-4bf1-b5a8-4febe96a65fd-c000.snappy.parquet	88396105	d07bff952473961c14d6be04ffe865d25a78c3bbf941f35ea8c42e955c597653
opentargets_platform_26_03/enhancer_to_gene/part-00027-a6500563-2fee-4bf1-b5a8-4febe96a65fd-c000.snappy.parquet	92024535	03174cb602dd6262149931c314325f3c47dfac7e8aa8a684c2a7d138de76afa7
opentargets_platform_26_03/enhancer_to_gene/part-00015-a6500563-2fee-4bf1-b5a8-4febe96a65fd-c000.snappy.parquet	90865850	8c602b038ad80c5819d153ed81d0eb0e81aaa67374b44e5c98d55fa6dfc9621f
opentargets_platform_26_03/enhancer_to_gene/part-00017-a6500563-2fee-4bf1-b5a8-4febe96a65fd-c000.snappy.parquet	87978584	9f4d32a8dbe72e42f3a69672584d78dc7c224312addd342be863712e2662396b
opentargets_platform_26_03/enhancer_to_gene/part-00025-a6500563-2fee-4bf1-b5a8-4febe96a65fd-c000.snappy.parquet	86507162	55b79306805d21a85aa1dd31309012b103740d3d58969f5f1526def7637030ff
opentargets_platform_26_03/enhancer_to_gene/part-00029-a6500563-2fee-4bf1-b5a8-4febe96a65fd-c000.snappy.parquet	89582745	b7e624476b119e3bce3198434703e6d185966c7db05087ab0d864bec0aaed949
opentargets_platform_26_03/enhancer_to_gene/part-00005-a6500563-2fee-4bf1-b5a8-4febe96a65fd-c000.snappy.parquet	82134877	b7eae84c5c036cf924fbcbfbf46b820f7ae9910472548518b294777199854a98
opentargets_platform_26_03/enhancer_to_gene/part-00019-a6500563-2fee-4bf1-b5a8-4febe96a65fd-c000.snappy.parquet	82416338	d4cfb126f97807e10cd2c26ff12efe060e7e97435ac08b2c08ff63f32f694881
opentargets_platform_26_03/enhancer_to_gene/part-00014-a6500563-2fee-4bf1-b5a8-4febe96a65fd-c000.snappy.parquet	78097658	5aaba47dafb39fffa468d92bdaf97e6b9724bf059c6a802201eaad8b677744b2
opentargets_platform_26_03/enhancer_to_gene/part-00003-a6500563-2fee-4bf1-b5a8-4febe96a65fd-c000.snappy.parquet	85891921	d3a40619a50a3c7c5f0b1d586ef1a612b4f0edab30a3c696696b03261be66d66
opentargets_platform_26_03/enhancer_to_gene/part-00007-a6500563-2fee-4bf1-b5a8-4febe96a65fd-c000.snappy.parquet	88422214	31ea5f4aa8d2115ebf3c0c0e563add9970cc6455058d39d4ee793d1ec598066d
opentargets_platform_26_03/enhancer_to_gene/part-00008-a6500563-2fee-4bf1-b5a8-4febe96a65fd-c000.snappy.parquet	89377974	c9a8e693f7c66d0cb1e76f8e44d5244b66f79131f24cced9531196862d864324
opentargets_platform_26_03/enhancer_to_gene/part-00021-a6500563-2fee-4bf1-b5a8-4febe96a65fd-c000.snappy.parquet	93683199	84bc0daca1e85360a5cb522a9d18801c30f451b6d7014858f70ad694fe4be479
opentargets_platform_26_03/enhancer_to_gene/part-00022-a6500563-2fee-4bf1-b5a8-4febe96a65fd-c000.snappy.parquet	83342838	b7df24e28dae4e17a32fa861ad761bf59ce29a788c9996f02963e219b84ee3c8
opentargets_platform_26_03/enhancer_to_gene/part-00028-a6500563-2fee-4bf1-b5a8-4febe96a65fd-c000.snappy.parquet	88023977	64f563f5a9278202ba0a749e9c03d5d30eb5aee47a83d6b2eeb30aab3a2f0d3d
opentargets_platform_26_03/enhancer_to_gene/part-00000-a6500563-2fee-4bf1-b5a8-4febe96a65fd-c000.snappy.parquet	95521238	5117fd22236016fde79b838f089e7ff332bf341597b47641fa7f51daeffc561d
opentargets_platform_26_03/enhancer_to_gene/part-00001-a6500563-2fee-4bf1-b5a8-4febe96a65fd-c000.snappy.parquet	79772562	0e8f84432db727fd2e8f38a3ffe437a055973e7e9ab8406c8c62779915835cde
opentargets_platform_26_03/evidence_crispr_screen/part-00003-fc8c587a-7525-4fb4-89f4-78f3f0bf34a4-c000.snappy.parquet	530533	2dbc620120fbfffb99c6594c721c07b3101bb1d3c901ea313b2290665c7e7f7c
opentargets_platform_26_03/evidence_crispr_screen/part-00002-fc8c587a-7525-4fb4-89f4-78f3f0bf34a4-c000.snappy.parquet	345044	fa3efe356c3ce735af93541d0bc2b3618a91a31b7d32fea6b6c4d462cc2fd6d3
opentargets_platform_26_03/evidence_crispr_screen/part-00001-fc8c587a-7525-4fb4-89f4-78f3f0bf34a4-c000.snappy.parquet	343623	9cbf44be1ad47c32646b109d83465ae86462956cbab26651c1ff91af64a2b2c6
opentargets_platform_26_03/evidence_crispr_screen/part-00000-fc8c587a-7525-4fb4-89f4-78f3f0bf34a4-c000.snappy.parquet	344399	55b8bbd8fc10a9fcdbe7d35cbbbde563db75ceee775e72a053023c223b31e62e
opentargets_platform_26_03/target/part-00005-2caaacd7-3777-4286-a735-d4b67d2a036b-c000.snappy.parquet	8356703	50e3d96df9ca3149be8ba271615da3ff638ae3dbefcd78556082c467fa8f7958
opentargets_platform_26_03/target/part-00001-2caaacd7-3777-4286-a735-d4b67d2a036b-c000.snappy.parquet	8440314	e70e5b9f890c4ce123f74b17f6a32193a783e7dcb07c2bb946ea7b9ae338d293
opentargets_platform_26_03/target/part-00009-2caaacd7-3777-4286-a735-d4b67d2a036b-c000.snappy.parquet	8455100	b029537c58d53e6f8a49693da818f12e2544e349477e7ad39f64319e7a88d4c3
opentargets_platform_26_03/target/part-00006-2caaacd7-3777-4286-a735-d4b67d2a036b-c000.snappy.parquet	8559242	6e7030a54bc18e1f177f899b6be011fb44a329101dc86b39ac9dd41cfd7904a4
opentargets_platform_26_03/target/part-00008-2caaacd7-3777-4286-a735-d4b67d2a036b-c000.snappy.parquet	8539750	5c8533536d4ef228b8ed606870012456869eff736a41144e45cbaf5537df9919
opentargets_platform_26_03/target/part-00007-2caaacd7-3777-4286-a735-d4b67d2a036b-c000.snappy.parquet	8490757	06a5481323ad3350fe987617ea99c2d9dd40083983df39f255d35f531b6f0464
opentargets_platform_26_03/target/part-00000-2caaacd7-3777-4286-a735-d4b67d2a036b-c000.snappy.parquet	8400743	72830d1be0617eb5133c14e6fc9df37eed3f634733623ea50daf119e8a02d6f2
opentargets_platform_26_03/target/part-00002-2caaacd7-3777-4286-a735-d4b67d2a036b-c000.snappy.parquet	8296075	1449072f2ae7d55152bcd1c6b55c03efb6ee2a16233bf63b475f3b001504599f
opentargets_platform_26_03/target/part-00004-2caaacd7-3777-4286-a735-d4b67d2a036b-c000.snappy.parquet	8608360	fe416a406bb70a4bd1b95c11d0a28a38ce6d963908e47b1cc9b08caa51118ceb
opentargets_platform_26_03/target/part-00003-2caaacd7-3777-4286-a735-d4b67d2a036b-c000.snappy.parquet	8884870	645384955c48f2fa45022b4b98c40f7c8385e3814abd18083fc8625be277f29f
opentargets_platform_26_03/credible_set/part-00061-4cc70612-e114-4f99-812f-a49695775600-c000.snappy.parquet	14371058	cabe8cfab55b9152ed0112a04760099a6fb0062fa9cbb385c44785f35025723b
opentargets_platform_26_03/credible_set/part-00071-4cc70612-e114-4f99-812f-a49695775600-c000.snappy.parquet	18376959	1d404b33adc7a1e52339c46ba9e2adb41ce57f9ef329e71c4dba6ae8f259b50b
opentargets_platform_26_03/credible_set/part-00051-4cc70612-e114-4f99-812f-a49695775600-c000.snappy.parquet	16909049	e88da9f35af8c7d88930f77cfbda4f85efd8b94b126b29784eaf7eb4af53dab0
opentargets_platform_26_03/credible_set/part-00050-4cc70612-e114-4f99-812f-a49695775600-c000.snappy.parquet	13885333	1b01d0842f7b98c928f2ab854d9701afe4ffef7cbcfd630d69ed9392c32c8cc6
opentargets_platform_26_03/credible_set/part-00182-4cc70612-e114-4f99-812f-a49695775600-c000.snappy.parquet	12116789	9f9724dafe9db47616bc8444bcdcbae0835469651a1c96bd9a015db4f9aaa92a
opentargets_platform_26_03/credible_set/part-00170-4cc70612-e114-4f99-812f-a49695775600-c000.snappy.parquet	17880417	96512e97af49444b75148db2dcd2ce59880df85cd4f5eb97d433040dd22d6043
opentargets_platform_26_03/credible_set/part-00129-4cc70612-e114-4f99-812f-a49695775600-c000.snappy.parquet	13437910	6f7ca00a39c2efab273016f7dbcb52279499f5a72c2c35a5a3aaa16ffb02d219
opentargets_platform_26_03/credible_set/part-00062-4cc70612-e114-4f99-812f-a49695775600-c000.snappy.parquet	21339278	d765d2404d039f000d5b04e76d71c4afa1c1475f275fa05ecff0dde187a9f218
opentargets_platform_26_03/credible_set/part-00063-4cc70612-e114-4f99-812f-a49695775600-c000.snappy.parquet	10070864	127bcfd941f158a03033c9f1c32e9be53f7939a190c584a72d4e514774ae337c
opentargets_platform_26_03/credible_set/part-00178-4cc70612-e114-4f99-812f-a49695775600-c000.snappy.parquet	15317731	56f94e0032da961a1d5a2efceab80fbb1711d3fc2f8848d6057d94009fd9f8b8
opentargets_platform_26_03/credible_set/part-00158-4cc70612-e114-4f99-812f-a49695775600-c000.snappy.parquet	21058997	7fe6449bddb6bb3094c0b350e02e9da30f510ea26bca8932528e8a5d30e30ffb
opentargets_platform_26_03/credible_set/part-00021-4cc70612-e114-4f99-812f-a49695775600-c000.snappy.parquet	15384972	01cd90dd6689003a27f048cef84e5f77c19c1c0265e9637db5c73ff29c810649
opentargets_platform_26_03/credible_set/part-00101-4cc70612-e114-4f99-812f-a49695775600-c000.snappy.parquet	9608035	3ed7f6990647b43fb0d7bbf8cfea236bbd9f78c826a3d7aad2e383b6b1067977
opentargets_platform_26_03/credible_set/part-00150-4cc70612-e114-4f99-812f-a49695775600-c000.snappy.parquet	20744178	e932d5c69a6353073d0b81dad62aa676a82057753db7f0c37c1523df493dc7ca
opentargets_platform_26_03/credible_set/part-00055-4cc70612-e114-4f99-812f-a49695775600-c000.snappy.parquet	15709642	1968028af855ea3e6fdb22a3949aee405cf496ae900ec1eaec00c10f32762ff3
opentargets_platform_26_03/credible_set/part-00133-4cc70612-e114-4f99-812f-a49695775600-c000.snappy.parquet	14139760	f0de3b5a7c7090832b828657541f043ca0db738699765c842554d2e8e66d08c4
opentargets_platform_26_03/credible_set/part-00146-4cc70612-e114-4f99-812f-a49695775600-c000.snappy.parquet	17777551	942397abc9dd1e274a58d27c68c0b435eef887b8f8bad0982c2ce7b267875468
opentargets_platform_26_03/credible_set/part-00185-4cc70612-e114-4f99-812f-a49695775600-c000.snappy.parquet	16616829	8e4e128e148b11259ad8040461783ab53fccb05d43db6f4c387d3e931e86307e
opentargets_platform_26_03/credible_set/part-00057-4cc70612-e114-4f99-812f-a49695775600-c000.snappy.parquet	17324439	46f44f330d46c1493bb6d5ced3986cb3db1e030835028a277fec698a1166bd83
opentargets_platform_26_03/credible_set/part-00160-4cc70612-e114-4f99-812f-a49695775600-c000.snappy.parquet	14724660	4493017d7a6f0e99e082764b42f6c4bc3d27396755e7d94dc1a22fe6f6feb35e
opentargets_platform_26_03/credible_set/part-00073-4cc70612-e114-4f99-812f-a49695775600-c000.snappy.parquet	14593171	b6dfd6b81bbf242f030fc75c59558589cd88a01aaa18ca82b1a9cae94704da43
opentargets_platform_26_03/credible_set/part-00117-4cc70612-e114-4f99-812f-a49695775600-c000.snappy.parquet	19040373	872aca2aaa18b51b6a6d12abcb1f0b9b8143949f275357bc5fd1de58a7a0ede4
opentargets_platform_26_03/credible_set/part-00174-4cc70612-e114-4f99-812f-a49695775600-c000.snappy.parquet	13437242	0f88f061b5ce585ccecc39d49543ee82fd40b5e49143865f6bd52b95915481ce
opentargets_platform_26_03/credible_set/part-00169-4cc70612-e114-4f99-812f-a49695775600-c000.snappy.parquet	13418154	e7e45fe36a96dfd62daae83a5013cc6d5373f9f350c5157c7b0d9ed3e9f79bb6
opentargets_platform_26_03/credible_set/part-00179-4cc70612-e114-4f99-812f-a49695775600-c000.snappy.parquet	16140149	e3dc09b82786fb2307d0fd83451fe5b9ed6bdb48733af5d8b4984d280088c0cc
opentargets_platform_26_03/credible_set/part-00017-4cc70612-e114-4f99-812f-a49695775600-c000.snappy.parquet	13237376	1743ab3b808ba6292655f4ed06e7d4e4c7fc08765bf46a26ce68c27fede80b96
opentargets_platform_26_03/credible_set/part-00130-4cc70612-e114-4f99-812f-a49695775600-c000.snappy.parquet	17267025	55ad83bd9d9958360b9b83df4c7529038e6d5e1b6dd8f24f446ab785dff1a139
opentargets_platform_26_03/credible_set/part-00047-4cc70612-e114-4f99-812f-a49695775600-c000.snappy.parquet	14920304	22b0808451389902a1cefd59577bb84856e4c8efbae106f80db62eef32803fd4
opentargets_platform_26_03/credible_set/part-00032-4cc70612-e114-4f99-812f-a49695775600-c000.snappy.parquet	23939127	e74a1182a24cda6e304d6da701241c60c54e4a7c49f371d7c3086ac14457fd99
opentargets_platform_26_03/credible_set/part-00156-4cc70612-e114-4f99-812f-a49695775600-c000.snappy.parquet	14398381	e67bfcf9ab19e8e60996a00e59021c733c0b41817ab073d7205ff49a0692863c
opentargets_platform_26_03/credible_set/part-00006-4cc70612-e114-4f99-812f-a49695775600-c000.snappy.parquet	19978092	466efacad7297d9e2fd50e11b8dde9fc640d0d37a5f2d986e58e0e0522772fe6
opentargets_platform_26_03/credible_set/part-00080-4cc70612-e114-4f99-812f-a49695775600-c000.snappy.parquet	20736586	cebd4615930f4caea6af19f0e398abe5e116c0203c338e750958f1700ff33e3b
opentargets_platform_26_03/credible_set/part-00148-4cc70612-e114-4f99-812f-a49695775600-c000.snappy.parquet	17411429	51ba2d79caeaf949aca4e4418de379c611fd1dd234d494871abbe35cb32f482a
opentargets_platform_26_03/credible_set/part-00184-4cc70612-e114-4f99-812f-a49695775600-c000.snappy.parquet	10089974	43810d6c874daece92a062b1a1d4c546ef626617a2be594470dd44b07400b35e
opentargets_platform_26_03/credible_set/part-00141-4cc70612-e114-4f99-812f-a49695775600-c000.snappy.parquet	17759381	fdc2c7aa3b1b3ff3a9b2c2be3c81ce6b390d3671dd14f0a6413138db4afc01af
opentargets_platform_26_03/credible_set/part-00191-4cc70612-e114-4f99-812f-a49695775600-c000.snappy.parquet	15707018	786400b73c7fd84b65ab2667fbae2d4369da3d465ce6be83dde1eb54372749d0
opentargets_platform_26_03/credible_set/part-00069-4cc70612-e114-4f99-812f-a49695775600-c000.snappy.parquet	11616315	ca2412d7c52ea4f3951c82d1e73f84c30f9426d5459f5b11741c0ac21ba91075
opentargets_platform_26_03/credible_set/part-00085-4cc70612-e114-4f99-812f-a49695775600-c000.snappy.parquet	18718204	072c93087c4df99f4e17b9e106e5c3cceb2617729e1690279205a3c0269e0854
opentargets_platform_26_03/credible_set/part-00025-4cc70612-e114-4f99-812f-a49695775600-c000.snappy.parquet	13998727	cfd44b8fa87e987769d80af88b2304042d604c6bf448c3f875cc415ce8240174
opentargets_platform_26_03/credible_set/part-00023-4cc70612-e114-4f99-812f-a49695775600-c000.snappy.parquet	12275066	f33480482c85d02830734db4af4bd05469b76a88d4f90f89b3cd0a686ced3efc
opentargets_platform_26_03/credible_set/part-00011-4cc70612-e114-4f99-812f-a49695775600-c000.snappy.parquet	18936020	68bdb5906477a1e56cb2a5a71092b581279deb29f660331a6c70fdc7c3274f3f
opentargets_platform_26_03/credible_set/part-00109-4cc70612-e114-4f99-812f-a49695775600-c000.snappy.parquet	18401584	1ddae764557f4f36dd510c3dd039f3466fe5d4336cb01b5047db4c33f02b2a86
opentargets_platform_26_03/credible_set/part-00029-4cc70612-e114-4f99-812f-a49695775600-c000.snappy.parquet	15114132	5c51872e8f2b96566e54e2a8ac1b590989e37f7fa237ea1770af6414f344160a
opentargets_platform_26_03/credible_set/part-00153-4cc70612-e114-4f99-812f-a49695775600-c000.snappy.parquet	9401247	15e5706ec092f7d523b550c60eb809251ee54ee7f3340e120cc21d6cb7cd0826
opentargets_platform_26_03/credible_set/part-00190-4cc70612-e114-4f99-812f-a49695775600-c000.snappy.parquet	10997450	f79e85b7edf6284f2b3d7370885eb778ed9176c9e376bff936cdd1e9d74cfe76
opentargets_platform_26_03/credible_set/part-00009-4cc70612-e114-4f99-812f-a49695775600-c000.snappy.parquet	8792831	57301113206089fa304ae2389bb984448ac58b67f8cb21736e0ed894705247fa
opentargets_platform_26_03/credible_set/part-00001-4cc70612-e114-4f99-812f-a49695775600-c000.snappy.parquet	14166599	090d0136366c3c5cb8cff6df4f1ef1a35648bb36e875854d13605b177e048f72
opentargets_platform_26_03/credible_set/part-00000-4cc70612-e114-4f99-812f-a49695775600-c000.snappy.parquet	9542507	3da23dd7c298d5e5b006bd324e80b6c34a45bf930bddbaba14373610c54902c7
opentargets_platform_26_03/credible_set/part-00067-4cc70612-e114-4f99-812f-a49695775600-c000.snappy.parquet	8625867	138b9f85891d0fda0c95d0f77ba1c7f1c79fc6f31c5d82905f92088db2de29a0
opentargets_platform_26_03/credible_set/part-00111-4cc70612-e114-4f99-812f-a49695775600-c000.snappy.parquet	18005467	b6cd011d92d42cc98631ecc0c902f041fa76053ec7a411209e500eb7f0b642d3
opentargets_platform_26_03/credible_set/part-00040-4cc70612-e114-4f99-812f-a49695775600-c000.snappy.parquet	14079121	a584705c11fd08cf4f0c39ddddfce2b1de266f3b37cdb3aeb00f504d72e4d3de
opentargets_platform_26_03/credible_set/part-00116-4cc70612-e114-4f99-812f-a49695775600-c000.snappy.parquet	24692538	61f2b24790904fbd54857250931829b06b601ed113dbc888551eae50bbda4211
opentargets_platform_26_03/credible_set/part-00196-4cc70612-e114-4f99-812f-a49695775600-c000.snappy.parquet	17112862	c4b6e69866fcf70ce3937c769deb5459fe161f269045f7c1b769113fca8335b3
opentargets_platform_26_03/credible_set/part-00139-4cc70612-e114-4f99-812f-a49695775600-c000.snappy.parquet	15742180	2606e7a036340ff35e3593d79b325a8c44f9aea7fed9dff8447ac7243a4c105f
opentargets_platform_26_03/credible_set/part-00015-4cc70612-e114-4f99-812f-a49695775600-c000.snappy.parquet	11895713	a7658c1dc4655a4457abd0e81fbe48c8ced4157f0ada0fe8c3784a75b9e1d7bc
opentargets_platform_26_03/credible_set/part-00192-4cc70612-e114-4f99-812f-a49695775600-c000.snappy.parquet	11884635	4cd93001ae9292ab881d8a2220aded2d320f8603d8c77b896140cb266adaa609
opentargets_platform_26_03/credible_set/part-00098-4cc70612-e114-4f99-812f-a49695775600-c000.snappy.parquet	13849916	e17dc20e9ded72d23145a972a94f891b29f6a23eb111e4538b102847c20de6e9
opentargets_platform_26_03/credible_set/part-00163-4cc70612-e114-4f99-812f-a49695775600-c000.snappy.parquet	11271772	00a6bda7f84e5c7969578d470ff3f0464e4f6c8739f4c5ad4f2e853bb215cd0d
opentargets_platform_26_03/credible_set/part-00151-4cc70612-e114-4f99-812f-a49695775600-c000.snappy.parquet	19505455	5004a526e539933f024c30a8f7b48d01a7b8b9caeec36da3da9b5781b090719d
opentargets_platform_26_03/credible_set/part-00120-4cc70612-e114-4f99-812f-a49695775600-c000.snappy.parquet	10963629	fda04006a4b7364c6bc593f194ccc3c101ee392a0a5aa3d72a73657258bc6b8f
opentargets_platform_26_03/credible_set/part-00137-4cc70612-e114-4f99-812f-a49695775600-c000.snappy.parquet	14952612	1830a3ef8e793a9f16c5a176467429aad6487bcce803a50bb1a9f71611adbb09
opentargets_platform_26_03/credible_set/part-00010-4cc70612-e114-4f99-812f-a49695775600-c000.snappy.parquet	13318666	10a72e674599c6dfaa6f249cdc953d78ba228e286cc7141e921892c8e076ee42
opentargets_platform_26_03/credible_set/part-00183-4cc70612-e114-4f99-812f-a49695775600-c000.snappy.parquet	13844173	89aed16eda88643f5c7fcdddd09e0ff97a8dfd19b198647c653d6beb3e763083
opentargets_platform_26_03/credible_set/part-00100-4cc70612-e114-4f99-812f-a49695775600-c000.snappy.parquet	4405098	a643e964768a15c4503e4079821fa1df413a3754845f61ee8e25fae39a8becbf
opentargets_platform_26_03/credible_set/part-00002-4cc70612-e114-4f99-812f-a49695775600-c000.snappy.parquet	14381732	44949f4f8bdf85e1bc5ff3578c6cab162d88c8bd3bf3f0d64f7a77b706c67778
opentargets_platform_26_03/credible_set/part-00168-4cc70612-e114-4f99-812f-a49695775600-c000.snappy.parquet	19288267	64de9d5decdf77eebe74f6aaf55c98e79a2e429260a74b1e65174195e0ca459e
opentargets_platform_26_03/credible_set/part-00028-4cc70612-e114-4f99-812f-a49695775600-c000.snappy.parquet	7863520	44f000e858657a777e67939f33ba5817146d8b6737f66f6a77e8c654dc4d795a
opentargets_platform_26_03/credible_set/part-00065-4cc70612-e114-4f99-812f-a49695775600-c000.snappy.parquet	17233394	8efb27334a7003d8b6539f68d24cd6d0ace6ae8ddda6d1b9bef781d4e4107645
opentargets_platform_26_03/credible_set/part-00104-4cc70612-e114-4f99-812f-a49695775600-c000.snappy.parquet	10586486	2e608b1800721d5bf8126c8fb5fffa483404a15b81e405ee80975aaf8ffeac86
opentargets_platform_26_03/credible_set/part-00126-4cc70612-e114-4f99-812f-a49695775600-c000.snappy.parquet	13187433	ad754ef1de764d605f6ad700b1af0e6dee6a5dd0769b75c1a33217785ce28350
opentargets_platform_26_03/credible_set/part-00127-4cc70612-e114-4f99-812f-a49695775600-c000.snappy.parquet	8784780	178bfea4546cd195d99ce3d83877aa08caf324e9c48571a07a06c2facbdc1c2c
opentargets_platform_26_03/credible_set/part-00039-4cc70612-e114-4f99-812f-a49695775600-c000.snappy.parquet	9286219	84cb9de17d499dd379f6f14449eafbf8a8ffeef09752d68a5a3ace6bde3ef0af
opentargets_platform_26_03/credible_set/part-00016-4cc70612-e114-4f99-812f-a49695775600-c000.snappy.parquet	12749381	6f39078321f8985b11ff235482fda5fae10791845f3fa43444270f55cb13e183
opentargets_platform_26_03/credible_set/part-00166-4cc70612-e114-4f99-812f-a49695775600-c000.snappy.parquet	20112075	1e7832fc467fac89b6c9d3fc1f2696fae5c3e238bc5bbf81fec803631ecd4bd8
opentargets_platform_26_03/credible_set/part-00173-4cc70612-e114-4f99-812f-a49695775600-c000.snappy.parquet	14556823	03d64564041663d89ae695c03b198c7c16701d13239d58671b5b3a61ed06db5e
opentargets_platform_26_03/credible_set/part-00038-4cc70612-e114-4f99-812f-a49695775600-c000.snappy.parquet	12375965	9f0ca44dd5cfea2197f614ec0e94e4237f5d99fcdb7ae0c8c922eccb84095530
opentargets_platform_26_03/credible_set/part-00147-4cc70612-e114-4f99-812f-a49695775600-c000.snappy.parquet	16007928	78531341b315d61cdf8d1fbef82c0ac04e446bc924ae691b53904c542878187a
opentargets_platform_26_03/credible_set/part-00134-4cc70612-e114-4f99-812f-a49695775600-c000.snappy.parquet	23456000	b09f0c8eba3bb2690823bb1b2e6868ec43a1ae99438a839e396ef157f0337d3a
opentargets_platform_26_03/credible_set/part-00066-4cc70612-e114-4f99-812f-a49695775600-c000.snappy.parquet	10932161	47cfca8fc4492b188c8420309245f10413a6431a95494754f72a82f26d429f50
opentargets_platform_26_03/credible_set/part-00088-4cc70612-e114-4f99-812f-a49695775600-c000.snappy.parquet	11239785	0392f61ba32415ed740f6200ca218ecbc06902b492064a4726b7ee339078983c
opentargets_platform_26_03/credible_set/part-00195-4cc70612-e114-4f99-812f-a49695775600-c000.snappy.parquet	13221678	090ea9bfe086af8f6bc6760ebd989dbc0484f9598ccfebb304c712278e9a4f20
opentargets_platform_26_03/credible_set/part-00132-4cc70612-e114-4f99-812f-a49695775600-c000.snappy.parquet	9744167	844e3a4262a72f68dcc45c8606d26c2cc71841d8be369f9dbb87a8cd70d82be4
opentargets_platform_26_03/credible_set/part-00181-4cc70612-e114-4f99-812f-a49695775600-c000.snappy.parquet	14928891	a1606360a809b8414bbcd5bfa80033a8a8c4efe91151b614793dbf82591fd5e8
opentargets_platform_26_03/credible_set/part-00004-4cc70612-e114-4f99-812f-a49695775600-c000.snappy.parquet	15011509	c33b60c0b9a9ed3d48741ee6e0d51141f39965f5e3fa514b05fba20b55028d89
opentargets_platform_26_03/credible_set/part-00114-4cc70612-e114-4f99-812f-a49695775600-c000.snappy.parquet	20568245	c0c05e7f7df791fcddb2dcb95ce4ef64a3ec9f4ee1bcfc9d7d20a2874dc0f91b
opentargets_platform_26_03/credible_set/part-00037-4cc70612-e114-4f99-812f-a49695775600-c000.snappy.parquet	10763356	7753b504f71e863ee26799e2ad503b73c35f6a6fc8e9e9c8bd63de5d3d804ebb
opentargets_platform_26_03/credible_set/part-00058-4cc70612-e114-4f99-812f-a49695775600-c000.snappy.parquet	11715694	4bf837db3a1774f9cc1f2bc61d4aaee62981360d8b2c28cb84d8218c83d328ec
opentargets_platform_26_03/credible_set/part-00165-4cc70612-e114-4f99-812f-a49695775600-c000.snappy.parquet	12291278	0d73fe354a61b188e0f1bc52acd79b7468cb6256e9bd70d5d22403404a4fdf46
opentargets_platform_26_03/credible_set/part-00197-4cc70612-e114-4f99-812f-a49695775600-c000.snappy.parquet	8662974	41a492a630eb2c7959dc6f752d73b4f01bcf95c8b09ac8ea73f52d2d5ce595a9
opentargets_platform_26_03/credible_set/part-00121-4cc70612-e114-4f99-812f-a49695775600-c000.snappy.parquet	27653763	fce6e1f14055fa941b2257b8a1c11fe1b0de573dfc0310e93ba097a768fc46fc
opentargets_platform_26_03/credible_set/part-00087-4cc70612-e114-4f99-812f-a49695775600-c000.snappy.parquet	9426750	c0a9c3bdf16f93374d4fb52ee0407e192a64a88fb39a9eea0c03a7e133dbfae5
opentargets_platform_26_03/credible_set/part-00018-4cc70612-e114-4f99-812f-a49695775600-c000.snappy.parquet	12099266	4e409cf83e3322b38aca31731fff3b42928262dd76a8500943d1e786fb5a0bf9
opentargets_platform_26_03/credible_set/part-00159-4cc70612-e114-4f99-812f-a49695775600-c000.snappy.parquet	19273167	2bd8627a9823c67a254f701a8cbf9c15392851844b75021b0060c48ef6b69b92
opentargets_platform_26_03/credible_set/part-00122-4cc70612-e114-4f99-812f-a49695775600-c000.snappy.parquet	14518832	9af0c2b28169a815319a61dca5773f7eb807575c9e9919d182e7e0326b690d09
opentargets_platform_26_03/credible_set/part-00091-4cc70612-e114-4f99-812f-a49695775600-c000.snappy.parquet	13412419	f444e6efd14230b1ee55bcc0312d1f62aff7118882721a1bd2ce826faaddc651
opentargets_platform_26_03/credible_set/part-00052-4cc70612-e114-4f99-812f-a49695775600-c000.snappy.parquet	18861373	01db05791433672ca02639831a4ec7cd28af8fd6e7d7142773faa5a491c437d4
opentargets_platform_26_03/credible_set/part-00054-4cc70612-e114-4f99-812f-a49695775600-c000.snappy.parquet	7992744	ffe4558aef36ec73a3b73e6b9ccaa41a3ed77d80eca05f0244531bee73ddf948
opentargets_platform_26_03/credible_set/part-00031-4cc70612-e114-4f99-812f-a49695775600-c000.snappy.parquet	29014430	7f7fba3bd4be3aad869c7be93eddff42ce5939c9ac1c8cbe12dd71bdc2c0020f
opentargets_platform_26_03/credible_set/part-00162-4cc70612-e114-4f99-812f-a49695775600-c000.snappy.parquet	8230660	ae80dc8be8f23826bd25f2a11d4d2c24149db94df9d6fe631818add9cf8c63d6
opentargets_platform_26_03/credible_set/part-00175-4cc70612-e114-4f99-812f-a49695775600-c000.snappy.parquet	13084531	7fa4dc0179acc27ded154f6b0557f0dd79fd689e11c7f343085111b8f60f82fe
opentargets_platform_26_03/credible_set/part-00074-4cc70612-e114-4f99-812f-a49695775600-c000.snappy.parquet	17190433	f03bb5e32d18c1ef14846d5d8b5faeea569a47015ba800f65397a14423c80cd7
opentargets_platform_26_03/credible_set/part-00171-4cc70612-e114-4f99-812f-a49695775600-c000.snappy.parquet	12830134	fb919ecce2151c861e64eff064b6ac2de9883c08ddf1f0541f6d6231224750dd
opentargets_platform_26_03/credible_set/part-00105-4cc70612-e114-4f99-812f-a49695775600-c000.snappy.parquet	13024558	541d6db64496e57f09de311b925fb1bafadcae2b9a5e4a4e5287b0555d054294
opentargets_platform_26_03/credible_set/part-00036-4cc70612-e114-4f99-812f-a49695775600-c000.snappy.parquet	17764306	20010afff9d1d405cb7a30730abcee3b7f3b7dd039b8987d4ddb99794c94d994
opentargets_platform_26_03/credible_set/part-00041-4cc70612-e114-4f99-812f-a49695775600-c000.snappy.parquet	11647777	5fcd580f937b8da1e35df2b4d653c55bb8fcca0c0295ac1f1056aa562a1211f9
opentargets_platform_26_03/credible_set/part-00167-4cc70612-e114-4f99-812f-a49695775600-c000.snappy.parquet	23171669	67ef5544280acae4ba48ca3589b6e853110796db5c4a409ce2768a7d61f70438
opentargets_platform_26_03/credible_set/part-00187-4cc70612-e114-4f99-812f-a49695775600-c000.snappy.parquet	18782618	7684aebad9f9f62b36765c6f43195926a9c739edc0b9f863f1c1d18051e6044d
opentargets_platform_26_03/credible_set/part-00093-4cc70612-e114-4f99-812f-a49695775600-c000.snappy.parquet	7892845	57edd4a0cc18e66c32bc19950ed51d088b546c2973c1f16fc79bb426e65e874c
opentargets_platform_26_03/credible_set/part-00149-4cc70612-e114-4f99-812f-a49695775600-c000.snappy.parquet	17008650	7dae6cfe75eaeb47c999a68525cecb5a3d5b35390711d3a0722eeed91f7c15f1
opentargets_platform_26_03/credible_set/part-00072-4cc70612-e114-4f99-812f-a49695775600-c000.snappy.parquet	12344793	00199be1365b0c37cbbfa09ab496c2328de7ed3c1143c220f3d12e82440ae71d
opentargets_platform_26_03/credible_set/part-00143-4cc70612-e114-4f99-812f-a49695775600-c000.snappy.parquet	12239099	6479983991cd650b40c9d2ef4ae5ce0cbadb87acb5122da0052d83c9d220eb18
opentargets_platform_26_03/credible_set/part-00138-4cc70612-e114-4f99-812f-a49695775600-c000.snappy.parquet	24604635	18f3eaccfb325d12df37c5a25204782634fdf2663d7a38fd46ee857767291ce6
opentargets_platform_26_03/credible_set/part-00094-4cc70612-e114-4f99-812f-a49695775600-c000.snappy.parquet	10323879	84224c9a5126825abf8089923850f8db501555ad36babc0d55aee24ac37838bc
opentargets_platform_26_03/credible_set/part-00092-4cc70612-e114-4f99-812f-a49695775600-c000.snappy.parquet	6539654	e3eb77439f31cf53916a5c2c5ae35c4e04461c50844e2dae08598e360b1a0631
opentargets_platform_26_03/credible_set/part-00043-4cc70612-e114-4f99-812f-a49695775600-c000.snappy.parquet	14208191	903dcf2200d324de232c7a4b4a68a1a75b543b2ea5be82e3adf34723ff51114d
opentargets_platform_26_03/credible_set/part-00177-4cc70612-e114-4f99-812f-a49695775600-c000.snappy.parquet	17944726	e780db5cd02a191f419c3a48473ff623c3f0163b7fc429c128cfaa2f94709059
opentargets_platform_26_03/credible_set/part-00077-4cc70612-e114-4f99-812f-a49695775600-c000.snappy.parquet	9015279	e10c4146d7f3471c7e31a41c6bbd01e709cc18a589b7b092570084a4ffd22050
opentargets_platform_26_03/credible_set/part-00161-4cc70612-e114-4f99-812f-a49695775600-c000.snappy.parquet	11703732	123b7edddfcd5f46c8b4bac49f725f1d61409c647cdf372cd40dda7b07fc39ce
opentargets_platform_26_03/credible_set/part-00115-4cc70612-e114-4f99-812f-a49695775600-c000.snappy.parquet	14864673	ab44cc6d3d0c5ab5f3b4191bc61ed5f2e6d5a5ebf6290220c7bd7250a259a780
opentargets_platform_26_03/credible_set/part-00027-4cc70612-e114-4f99-812f-a49695775600-c000.snappy.parquet	9550534	2e15c4add55632cbfeafb6d8b87cc06018afda44d01dfea0cecc5f1ee98b8bd2
opentargets_platform_26_03/credible_set/part-00005-4cc70612-e114-4f99-812f-a49695775600-c000.snappy.parquet	25423218	ba453794705119760dc101e429a8e6940aab5855b50999c805900f3b364d1033
opentargets_platform_26_03/credible_set/part-00142-4cc70612-e114-4f99-812f-a49695775600-c000.snappy.parquet	13020568	aca09e615740508f6612964ad8eea3197d3f8d9590ec5a7992c59a0334988165
opentargets_platform_26_03/credible_set/part-00082-4cc70612-e114-4f99-812f-a49695775600-c000.snappy.parquet	144939873	79160565312e2c0755aefb3bba9b32aa22f2f659bcc497896c56167f808d7a6e
opentargets_platform_26_03/credible_set/part-00084-4cc70612-e114-4f99-812f-a49695775600-c000.snappy.parquet	14617573	f822daf86fa0026db1b4eb4c3367d8354b6f38f68ae3cc3882495a8450e95500
opentargets_platform_26_03/credible_set/part-00112-4cc70612-e114-4f99-812f-a49695775600-c000.snappy.parquet	15027170	13bf76545be7a8d06ad391f7109d467a0abd04fcf0706c4dd8d1daf085e89839
opentargets_platform_26_03/credible_set/part-00053-4cc70612-e114-4f99-812f-a49695775600-c000.snappy.parquet	9909462	f4b42109b2a31f666b287049dcfb81b3163249eb8046679bd06bee596a572429
opentargets_platform_26_03/credible_set/part-00059-4cc70612-e114-4f99-812f-a49695775600-c000.snappy.parquet	13676145	497320359f5627c6810bf1ddee7e5379a5da5c862565306656fa7432ffcb212d
opentargets_platform_26_03/credible_set/part-00070-4cc70612-e114-4f99-812f-a49695775600-c000.snappy.parquet	11888815	c5a748bfc7c69cd8f0f23224311b775a5cc269000e42fe2338789c64a12c7399
opentargets_platform_26_03/credible_set/part-00128-4cc70612-e114-4f99-812f-a49695775600-c000.snappy.parquet	13057286	32cf46f20f2b5102ee33f657b15e7829f67ee71ff599376e3cee4ba37b49cfd8
opentargets_platform_26_03/credible_set/part-00113-4cc70612-e114-4f99-812f-a49695775600-c000.snappy.parquet	15523780	0eb46803d1c8cbfff4d9a43a115b6d1dd796f4965d4b28391f76ddd4e02bcd39
opentargets_platform_26_03/credible_set/part-00097-4cc70612-e114-4f99-812f-a49695775600-c000.snappy.parquet	18014663	d263a43860e778fe3df19e4733e7f3641a44ccc78322c7a1da6c11482d8b76dd
opentargets_platform_26_03/credible_set/part-00060-4cc70612-e114-4f99-812f-a49695775600-c000.snappy.parquet	11687428	1c428c58b0e0332406ade8f17ffcd46db8e208b67ee22a6dfc9e9b03bb1ff862
opentargets_platform_26_03/credible_set/part-00012-4cc70612-e114-4f99-812f-a49695775600-c000.snappy.parquet	10347448	144766ab86c87d778fda78789190b71ca8039a98bbd386066062bf0a83ce90be
opentargets_platform_26_03/credible_set/part-00095-4cc70612-e114-4f99-812f-a49695775600-c000.snappy.parquet	8622175	f221f16f443e5b526d2e8afed284f32da72df8a1bcb0e10a40a1991a81b75c43
opentargets_platform_26_03/credible_set/part-00106-4cc70612-e114-4f99-812f-a49695775600-c000.snappy.parquet	14332303	a117333aecba6bd8208e1df2ec6e5040289ee4a5452d57deb1f0ed76c3d3b98a
opentargets_platform_26_03/credible_set/part-00013-4cc70612-e114-4f99-812f-a49695775600-c000.snappy.parquet	11011880	c35f5c6302097dd347e54a58555d01a246472ab9691cecf5e428a31a1528d638
opentargets_platform_26_03/credible_set/part-00124-4cc70612-e114-4f99-812f-a49695775600-c000.snappy.parquet	7349178	685771c9aff54424025d52ed716723adf7bf60cf0c24ac4e249807c88e6defce
opentargets_platform_26_03/credible_set/part-00119-4cc70612-e114-4f99-812f-a49695775600-c000.snappy.parquet	10299983	22bc3042d58e1201d9a163b038b283a651bffda5e5be3a21a0cdbf33222b8f99
opentargets_platform_26_03/credible_set/part-00026-4cc70612-e114-4f99-812f-a49695775600-c000.snappy.parquet	12691923	5037e38ca77b7b96db450a84de6b23579a70fb2b75192a10eef7b29b01d1aa73
opentargets_platform_26_03/credible_set/part-00118-4cc70612-e114-4f99-812f-a49695775600-c000.snappy.parquet	14987844	20f8b941e5e96c1a2ad008a9c172c24a966f6908a27986ec6558f820c5248094
opentargets_platform_26_03/credible_set/part-00186-4cc70612-e114-4f99-812f-a49695775600-c000.snappy.parquet	21232413	b7c26ac9fc78d34472e9444a644f263681973d87aa3fa8142f5a9c5fe2eecfb3
opentargets_platform_26_03/credible_set/part-00075-4cc70612-e114-4f99-812f-a49695775600-c000.snappy.parquet	8339355	838f8457ecf4eeb5052a2185699851cdbaa9ad3004df6d6cf61fd6d3b9dd521d
opentargets_platform_26_03/credible_set/part-00020-4cc70612-e114-4f99-812f-a49695775600-c000.snappy.parquet	20327899	1d611a7c9279daae5f3f6df0e9ff112744017762a7022408c35ac1e22976f398
opentargets_platform_26_03/credible_set/part-00076-4cc70612-e114-4f99-812f-a49695775600-c000.snappy.parquet	11931539	5afc1d1ffa4df7bd1e40521dc3d6a12ef6328196dd54c427f0ab88f298a56d2a
opentargets_platform_26_03/credible_set/part-00008-4cc70612-e114-4f99-812f-a49695775600-c000.snappy.parquet	19204005	299408371ced0cb5d44d40844beec7d791390adc47e208c9f645ff441b932a16
opentargets_platform_26_03/credible_set/part-00003-4cc70612-e114-4f99-812f-a49695775600-c000.snappy.parquet	15409777	50cc0d1dc50c5ecd4867888118213c01351e8ebd3966d73c71a2683e5c97b107
opentargets_platform_26_03/credible_set/part-00034-4cc70612-e114-4f99-812f-a49695775600-c000.snappy.parquet	12758293	c71f18a027c4d9d90462f75c338b1ccaa6d07a910eb672e47f48d72cea75ba31
opentargets_platform_26_03/credible_set/part-00172-4cc70612-e114-4f99-812f-a49695775600-c000.snappy.parquet	13705635	8cc99551645a687088275751f599f48e15fc7ea30d50d54d677c60ac425ef05e
opentargets_platform_26_03/credible_set/part-00079-4cc70612-e114-4f99-812f-a49695775600-c000.snappy.parquet	17154837	e18a50e81e96e84ff09d6ee2efc6d114b56f62c16dc6c393699e8553c536dce1
opentargets_platform_26_03/credible_set/part-00096-4cc70612-e114-4f99-812f-a49695775600-c000.snappy.parquet	10089307	25e82f6c5bd0b7a6eb84b281a405ccc531471e43eba6f50d3040bf9cd49802dd
opentargets_platform_26_03/credible_set/part-00193-4cc70612-e114-4f99-812f-a49695775600-c000.snappy.parquet	13939120	2802343675381e5466b98c3e88e62585945671aa46583a3b82e8f66b1a12ff3f
opentargets_platform_26_03/credible_set/part-00131-4cc70612-e114-4f99-812f-a49695775600-c000.snappy.parquet	17563726	0d7ba07f31f6279b27474176f72ab0e02b7c012520f12367eed44ac830294ae9
opentargets_platform_26_03/credible_set/part-00099-4cc70612-e114-4f99-812f-a49695775600-c000.snappy.parquet	11522832	891c54bbeb7eee77aab069b97a0df5c04b3823dba8e8758fc8ae7b30f6ad5453
opentargets_platform_26_03/credible_set/part-00078-4cc70612-e114-4f99-812f-a49695775600-c000.snappy.parquet	9222161	07166554b6c46b0879e047e99623b4e43cc33595f073c12f5805bcca32b17191
opentargets_platform_26_03/credible_set/part-00086-4cc70612-e114-4f99-812f-a49695775600-c000.snappy.parquet	11376821	1453ceada720ae8eda3444e91afdd5b0e09568f7990771fb5befe08518932cc4
opentargets_platform_26_03/credible_set/part-00014-4cc70612-e114-4f99-812f-a49695775600-c000.snappy.parquet	24206798	511baed1e5913eb4038b2ec7289b66c90f68701dd757e40752bb5fcdca0ab018
opentargets_platform_26_03/credible_set/part-00090-4cc70612-e114-4f99-812f-a49695775600-c000.snappy.parquet	15565310	eecc381648a1c2dd1831d4dbc9ff825fadf203a6c369790bbbd3bb37dc71f8fc
opentargets_platform_26_03/credible_set/part-00083-4cc70612-e114-4f99-812f-a49695775600-c000.snappy.parquet	117789160	43888901565db1a4e01227e66ffe3102b68cb4c5d030554b959337baab6ce2fe
opentargets_platform_26_03/credible_set/part-00198-4cc70612-e114-4f99-812f-a49695775600-c000.snappy.parquet	11595649	9106ec00c0c367913542d091fe5ac6024e35e3d9661567b46db0dda88c0776b6
opentargets_platform_26_03/credible_set/part-00107-4cc70612-e114-4f99-812f-a49695775600-c000.snappy.parquet	9768424	dd0485b4c23dd3b87646e8f580e3e70730ed65bd56477761b823fecfd1723f45
opentargets_platform_26_03/credible_set/part-00103-4cc70612-e114-4f99-812f-a49695775600-c000.snappy.parquet	6188462	ce5bf066b69297d331198a9acdfabfd7e31a565c487f214e68cf778772293423
opentargets_platform_26_03/credible_set/part-00157-4cc70612-e114-4f99-812f-a49695775600-c000.snappy.parquet	20179269	952721b2142c9291f10228a19ad831ccc81571db0383cd60b85638bf3b013b36
opentargets_platform_26_03/credible_set/part-00188-4cc70612-e114-4f99-812f-a49695775600-c000.snappy.parquet	15550584	efbf0b69c76a796305e279bc067e7203e89870594991c381e4ab769335505eb0
opentargets_platform_26_03/credible_set/part-00045-4cc70612-e114-4f99-812f-a49695775600-c000.snappy.parquet	15268198	0a0b6a94a9f949ad0da77e2019e6b03a06ce85a95608fe17471913295fdf7191
opentargets_platform_26_03/credible_set/part-00007-4cc70612-e114-4f99-812f-a49695775600-c000.snappy.parquet	17634815	7e205e4c46203498f21f4b2ac8185c35952ed38c4ed4d18235f0e170806e3123
opentargets_platform_26_03/credible_set/part-00024-4cc70612-e114-4f99-812f-a49695775600-c000.snappy.parquet	17698117	b30f8aac9e6aa71c848ed9adebe72643c36f44173963db754f6d053245bf21fd
opentargets_platform_26_03/credible_set/part-00035-4cc70612-e114-4f99-812f-a49695775600-c000.snappy.parquet	21485161	d8b18232da1f4e1cc11639430b8d1bef0253c6879258945b5539b24a7dd777dc
opentargets_platform_26_03/credible_set/part-00135-4cc70612-e114-4f99-812f-a49695775600-c000.snappy.parquet	19470016	311f324e48dd6d901f917f57ea2cd1d5c85b38995d47acc2e2f5fb3af80a7072
opentargets_platform_26_03/credible_set/part-00176-4cc70612-e114-4f99-812f-a49695775600-c000.snappy.parquet	23801925	d0b50352fd4b4867f74b9c9c3ad29335383f702de11df489107bab2a7fb3a632
opentargets_platform_26_03/credible_set/part-00189-4cc70612-e114-4f99-812f-a49695775600-c000.snappy.parquet	11438590	bf0390cbce195886f40b86aa92b49d59395284a653ee17c6ad3ab7c2fff849cc
opentargets_platform_26_03/credible_set/part-00044-4cc70612-e114-4f99-812f-a49695775600-c000.snappy.parquet	12523325	00d7567d1a60524f5443ce38af1a107df2569658bf6626143a3549bf3c7488ac
opentargets_platform_26_03/credible_set/part-00089-4cc70612-e114-4f99-812f-a49695775600-c000.snappy.parquet	13260148	f9dbe458f95f4c8694d6417ae0b316e44a2c515171878666672c392f83f33a44
opentargets_platform_26_03/credible_set/part-00123-4cc70612-e114-4f99-812f-a49695775600-c000.snappy.parquet	13350637	94af58b63db7e798cd41d97515b519c9b993f4e7e3b7ea220d09dc9f94038e6e
opentargets_platform_26_03/credible_set/part-00108-4cc70612-e114-4f99-812f-a49695775600-c000.snappy.parquet	13753298	98c4f81aaf269cd7a42c19947156be8b9659c48fdba224c47e7b18db6414a95e
opentargets_platform_26_03/credible_set/part-00164-4cc70612-e114-4f99-812f-a49695775600-c000.snappy.parquet	19208131	15d2ff2f62d3eeae3f1aea54e55ca4882833146af7cf8451490c22f65beb2e24
opentargets_platform_26_03/credible_set/part-00125-4cc70612-e114-4f99-812f-a49695775600-c000.snappy.parquet	10597479	56fda20e30b71aac6d00260c2f7e132b12621a2f1abc6147281448f440a31040
opentargets_platform_26_03/credible_set/part-00056-4cc70612-e114-4f99-812f-a49695775600-c000.snappy.parquet	18483667	d9c6ca27a451c4e58e64ef53b07f5a01bf2135dd594a1e93203782f7e04931ef
opentargets_platform_26_03/credible_set/part-00140-4cc70612-e114-4f99-812f-a49695775600-c000.snappy.parquet	21151163	506ce1c8bf89413c3097937b824026b981945e8e8fad75560a6a870db0bee3b0
opentargets_platform_26_03/credible_set/part-00068-4cc70612-e114-4f99-812f-a49695775600-c000.snappy.parquet	9615397	ded56cc99989123456c047b82822abc97f7fb20c0cdb744d289ed0fccd771306
opentargets_platform_26_03/credible_set/part-00049-4cc70612-e114-4f99-812f-a49695775600-c000.snappy.parquet	16890772	74d8840e67c55e0e172f6ea74489f7e485fe57de872dfdae4a97f21ef3ad58ec
opentargets_platform_26_03/credible_set/part-00136-4cc70612-e114-4f99-812f-a49695775600-c000.snappy.parquet	24554917	dbde886b9693e98cf06089b0a1060f0c900cf72ed6f5e20eeb71c05f71e4d8d9
opentargets_platform_26_03/credible_set/part-00048-4cc70612-e114-4f99-812f-a49695775600-c000.snappy.parquet	14805383	491f46dd282b674b2461c8a508764af61d26784b1ac7130985b21bf5dfd215da
opentargets_platform_26_03/credible_set/part-00110-4cc70612-e114-4f99-812f-a49695775600-c000.snappy.parquet	17462630	08e72dba007dd6f4c911efbb1a0476ea35ae376b084e83b4a3b9a3feeefdf84d
opentargets_platform_26_03/credible_set/part-00019-4cc70612-e114-4f99-812f-a49695775600-c000.snappy.parquet	12206304	2e57ff3d9568ef67c79dd14cb12edf9f8700971ce4b207134c488724fb59dc71
opentargets_platform_26_03/credible_set/part-00102-4cc70612-e114-4f99-812f-a49695775600-c000.snappy.parquet	9673456	8459cd4c934ce3e4e8bb714eb1d8bf9971fc161f1b24ea60ea0333a589b6cdb9
opentargets_platform_26_03/credible_set/part-00154-4cc70612-e114-4f99-812f-a49695775600-c000.snappy.parquet	17621381	f3977a079a5a4923159309a8619eae52ae0d399968ce72c7215639d3dbef1ebc
opentargets_platform_26_03/credible_set/part-00064-4cc70612-e114-4f99-812f-a49695775600-c000.snappy.parquet	17276612	483e8bf39c5152f087d908a9418724e2d953fb1172917744e7204e143094d4f9
opentargets_platform_26_03/credible_set/part-00042-4cc70612-e114-4f99-812f-a49695775600-c000.snappy.parquet	25241779	bbb51bada4cabe859c12ecd09dc9bad538516072447cd81681faa71a856dfe71
opentargets_platform_26_03/credible_set/part-00199-4cc70612-e114-4f99-812f-a49695775600-c000.snappy.parquet	18375515	eed6acffceb94160ed76b95d935babe49d497f602a21589720115a0a3b8d78f2
opentargets_platform_26_03/credible_set/part-00194-4cc70612-e114-4f99-812f-a49695775600-c000.snappy.parquet	14778751	b77e846aa4ab9773d55b769269e23b974f8abac44f89dc460c0d0133a50254ef
opentargets_platform_26_03/credible_set/part-00144-4cc70612-e114-4f99-812f-a49695775600-c000.snappy.parquet	9687764	e0ace0106982b7142bf9ba56534b1d55f5184a3ac781a4f20ee9e7d7431e3fac
opentargets_platform_26_03/credible_set/part-00145-4cc70612-e114-4f99-812f-a49695775600-c000.snappy.parquet	15262594	fb36d318a585c6ee55628ff991220c9405b3b664e4c793ba87418e8244bf323c
opentargets_platform_26_03/credible_set/part-00180-4cc70612-e114-4f99-812f-a49695775600-c000.snappy.parquet	15432433	09be3d275f66d7c527fa0336b97b10b945aa6f2f71a6e800dfd6b095bbfaa130
opentargets_platform_26_03/credible_set/part-00030-4cc70612-e114-4f99-812f-a49695775600-c000.snappy.parquet	17325535	d8e73b5b671b8251149a7a514909993bad5158abb7fba14cea5efb0ea714a595
opentargets_platform_26_03/credible_set/part-00033-4cc70612-e114-4f99-812f-a49695775600-c000.snappy.parquet	10213292	71f4dc6dea07463b2fc8f7495a507595ad0f6723b807be4fed28e63567e64c82
opentargets_platform_26_03/credible_set/part-00022-4cc70612-e114-4f99-812f-a49695775600-c000.snappy.parquet	24174595	52f2e27dcccc4fac8d2c1b20af04850bd8bfb94450991251e0c2a34b27e54043
opentargets_platform_26_03/credible_set/part-00152-4cc70612-e114-4f99-812f-a49695775600-c000.snappy.parquet	11241056	d5d347b03f15965c1a37934227346a36d5569bc18be8117dc9bfb0f43dcc6728
opentargets_platform_26_03/credible_set/part-00081-4cc70612-e114-4f99-812f-a49695775600-c000.snappy.parquet	13504277	35b1e83dec079439f578a0f22b3e6b97c1ea4cb01b0985580d7eb1d74e37eb19
opentargets_platform_26_03/credible_set/part-00046-4cc70612-e114-4f99-812f-a49695775600-c000.snappy.parquet	13588136	aff819606952b03b72f8a42fdd438d6f78897c20ed3bab60b40010284421aa2b
opentargets_platform_26_03/credible_set/part-00155-4cc70612-e114-4f99-812f-a49695775600-c000.snappy.parquet	18497845	8d8a31ffc8beaff7772981933ce22ce1f14e0194e768dbd356a8ae182a9b4065
opentargets_platform_26_03/colocalisation/part-00029-32f0be0a-8b08-4975-88da-dbaff2eb1af2-c000.snappy.parquet	87624258	23ac58607c2db462fabe52094b52ac6d44f4ccd054ae83a92b4ed46a6eabb19f
opentargets_platform_26_03/colocalisation/part-00083-32f0be0a-8b08-4975-88da-dbaff2eb1af2-c000.snappy.parquet	87498962	551c3b996ef8f807db1cd599e39d4b362be7daf552f203174a1700e5b14e6da8
opentargets_platform_26_03/colocalisation/part-00093-32f0be0a-8b08-4975-88da-dbaff2eb1af2-c000.snappy.parquet	87464298	99778db35918892e6c30c385d27b01423fd4118226432e68acc5840ce721c60e
opentargets_platform_26_03/colocalisation/part-00192-32f0be0a-8b08-4975-88da-dbaff2eb1af2-c000.snappy.parquet	87468490	32c2f285ffc617ea3f664ced2133f0cdad07d1fa6807b6c539ee6246387b112f
opentargets_platform_26_03/colocalisation/part-00125-32f0be0a-8b08-4975-88da-dbaff2eb1af2-c000.snappy.parquet	87458678	87dc6ce2c0a2d0732771a7f0f780a86c61b34d733a155fbc2a4746c358e2a395
opentargets_platform_26_03/colocalisation/part-00097-32f0be0a-8b08-4975-88da-dbaff2eb1af2-c000.snappy.parquet	87474274	51a55b8b3b230fc9ee0b333a6fa96687f6e9fdadf3ed26d13ab3b2e15cd39904
opentargets_platform_26_03/colocalisation/part-00034-32f0be0a-8b08-4975-88da-dbaff2eb1af2-c000.snappy.parquet	87400898	a8d0b42bc16603f23f456b302740f893639fd67f8cad15934d5311a1687cc608
opentargets_platform_26_03/colocalisation/part-00074-32f0be0a-8b08-4975-88da-dbaff2eb1af2-c000.snappy.parquet	87566262	5193403b4204718376d80452d6420bc571e7870a42bed7f54b76fd5a9f8704e8
opentargets_platform_26_03/colocalisation/part-00171-32f0be0a-8b08-4975-88da-dbaff2eb1af2-c000.snappy.parquet	87477556	b3977291b3a7b9742dd79bc6f1a08be19a49ca4c9e7d0f21b755ebd27d22a94b
opentargets_platform_26_03/colocalisation/part-00078-32f0be0a-8b08-4975-88da-dbaff2eb1af2-c000.snappy.parquet	87478410	a3427bc3daba72743b9105a6b93eedb782530aa47fa3f8bd3320adde975c02fa
opentargets_platform_26_03/colocalisation/part-00112-32f0be0a-8b08-4975-88da-dbaff2eb1af2-c000.snappy.parquet	87399569	fe804d6c3fdc7c582f4d65e2cb5d4f8b06994cbc874c0b7889636c31003f75c9
opentargets_platform_26_03/colocalisation/part-00054-32f0be0a-8b08-4975-88da-dbaff2eb1af2-c000.snappy.parquet	87507886	1aa92b3d2d3598b6ff86d50860fbf6efec23e23659700c662ae3ab0bd36baa36
opentargets_platform_26_03/colocalisation/part-00133-32f0be0a-8b08-4975-88da-dbaff2eb1af2-c000.snappy.parquet	87403943	571eb417a467f31cebd4671f130c456cef5d63e725013bf3c62017a135d5cf09
opentargets_platform_26_03/colocalisation/part-00127-32f0be0a-8b08-4975-88da-dbaff2eb1af2-c000.snappy.parquet	87479441	a2dcea869961a8f1b89a7b8010c662acf017bfbc5920c48e601ff1a27af90572
opentargets_platform_26_03/colocalisation/part-00154-32f0be0a-8b08-4975-88da-dbaff2eb1af2-c000.snappy.parquet	87425651	c73b50dda01300df1fc7dc8b0c0b18cb0768bb7fbc62a5bdf4bdd35b44d09275
opentargets_platform_26_03/colocalisation/part-00063-32f0be0a-8b08-4975-88da-dbaff2eb1af2-c000.snappy.parquet	87460131	e17ed825e9c0880bfaf1684446e4c5d06a120178b99471788148a9662f47d7f4
opentargets_platform_26_03/colocalisation/part-00182-32f0be0a-8b08-4975-88da-dbaff2eb1af2-c000.snappy.parquet	87375001	fefef58d12a6d08a9d570f08c5df8a6dfe6e1c66b97e19068b57000e0b093200
opentargets_platform_26_03/colocalisation/part-00176-32f0be0a-8b08-4975-88da-dbaff2eb1af2-c000.snappy.parquet	87468062	1e8964836ed8dbdfcb4e645fa3137d82dee58d3f086b50d8226d889f1d32cb81
opentargets_platform_26_03/colocalisation/part-00042-32f0be0a-8b08-4975-88da-dbaff2eb1af2-c000.snappy.parquet	87438097	cb20bd916804991ab8918cf5bb304c092e60bccf4bc94b3f322c8a3166cb66a2
opentargets_platform_26_03/colocalisation/part-00011-32f0be0a-8b08-4975-88da-dbaff2eb1af2-c000.snappy.parquet	87503588	582bfc06fa5cf03dfdb6afc226e3076404596536d5789ae6f34890c9f9e974ce
opentargets_platform_26_03/colocalisation/part-00072-32f0be0a-8b08-4975-88da-dbaff2eb1af2-c000.snappy.parquet	87587231	f0303ab4e343712e93528f4f561a56265f6e1b4d7812cb602985d22354235db4
opentargets_platform_26_03/colocalisation/part-00022-32f0be0a-8b08-4975-88da-dbaff2eb1af2-c000.snappy.parquet	87478225	2365994e37f4f05ce7f1641b82b377489cf94085ea784e5d76eb7c12738322f3
opentargets_platform_26_03/colocalisation/part-00101-32f0be0a-8b08-4975-88da-dbaff2eb1af2-c000.snappy.parquet	87557189	b0c890319c4cbb8aeed02a800cca9452b46082b3e6abeae475a2f868a051880a
opentargets_platform_26_03/colocalisation/part-00079-32f0be0a-8b08-4975-88da-dbaff2eb1af2-c000.snappy.parquet	87497150	f73186b4995c9c23568cacbe651902485824a6b654df902307dd3bd53833de4b
opentargets_platform_26_03/colocalisation/part-00009-32f0be0a-8b08-4975-88da-dbaff2eb1af2-c000.snappy.parquet	87419303	ed48b3da83eaea32c1513d2b837c9b241c250bf3c831e145289e7b1dbdb4af87
opentargets_platform_26_03/colocalisation/part-00147-32f0be0a-8b08-4975-88da-dbaff2eb1af2-c000.snappy.parquet	87319198	69e929a294ccad1b1c296e422459d70192a998908c41cbf004b32da49c2bceb5
opentargets_platform_26_03/colocalisation/part-00191-32f0be0a-8b08-4975-88da-dbaff2eb1af2-c000.snappy.parquet	87525824	2b230e6e26d50a36c7b374d68588369d478029a8f8060577071af6e1154f2d7d
opentargets_platform_26_03/colocalisation/part-00037-32f0be0a-8b08-4975-88da-dbaff2eb1af2-c000.snappy.parquet	87452141	0d79967f5f720c5f0717b02401050ab64fff178665a3e054f10f3b05b5f72458
opentargets_platform_26_03/colocalisation/part-00067-32f0be0a-8b08-4975-88da-dbaff2eb1af2-c000.snappy.parquet	87426496	43c6bac7b3013e6f5a416432d87412040799f7865dc99e56681cf51575421166
opentargets_platform_26_03/colocalisation/part-00020-32f0be0a-8b08-4975-88da-dbaff2eb1af2-c000.snappy.parquet	87574418	df941430ef50fc0fd80b976a92f0a92b995b6a9af49c377559e0030792e75a91
opentargets_platform_26_03/colocalisation/part-00148-32f0be0a-8b08-4975-88da-dbaff2eb1af2-c000.snappy.parquet	87511340	a60e85ab71878e01e803da31ec1c09bba48094016e5bc1acbc58c0fd6f115e36
opentargets_platform_26_03/colocalisation/part-00159-32f0be0a-8b08-4975-88da-dbaff2eb1af2-c000.snappy.parquet	87393685	0236bf1e4985c2d3edf38d68a32acab2c42cbb127b5451ec89c4c4077fcbfe68
opentargets_platform_26_03/colocalisation/part-00138-32f0be0a-8b08-4975-88da-dbaff2eb1af2-c000.snappy.parquet	87447953	9b85ddf4832d81698c933fa90f696b83a8538f9f04de3fadbaf21a1f90bd0940
opentargets_platform_26_03/colocalisation/part-00129-32f0be0a-8b08-4975-88da-dbaff2eb1af2-c000.snappy.parquet	87411839	0d5c793722b9866897247292c1d71c0e8d96dc9a014350b76be12a6dbeb6b127
opentargets_platform_26_03/colocalisation/part-00071-32f0be0a-8b08-4975-88da-dbaff2eb1af2-c000.snappy.parquet	87374279	da6eaf43d1c9af2c42dc56792cfecddcb262e313903633c67a3d5d866597ea4b
opentargets_platform_26_03/colocalisation/part-00142-32f0be0a-8b08-4975-88da-dbaff2eb1af2-c000.snappy.parquet	87311054	f405d91def50538c34d5e782207a6c3c74dd5e74b345e1d051d3f76e55287e81
opentargets_platform_26_03/colocalisation/part-00196-32f0be0a-8b08-4975-88da-dbaff2eb1af2-c000.snappy.parquet	87324338	8aaf2dcfce202b32b9703d7c32ffb7a919da952c7558fc096ece355456b5637c
opentargets_platform_26_03/colocalisation/part-00183-32f0be0a-8b08-4975-88da-dbaff2eb1af2-c000.snappy.parquet	87642002	8dfce3c9c7a4b05e900d92d7b4dd60e114cd8727231d0ad957c9264ac0d56245
opentargets_platform_26_03/colocalisation/part-00103-32f0be0a-8b08-4975-88da-dbaff2eb1af2-c000.snappy.parquet	87292940	7d1710bf4922845fca1649cd08d3a924647e8f5799ae70a1cc7ea0feb1ca964f
opentargets_platform_26_03/colocalisation/part-00108-32f0be0a-8b08-4975-88da-dbaff2eb1af2-c000.snappy.parquet	87375680	2ae5a8179b5a4b6dd98f1b430b80b714dfe400089bde3ad6438240d1bbd01008
opentargets_platform_26_03/colocalisation/part-00144-32f0be0a-8b08-4975-88da-dbaff2eb1af2-c000.snappy.parquet	87470062	9281f963ffada75cfd871ff95b07f49133bdc89b54a31ca6a14028ea7d065db5
opentargets_platform_26_03/colocalisation/part-00107-32f0be0a-8b08-4975-88da-dbaff2eb1af2-c000.snappy.parquet	87631818	7ee3fbcf4205c9ef88e32d0b52359fc15d5403c096b626786ab043d3a1eb7b2b
opentargets_platform_26_03/colocalisation/part-00048-32f0be0a-8b08-4975-88da-dbaff2eb1af2-c000.snappy.parquet	87445303	dba3228a75ed4c5b153841bd7500c41d584dca4f9d2a79e38351b0c73a2477c4
opentargets_platform_26_03/colocalisation/part-00186-32f0be0a-8b08-4975-88da-dbaff2eb1af2-c000.snappy.parquet	87488861	5347985eaefdf8a470c7a504cefd336abf3538f329cd254cb1582440b963a078
opentargets_platform_26_03/colocalisation/part-00110-32f0be0a-8b08-4975-88da-dbaff2eb1af2-c000.snappy.parquet	87440190	4c088dd5984fb216fa592cc9d5f49ad8b2a5a391f046a33eac1302d926bf5723
opentargets_platform_26_03/colocalisation/part-00040-32f0be0a-8b08-4975-88da-dbaff2eb1af2-c000.snappy.parquet	87489954	b6291c60fe5c754daca886d8ca96945e2c6cb6257a59b2b87ecc987b02ca2703
opentargets_platform_26_03/colocalisation/part-00130-32f0be0a-8b08-4975-88da-dbaff2eb1af2-c000.snappy.parquet	87475530	4cbc927cd73b650a27ab737ae5659462ba3687f30ee8ea9f66e25aafd32c43e2
opentargets_platform_26_03/colocalisation/part-00121-32f0be0a-8b08-4975-88da-dbaff2eb1af2-c000.snappy.parquet	87340161	e4c7cf81fb41d68ac51480209b2283dc92be4be37ee0efc3ce53788a0cfa502d
opentargets_platform_26_03/colocalisation/part-00173-32f0be0a-8b08-4975-88da-dbaff2eb1af2-c000.snappy.parquet	87405587	70e6c558a4d353c2ded028095c1504a12f44e44300eaea8f1fb7baccf307c750
opentargets_platform_26_03/colocalisation/part-00139-32f0be0a-8b08-4975-88da-dbaff2eb1af2-c000.snappy.parquet	87377442	466eac324135ee41ff690ec0e90805e56238d5517a025f48ea8dbc480ef40a12
opentargets_platform_26_03/colocalisation/part-00064-32f0be0a-8b08-4975-88da-dbaff2eb1af2-c000.snappy.parquet	87413112	7af9f4397a334aa5648f486a378759319f586fc6b47c108b2069dc826e289404
opentargets_platform_26_03/colocalisation/part-00106-32f0be0a-8b08-4975-88da-dbaff2eb1af2-c000.snappy.parquet	87541344	914f8979378ead55385f6e8d1ddcc4809b135decd038dfa3f5cb1cf188de7397
opentargets_platform_26_03/colocalisation/part-00120-32f0be0a-8b08-4975-88da-dbaff2eb1af2-c000.snappy.parquet	87445074	91e2cfcd4418d0c5691a5f74bfd42d3392d1c7046ef614903d6c460fa122c5e0
opentargets_platform_26_03/colocalisation/part-00069-32f0be0a-8b08-4975-88da-dbaff2eb1af2-c000.snappy.parquet	87476388	b785510dd9520580401dd5e298ecca3891f1eb57cc8dad4bcd8f7528f1045dfd
opentargets_platform_26_03/colocalisation/part-00021-32f0be0a-8b08-4975-88da-dbaff2eb1af2-c000.snappy.parquet	87431863	4e756064e34062ec1c0fd0435f69df91ac0e85621e07611ae448ab56dc63cc2c
opentargets_platform_26_03/colocalisation/part-00035-32f0be0a-8b08-4975-88da-dbaff2eb1af2-c000.snappy.parquet	87440885	025786c2117f98d6dadc5108e7368409b400dee59cb645a8648aadaa737af5c6
opentargets_platform_26_03/colocalisation/part-00177-32f0be0a-8b08-4975-88da-dbaff2eb1af2-c000.snappy.parquet	87432297	f5cad8cbca902fc76169b89d9d52fd58ee9ed8adfe52f5c06a6db47cfbcfdbe0
opentargets_platform_26_03/colocalisation/part-00190-32f0be0a-8b08-4975-88da-dbaff2eb1af2-c000.snappy.parquet	87404128	bf723ab21ce1740dac6dff332295b593bd07f6141a3481f775d542ede0f6e8f4
opentargets_platform_26_03/colocalisation/part-00181-32f0be0a-8b08-4975-88da-dbaff2eb1af2-c000.snappy.parquet	87426732	c445e4f0324f21c1bd6b9ea6e2cbf554cf6a33bc02ce82bf69e6224450cf8323
opentargets_platform_26_03/colocalisation/part-00036-32f0be0a-8b08-4975-88da-dbaff2eb1af2-c000.snappy.parquet	87523256	b89064f27c21ce1ace1afeb332f7229298f922d885a92615350f2a463d33220b
opentargets_platform_26_03/colocalisation/part-00001-32f0be0a-8b08-4975-88da-dbaff2eb1af2-c000.snappy.parquet	87560185	4b75648c39ad5e61e4351dfdf865f5c110f6665f2c188e552d7e68ffe17397e0
opentargets_platform_26_03/colocalisation/part-00091-32f0be0a-8b08-4975-88da-dbaff2eb1af2-c000.snappy.parquet	87386239	971b3daf0bdcd319d23e81345c53e57058493e97d36262ffbfa5a60faee6a86b
opentargets_platform_26_03/colocalisation/part-00089-32f0be0a-8b08-4975-88da-dbaff2eb1af2-c000.snappy.parquet	87475392	89289302a74eee07b56dd38f57ef347ad21835866d20546c924f41e38deba755
opentargets_platform_26_03/colocalisation/part-00053-32f0be0a-8b08-4975-88da-dbaff2eb1af2-c000.snappy.parquet	87539475	9cd8f2839c325347451075ffc0f3840866758d4b7316056d7d208d0f49e33047
opentargets_platform_26_03/colocalisation/part-00060-32f0be0a-8b08-4975-88da-dbaff2eb1af2-c000.snappy.parquet	87384720	53cd16fba140880fd35e542caad14b0a6a56abd2cd82ee7f64011f5681d11dbf
opentargets_platform_26_03/colocalisation/part-00085-32f0be0a-8b08-4975-88da-dbaff2eb1af2-c000.snappy.parquet	87482784	762208ed21b1d0fda5bece42fcfb5b0ff775ad1ab8648923f38be74c961e52d2
opentargets_platform_26_03/colocalisation/part-00015-32f0be0a-8b08-4975-88da-dbaff2eb1af2-c000.snappy.parquet	87370315	9fb7d0664b3ff1f1f34cd4fcbcda92836d1682ea7a3c599f9232c0e09e5f473e
opentargets_platform_26_03/colocalisation/part-00024-32f0be0a-8b08-4975-88da-dbaff2eb1af2-c000.snappy.parquet	87504016	2c07229d5b8f345e7dd22a9e65301aa2c2be78cd737dbda335f16fc16cd1872f
opentargets_platform_26_03/colocalisation/part-00119-32f0be0a-8b08-4975-88da-dbaff2eb1af2-c000.snappy.parquet	87409051	97e4522b978fca1460f55dd755724bbce11f81993c36be2e7a8520052864b4f7
opentargets_platform_26_03/colocalisation/part-00124-32f0be0a-8b08-4975-88da-dbaff2eb1af2-c000.snappy.parquet	87624784	46a6e8751901e4721b6b2609b82da12082e98f2d890c3705ce39b493d43da568
opentargets_platform_26_03/colocalisation/part-00016-32f0be0a-8b08-4975-88da-dbaff2eb1af2-c000.snappy.parquet	87441839	d0f235730afe6caaae606687bbe9d67aad58c7e3de8efa75dce485d5de5fc7c2
opentargets_platform_26_03/colocalisation/part-00166-32f0be0a-8b08-4975-88da-dbaff2eb1af2-c000.snappy.parquet	87543187	ac732f27a07d06d3cf9863352e6ab7e01a80234265f9d576c868bad61bc652b4
opentargets_platform_26_03/colocalisation/part-00149-32f0be0a-8b08-4975-88da-dbaff2eb1af2-c000.snappy.parquet	87527983	4e7e3a43584c2e24524141c04ad4c012ab33e87d0bcecdb391ba3bb4604a9ffc
opentargets_platform_26_03/colocalisation/part-00046-32f0be0a-8b08-4975-88da-dbaff2eb1af2-c000.snappy.parquet	87436820	b9b55d95ceca9de690678a2cb2d44eca75c01b38b777437c369d74a20ab77ebd
opentargets_platform_26_03/colocalisation/part-00007-32f0be0a-8b08-4975-88da-dbaff2eb1af2-c000.snappy.parquet	87459215	b1f4695eeb3317f2a3322b58310ce6da7a52e75962574f3c4d7b59505f63feb1
opentargets_platform_26_03/colocalisation/part-00031-32f0be0a-8b08-4975-88da-dbaff2eb1af2-c000.snappy.parquet	87433607	c15ac5270d928d432fea6b3e7be6c455af4cf3aa5d9f2b149078deba6385a8e6
opentargets_platform_26_03/colocalisation/part-00026-32f0be0a-8b08-4975-88da-dbaff2eb1af2-c000.snappy.parquet	87280671	4c6cf2ab96e6fbd5e16a60143ec509a02d4cd9638952d5cfa958483617175725
opentargets_platform_26_03/colocalisation/part-00122-32f0be0a-8b08-4975-88da-dbaff2eb1af2-c000.snappy.parquet	87371866	57cf8d667d54e00ad5f20dc46f1bb4e92b75125fe06fe08ae1708a200344a967
opentargets_platform_26_03/colocalisation/part-00003-32f0be0a-8b08-4975-88da-dbaff2eb1af2-c000.snappy.parquet	87457900	98ef8e8eff7b37be1225697197642598c451548536a79a6018e42d3e5a048fc6
opentargets_platform_26_03/colocalisation/part-00010-32f0be0a-8b08-4975-88da-dbaff2eb1af2-c000.snappy.parquet	87374888	4cf319f0e570b36d450208f56d287199b0790bbab2774cafbb6ff6c581b0bac7
opentargets_platform_26_03/colocalisation/part-00012-32f0be0a-8b08-4975-88da-dbaff2eb1af2-c000.snappy.parquet	87384836	8e85d08fe0f24957ed62f53c14147ddeb692410a9c9b9bf087d0deccd628b403
opentargets_platform_26_03/colocalisation/part-00049-32f0be0a-8b08-4975-88da-dbaff2eb1af2-c000.snappy.parquet	87406267	84c350e0ccd4b5520af71fc78f6e9d6cedc1200d9bc7bf812e89655533ec3874
opentargets_platform_26_03/colocalisation/part-00198-32f0be0a-8b08-4975-88da-dbaff2eb1af2-c000.snappy.parquet	87482000	3f7b1446b8976d24b256c3df1e61124ed0b845cd9a3164de0fe86c9c7c74876b
opentargets_platform_26_03/colocalisation/part-00135-32f0be0a-8b08-4975-88da-dbaff2eb1af2-c000.snappy.parquet	87473827	6033faf0792bd2fd195f727007e281c54180c0dbd6f3b71420e41540df26cbdd
opentargets_platform_26_03/colocalisation/part-00102-32f0be0a-8b08-4975-88da-dbaff2eb1af2-c000.snappy.parquet	87609616	8df918cdec399df51922bd9e5dd7616bd0864bf327a0c3f03f5f8078b20331fd
opentargets_platform_26_03/colocalisation/part-00030-32f0be0a-8b08-4975-88da-dbaff2eb1af2-c000.snappy.parquet	87414631	2ce874634a8ff5f531ef425da751cdec0286f8849dbf15d03c2bbadb326a3c80
opentargets_platform_26_03/colocalisation/part-00188-32f0be0a-8b08-4975-88da-dbaff2eb1af2-c000.snappy.parquet	87408441	553ea32859ed39748d1f9987d22b2c5ff164f3a0f35aa336fe447c79538f0601
opentargets_platform_26_03/colocalisation/part-00114-32f0be0a-8b08-4975-88da-dbaff2eb1af2-c000.snappy.parquet	87317388	12e0cd96e285cbffafa02e86795d1fe65504062f0416703199c0f6f267022a62
opentargets_platform_26_03/colocalisation/part-00184-32f0be0a-8b08-4975-88da-dbaff2eb1af2-c000.snappy.parquet	87267030	3a4613638deb059e055327e73337bfc317a471ac60311d7401faece3f1c8d378
opentargets_platform_26_03/colocalisation/part-00087-32f0be0a-8b08-4975-88da-dbaff2eb1af2-c000.snappy.parquet	87435521	2a84af39c72cafd7f454b340f1167ebcecd45a4214993a8f42ab82dd8e1f2787
opentargets_platform_26_03/colocalisation/part-00002-32f0be0a-8b08-4975-88da-dbaff2eb1af2-c000.snappy.parquet	87485712	b97bebb9d7c116e5cada986e9c2cdce7377cd2b5e6d882a7b7bcaa2e0ef9e4f9
opentargets_platform_26_03/colocalisation/part-00050-32f0be0a-8b08-4975-88da-dbaff2eb1af2-c000.snappy.parquet	87360456	73d75c13070713a2227aa1b3b054c788cea47e72ff879043b844eca5b1f54f57
opentargets_platform_26_03/colocalisation/part-00194-32f0be0a-8b08-4975-88da-dbaff2eb1af2-c000.snappy.parquet	87443481	15d45bb1462d4d09b3d1bb93071341a5f93ad4c3c5372e980c368478011798d7
opentargets_platform_26_03/colocalisation/part-00117-32f0be0a-8b08-4975-88da-dbaff2eb1af2-c000.snappy.parquet	87390783	25b408720f968032591dd7ecaf82f65d41b65517a1fbc1de0e7817eb7b7d2f94
opentargets_platform_26_03/colocalisation/part-00090-32f0be0a-8b08-4975-88da-dbaff2eb1af2-c000.snappy.parquet	87446408	7feec462c44050bae36d385d2dbf9adb061a1283d1e97190f82f55ee443841c9
opentargets_platform_26_03/colocalisation/part-00179-32f0be0a-8b08-4975-88da-dbaff2eb1af2-c000.snappy.parquet	87480528	e2ecd8b9fb2a441b35b79a597a2f7042d71272bb45f704171e9815255592549d
opentargets_platform_26_03/colocalisation/part-00023-32f0be0a-8b08-4975-88da-dbaff2eb1af2-c000.snappy.parquet	87523415	851b0bc4fbfad87d5726a876c782d3093b9e46af2228a5c341e4748c848f6c27
opentargets_platform_26_03/colocalisation/part-00013-32f0be0a-8b08-4975-88da-dbaff2eb1af2-c000.snappy.parquet	87541882	5bba5e40d34f0777f944e017524f39659a0bdc07d6600d74c80d7d1d767ae4ca
opentargets_platform_26_03/colocalisation/part-00126-32f0be0a-8b08-4975-88da-dbaff2eb1af2-c000.snappy.parquet	87379257	1f9c4b47ab4b8a0f14f81aab337459f97bdb0b8f91cbb58bf73c204c9d3b16d6
opentargets_platform_26_03/colocalisation/part-00088-32f0be0a-8b08-4975-88da-dbaff2eb1af2-c000.snappy.parquet	87401154	d9e9c15143aee63865a991396ac2c466e705e721a5f965755bc562d528e78e47
opentargets_platform_26_03/colocalisation/part-00017-32f0be0a-8b08-4975-88da-dbaff2eb1af2-c000.snappy.parquet	87556216	982507177d32f3ee875864b25d448dd2b7087295fcdaa068b60a96581f365b75
opentargets_platform_26_03/colocalisation/part-00047-32f0be0a-8b08-4975-88da-dbaff2eb1af2-c000.snappy.parquet	87417267	2141a2db7cd958f0169a7c4b03f9ecfe30da8d35630bbca28793e3a93f66f05f
opentargets_platform_26_03/colocalisation/part-00111-32f0be0a-8b08-4975-88da-dbaff2eb1af2-c000.snappy.parquet	87401086	c370afb266e2b2d26312d6d1a3e8941cace5c7b34e4f678d3d215934fcf1380d
opentargets_platform_26_03/colocalisation/part-00136-32f0be0a-8b08-4975-88da-dbaff2eb1af2-c000.snappy.parquet	87386055	b27770c90367f499bbeb05a6b7ea976bbd4a22e00786ae8f59de3cf835924c2a
opentargets_platform_26_03/colocalisation/part-00033-32f0be0a-8b08-4975-88da-dbaff2eb1af2-c000.snappy.parquet	87483809	6f10bda2e932952c4b8123c4bad4e224672752a3099fe61e7cf9d67686a88745
opentargets_platform_26_03/colocalisation/part-00066-32f0be0a-8b08-4975-88da-dbaff2eb1af2-c000.snappy.parquet	87591641	d770e23092caa59ccd43e787bd777de47f5e4c007d8f283a2e7ad59fd50c66ae
opentargets_platform_26_03/colocalisation/part-00197-32f0be0a-8b08-4975-88da-dbaff2eb1af2-c000.snappy.parquet	87470587	8ac10afd7a474b762df9bffff76bda7df60dcaf4548962f8b530873435795195
opentargets_platform_26_03/colocalisation/part-00092-32f0be0a-8b08-4975-88da-dbaff2eb1af2-c000.snappy.parquet	87631211	283c5851a75e12416b1a89a631dd69374faa411e0cf3f52c547bf909f219b01e
opentargets_platform_26_03/colocalisation/part-00068-32f0be0a-8b08-4975-88da-dbaff2eb1af2-c000.snappy.parquet	87509366	67a147c0a1091f90c5e9a75c843b096d7f48702b1c885435f6fa355005401a1d
opentargets_platform_26_03/colocalisation/part-00151-32f0be0a-8b08-4975-88da-dbaff2eb1af2-c000.snappy.parquet	87534232	7464134c0d941f7e4ec1aec9dd9888a900c63494716697f6ab300acc6c807a01
opentargets_platform_26_03/colocalisation/part-00094-32f0be0a-8b08-4975-88da-dbaff2eb1af2-c000.snappy.parquet	87542689	7343a316a125a82918d08082605a8eeb4734acc9eb8a89eba014af29f935e083
opentargets_platform_26_03/colocalisation/part-00180-32f0be0a-8b08-4975-88da-dbaff2eb1af2-c000.snappy.parquet	87340083	fb48b440ad4bc9dd4c7644101d29bf6eb15a161cea21233aecef2bcc46a026c4
opentargets_platform_26_03/colocalisation/part-00105-32f0be0a-8b08-4975-88da-dbaff2eb1af2-c000.snappy.parquet	87330890	43c3525273d68c06a7aa0762275db4606d9493583e70c9a93bd1679d71b293f6
opentargets_platform_26_03/colocalisation/part-00045-32f0be0a-8b08-4975-88da-dbaff2eb1af2-c000.snappy.parquet	87512261	563da84f8f3b643aca71838cd20510156279aab4dbfad7fcbe50e3811d69c4ef
opentargets_platform_26_03/colocalisation/part-00025-32f0be0a-8b08-4975-88da-dbaff2eb1af2-c000.snappy.parquet	87462431	e673107956db2e8cb87a460ff4126b7ad4000b0cc16faf8f6d111e246a7d079a
opentargets_platform_26_03/colocalisation/part-00145-32f0be0a-8b08-4975-88da-dbaff2eb1af2-c000.snappy.parquet	87372903	0c83c1fa1899cc96a82082d695ecf70fe2ad41b92c1b613abe06520bbcfcd4cc
opentargets_platform_26_03/colocalisation/part-00028-32f0be0a-8b08-4975-88da-dbaff2eb1af2-c000.snappy.parquet	87548417	11874669d309d879e27d6bf0e8f0b2e2cdac1add69135311e32ad72e09b4ff03
opentargets_platform_26_03/colocalisation/part-00132-32f0be0a-8b08-4975-88da-dbaff2eb1af2-c000.snappy.parquet	87498958	1ac7da3e1335a6af357e1877738e6855cb42c3d7c7d640486f4b3329e993692f
opentargets_platform_26_03/colocalisation/part-00109-32f0be0a-8b08-4975-88da-dbaff2eb1af2-c000.snappy.parquet	87371178	75b05a6f0b2dc7990013d82c0840d9480ad2996e27fd5a4b9dae3c0ae8779aa7
opentargets_platform_26_03/colocalisation/part-00076-32f0be0a-8b08-4975-88da-dbaff2eb1af2-c000.snappy.parquet	87529346	c532235699bf20d4573fa81cee17c6edc555ad9b38c741e449c0e09185548036
opentargets_platform_26_03/colocalisation/part-00005-32f0be0a-8b08-4975-88da-dbaff2eb1af2-c000.snappy.parquet	87465894	52a9e69c5050db41300c09a5d446c27a1ef1d201094db6c838c962b790c2e832
opentargets_platform_26_03/colocalisation/part-00027-32f0be0a-8b08-4975-88da-dbaff2eb1af2-c000.snappy.parquet	87286828	68239c0877243c29d575cf770095fb529e144cbca211d291ec9d5cd0d3267d7d
opentargets_platform_26_03/colocalisation/part-00169-32f0be0a-8b08-4975-88da-dbaff2eb1af2-c000.snappy.parquet	87451519	3cd8ea19c0a49576ec2fa9ac553d719e0f9dd634dfddbcce3fc60300709a96b4
opentargets_platform_26_03/colocalisation/part-00098-32f0be0a-8b08-4975-88da-dbaff2eb1af2-c000.snappy.parquet	87542539	d0327e87dd22ab0235a44a8ad32b6495c3a4f5c78a5c2e7d97ec34c888056b7a
opentargets_platform_26_03/colocalisation/part-00057-32f0be0a-8b08-4975-88da-dbaff2eb1af2-c000.snappy.parquet	87437176	2c990b8654bac21c9a047438a8fddeba2236ddb2cb9f3b1530f112bf88fea4ca
opentargets_platform_26_03/colocalisation/part-00157-32f0be0a-8b08-4975-88da-dbaff2eb1af2-c000.snappy.parquet	87366272	f1eaf546ec3b66afdfea08112dd0cbf3b6c7d74ee4b61be85546d242239cda61
opentargets_platform_26_03/colocalisation/part-00100-32f0be0a-8b08-4975-88da-dbaff2eb1af2-c000.snappy.parquet	87506138	9a784cb92c148012ae9e90dd4d5471a4aa75c5f59964c5126965a2e7ac6b47ec
opentargets_platform_26_03/colocalisation/part-00019-32f0be0a-8b08-4975-88da-dbaff2eb1af2-c000.snappy.parquet	87401071	354c6758f43cde0068e07d739cc298bcc8500c80d83d301278de135e0719332c
opentargets_platform_26_03/colocalisation/part-00058-32f0be0a-8b08-4975-88da-dbaff2eb1af2-c000.snappy.parquet	87642879	f31f4d6f0c3e39b2ca4faea02d0fe0f51aea989afe01a42b3c624379fbdac8f2
opentargets_platform_26_03/colocalisation/part-00146-32f0be0a-8b08-4975-88da-dbaff2eb1af2-c000.snappy.parquet	87600774	d655b1bf392639966ef02c0af4f3e0db0003db937aa21bd0e666cfb9b014e42e
opentargets_platform_26_03/colocalisation/part-00008-32f0be0a-8b08-4975-88da-dbaff2eb1af2-c000.snappy.parquet	87528317	76f30b4e44c2968f814a83696c903c37f540ecbb3a371534070fd47c55ac68bf
opentargets_platform_26_03/colocalisation/part-00153-32f0be0a-8b08-4975-88da-dbaff2eb1af2-c000.snappy.parquet	87585525	1d64c697973be657b8d8a25d74901a7736cb84927eac7900c31fc9d8ab5d6d88
opentargets_platform_26_03/colocalisation/part-00165-32f0be0a-8b08-4975-88da-dbaff2eb1af2-c000.snappy.parquet	87401486	db5a5b46d684b4f78f0dd98e1922b41032c5ab3d7d164cddfeb8cc47f2881107
opentargets_platform_26_03/colocalisation/part-00170-32f0be0a-8b08-4975-88da-dbaff2eb1af2-c000.snappy.parquet	87433046	6994d68fadce3cf7b216fe285a4810349afa066b12191ade733f4fbff933ccbb
opentargets_platform_26_03/colocalisation/part-00150-32f0be0a-8b08-4975-88da-dbaff2eb1af2-c000.snappy.parquet	87411799	f8ef5ff7cb2dd3b7d09f6b56267037c95527240b2dcf7821791e9791ee1cb4ec
opentargets_platform_26_03/colocalisation/part-00052-32f0be0a-8b08-4975-88da-dbaff2eb1af2-c000.snappy.parquet	87567506	594fe34499f07c4cb68274e32567774b689bca29e620eb2bcaf1004b23895903
opentargets_platform_26_03/colocalisation/part-00134-32f0be0a-8b08-4975-88da-dbaff2eb1af2-c000.snappy.parquet	87512306	0e2b3c50181abd54f18d1b2258ea6babc8fa9a23af34efcc21018d09c051c993
opentargets_platform_26_03/colocalisation/part-00187-32f0be0a-8b08-4975-88da-dbaff2eb1af2-c000.snappy.parquet	87449681	b1bc35bd1e246fe1f34ddfef2b56d3d460a15b731a7b00adaa7eeff5345815a4
opentargets_platform_26_03/colocalisation/part-00185-32f0be0a-8b08-4975-88da-dbaff2eb1af2-c000.snappy.parquet	87516472	342aed2229747a74db687eb4892a57915a76565c6113fc1243fbc2d93648cda9
opentargets_platform_26_03/colocalisation/part-00099-32f0be0a-8b08-4975-88da-dbaff2eb1af2-c000.snappy.parquet	87483905	9e11400586e772fad2acd15717c891b11480d7d002da64caf4e6ffee27699413
opentargets_platform_26_03/colocalisation/part-00113-32f0be0a-8b08-4975-88da-dbaff2eb1af2-c000.snappy.parquet	87484757	1a5aa802e1e0d4e41332122191144fcd7afc80c84a04ac288c0e399d8a0da2f5
opentargets_platform_26_03/colocalisation/part-00167-32f0be0a-8b08-4975-88da-dbaff2eb1af2-c000.snappy.parquet	87398707	0e9d2e11e1ab487905e691b53d32683888605f80200aeca6581a85bd689a559d
opentargets_platform_26_03/colocalisation/part-00059-32f0be0a-8b08-4975-88da-dbaff2eb1af2-c000.snappy.parquet	87494909	c95811e894d6bf25768d12c24e31ee3fd52b716564e521697f257d9bc4bd76f7
opentargets_platform_26_03/colocalisation/part-00155-32f0be0a-8b08-4975-88da-dbaff2eb1af2-c000.snappy.parquet	87423528	0d3a02b786e7c9f194ff244edf62653fe55ee8dc9188d03451153fd465f2bbec
opentargets_platform_26_03/colocalisation/part-00162-32f0be0a-8b08-4975-88da-dbaff2eb1af2-c000.snappy.parquet	87588011	c1b9a91caee35c78d3d4b7957a780db7c6392562fafa1a38a11d7cc28d3188e5
opentargets_platform_26_03/colocalisation/part-00193-32f0be0a-8b08-4975-88da-dbaff2eb1af2-c000.snappy.parquet	87456765	27c8b91abf4fa8cfc29df82129d3a9da0223b2d52ef5a2c2ea7c1deb367bc043
opentargets_platform_26_03/colocalisation/part-00158-32f0be0a-8b08-4975-88da-dbaff2eb1af2-c000.snappy.parquet	87405995	73944072d23a0db8c8c60b0269d7aeee784dde82c5a459ef290435c17c2bb438
opentargets_platform_26_03/colocalisation/part-00143-32f0be0a-8b08-4975-88da-dbaff2eb1af2-c000.snappy.parquet	87604069	1d613263083f0e2c857dfb722ab38e890cf5423da4e4c211f34e051c2d191e91
opentargets_platform_26_03/colocalisation/part-00161-32f0be0a-8b08-4975-88da-dbaff2eb1af2-c000.snappy.parquet	87576226	3679d8c683fb91063de64571487e0fd4601c5a3602604e21e07f53189fca03fd
opentargets_platform_26_03/colocalisation/part-00172-32f0be0a-8b08-4975-88da-dbaff2eb1af2-c000.snappy.parquet	87572984	1df8abd306e5340c17f4b1ab032465f7d9d7e1d3ed3ba91aae47e124300ac158
opentargets_platform_26_03/colocalisation/part-00164-32f0be0a-8b08-4975-88da-dbaff2eb1af2-c000.snappy.parquet	87453834	136d36dc05b8e396dccdf6b2a6db44459906652f97b3ebf5d7170440b8baf8fe
opentargets_platform_26_03/colocalisation/part-00061-32f0be0a-8b08-4975-88da-dbaff2eb1af2-c000.snappy.parquet	87394058	ccd286b8c60705d2eeecdf92f7bca429147bd53eb3053c64341d675ea00b71af
opentargets_platform_26_03/colocalisation/part-00174-32f0be0a-8b08-4975-88da-dbaff2eb1af2-c000.snappy.parquet	87473195	375e0d3ecb8fa95516fcae532f00df3de25b3d7f6da018b0eb490385554f6f4a
opentargets_platform_26_03/colocalisation/part-00084-32f0be0a-8b08-4975-88da-dbaff2eb1af2-c000.snappy.parquet	87445824	2de8330d9842ed48d419a1b9bc90470d38b559274ce9f5011552ab4456e7717d
opentargets_platform_26_03/colocalisation/part-00160-32f0be0a-8b08-4975-88da-dbaff2eb1af2-c000.snappy.parquet	87625211	341d1bf3e359180b3ea7b90573fbc77debbf34186c9adbc572158dbf67abbeed
opentargets_platform_26_03/colocalisation/part-00163-32f0be0a-8b08-4975-88da-dbaff2eb1af2-c000.snappy.parquet	87534626	c1126698e4acfa7a4881f9a1216fab8d78e6d020cd0d92ede5a323470c250f98
opentargets_platform_26_03/colocalisation/part-00199-32f0be0a-8b08-4975-88da-dbaff2eb1af2-c000.snappy.parquet	87537324	6a277e7a720d90a94178fe91f57a5cc3bf5a445ed08528ca1997744824f1a0fe
opentargets_platform_26_03/colocalisation/part-00096-32f0be0a-8b08-4975-88da-dbaff2eb1af2-c000.snappy.parquet	87612529	4289ac2fc2a4964cca6a1367169714f60abc34f2d99de1056a655daf7cc956de
opentargets_platform_26_03/colocalisation/part-00081-32f0be0a-8b08-4975-88da-dbaff2eb1af2-c000.snappy.parquet	87543610	ced3fcaa5be3b5d1803486839d11744961b787460810d3372a774c09853d3323
opentargets_platform_26_03/colocalisation/part-00051-32f0be0a-8b08-4975-88da-dbaff2eb1af2-c000.snappy.parquet	87562780	2e3ad0707c0eb6cb53a7a3f85f841bcbb2d31f0139f3f0e3b510209f886a76b3
opentargets_platform_26_03/colocalisation/part-00086-32f0be0a-8b08-4975-88da-dbaff2eb1af2-c000.snappy.parquet	87448516	55e38c44c218274f83c1aeaddd1a7cf2cd4f0b8d71eca776d2134d9e6a51eb02
opentargets_platform_26_03/colocalisation/part-00128-32f0be0a-8b08-4975-88da-dbaff2eb1af2-c000.snappy.parquet	87588237	8eed66e009c8224026ff0b057a4a08ed81f0a96ee887a3ab6e37a5218af6d04f
opentargets_platform_26_03/colocalisation/part-00175-32f0be0a-8b08-4975-88da-dbaff2eb1af2-c000.snappy.parquet	87585908	88e2f97447da495f8ef877da41f9739fbb68fae598e47d395253b14465946fb7
opentargets_platform_26_03/colocalisation/part-00115-32f0be0a-8b08-4975-88da-dbaff2eb1af2-c000.snappy.parquet	87460703	b6c746b057914f52e200039d40d7379f9ad393534533a1d0b46d82c4897a04eb
opentargets_platform_26_03/colocalisation/part-00116-32f0be0a-8b08-4975-88da-dbaff2eb1af2-c000.snappy.parquet	87442700	83f534552986105a47338291659aebae8a765bf736f75354361e3df8ec89f1b6
opentargets_platform_26_03/colocalisation/part-00095-32f0be0a-8b08-4975-88da-dbaff2eb1af2-c000.snappy.parquet	87521699	3649a5cb534109e61f06185be7fc66f1e24d69e27d611329908e62a7b989e5c0
opentargets_platform_26_03/colocalisation/part-00189-32f0be0a-8b08-4975-88da-dbaff2eb1af2-c000.snappy.parquet	87437405	7e82519b99cd6c4848a09f3b7bfd77ee5d7de0abf9db958a8f2d2976b8b043c2
opentargets_platform_26_03/colocalisation/part-00018-32f0be0a-8b08-4975-88da-dbaff2eb1af2-c000.snappy.parquet	87499903	dd186d6a781317884aa14c7de5f8f8a2c33b5a990bb5ea757771f726bc5c9da5
opentargets_platform_26_03/colocalisation/part-00131-32f0be0a-8b08-4975-88da-dbaff2eb1af2-c000.snappy.parquet	87453348	ee623971ed237372931e979093c5bdd2c8266bdacfbde8d15078d71d22a2f76b
opentargets_platform_26_03/colocalisation/part-00065-32f0be0a-8b08-4975-88da-dbaff2eb1af2-c000.snappy.parquet	87485462	d58a5a9875d4a7031a26909d813a33caad5d37ce097caa2bde9a375edac109e0
opentargets_platform_26_03/colocalisation/part-00152-32f0be0a-8b08-4975-88da-dbaff2eb1af2-c000.snappy.parquet	87485335	ad7a0de63a62a3c282b19c3b2326252a46562f3ef23a7914bde0c064987922f2
opentargets_platform_26_03/colocalisation/part-00043-32f0be0a-8b08-4975-88da-dbaff2eb1af2-c000.snappy.parquet	87395686	1e06d52c6aeb648e7e0dab67c1b47694425d9605d63e1bcdd4a512f04a80487c
opentargets_platform_26_03/colocalisation/part-00075-32f0be0a-8b08-4975-88da-dbaff2eb1af2-c000.snappy.parquet	87416084	079c8ea9e202757c6155c2986c7cdff73907b38af3d9b7fa0aa4b1368f663e2c
opentargets_platform_26_03/colocalisation/part-00004-32f0be0a-8b08-4975-88da-dbaff2eb1af2-c000.snappy.parquet	87537060	d326ad49e4497f05113303520f56852dc6a53b91cb20c387fa86fa2d6c3eaf0a
opentargets_platform_26_03/colocalisation/part-00077-32f0be0a-8b08-4975-88da-dbaff2eb1af2-c000.snappy.parquet	87555905	2dbd882a619919166b531f168900f6ebeb9291bb8eebe40eab8f97be87e69a40
opentargets_platform_26_03/colocalisation/part-00137-32f0be0a-8b08-4975-88da-dbaff2eb1af2-c000.snappy.parquet	87549802	8d664e10ebb9d023cf1fbe2f46b1394edad1cecd5542997aa7508b388052cea2
opentargets_platform_26_03/colocalisation/part-00073-32f0be0a-8b08-4975-88da-dbaff2eb1af2-c000.snappy.parquet	87637383	07bbb942e0dfa6fc9addae074ac9ebe85ad808d325d0bdc1238f6f11903cc277
opentargets_platform_26_03/colocalisation/part-00062-32f0be0a-8b08-4975-88da-dbaff2eb1af2-c000.snappy.parquet	87539558	9b22bb79eba92502b7c325f2d737957759ca68076b6135e91356ab09fb793f08
opentargets_platform_26_03/colocalisation/part-00044-32f0be0a-8b08-4975-88da-dbaff2eb1af2-c000.snappy.parquet	87416227	8f1c7cb3769c87ce27b2e8c92dcb51ed4bda1ddfa91526faf517e1f1815cc9a1
opentargets_platform_26_03/colocalisation/part-00080-32f0be0a-8b08-4975-88da-dbaff2eb1af2-c000.snappy.parquet	87575431	19cce43c44ec687190062bd1768c49130f993fb591219df1969b166b2ee6f380
opentargets_platform_26_03/colocalisation/part-00056-32f0be0a-8b08-4975-88da-dbaff2eb1af2-c000.snappy.parquet	87414452	65e6b78bd8774b5e38db5843d7b4f21717962826d8dd04d8c746bb55154672a8
opentargets_platform_26_03/colocalisation/part-00104-32f0be0a-8b08-4975-88da-dbaff2eb1af2-c000.snappy.parquet	87412608	ae5da3372ed9623eebc33eeed6c084bf3321d23669fbfbe22ea1d74f057a4bff
opentargets_platform_26_03/colocalisation/part-00123-32f0be0a-8b08-4975-88da-dbaff2eb1af2-c000.snappy.parquet	87497055	af1f9283c3bf85cffc73e130c5a9c2d158a9af81fe179fa0c3cd47c9fe73d860
opentargets_platform_26_03/colocalisation/part-00038-32f0be0a-8b08-4975-88da-dbaff2eb1af2-c000.snappy.parquet	87587668	e9c6ca111dc936061985f8c33e9314b09bd313f445df613025e0e42bd0e42a18
opentargets_platform_26_03/colocalisation/part-00041-32f0be0a-8b08-4975-88da-dbaff2eb1af2-c000.snappy.parquet	87461793	579cb08d1a98c4e5d029986d38d0c3425a98514857af596d74597e00e93da49c
opentargets_platform_26_03/colocalisation/part-00000-32f0be0a-8b08-4975-88da-dbaff2eb1af2-c000.snappy.parquet	87409011	47003d2d21b314cddf8ed484c2f7f12616ac183d3b4c45bf4a4bb6d0279cf4d0
opentargets_platform_26_03/colocalisation/part-00070-32f0be0a-8b08-4975-88da-dbaff2eb1af2-c000.snappy.parquet	87465343	7919161504a610e715e391649e84c4c94d8ceb8d45797ca72ea2c532ae4b474f
opentargets_platform_26_03/colocalisation/part-00055-32f0be0a-8b08-4975-88da-dbaff2eb1af2-c000.snappy.parquet	87361611	eb66a4def44be489b614419e3ab354fab21deb5c6a5c5fe7dd651fbc4f11cc35
opentargets_platform_26_03/colocalisation/part-00141-32f0be0a-8b08-4975-88da-dbaff2eb1af2-c000.snappy.parquet	87548027	46447aecbc9ccb8071fdeaf29003f1e8c9a6946d333e8a5cedab6c8e3b4c90a0
opentargets_platform_26_03/colocalisation/part-00082-32f0be0a-8b08-4975-88da-dbaff2eb1af2-c000.snappy.parquet	87572144	15d6a56c5398cf1e6e594fcecfd4721f96e274cc5956ab0e99e9a38c6a2deadd
opentargets_platform_26_03/colocalisation/part-00032-32f0be0a-8b08-4975-88da-dbaff2eb1af2-c000.snappy.parquet	87364808	1ed2894b0af38222ff9b4a2f868816c23df738a6838ecfab3597d599f88857e1
opentargets_platform_26_03/colocalisation/part-00156-32f0be0a-8b08-4975-88da-dbaff2eb1af2-c000.snappy.parquet	87416172	e67985c1522f246d7008f32682f04320dc8af77585de785bf95660f278824313
opentargets_platform_26_03/colocalisation/part-00039-32f0be0a-8b08-4975-88da-dbaff2eb1af2-c000.snappy.parquet	87544979	89d4a006feacd3ad330c12c170e58e6ac9b56c24896d0a367292b39f059f3c8c
opentargets_platform_26_03/colocalisation/part-00178-32f0be0a-8b08-4975-88da-dbaff2eb1af2-c000.snappy.parquet	87560483	b9d1789533a7304a26cbf4ce5b5225c8cdc5ee1f15c769764202b42a921f8047
opentargets_platform_26_03/colocalisation/part-00118-32f0be0a-8b08-4975-88da-dbaff2eb1af2-c000.snappy.parquet	87758103	a0b64ee7eb687ef20c1bee151fbcc7debd508d511d2f01b7246a1f75532c51d8
opentargets_platform_26_03/colocalisation/part-00014-32f0be0a-8b08-4975-88da-dbaff2eb1af2-c000.snappy.parquet	87580815	b0c42e4ddaf7a74e4076ebdf073ae247d638236be9042a363812ca3afb16e51e
opentargets_platform_26_03/colocalisation/part-00006-32f0be0a-8b08-4975-88da-dbaff2eb1af2-c000.snappy.parquet	87323691	a27b5147fb960fc6d6dc8ec8a98fdd51f6be7930c9471267319933812c027baf
opentargets_platform_26_03/colocalisation/part-00195-32f0be0a-8b08-4975-88da-dbaff2eb1af2-c000.snappy.parquet	87463607	6a6d235398a4ca230ed9f1b3d1a8a1826ba6b12fcd8ede7d890c6439751ff5f4
opentargets_platform_26_03/colocalisation/part-00140-32f0be0a-8b08-4975-88da-dbaff2eb1af2-c000.snappy.parquet	87384535	c09e981f8fbfa0d5e8f6dd21991fa6a5e1b542bcbc6c96b8e94ac78cb26da8ba
opentargets_platform_26_03/colocalisation/part-00168-32f0be0a-8b08-4975-88da-dbaff2eb1af2-c000.snappy.parquet	87404966	8b8e9e7d8ab085a817dfa4651044f5305e96ca22cb3c0567f9ad3e7585519dab
opentargets_platform_26_03/l2g_prediction/part-00000-40df5409-c041-4dd1-b2ca-4af0674a910a-c000.snappy.parquet	2663554	3028f77d7dbf5a9a9026d70721b46e70b8d1f4c6c4b6f72f0013d5fb68a3322a
opentargets_platform_26_03/l2g_prediction/part-00000-78786f98-2bae-454c-b1d6-dff6e5f560ed-c000.snappy.parquet	3097845	19ac48401431ba447f71d108e13ed2447271b4dc5624b46649406f5d41ab2cc1
opentargets_platform_26_03/l2g_prediction/part-00000-3455bb23-4e9f-498b-9e2a-bc90b234891b-c000.snappy.parquet	2266510	cbb22d36a8808c40f84ac03359716043010150ff6f98c524e65f0fb63d657984
opentargets_platform_26_03/l2g_prediction/part-00000-28d89e1d-1f7f-4d81-945d-b6f4ee832c52-c000.snappy.parquet	2273057	48ec8798d322511663157a5d818f38dceecb71de57fb0cfbf1ca36e2dbad79a7
opentargets_platform_26_03/l2g_prediction/part-00000-a65979ac-338a-4514-9862-6669c094e911-c000.snappy.parquet	4485994	e97454ace768225167198dd679ba8ff35beaae057d1ede19cc839a0c0b3e292f
opentargets_platform_26_03/l2g_prediction/part-00000-342fa73d-e1e4-450f-bfe1-e6a0c3598513-c000.snappy.parquet	1961607	3342c550c6ceb04a0246a25ec1383a0ce0d3d812d503908e3f45fbf15d8b99b5
opentargets_platform_26_03/l2g_prediction/part-00000-3209284b-0acb-458d-b8b3-7ea6dfc95137-c000.snappy.parquet	2341037	696b648e4cf92041bc2c1d657b500d5ef4aaba82571c5efdb85b1593517e2629
opentargets_platform_26_03/l2g_prediction/part-00000-37bf129a-a753-4430-a097-a8cda9c19f3a-c000.snappy.parquet	2374624	d8162c8c5b04f5fc7aabba5e8969216c59448c461574aa500ca32c8c3dc82d6d
opentargets_platform_26_03/l2g_prediction/part-00000-d62fae16-1ffa-49b5-addc-fc5347055c77-c000.snappy.parquet	2999879	7785dae046db3d5c81e6dc31e59bce693b9109d03155d62883df5588960a6dce
opentargets_platform_26_03/l2g_prediction/part-00000-241e1aec-f49a-4531-bd97-d239a7669e97-c000.snappy.parquet	2109164	062e677abf7cd066992319f092e8cf7ad93bdc2d4b7590265a0d9f6c788bb035
opentargets_platform_26_03/l2g_prediction/part-00000-6fb34eee-a2ff-4056-b4bc-01d4787492a9-c000.snappy.parquet	4456940	e80d61946ed8c3c2455e3bfe353fe0ecc280cab0abff416a8e7e8fab81181d80
opentargets_platform_26_03/l2g_prediction/part-00000-f39c8f76-e3d1-4659-b4d4-172b3fb58344-c000.snappy.parquet	3298265	e4940112626e42c73be197c6c81a2db7b354fdc8d71936c029bb770456ade7a8
opentargets_platform_26_03/l2g_prediction/part-00000-a1fc264c-f8ae-4036-9532-932b09f81ab2-c000.snappy.parquet	2769637	90db38282ffe185512a3fb79c132d21e6165abafaafe6cfafe75d0e03e82d10e
opentargets_platform_26_03/l2g_prediction/part-00000-20031095-662d-4549-9a81-59f93f82f793-c000.snappy.parquet	2508572	4d3a3c61fc8c7d2863022dca23aaabcbc0b31b0c5568f390600e5ed45c7f6ca2
opentargets_platform_26_03/l2g_prediction/part-00000-067213ad-a8bb-4f4a-8fcd-765f3474c542-c000.snappy.parquet	2762339	d02458c2b98c18fccd399a3ab868c36ecf74197bb8869a8f546755189909b472
opentargets_platform_26_03/l2g_prediction/part-00000-46480e1f-ab83-434a-8669-769433859bde-c000.snappy.parquet	2628271	a3214ce23c75c26f12e03e2c8bb6d154024fb8d8c15b8bef84a870f7dd44ea4f
opentargets_platform_26_03/l2g_prediction/part-00000-22e2f160-bacb-411e-b1d1-5cf42fec0b23-c000.snappy.parquet	2757944	7b929110ae619b72a2a8fa23953ce6da63807231fd8d37ee2c85ce64b04f8c51
opentargets_platform_26_03/l2g_prediction/part-00000-5fdb4c06-b013-4621-b0b6-5a53e31a2314-c000.snappy.parquet	3114823	7080ec7a46db28e9a03e13f704a0d2d256080a783ae236e9a56910b3d7045d70
opentargets_platform_26_03/l2g_prediction/part-00000-0325ae45-fd8e-4f21-817a-65b3b5c7328b-c000.snappy.parquet	1446078	b92c2452780bde8b019db6fda423319e4179d9eb58e27c0debda43dbbb5bdee3
opentargets_platform_26_03/l2g_prediction/part-00000-aca3c318-f060-45e1-bf74-cbdd384416a3-c000.snappy.parquet	3168804	ca18809664dc41dd5924686a438ab9222b99e054448a8f68db6d5336b1d3d0f1
opentargets_platform_26_03/l2g_prediction/part-00000-6b629cd8-6f6b-40c4-9a01-96e973f48ca3-c000.snappy.parquet	3133352	d5dc325df0e1d14ce2ace861779d8a84dcecfc922d3ab4aea346722def0403e0
opentargets_platform_26_03/l2g_prediction/part-00000-35c94948-0e33-4795-b272-1f57ed12a296-c000.snappy.parquet	2100100	0348d2256d7709a54a6f55cd17b5a4c889a297ea486dd2d63b3da4187a3c1925
opentargets_platform_26_03/l2g_prediction/part-00000-6ce9ff2a-8cd0-499b-8b1f-8f464a358a3e-c000.snappy.parquet	3022308	8a6beec6f687e74adbb16bcce7e2ad61c13ad79c78968a63126d5afe3234b9df
opentargets_platform_26_03/l2g_prediction/part-00000-032efc7e-f930-457a-b2d4-36743b873651-c000.snappy.parquet	2185281	41751abb010b55dea377c43e86450ae81ea2498c27d3a1b7bd6847eafee4eae9
opentargets_platform_26_03/l2g_prediction/part-00000-b34258e4-eec8-4880-a034-e0fa07246fd9-c000.snappy.parquet	2120295	7f7ba2854d4bb5e2c83d8635eb1e93041fdc42160f27bd4dd715f493e3c154d9
opentargets_platform_26_03/l2g_prediction/part-00000-5ef97812-dd9c-4f30-a7fa-bd219224551f-c000.snappy.parquet	3870021	8d0aeaef53b783e94d25fa985ccbc2ff9f6e69543e2b8194cf5949bd45554fdd
opentargets_platform_26_03/l2g_prediction/part-00000-572e4655-bac3-4154-8458-9e179f0316fc-c000.snappy.parquet	2963497	cda880229060a92ecc3149db0ec8a5b1b0338e81246c3923758b51e3eb0aa56e
opentargets_platform_26_03/l2g_prediction/part-00000-0408cbe1-1187-49b9-8084-9dd8fa3c6ca1-c000.snappy.parquet	1865093	92f8337aac16f819686b820cc7361857d6b22bf9298dccb474bce580cf621600
opentargets_platform_26_03/l2g_prediction/part-00000-1d3414c0-015a-43a5-88ba-02a8865a081f-c000.snappy.parquet	3793163	19f790d9fed48072e44522d1ad243851291f34847d82fa09494b1fba54810923
opentargets_platform_26_03/l2g_prediction/part-00000-4454bfed-3dd2-42d4-b949-7a5d80425523-c000.snappy.parquet	2083676	2df1a6964b7a4f48c05b5c67d2ad2debffa1317af52066e71eb41f5ce75bb1b5
opentargets_platform_26_03/l2g_prediction/part-00000-64b2ffa5-98ef-4c6d-96c9-afef199bb2c7-c000.snappy.parquet	2833601	36074d75b75657f715c09ec80cf69bcc0d6b8689cd77a34055061b3fc92a7b9a
opentargets_platform_26_03/l2g_prediction/part-00000-1ac3b8aa-d166-4238-9325-202bf40f5f66-c000.snappy.parquet	3087562	8c57b4b8c66a37a2e8c0af85d02a4f84f0000db3978559162c13cf6fea75a45b
opentargets_platform_26_03/l2g_prediction/part-00000-37306315-73cd-4290-af7d-550d3d1c527d-c000.snappy.parquet	3631824	c556c768859343522c0251a10e14ae61fbbf1b847aca854bac3886acecd96bc3
opentargets_platform_26_03/l2g_prediction/part-00000-538873ad-481a-4eb1-9f83-5f6300639832-c000.snappy.parquet	3699633	d1a9dd7305e4191dce289ef0119a95efe47338458469c6ec70fdef5569ad1573
opentargets_platform_26_03/l2g_prediction/part-00000-b6caa4d2-2d38-4d67-b59c-4d80dad1045e-c000.snappy.parquet	2410542	29cd95b6bf56688b38ef043eaf93aefe4cddd14d55f684c7ce8428193c90d1e0
opentargets_platform_26_03/l2g_prediction/part-00000-b14c4635-6e2b-4d35-8316-3e49b04cabb8-c000.snappy.parquet	2631377	09bd0efa6dcdf69d84921dd1695925392de79b6febcb73f66c7ad1ec4ef6d85c
opentargets_platform_26_03/l2g_prediction/part-00000-dd8c17af-a962-4847-813e-028cbfd14e7f-c000.snappy.parquet	1380388	4603ccb0fd9513ee9b1e1f15bfe164c46fa166c4a756a2c14b59863527022958
opentargets_platform_26_03/l2g_prediction/part-00000-6d25115c-0d4e-46a7-b9d6-0c430341b329-c000.snappy.parquet	3101015	5def134f7a49a0dc7e5a0b50bc25493d55c92e0f1ae4238fe0a01f8bc7d1f976
opentargets_platform_26_03/l2g_prediction/part-00000-96ecc63a-051d-4256-bba2-eefca6266c41-c000.snappy.parquet	2888303	fa916e2618487109101a5f771de9b30dcad91283d944cce6a3f6a115be0ee7fd
opentargets_platform_26_03/l2g_prediction/part-00000-8bafa290-5878-4ca6-b413-54b45649f90f-c000.snappy.parquet	2840330	0450ab5d3b25d8d23ba0da9d085dbac4400028a77e506cf5dd86a72bb2f313a7
opentargets_platform_26_03/l2g_prediction/part-00000-a7f46a09-ef2d-4bc9-9617-60e019d7131e-c000.snappy.parquet	1680844	0185f55eeb82d7774279511e1a91253423de980dba1d32cf2e428ee79dfb3355
opentargets_platform_26_03/l2g_prediction/part-00000-f4df235d-b2d0-4ccb-9803-e17414c1d719-c000.snappy.parquet	3379477	2d487e3f2932678ee21b5798de6c4145a0fb949ff24f0b21710296ee0df286d9
opentargets_platform_26_03/l2g_prediction/part-00000-0e35f730-1ab8-4a5b-be89-36e30ef93d2a-c000.snappy.parquet	1343045	6756f8c58ea180d29e7633456e7c5f07fff2548c23d0402770ffe18a00bdb7a2
opentargets_platform_26_03/l2g_prediction/part-00000-cf322676-2ffa-4f28-ad9d-76d1c6679833-c000.snappy.parquet	5906184	df841becdb70e334099968b1fb087b6441a91e2446275bcdb0ff933d9710e576
opentargets_platform_26_03/l2g_prediction/part-00000-3d295922-5012-46e3-bd4c-f2aca4655dfa-c000.snappy.parquet	7848379	1203191db6d54f02a52d17e6602378d2f9f9c865e7dfd1bd147168ecdb36c73a
opentargets_platform_26_03/l2g_prediction/part-00000-0505f668-b695-45db-9fa7-eb415c8ff8fd-c000.snappy.parquet	4161541	ec4d9418058532150e6b892e42f7463fff3d966aecdf32f8fe22f7bfb56c0914
opentargets_platform_26_03/l2g_prediction/part-00000-1c3b5ce8-8598-4540-b5fa-3198f8ae7270-c000.snappy.parquet	2174029	c8d3037df359dee7b95b296126350012ba9935cb6010d9250b016bb5e28c99b8
opentargets_platform_26_03/l2g_prediction/part-00000-e7491314-35a0-480a-81e6-421cdeb9571d-c000.snappy.parquet	3374616	d8489588579cb3aaebe57f46d2aea1036e88821ea167fd51e1bc53c3c8ce8a52
opentargets_platform_26_03/l2g_prediction/part-00000-c5ff656d-bf2b-498e-852c-7497577f7d42-c000.snappy.parquet	3406621	2583297c7bb587635d394dc1fb00b6629cf04e92af37583fe61e5e77be865c88
opentargets_platform_26_03/l2g_prediction/part-00000-1b8b76c4-bdbe-4153-ad2b-c0cde53dc2f5-c000.snappy.parquet	2784720	a58a1f6878e6d508e4a8cf6b5cc75ea75f5f576141f3efd8fca25219a0ff1f1b
opentargets_platform_26_03/l2g_prediction/part-00000-83d463a3-469b-4b4e-ab80-07fcdf89dec8-c000.snappy.parquet	3010471	9d197967ef583f9735eb2909d93971ed236af2cb0218a2e375a367e22e0edafa
opentargets_platform_26_03/l2g_prediction/part-00000-a19fcadf-2516-40f4-9594-423f946b8b3f-c000.snappy.parquet	2429405	6b342a7d72753603fa3cf2ee53142c747770006035699a97f3dfb0aa7acb45d0
opentargets_platform_26_03/l2g_prediction/part-00000-1288b34a-730d-43c3-afc8-09c2ef026dec-c000.snappy.parquet	3515165	6ebadf1ed0af6c8a9885655f74caa44db4471c3668006dd754861893afb7bda8
opentargets_platform_26_03/l2g_prediction/part-00000-7ee88648-e440-4306-afd1-35df5bade9ad-c000.snappy.parquet	2206417	8dbf1a58513b02adc247867909079302e8044c200057d92ff90077e2ebc0f5c6
opentargets_platform_26_03/l2g_prediction/part-00000-44b45c2b-0853-492d-9f05-82acb0b28ae5-c000.snappy.parquet	1899887	7ccca140c35650f1108912c4c389d63b691bdec87978fb259795385eea141f27
opentargets_platform_26_03/l2g_prediction/part-00000-a869d0e4-e3a0-4004-b88d-0d1f2a3fd3e7-c000.snappy.parquet	2269581	a3ed4c9066a968114f7022985611c85aef1c1ad8507ac9a536bce543251d6522
opentargets_platform_26_03/l2g_prediction/part-00000-5a7b5334-8bdd-41cb-8ec2-77151328ad99-c000.snappy.parquet	1836408	7185e6e85e79a2e688e7327165d3dc3edfeff02cf969141ca1ba52c74fef4d42
opentargets_platform_26_03/l2g_prediction/part-00000-f5c23ce1-018c-4dea-a111-c3aa6c474647-c000.snappy.parquet	1996241	0659993c8dbfd417212cdebd1b72e953bef2514f28771b32df4f783bf60dd3da
opentargets_platform_26_03/l2g_prediction/part-00000-d9c3ef30-4d33-49d4-b686-d09c5c042ecc-c000.snappy.parquet	1158272	25a7deebccc5927e3a2a978dbcf35b45cdbce1697a0325a95e94eae7965f2ee3
opentargets_platform_26_03/l2g_prediction/part-00000-31e3315c-a75f-4a2d-829e-bc4867636261-c000.snappy.parquet	2116137	5e12845c222d553991bd5656832aa0b420bf4864a44f0e6c132e88a4af88d98e
opentargets_platform_26_03/l2g_prediction/part-00000-db0e9188-acb8-47ed-a133-d3cadd8abc5b-c000.snappy.parquet	2695048	e50a1f52a4ab4479a0eec034100d25b35d3efc22009c534394dcb3bc2612677b
opentargets_platform_26_03/l2g_prediction/part-00000-e8061e3b-a70c-4135-8e54-ae27f8d837f5-c000.snappy.parquet	2188379	9454bd3d8e34225d1fbc4ba673947488ec65c398ebe04185518b6081eee434b6
opentargets_platform_26_03/l2g_prediction/part-00000-3fe5ed0f-253d-4a31-8656-8170a71c0993-c000.snappy.parquet	2760241	09b5e6d8997ec69564b3f54300d791da17fbd29b65b109b9b4ec53057a97cd08
opentargets_platform_26_03/l2g_prediction/part-00000-8a91ff58-d47c-4b3c-a457-cf93887e25eb-c000.snappy.parquet	3646306	3bb4a748bbf318d1aa6232e6aaedafa62c3e918a24502bb1321b591a11971ae3
opentargets_platform_26_03/l2g_prediction/part-00000-6559e7c2-d4e4-4c25-9183-0c1ba32bc9e7-c000.snappy.parquet	1069372	33a6a6c07e24856d581537905382ba8e5df8190729e2e7d15f30c4a0b1905c36
opentargets_platform_26_03/l2g_prediction/part-00000-e79ccc0c-cd22-4499-985b-e81b13c1bcca-c000.snappy.parquet	2028647	1e09a9795668f34884a5ebb5c5ddac03d87fd9722f042e57cdcb21f3fc619d92
opentargets_platform_26_03/l2g_prediction/part-00000-9656ef65-dbc2-41ef-b5b9-58819daa53ee-c000.snappy.parquet	3312907	ad9abe368c314e1e2fe7fd9f0295dd4c91840df2c1cb47160e30dce232da6959
opentargets_platform_26_03/l2g_prediction/part-00000-8cbecb41-79ec-4b61-a1ce-a83e91dd2489-c000.snappy.parquet	1844070	67a114c6fee2813c0a48bbce762981462074d528e332110715e485a807cda95e
opentargets_platform_26_03/l2g_prediction/part-00000-585b68c4-d78d-4e34-bc84-a02c217cfb8f-c000.snappy.parquet	2347600	1e154fd58ffcee1529fc3a4722c7856ac53d3b420ba4b9232eebc742cf524850
opentargets_platform_26_03/l2g_prediction/part-00000-b9e2b4ea-e9cd-4d7a-9f99-040b09976a4d-c000.snappy.parquet	659661	473199d26bb87d5d2d82995cb1c804985e4ea28bf78c21ab23a73c449fb0412a
opentargets_platform_26_03/l2g_prediction/part-00000-396fa7ea-71bb-4532-9630-f53dd998b0b3-c000.snappy.parquet	4108891	ac1761b4386dfcea295d650d912ad9710e589059b0265dfb3d2d1548a2090706
opentargets_platform_26_03/l2g_prediction/part-00000-64b10323-b171-4b80-b18e-004e03d21757-c000.snappy.parquet	1574684	599eace48256574e991622877dccf5ad86973df90af7911b64a466e2da5f2837
opentargets_platform_26_03/l2g_prediction/part-00000-200826d4-c935-4a88-b3ed-230c2bcda0a4-c000.snappy.parquet	2321882	754c54a5f27a42d2a9e11e66353ecee2d3946e2ee8fa1f6eecc639eb9a03cc4a
opentargets_platform_26_03/l2g_prediction/part-00000-0425ec7b-f00d-49df-a186-9bf31e2a4ce0-c000.snappy.parquet	2157172	cd05c9e1f5d26f398eb2676a2767e06d10a06d8a4864ad58b61c4e748222b908
opentargets_platform_26_03/l2g_prediction/part-00000-18b25450-31b2-4e8d-8ea1-083f5733e3cf-c000.snappy.parquet	1445003	9b43790486b339cf2e3a3eb8e677f80a4206d0b5e99fc7fb79d17544cf6cba4e
opentargets_platform_26_03/l2g_prediction/part-00000-a0745c75-502d-4f51-8118-01b47d88d8b5-c000.snappy.parquet	1607893	87065d385d5a6d22f01af8f0008266cf185a9b37bfc672e62cc903d675eeb6bc
opentargets_platform_26_03/l2g_prediction/part-00000-e2dff998-651a-48ab-b99a-0533f9ad0c57-c000.snappy.parquet	2394144	796daf0692eafa8246d30692e9ce80a84c6acfa8717d531440b1428313caad15
opentargets_platform_26_03/l2g_prediction/part-00000-f911798e-f31d-4aaa-9c16-a3d841795624-c000.snappy.parquet	3424042	5bb69a1990e006f34e7a6fb575e4de9c5fc68b19945fc789cee36bcd90838b97
opentargets_platform_26_03/l2g_prediction/part-00000-68282623-4d2f-4819-9e03-7a9441fae198-c000.snappy.parquet	2614998	c90e7d71a33b030662dc75311397a3c3c048b1ebe005c107ae1621511c051b8d
opentargets_platform_26_03/l2g_prediction/part-00000-24946c49-ab9b-4790-a236-725b9f4f80db-c000.snappy.parquet	5274186	bc7d3aae56c65f659adcb0367cdb0a67eb8bd5b9e7c362b2173b7c256f9e54ae
opentargets_platform_26_03/l2g_prediction/part-00000-2a3bf78e-209f-47ec-87a8-61a7c7d0f753-c000.snappy.parquet	4456458	cd73efdc8c9248d778bdec7ee530fee94b6264ad8910b1b9d386c55a99568c11
opentargets_platform_26_03/l2g_prediction/part-00000-4ed0fdc8-f19f-4c2d-b8b7-4dea6d488eea-c000.snappy.parquet	2230798	47e23602005c5437036ac500b4b0dd338c6ca484c89b7e028695e540f6857017
opentargets_platform_26_03/l2g_prediction/part-00000-bdb8e428-f4ff-4b12-97b8-bc941c0e58a4-c000.snappy.parquet	2744178	ca9238f69e96acad96b8e52f8ad1f6eba3f894941ce8a263ab151dbe6ac4506f
opentargets_platform_26_03/l2g_prediction/part-00000-e05b8ddd-5fed-43ed-8b99-77bbbc489e9c-c000.snappy.parquet	2834840	4b36c33ef526914205ddf6d40bfb0726d3612284ecccbdd6da5c23ffbf0c9e8e
opentargets_platform_26_03/l2g_prediction/part-00000-0dffaa64-bce7-427d-9c71-92c5c44442de-c000.snappy.parquet	869119	1d47db9916bb5f9af5f85bf467ed6dbae445cab3ce676f74efd66f2ee635889d
opentargets_platform_26_03/l2g_prediction/part-00000-12077c72-ef03-4d58-be95-ade51dd5475d-c000.snappy.parquet	2276902	e186bddd4238e81b7657d9f286df099f7b0e2237bde0326263c2ef991798433d
opentargets_platform_26_03/l2g_prediction/part-00000-fc94864a-0cff-418b-be09-4fdccbbaff17-c000.snappy.parquet	2564495	9d0307c480116859c1376936d6db669ff2d3e1827793f8b6366f8caba3ecbc03
opentargets_platform_26_03/l2g_prediction/part-00000-9ce92a10-1ee7-4787-a49d-a22de574d260-c000.snappy.parquet	3413819	5f30a891a9c5a7c397b58e92019f3bb398592bc32e63d521c50dde07670ba35d
opentargets_platform_26_03/l2g_prediction/part-00000-644d8ad2-b5e3-40cc-9279-1f59ba85f494-c000.snappy.parquet	2432608	583e9191330a75a1b6cf00bcea56a3984e42676b585372649d431dddbc9ea92d
opentargets_platform_26_03/l2g_prediction/part-00000-68f12bd2-49f7-4641-b90d-c96e1e252ccf-c000.snappy.parquet	2768970	6bfff182ab786b47c2c38c0e1c30ad2291becc9bc7ced07974fc980e5f56a06b
opentargets_platform_26_03/l2g_prediction/part-00000-8e16e131-c342-4341-8720-4a5cf3d1cf95-c000.snappy.parquet	2380998	858d06beab3218180ab84837f139d74758fb397ca011a4f1211320ee77f7238f
opentargets_platform_26_03/l2g_prediction/part-00000-49c206f5-1d9b-4c87-b6fe-136288f86a64-c000.snappy.parquet	2466547	769c26444c49e2979ae2b503b21bc0cce7e275016025d107e904ac65575d69ca
opentargets_platform_26_03/l2g_prediction/part-00000-f17da5b4-28b2-493d-a9c1-39691ee69461-c000.snappy.parquet	2249342	9359e76f9f0dbbf32bc0dcc7c7f6793399e80b8551e4a40057c6d97d3af9821c
opentargets_platform_26_03/l2g_prediction/part-00000-0b4397bd-7247-4200-af1b-f0ed7e25effd-c000.snappy.parquet	2668870	d4e3bbcb81e27cc4b1b59bbe0ed90782fd2f8d990585e5cf78e916dee5ea6f5c
opentargets_platform_26_03/l2g_prediction/part-00000-235a729f-8603-40c4-9b47-e7f3d527729a-c000.snappy.parquet	3170350	2cda9fb4f55473a8d02738f8adcb4bb6648e991589e35fe2b846efbfb437d4c7
opentargets_platform_26_03/l2g_prediction/part-00000-9dfcf11a-6d6d-4a13-8fdf-0e8e740ef519-c000.snappy.parquet	3896331	d3dc2382296ddc87f3095a5ba16baadc450457684875bd4dee72ef9474e7e94e
opentargets_platform_26_03/l2g_prediction/part-00000-7fe3c63a-ba3b-4d3a-ac5e-55b44bb6506f-c000.snappy.parquet	2893209	15f4af2be4593f1e060fdec0db4c8b9a827673b8e1fe2eb7f27145015be924cc
opentargets_platform_26_03/l2g_prediction/part-00000-c4685648-0aec-4a9d-a321-fa0d7ef5b461-c000.snappy.parquet	2818052	90bc141538798139344cd2be5db2c901e8205e5e743b39451f29ce197423ddab
opentargets_platform_26_03/l2g_prediction/part-00000-b36b5912-a740-44ad-b364-9f680b2b2c3c-c000.snappy.parquet	3195580	6893e0e8692acd1c42b4bfc393e2541ecdff51b2157d9731b23beda3d24f1aa8
opentargets_platform_26_03/l2g_prediction/part-00000-b7c1aac0-a17b-4ae5-b40c-7e448dcd834f-c000.snappy.parquet	2475856	b6288ea6a784d3cf7fe22d201f0fb6573a6e2b01f2ba2dd48c2c2977ebf790e3
opentargets_platform_26_03/l2g_prediction/part-00000-7802a2ea-44ff-4af6-a739-51660623683f-c000.snappy.parquet	2347134	c138c4ebd89793fcf5063789d85c5e0dba861c870984c8deb95a3975fbe74095
opentargets_platform_26_03/l2g_prediction/part-00000-bb98b0b2-44f5-4c78-a6e0-2411cfdd3ce4-c000.snappy.parquet	2377934	59c40d838c131e52e43a30ab81b0bd32915020b43b94d9f5a86544f817f031d8
opentargets_platform_26_03/l2g_prediction/part-00000-d0296d6f-caa3-477f-8bc0-dda6de421d69-c000.snappy.parquet	1356299	94b60ec6247b13695f001892d586bed20fe11fb621a402f586b9cd28ce02cc5e
opentargets_platform_26_03/l2g_prediction/part-00000-72bfaa7f-4735-47e4-8626-05601cf90a7c-c000.snappy.parquet	3707199	403ce600ef75ef95b0ab7bc0168cf6175a6335fb0b60edb88f380d47762a8031
opentargets_platform_26_03/l2g_prediction/part-00000-ad19859c-c206-4fd2-a13c-e1a00686aba1-c000.snappy.parquet	2495717	54225d414e11dbbf185f231068aac5180a8dcb614a69118a79db5f277015ee27
opentargets_platform_26_03/l2g_prediction/part-00000-368466f2-04da-44b2-8c71-1b2d5f18df00-c000.snappy.parquet	3656172	f36d3a7bf65b984bec972962d4468fe9385ebbb7de92279e6e95066346944679
opentargets_platform_26_03/l2g_prediction/part-00000-4dc5d51a-6a1f-4343-8f1a-af15233f359e-c000.snappy.parquet	1202831	a515009b9bc79ea53e2a4373f3e36e6028fd02264f3d2815fc9020a1b48ba714
opentargets_platform_26_03/l2g_prediction/part-00000-31dcf8cd-ed16-43c9-a489-50d4e9be575f-c000.snappy.parquet	4442434	45c0c0a312061e05b2f8506d422d8c179de23b4bf7c77faa7c0ae78ac1cf5934
opentargets_platform_26_03/l2g_prediction/part-00000-55438bd8-1f18-4455-81e7-e90ab0dcf011-c000.snappy.parquet	1886780	0e2613dbb1432cc991290001ff62f0cdb7386cb12df570f0743fb3b00ab954be
opentargets_platform_26_03/l2g_prediction/part-00000-f8ee09cb-f2b9-4949-b227-ad7852bdf4fd-c000.snappy.parquet	3525110	2f4fb1319e7ae64d2ddf1256f1f60bfc0abc7232222d005b90310f0c08af459a
opentargets_platform_26_03/l2g_prediction/part-00000-8861f7d8-eb94-4dbd-96f4-b1fc9330b831-c000.snappy.parquet	3875969	d26e9d16071aa922c1f6dce990f93cc36fb2bf00f941aa0b30d24b33ee315482
opentargets_platform_26_03/l2g_prediction/part-00000-23204408-2e74-41cf-8a29-9601d777103b-c000.snappy.parquet	2930958	de6bfbe13eb15f3f427dc7270b4b9b9450868889d50348975258429ffeaefb50
opentargets_platform_26_03/l2g_prediction/part-00000-a494429c-62c4-4fc0-a2ed-6fe134838900-c000.snappy.parquet	3873279	35f65ca45d4ef6ea1191c65ceb976ef0d1826d951653d14f38c72f3c7af3f51a
opentargets_platform_26_03/l2g_prediction/part-00000-d857842f-529d-49bd-a285-958e0a57b0ec-c000.snappy.parquet	3516434	b3d3eec84e191779cb7bff5760e28d85654b56aae7778447477afc8fd16095bb
opentargets_platform_26_03/l2g_prediction/part-00000-4597f4d7-517f-485e-892f-b4dcfd104ef4-c000.snappy.parquet	1990242	4979a621901c27729d9773859a680e538da40574dd64eba9f8805644118d247c
opentargets_platform_26_03/l2g_prediction/part-00000-631cc49d-b0f0-4afb-a858-081e2ddbe4e7-c000.snappy.parquet	3121172	622ed2cb3619f01faaf00ef0806f15d13d341bcb26f86a97baea023d5526e455
opentargets_platform_26_03/l2g_prediction/part-00000-824e073c-de31-4818-979f-cfc2ec32c34b-c000.snappy.parquet	759411	886dcb7986d7b242b19c8a3732222c485cb73b412205f79108c17b41f9976b30
opentargets_platform_26_03/l2g_prediction/part-00000-f01e1c68-d332-4095-961e-286d2d04c42c-c000.snappy.parquet	3906190	534d80cc30d771590d89b2817d44b37ab28ca5c801a4492fb1514bf66227de3e
opentargets_platform_26_03/l2g_prediction/part-00000-81c5f181-15ce-4a0c-ab08-c6fe11892878-c000.snappy.parquet	2904167	da13e5813c8af98927e1e32399eff0f6f7c7eecf4611877660fa05742c0d55a5
opentargets_platform_26_03/l2g_prediction/part-00000-9ed05f56-b8c5-4998-afd2-5acd307b8090-c000.snappy.parquet	3803967	49f4583160cb32eb7a69f4dbdb3fb96f170073dfc8f5d3ba4ba1162808d699b2
opentargets_platform_26_03/l2g_prediction/part-00000-a8debf54-0354-4a38-996b-2f1eed8dc331-c000.snappy.parquet	2236897	87bb49f407d3913043d4b640da16511ed343fdadf9ed7e245da1f5b14dbc23fa
opentargets_platform_26_03/l2g_prediction/part-00000-fc330c52-f6f4-48f5-98f4-5839c2d34045-c000.snappy.parquet	1978058	8274d50f40e58d3b79a0ac9aa2b33a56e13b36cb49c95072f78880fe5c1520f9
opentargets_platform_26_03/l2g_prediction/part-00000-bee0870f-8d40-4d3e-9cac-e95051ad63e1-c000.snappy.parquet	2631750	18ebff068afbbd9c1acc515f79bb9c8f2f33197cf0e474ac70234dfd03432dc3
opentargets_platform_26_03/l2g_prediction/part-00000-6d57a9cc-3bd4-44c4-9537-fc191201b8bf-c000.snappy.parquet	3267553	ccc3d18c1f27b7eed31f336ecd3661212265cad1e16ed8215b2b05da7cb8cf7c
opentargets_platform_26_03/l2g_prediction/part-00000-675cabc4-1a9d-4535-9949-4f78a605714c-c000.snappy.parquet	2635388	82bd1666d2d98abbdf3ff40b6397c90ea3b6a9a1abf2b901a5894d992636fd2f
opentargets_platform_26_03/l2g_prediction/part-00000-7f6ad3e1-4874-4156-835d-0e3ee5d31443-c000.snappy.parquet	2374988	a875adda6b7692a74e9ed1a910fea6ae265092bf9aea86e574f2ed8290502785
opentargets_platform_26_03/l2g_prediction/part-00000-5e7a92d0-252f-4e10-8714-a743c4f6fcb1-c000.snappy.parquet	1282892	21f797bef026f94779af703112130ffbe741f9bc72e0fe817b7edd6a18714665
opentargets_platform_26_03/l2g_prediction/part-00000-977c331d-35ba-4bc4-a6d6-67a963a27aac-c000.snappy.parquet	747415	448a28d7912493995b1c485202a6ef3f3061af9132626b5d87013fe763c534c5
opentargets_platform_26_03/l2g_prediction/part-00000-3c60bb0b-5782-467d-8905-dd7af6a15d1c-c000.snappy.parquet	3084997	5c2e51142a421b821579b91464e277c103b8acb98f042a2efca3c6cdad2f953a
opentargets_platform_26_03/l2g_prediction/part-00000-972502c8-41cd-43b0-96ca-230d9070f321-c000.snappy.parquet	1200192	e242f92049f19d9a93dcd9f0519dfe0c3deb188f39d654d5a6506215492777be
opentargets_platform_26_03/l2g_prediction/part-00000-5f57e459-9397-4933-b20c-70b96cad82ff-c000.snappy.parquet	3194416	e542203dda17ca4e3309a056d52e88c653bba5afe3da0ca8f62971d92942a276
opentargets_platform_26_03/l2g_prediction/part-00000-e38b87cd-90fd-4e9f-93f2-337cd7dd6ff7-c000.snappy.parquet	2401941	cff07e741f9f4161f947cfa30c23cc31939dc2c74521e5966887182ffe70ecdf
opentargets_platform_26_03/l2g_prediction/part-00000-d041946d-a1c0-48e0-ab8a-5d4e649d8841-c000.snappy.parquet	3853138	dfc57bd395ccaa813cced0e9109de73b4ca5328910f622a115496fd6e57053f0
opentargets_platform_26_03/l2g_prediction/part-00000-af3c770f-6c5b-4ce7-a5c3-f76395ba4e0e-c000.snappy.parquet	4053720	011fdd9099ee662b110f2a8aae2b14bc061104a45fe985600d3bf47f9375a410
opentargets_platform_26_03/l2g_prediction/part-00000-941ff46c-f41b-4a3b-986e-b8d92ec28caf-c000.snappy.parquet	3014046	3f7dc5e1ce001fdff5c865a1c4b5b227567fcc94cffe1a058b19be6633e50d9c
opentargets_platform_26_03/l2g_prediction/part-00000-ee86a6ee-86bb-48a7-b09e-20abf47eca9c-c000.snappy.parquet	2617818	ac442760a787ff84daf53712d75d7cf5898d878a0b4b39c3cdd29294ac4049e9
opentargets_platform_26_03/l2g_prediction/part-00000-aeb9b6be-9fdd-465b-b50b-6cc61d86a758-c000.snappy.parquet	3596427	dd6afabbcaeef49403e209fea165c26ad9ef2bab9ac4a3ea6d4e1f9c74620b3d
opentargets_platform_26_03/l2g_prediction/part-00000-d9e3e60b-1c58-4cf2-931d-9f98110f8a90-c000.snappy.parquet	4092244	bb5625f2d7605b3fd03c85e6da8df2cd45f9798b4df1d08543e5d6ead528207b
opentargets_platform_26_03/l2g_prediction/part-00000-9da13a42-c80e-41ac-8666-0de284d8b65c-c000.snappy.parquet	1856848	3b968451c1e49a7634212facae2bb117787ca82bf8d53aee07fcd06da0a0cdf7
opentargets_platform_26_03/l2g_prediction/part-00000-7f7f2b9e-d54e-4e40-908d-1a5f28ebe6e2-c000.snappy.parquet	3870434	f3b172528910ee7eb8253bdb9e54b335691b2873b1b415ceb2a8b2c8b8b35119
opentargets_platform_26_03/l2g_prediction/part-00000-adf83d72-b283-4857-9f23-3acefe28126a-c000.snappy.parquet	3111991	ea983670a93789aecd676206c91d1f570bf86d569854c8dc177fe7615249b8fb
opentargets_platform_26_03/l2g_prediction/part-00000-a142071b-0341-4cc3-8afc-dac97d19908f-c000.snappy.parquet	2047152	dcbfa9a90bcd98754808e6820fd3f4360af19a684a97a02db06f0d44d268234c
opentargets_platform_26_03/l2g_prediction/part-00000-af51d3ff-9eb2-45bb-8c1e-7bd3b8113d90-c000.snappy.parquet	3063365	5c72d677ed2437830cba2efddd97dd1ab1f80c2bbb3f14123aaf087adfa607b4
opentargets_platform_26_03/l2g_prediction/part-00000-80f58ea1-5c08-469b-b1dc-5ba6bba8e40a-c000.snappy.parquet	2774958	69c2cedd80e0d1dce7e460efc0a57257a64fbcd54524fa04f5e704c85cb6f747
opentargets_platform_26_03/l2g_prediction/part-00000-3b90583d-c51e-4496-83df-a2396b8d9bc7-c000.snappy.parquet	2278264	a49c7aed479243fbb1d1c61a47d346a4a16e98d59147b9b7ad6297b2d04476fc
opentargets_platform_26_03/l2g_prediction/part-00000-f280c9b3-2b42-4c64-88f5-1c5069485f30-c000.snappy.parquet	3152577	acb1242d5ed3926cc796511b2212d53b762759f6b07211c7e322e656593bc693
opentargets_platform_26_03/l2g_prediction/part-00000-d9c7452a-b7bd-48c4-a1f7-d84d87f0d4d4-c000.snappy.parquet	1567519	3ab4d0d3325dec5efee1439b229a903b90d90da8febcd63b92180d72b3f01ead
opentargets_platform_26_03/l2g_prediction/part-00000-981493c6-b310-480b-8e09-3648b0cccb5e-c000.snappy.parquet	3065270	00b28f2958734a499671a8e9b78e10266f6bed3bfca2aaa449a7d97d332a561b
opentargets_platform_26_03/l2g_prediction/part-00000-af4e5adb-8120-4f83-bea5-4ff291ba27f4-c000.snappy.parquet	2998148	f366f321863e31b388b0c13583a365534701f43cf8d906155c722fcd540116b3
opentargets_platform_26_03/l2g_prediction/part-00000-5a3ea007-fb81-429c-94a3-b87b587b8903-c000.snappy.parquet	1856238	1e2c3cb49c29ca6570ccaa09b7eac8a571fc467378fd7fd5a49bea32486820a2
opentargets_platform_26_03/l2g_prediction/part-00000-1be12e54-2f76-47e2-86b3-c86054034843-c000.snappy.parquet	1049594	91650c0de3b5b2ffdf0ffe0a61b59e29f2409e7ddc21e15ec35fccfa6c49af00
opentargets_platform_26_03/l2g_prediction/part-00000-87278920-52f5-40f6-9255-1c51231bc7a8-c000.snappy.parquet	2615352	758b158827cc12a045d2b05315e3f27cfd4d954b116596f487676fb82b6c4dea
opentargets_platform_26_03/l2g_prediction/part-00000-284121d5-263e-4b44-867f-fb7c07318dc1-c000.snappy.parquet	3951414	eb9116697eebab1a54c8879c259337935f9ccfc52340fb773ac34af550effb74
opentargets_platform_26_03/l2g_prediction/part-00000-de3d8447-3fbf-4d14-9968-e47221b93cab-c000.snappy.parquet	3173315	cfa82c41565782b87c3f6b5d8cc45a618649fe3de26684a7d43245840f254124
opentargets_platform_26_03/l2g_prediction/part-00000-a72362b5-2a72-49ef-ada9-bf76a5e4b257-c000.snappy.parquet	3671571	a048d3e279ecef8e0748b4e6cbc23b8168c361dcd12bc4f303819d36aff98450
opentargets_platform_26_03/l2g_prediction/part-00000-97e8b66f-1d45-4c8b-a549-5990b308a8ae-c000.snappy.parquet	1592725	40f6634498872c110c9d5e3832a0005e5fdf981209bd39f5a97de5936db6b532
opentargets_platform_26_03/l2g_prediction/part-00000-a8d43249-3d07-48c6-9632-d3e07aa64255-c000.snappy.parquet	3852023	1bd7ce6971eb52be9d9b36590935b7b4b2523d3780dcef13eb7c3ad50dcfa70d
opentargets_platform_26_03/l2g_prediction/part-00000-0a58c936-a215-41e6-bdc3-111b01ac90bd-c000.snappy.parquet	5387306	ef30b7e3314388ca3f4f6c585a2ff898f3e42cf168c335654928e665784f1ff1
opentargets_platform_26_03/l2g_prediction/part-00000-3d4fcac2-ec49-493c-9f80-6bf93908ff2c-c000.snappy.parquet	2912286	073b3b3aff07b806c32db056b5358df95fe9166226919ca037c1a6bca7333fd4
opentargets_platform_26_03/l2g_prediction/part-00000-5e9118cd-8870-4483-b8da-2881704e1575-c000.snappy.parquet	1659289	61aec582eb2d284178631b001927ab44f7720a89398a2decc677ca4f653d846a
opentargets_platform_26_03/l2g_prediction/part-00000-82bf90fd-583a-41d8-abbc-7307df691ce2-c000.snappy.parquet	2004487	55a794310ed66575c5c55cf931d4a1463fa1bb54f7b19e1db7f00f87dcc4e85d
opentargets_platform_26_03/l2g_prediction/part-00000-66546902-c17c-4ada-8aa8-387920448e1d-c000.snappy.parquet	3273016	d3893e57a5061e0665b27ee2f4c42ba09c62b87991ba7f5333fc7ba37e3ecf7c
opentargets_platform_26_03/l2g_prediction/part-00000-7a7b7bcc-d913-4157-9dd3-0a5fa5a1de19-c000.snappy.parquet	2859486	324dc576d9c7f859dd1860facdfad372f8ffab2a88d7b1eafd4cf97e8cead39a
opentargets_platform_26_03/l2g_prediction/part-00000-1e873473-713a-4986-934b-52d9db9e9d85-c000.snappy.parquet	1109328	effef98937567ef3d49a256d67824267bad26c72a6c25682d162ea78ecf7d639
opentargets_platform_26_03/l2g_prediction/part-00000-4f7dd964-a512-41f2-a97a-356eb9c55782-c000.snappy.parquet	2711476	a476a6369d440be52b07624a91e1c7a6c10bc2411964c81f07a57b031a1450bd
opentargets_platform_26_03/l2g_prediction/part-00000-21b6fcbb-06b1-4994-8c36-fa2c67586581-c000.snappy.parquet	2950184	8fff96f69c727db2756324d0fff894c3d268b42a54e401817d221f923f0ebcc5
opentargets_platform_26_03/l2g_prediction/part-00000-96ee6beb-c934-409c-95d5-dc6a4bced10c-c000.snappy.parquet	4031204	81b4c5d1e1fe6262fd1aeabcafd59604fa51cb22c5d15dfeceeee0ec27a83991
opentargets_platform_26_03/l2g_prediction/part-00000-f49106bd-93db-41df-bcda-4e157523b1d0-c000.snappy.parquet	4183283	b013b79b0ad3c112ee735119fb150f82f50eb0b071588a7c17bdea4f0f8babc3
opentargets_platform_26_03/l2g_prediction/part-00000-df7056e7-7b08-430d-b91c-3554c5fba43c-c000.snappy.parquet	1731821	54bcacce90a9791f34b11c9b6eb640bc2ef12f044902208203571cb6e9c869a4
opentargets_platform_26_03/l2g_prediction/part-00000-f649ac5d-143a-45cc-a30f-b39a57dfbcf8-c000.snappy.parquet	3663106	5c4f2e6413c0b52bdaba0ccebb94fba011ca6e4577265d4bac1017c47a81c628
opentargets_platform_26_03/l2g_prediction/part-00000-fb65fb41-9d8c-4907-8a29-524b6efc8419-c000.snappy.parquet	4238669	00de251ee67cccccf26e951b836d926e42a7cc6a3338bedfa6f22842e058995f
opentargets_platform_26_03/l2g_prediction/part-00000-0af0ef90-45d9-437b-994c-5c5414f0f326-c000.snappy.parquet	6179809	c0975f402a7b6c6cd68f87127da8efbe4a981b3d77ac134e9d2ec38c7665678c
opentargets_platform_26_03/l2g_prediction/part-00000-f34ebbcc-10df-48d0-a1c0-ccfbf5ac0e3d-c000.snappy.parquet	2160575	3a155fe1a405a687deeb337449277d58904f0f41cc91ba7bfd1b30d2cf058624
opentargets_platform_26_03/l2g_prediction/part-00000-cc1a358a-e383-4037-97ea-ac2a2f8d7329-c000.snappy.parquet	2677994	e5c6a7568e36e72c656b5be75e816ecd12a0aad288b5b3464438b5d5b9313b8f
opentargets_platform_26_03/l2g_prediction/part-00000-a4b5300e-9107-4ede-9f32-1853014bad33-c000.snappy.parquet	2485091	cbb90ea5ccc9e68b39c754fe79618a7d7e71b074e93fa8accb68636f887e478e
opentargets_platform_26_03/l2g_prediction/part-00000-668316e5-7560-4a32-bbfc-b426ec01e434-c000.snappy.parquet	2667247	819bcc7c15978f9b080012abbfd84731fc2a45de91a6581bf7aa5a22a809a509
opentargets_platform_26_03/l2g_prediction/part-00000-095fc51b-d60e-41f5-b414-ad94e7f71e86-c000.snappy.parquet	2267005	56525fc588372be3a6272a457c3796e4b028f02560b58fda6e7a19f4db85f476
opentargets_platform_26_03/l2g_prediction/part-00000-cc6a36e5-e1a2-49d5-aea5-b9cac8caeb26-c000.snappy.parquet	1278435	52e6ca8daefebd1620b4f38d0bc045d50134c52070a05fb3c9261f670cb8ec3f
opentargets_platform_26_03/l2g_prediction/part-00000-087ce748-c228-40cc-b3c7-aec9dd89b9d9-c000.snappy.parquet	2981668	3aa4dff08fe0e8f72179f95313409df4f8a7593a29222e6ee8a0a25b2d08c790
opentargets_platform_26_03/l2g_prediction/part-00000-4207782d-f041-43b9-90ad-63d1eff58bc2-c000.snappy.parquet	2468183	ff07a67e39fc0301e033241f4e70f33a33214ee97f2b310087d803d8e433b50d
opentargets_platform_26_03/l2g_prediction/part-00000-029dd1d4-b3a4-4d0f-9156-01dd75afbf94-c000.snappy.parquet	2444520	a7815f763faba9be56c56a25b5cb6d9cedd8a3ee09577d477a9ddc2ef51faeb9
opentargets_platform_26_03/l2g_prediction/part-00000-e16c7e95-e6d2-414a-9452-8cddfbb49cb3-c000.snappy.parquet	1461799	18f60095a5403590b170c01ea970ace0832406277edad82b0b4b70f9a6047d72
opentargets_platform_26_03/l2g_prediction/part-00000-321c59e5-41ba-4748-8cb8-4ead7ae35697-c000.snappy.parquet	713246	2fde2d984a6556c8a265dca7e08a23cd5865fa5a72ae92a80780b1657f8c1eb7
opentargets_platform_26_03/l2g_prediction/part-00000-39ace78a-6ff0-4901-8f04-4a62c0ebcf47-c000.snappy.parquet	1381759	f4ea439b5edc33f485e382a02c78120106a760757c2d8691bec691b6dd0c0f96
opentargets_platform_26_03/l2g_prediction/part-00000-8b9d0231-4ac5-4e38-8af7-25ef3d5b687d-c000.snappy.parquet	1362209	f138f782600687a9eb6bee8e20536229805083bf60e1c1ca5c4d7fda07f42fb6
opentargets_platform_26_03/l2g_prediction/part-00000-a404affa-59cb-4d8b-b257-a0056cf6077d-c000.snappy.parquet	3509793	2e82f1c8d05a46c8ddfc7102a1f1fdf27be1eecab77388a3a4bc84c6a2252b82
opentargets_platform_26_03/l2g_prediction/part-00000-b9f9a498-2427-46dc-b5bc-90c401d0a9b0-c000.snappy.parquet	3857190	e003a9dc5ba4a3006fad82246638c45916318738703739340f446188e776dc47
opentargets_platform_26_03/l2g_prediction/part-00000-d5dd5d93-5b1b-496c-83f7-cb3ca9d88ca1-c000.snappy.parquet	2946020	02924e2e7420dfa90ca560939ff6c67a5f8778c47694156bc478e24492580010
opentargets_platform_26_03/l2g_prediction/part-00000-2a3e0faf-67f9-46c6-980c-75196d4defbf-c000.snappy.parquet	509877	5716a2bc9e1e922103d7524e3c5f9ad92bbf167e1527f64846f529faa94da93c
opentargets_platform_26_03/l2g_prediction/part-00000-8413c301-881a-4380-9fbe-dad74f30176f-c000.snappy.parquet	2562892	9f7d7faa6cdac86f2b815f7083954e48549ab06815f8bfc140270b9ef88828fa
opentargets_platform_26_03/l2g_prediction/part-00000-1981e0a3-cd63-4c39-a7b0-af796c904d27-c000.snappy.parquet	1726176	76caa0a8adc1e2e47c51a7ad3d0e14a41f683687e8aa5a33919522af8bc181c5
opentargets_platform_26_03/l2g_prediction/part-00000-359e3262-ceb3-4117-ac6f-4586108e0b7d-c000.snappy.parquet	2357401	494f94c0437aed91ab1e31b168e5116c78f573b169918739e699055d37f49f1e
opentargets_platform_26_03/l2g_prediction/part-00000-be995b1b-1ac8-4259-a106-7f09c4a58c6b-c000.snappy.parquet	1948828	a80950be56e44dfbfa8c51aba4fa8c1940a491983073f57f9eebacd5c4f15a17
opentargets_platform_26_03/l2g_prediction/part-00000-1665ae08-b35b-4077-8851-d2c03539fa2d-c000.snappy.parquet	4208346	090329a61bb1ca7d50c13d3cea6d2e2f934ff190d572abe527e72036bd1dba1a
opentargets_platform_26_03/l2g_prediction/part-00000-325656b4-37ea-4a99-96bd-83a51ab0ed34-c000.snappy.parquet	4668760	59b0568fa18f1a85e8b6cea13ed3b27ccc2ce772286ef120c48b7513af9fa1c1
opentargets_platform_26_03/l2g_prediction/part-00000-eafaceb2-75fa-4cd2-b402-1d6ee117acee-c000.snappy.parquet	3162783	21d7b0223849c270324241ec12db26384766b1c4c082250347174605b9cee4f6
opentargets_platform_26_03/l2g_prediction/part-00000-2a9faf00-7e6b-48e3-8c3e-032eb4137ae4-c000.snappy.parquet	3699283	4e8b29426b1702cc474136ac3c43b24b8d451db4b96937f2e5f530582127f9aa
opentargets_platform_26_03/l2g_prediction/part-00000-ebc8eec2-2923-4c68-8eb0-fd1905ac4d82-c000.snappy.parquet	1214172	73e6f884452fe4d1fcd1c3564eda01c1042d9696abebda3f69c4e60d27e37f0c
opentargets_platform_26_03/l2g_prediction/part-00000-6a361107-aad2-4252-b6af-da751a801e7b-c000.snappy.parquet	1470032	6a4970c8f73c8b5e9c838e871fc93f31dff6e3071c790323b2fbf70b89a58dea
opentargets_platform_26_03/l2g_prediction/part-00000-2861ad81-22e6-4231-a611-32abc5d67f02-c000.snappy.parquet	4460961	9abee288b31dde5e32945b2c0c3e54920d3124ac3a4fe1a0b0989d4fea801995
gtex_v8/GTEx_Analysis_v8_sQTL.tar	569169920	52644af9de3156c83cdc3b3553900256d44bdce5b50e4803c55dd0dd37d2296a
gtex_v8/GTEx_Analysis_v8_eQTL.tar	1562828800	c61ac336daf86a92f1596ee59de7dd5e60d451a507a6d7a15d8b030a0266ac5d
screen_ccre/Human-Gene-Links.zip	463333473	8d3b62ddd25b5bf65c13a75e556076539c76beab0696fc331c731288241f34fe
screen_ccre/CA.bed	13012755	db51b414ff29e60bd3d7ce7eaf8f3e5bca3c520429a1f2fa0ba5fa3c247c10d1
screen_ccre/PLS.bed	2560167	65443e5ace6db2f1cb067616afc426510cdb8b9ed7e890f2a29b52cd0b15533b
screen_ccre/CTCF-bound.bed	62950496	9e1052ba7bcc75756436be3fff66b0df8a76e2274c0d7197c7e0fca891d309d9
screen_ccre/pELS.bed	13688195	1eff7396a19acefe2e0a342279dc752c9af301e5ff553dff9cc4b5142f53c35c
screen_ccre/CA-H3K4me3.bed	4825583	5aad695828c05fb5916c83d2a154665da466a7bc6aadc7cbc411f6f7e44b0965
screen_ccre/CA-TF.bed	1459497	355c230b3fe2e78b9957a37da3293a88ba41ab7698feaae70b4dcb37ec6aa5db
screen_ccre/CA-CTCF.bed	7300228	9fe68f65b9b00e53c3a47a6ba2ff68ede391359cad1a15ac33b3e9048312fe23
screen_ccre/TF.bed	5568184	03c345b0431bd6da992a970ee655b0001cb300beff45a5afbd8f761d0de6d1b3
screen_ccre/dELS.bed	80668446	7a9bdb7ddd69cda1b95fe6dcddd2843d2a6638207e9766a3729c5e869592fa60
